{
  "listing_id": "15pm9083c9",
  "type": "categories",
  "value": [
    {
      "categories": [
        "Brute Force",
        "Admin Login Credentials"
      ],
      "exploitable_locations": [
        {
          "type": "url",
          "value": "https://blog.pizzahut.com/wp-login.php",
          "assets_na": false,
          "assets_uids": [
            "5dc99cacf04377000194884b"
          ],
          "created_at": 1739702418,
          "status": "pending"
        },
        {
          "type": "url",
          "value": "https://blog.pizzahut.com/xmlrpc.php",
          "assets_na": false,
          "assets_uids": [
            "5dc99cacf04377000194884b"
          ],
          "created_at": 1739702418,
          "status": "pending"
        }
      ]
    }
  ]
}