{
  "listing_id": "15pm9083c9",
  "type": "categories",
  "value": [
    {
      "categories": [
        "Information Disclosure",
        "Sensitive API Keys"
      ],
      "exploitable_locations": [
        {
          "type": "file",
          "value": "https://hutrewards.pizzahut.com/gulpfile.js",
          "created_at": 1578060526,
          "status": "pending"
        }
      ]
    },
    {
      "categories": [
        "Authorization/Permissions",
        "File Inclusion (No execution)"
      ],
      "exploitable_locations": [
        {
          "type": "url",
          "value": "https://oss.pizzahut.com/down.asp",
          "created_at": 1642070800,
          "status": "fixed"
        }
      ]
    },
    {
      "categories": [
        "Authentication/Session Management",
        "Login Authentication Bypass"
      ],
      "exploitable_locations": [
        {
          "type": "url",
          "value": "https://oss.pizzahut.com/admin.asp",
          "created_at": 1642072285,
          "status": "fixed"
        }
      ]
    },
    {
      "categories": [
        "SQL Injection",
        "SQL Injection- Full"
      ],
      "exploitable_locations": [
        {
          "type": "url",
          "value": "https://oss.pizzahut.com/map_storeStat.asp",
          "created_at": 1642076899,
          "status": "fixed"
        }
      ]
    },
    {
      "categories": [
        "SQL Injection",
        "SQL Injection- Full"
      ],
      "exploitable_locations": [
        {
          "type": "url",
          "value": "https://oss.pizzahut.com/oven/getHood.asp",
          "created_at": 1642086223,
          "status": "fixed"
        }
      ]
    },
    {
      "categories": [
        "Functional/Business Logic",
        "Functionality Abuse with Malicious Impact"
      ],
      "exploitable_locations": [
        {
          "type": "url",
          "value": "https://hutrewards.pizzahut.com/inc/get-coupon.php",
          "created_at": 1574461449,
          "status": "pending"
        }
      ]
    },
    {
      "categories": [
        "Authorization/Permissions",
        "Insecure Direct Object Reference (Read-Only)"
      ],
      "exploitable_locations": [
        {
          "type": "url",
          "value": "https://staging-hutrewards.pizzahut.com/v2/accounts/",
          "created_at": 1682361834,
          "status": "fixed"
        }
      ]
    },
    {
      "categories": [
        "SQL Injection",
        "SQL Injection- Full"
      ],
      "exploitable_locations": [
        {
          "type": "url",
          "value": "https://oss.pizzahut.com/getlist_distCommit_Multiple.asp",
          "created_at": 1682534500,
          "status": "fixed"
        }
      ]
    },
    {
      "categories": [
        "SQL Injection",
        "SQL Injection- Full"
      ],
      "exploitable_locations": [
        {
          "type": "url",
          "value": "https://oss.pizzahut.com/reports/wststatus.asp",
          "created_at": 1682534432,
          "status": "fixed"
        }
      ]
    },
    {
      "categories": [
        "SQL Injection",
        "SQL Injection- Full"
      ],
      "exploitable_locations": [
        {
          "type": "url",
          "value": "https://oss.pizzahut.com/getzip.asp",
          "created_at": 1682534547,
          "status": "fixed"
        }
      ]
    },
    {
      "categories": [
        "Remote Execution",
        "Remote Code Execution"
      ],
      "exploitable_locations": [
        {
          "type": "url",
          "value": "https://oss.pizzahut.com/DEID_photo_upld_process.asp",
          "created_at": 1682533684,
          "status": "fixed"
        }
      ]
    },
    {
      "categories": [
        "Remote Execution",
        "Remote Code Execution"
      ],
      "exploitable_locations": [
        {
          "type": "url",
          "value": "https://oss.pizzahut.com/certification_photo_upld.asp",
          "created_at": 1682533947,
          "status": "fixed"
        },
        {
          "type": "url",
          "value": "https://oss.pizzahut.com/certification_photo_upld_process.asp",
          "created_at": 1682533947,
          "status": "fixed"
        }
      ]
    },
    {
      "categories": [
        "Remote Execution",
        "Remote Code Execution"
      ],
      "exploitable_locations": [
        {
          "type": "url",
          "value": "https://oss.pizzahut.com/express/document_upld.asp",
          "created_at": 1682533903,
          "status": "fixed"
        },
        {
          "type": "url",
          "value": "https://oss.pizzahut.com/express/document_upld_process.asp",
          "created_at": 1682533903,
          "status": "fixed"
        }
      ]
    },
    {
      "categories": [
        "Remote Execution",
        "Remote Code Execution"
      ],
      "exploitable_locations": [
        {
          "type": "url",
          "value": "https://oss.pizzahut.com/ae_document_upld.asp",
          "created_at": 1682534074,
          "status": "fixed"
        },
        {
          "type": "url",
          "value": "https://oss.pizzahut.com/AE_document_upld_process.asp",
          "created_at": 1682534074,
          "status": "fixed"
        }
      ]
    },
    {
      "categories": [
        "Cross-Site Scripting (XSS)",
        "Persistent XSS"
      ],
      "exploitable_locations": [
        {
          "type": "url",
          "value": "https://oss.pizzahut.com/document_upld_process.asp",
          "created_at": 1682553877,
          "status": "fixed"
        }
      ]
    },
    {
      "categories": [
        "Authorization/Permissions",
        "Path Traversal"
      ],
      "exploitable_locations": [
        {
          "type": "url",
          "value": "https://oss.pizzahut.com/mapslist.asp",
          "created_at": 1682555066,
          "status": "wont_fix"
        }
      ]
    },
    {
      "categories": [
        "Cross-Site Scripting (XSS)",
        "Persistent XSS"
      ],
      "exploitable_locations": [
        {
          "type": "url",
          "value": "https://oss.pizzahut.com/devAgreeAdj_process.asp",
          "created_at": 1682571612,
          "status": "fixed"
        }
      ]
    },
    {
      "categories": [
        "SQL Injection",
        "SQL Injection- Full"
      ],
      "exploitable_locations": [
        {
          "type": "url",
          "value": "https://oss.pizzahut.com/getlist_storeall.asp",
          "assets_na": true,
          "assets_uids": [],
          "created_at": 1687856161,
          "status": "fixed"
        }
      ]
    },
    {
      "categories": [
        "SQL Injection",
        "SQL Injection- Full"
      ],
      "exploitable_locations": [
        {
          "type": "url",
          "value": "https://oss.pizzahut.com/documents_show.asp",
          "assets_na": true,
          "assets_uids": [],
          "created_at": 1687857167,
          "status": "fixed"
        }
      ]
    },
    {
      "categories": [
        "SQL Injection",
        "SQL Injection- Full"
      ],
      "exploitable_locations": [
        {
          "type": "url",
          "value": "https://oss.pizzahut.com/getlist_distcommit_multiple.asp",
          "assets_na": true,
          "assets_uids": [],
          "created_at": 1687857673,
          "status": "fixed"
        }
      ]
    },
    {
      "categories": [
        "SQL Injection",
        "SQL Injection- Full"
      ],
      "exploitable_locations": [
        {
          "type": "url",
          "value": "https://oss.pizzahut.com/CommAship_Info.asp",
          "assets_na": true,
          "assets_uids": [],
          "created_at": 1687857753,
          "status": "fixed"
        }
      ]
    },
    {
      "categories": [
        "SQL Injection",
        "SQL Injection- Full"
      ],
      "exploitable_locations": [
        {
          "type": "url",
          "value": "https://oss.pizzahut.com/map_addstore.asp",
          "assets_na": true,
          "assets_uids": [],
          "created_at": 1689767097,
          "status": "wont_fix"
        }
      ]
    },
    {
      "categories": [
        "SQL Injection",
        "SQL Injection- Full"
      ],
      "exploitable_locations": [
        {
          "type": "url",
          "value": "https://oss.pizzahut.com/tmat_ship_edit.asp",
          "assets_na": false,
          "assets_uids": [
            "61d48bf50a117c0001025574"
          ],
          "created_at": 1689767108,
          "status": "wont_fix"
        }
      ]
    },
    {
      "categories": [
        "SQL Injection",
        "SQL Injection- Full"
      ],
      "exploitable_locations": [
        {
          "type": "url",
          "value": "https://oss.pizzahut.com/SendMail_DistCommit2.asp",
          "assets_na": false,
          "assets_uids": [
            "61d48bf50a117c0001025574"
          ],
          "created_at": 1689767128,
          "status": "wont_fix"
        }
      ]
    },
    {
      "categories": [
        "SQL Injection",
        "SQL Injection- Full"
      ],
      "exploitable_locations": [
        {
          "type": "url",
          "value": "https://oss.pizzahut.com/distgenl_store.asp",
          "assets_na": true,
          "assets_uids": [],
          "created_at": 1689767132,
          "status": "wont_fix"
        }
      ]
    },
    {
      "categories": [
        "SQL Injection",
        "SQL Injection- Full"
      ],
      "exploitable_locations": [
        {
          "type": "url",
          "value": "https://oss.pizzahut.com/distCommit2.asp",
          "assets_na": false,
          "assets_uids": [
            "61d48bf50a117c0001025574"
          ],
          "created_at": 1689767147,
          "status": "wont_fix"
        }
      ]
    },
    {
      "categories": [
        "SQL Injection",
        "SQL Injection- Full"
      ],
      "exploitable_locations": [
        {
          "type": "url",
          "value": "https://oss.pizzahut.com/DistGenM1A.asp",
          "assets_na": false,
          "assets_uids": [
            "61d48bf50a117c0001025574"
          ],
          "created_at": 1689767164,
          "status": "wont_fix"
        }
      ]
    },
    {
      "categories": [
        "SQL Injection",
        "SQL Injection- Full"
      ],
      "exploitable_locations": [
        {
          "type": "url",
          "value": "https://oss.pizzahut.com/fransumck.asp",
          "assets_na": true,
          "assets_uids": [],
          "created_at": 1689767172,
          "status": "wont_fix"
        }
      ]
    },
    {
      "categories": [
        "SQL Injection",
        "SQL Injection- Full"
      ],
      "exploitable_locations": [
        {
          "type": "url",
          "value": "https://oss.pizzahut.com/aep/certification_ae_frn_linka.asp",
          "assets_na": true,
          "assets_uids": [],
          "created_at": 1689767177,
          "status": "wont_fix"
        }
      ]
    },
    {
      "categories": [
        "SQL Injection",
        "SQL Injection- Full"
      ],
      "exploitable_locations": [
        {
          "type": "url",
          "value": "https://oss.pizzahut.com/map_delete.asp",
          "assets_na": true,
          "assets_uids": [],
          "created_at": 1689767209,
          "status": "wont_fix"
        }
      ]
    },
    {
      "categories": [
        "SQL Injection",
        "SQL Injection- Full"
      ],
      "exploitable_locations": [
        {
          "type": "url",
          "value": "https://oss.pizzahut.com/distgenm1.asp",
          "assets_na": true,
          "assets_uids": [],
          "created_at": 1689767215,
          "status": "wont_fix"
        }
      ]
    },
    {
      "categories": [
        "Remote Execution",
        "Remote Code Execution"
      ],
      "exploitable_locations": [
        {
          "type": "url",
          "value": "https://oss.pizzahut.com/aep/consDocReview_process.asp",
          "assets_na": true,
          "assets_uids": [],
          "created_at": 1689767776,
          "status": "wont_fix"
        }
      ]
    },
    {
      "categories": [
        "Remote Execution",
        "Remote Code Execution"
      ],
      "exploitable_locations": [
        {
          "type": "url",
          "value": "https://oss.pizzahut.com/deid_followup_process.asp",
          "assets_na": true,
          "assets_uids": [],
          "created_at": 1689770189,
          "status": "wont_fix"
        }
      ]
    },
    {
      "categories": [
        "Remote Execution",
        "Remote Code Execution"
      ],
      "exploitable_locations": [
        {
          "type": "url",
          "value": "https://oss.pizzahut.com/aep/asbuilt.asp",
          "assets_na": true,
          "assets_uids": [],
          "created_at": 1689770656,
          "status": "wont_fix"
        },
        {
          "type": "url",
          "value": "https://oss.pizzahut.com/aep/asbuilt_process.asp",
          "assets_na": true,
          "assets_uids": [],
          "created_at": 1689770656,
          "status": "wont_fix"
        }
      ]
    },
    {
      "categories": [
        "Remote Execution",
        "Remote Code Execution"
      ],
      "exploitable_locations": [
        {
          "type": "url",
          "value": "https://oss.pizzahut.com/aep/equiplayout_process.asp",
          "assets_na": true,
          "assets_uids": [],
          "created_at": 1689770927,
          "status": "wont_fix"
        },
        {
          "type": "url",
          "value": "https://oss.pizzahut.com/aep/equiplayout.asp",
          "assets_na": true,
          "assets_uids": [],
          "created_at": 1689770927,
          "status": "wont_fix"
        }
      ]
    },
    {
      "categories": [
        "SQL Injection",
        "**Blind**"
      ],
      "exploitable_locations": [
        {
          "type": "url",
          "value": "https://oss.pizzahut.com/express/tracker_menu.asp",
          "created_at": 1575676598,
          "status": "fixed"
        }
      ]
    },
    {
      "categories": [
        "Information Disclosure",
        "Sensitive API Keys"
      ],
      "exploitable_locations": [
        {
          "type": "url",
          "value": "https://hutrewards.pizzahut.com/loyalty/v2/auth",
          "assets_na": false,
          "assets_uids": [
            "64c293b4454aa4ed1b0c0dba"
          ],
          "created_at": 1709140633,
          "status": "wont_fix"
        }
      ]
    },
    {
      "categories": [
        "Information Disclosure",
        "Sensitive API Keys"
      ],
      "exploitable_locations": [
        {
          "type": "url",
          "value": "https://staging-hutrewards.pizzahut.com/loyalty/v2/auth",
          "assets_na": false,
          "assets_uids": [
            "64c293b4454aa4ed1b0c0dba"
          ],
          "created_at": 1709140874,
          "status": "fixed"
        }
      ]
    },
    {
      "categories": [
        "Authorization/Permissions",
        "Access/Privacy Control Violation"
      ],
      "exploitable_locations": [
        {
          "type": "url",
          "value": "https://phapi-qa.yum.com/track/app/diagnostics",
          "created_at": 1578082415,
          "status": "fixed"
        },
        {
          "type": "url",
          "value": "https://phapi-qa.yum.com/track/app/diagnostics/device/device_id",
          "created_at": 1578082415,
          "status": "fixed"
        },
        {
          "type": "url",
          "value": "https://phapi-qa.yum.com/track/app/diagnostics/driver/driver_username",
          "created_at": 1578082415,
          "status": "fixed"
        },
        {
          "type": "url",
          "value": "https://phapi-qa.yum.com/track/devices/nontraceable",
          "created_at": 1578082415,
          "status": "fixed"
        },
        {
          "type": "url",
          "value": "https://phapi-qa.yum.com/track/mdm/data",
          "created_at": 1578082415,
          "status": "fixed"
        },
        {
          "type": "url",
          "value": "https://phapi-qa.yum.com/track/mdm/data/device/device_id",
          "created_at": 1578082415,
          "status": "fixed"
        },
        {
          "type": "url",
          "value": "https://phapi-qa.yum.com/track/*",
          "created_at": 1578082415,
          "status": "fixed"
        },
        {
          "type": "url",
          "value": "https://phapi-qa.yum.com/track/event/driver/[Username]",
          "created_at": 1578082415,
          "status": "fixed"
        },
        {
          "type": "url",
          "value": "https://phapi-qa.yum.com/track/devices/nontraceable",
          "created_at": 1578082415,
          "status": "fixed"
        }
      ]
    },
    {
      "categories": [
        "Cross-Site Scripting (XSS)",
        "**Reflected XSS (OLD DNU)**"
      ],
      "exploitable_locations": [
        {
          "type": "url",
          "value": "https://inthutlink.yum.com/pkmslogin.form",
          "created_at": 1593157557,
          "status": "fixed"
        }
      ]
    },
    {
      "categories": [
        "Content Injection",
        "HTTP Response Splitting (CRLF Injection)"
      ],
      "exploitable_locations": [
        {
          "type": "url",
          "value": "https://inthutlink.yum.com:443/pkmslogin.form",
          "created_at": 1633421378,
          "status": "fixed"
        }
      ]
    },
    {
      "categories": [
        "Content Injection",
        "HTTP Response Splitting (CRLF Injection)"
      ],
      "exploitable_locations": [
        {
          "type": "url",
          "value": "https://stagehutlink.yum.com:443/pkmslogin.form",
          "created_at": 1672977060,
          "status": "fixed"
        }
      ]
    }
  ]
}