{
  "listing_id": "1ug2lst72r",
  "type": "categories",
  "value": [
    {
      "categories": [
        "Authorization/Permissions",
        "Access/Privacy Control Violation"
      ],
      "exploitable_locations": [
        {
          "type": "url",
          "value": "https://api-test.hood.cloudgenix.com/v2.0/api/tenants/1073/templates/ntp",
          "created_at": 1618015480,
          "status": "pending"
        }
      ]
    },
    {
      "categories": [
        "Authorization/Permissions",
        "Access/Privacy Control Violation"
      ],
      "exploitable_locations": [
        {
          "type": "url",
          "value": "https://api-test.hood.cloudgenix.com/v2.0/api/tenants/1073/sites/16177384574190027/siteciphers",
          "created_at": 1618039726,
          "status": "pending"
        }
      ]
    },
    {
      "categories": [
        "Authorization/Permissions",
        "Access/Privacy Control Violation"
      ],
      "exploitable_locations": [
        {
          "type": "url",
          "value": "https://api-test.hood.cloudgenix.com/v2.6/api/tenants/1073/sites/16177384574190027/waninterfaces",
          "created_at": 1618041196,
          "status": "pending"
        }
      ]
    },
    {
      "categories": [
        "Server/Application Misconfiguration",
        "Cross-Origin Resource Sharing (CORS)"
      ],
      "exploitable_locations": [
        {
          "type": "url",
          "value": "https://api-test.hood.cloudgenix.com",
          "created_at": 1622226949,
          "status": "pending"
        }
      ]
    },
    {
      "categories": [
        "Cross-Site Scripting (XSS)",
        "Persistent XSS"
      ],
      "exploitable_locations": [
        {
          "type": "url",
          "value": "https://api-test.hood.cloudgenix.com/v2.0/api/tenants/1073/eventcorrelationpolicysets/16178864301560017",
          "created_at": 1630984073,
          "status": "pending"
        }
      ]
    },
    {
      "categories": [
        "Cross-Site Scripting (XSS)",
        "Persistent XSS"
      ],
      "exploitable_locations": [
        {
          "type": "url",
          "value": "https://api-test.hood.cloudgenix.com/v2.0/api/tenants/1073/securityzones",
          "created_at": 1630987709,
          "status": "pending"
        }
      ]
    },
    {
      "categories": [
        "Cross-Site Scripting (XSS)",
        "Persistent XSS"
      ],
      "exploitable_locations": [
        {
          "type": "url",
          "value": "https://api-test.hood.cloudgenix.com/v4.6/api/tenants/1073/sites/<Site-ID>",
          "created_at": 1645107349,
          "status": "pending"
        }
      ]
    },
    {
      "categories": [
        "Functional/Business Logic",
        "Improper Input Validation"
      ],
      "exploitable_locations": [
        {
          "type": "url",
          "value": "https://portal-test.hood.cloudgenix.com/sdwan/system/device-toolkit-user-access",
          "created_at": 1676672757,
          "status": "pending"
        }
      ]
    },
    {
      "categories": [
        "Authorization/Permissions",
        "Access/Privacy Control Violation"
      ],
      "exploitable_locations": [
        {
          "type": "url",
          "value": "https://api-test.hood.cloudgenix.com/v2.0/api/tenants/1073/localprefixfilters",
          "created_at": 1617873576,
          "status": "pending"
        }
      ]
    },
    {
      "categories": [
        "Authorization/Permissions",
        "Access Control Violation (Low Privileged Functions-Read/Write or Write Only)"
      ],
      "exploitable_locations": [
        {
          "type": "url",
          "value": "https://api-test.hood.cloudgenix.com/v2.1/api/tenants/1073/operators/<id>",
          "assets_na": false,
          "assets_uids": [
            "6012f8a1949aba0001ed7649"
          ],
          "created_at": 1696485434,
          "status": "pending"
        }
      ]
    },
    {
      "categories": [
        "Functional/Business Logic",
        "Client Side Validation"
      ],
      "exploitable_locations": [
        {
          "type": "url",
          "value": "https://api-test.hood.cloudgenix.com/v2.0/api/tenants/1073/sites/<ID>/spokeclusters",
          "assets_na": false,
          "assets_uids": [
            "6012f8a1949aba0001ed7649"
          ],
          "created_at": 1696515445,
          "status": "pending"
        }
      ]
    },
    {
      "categories": [
        "Functional/Business Logic",
        "Improper Input Validation"
      ],
      "exploitable_locations": [
        {
          "type": "url",
          "value": "https://api-test.hood.cloudgenix.com/v2.2/api/tenants/1073/networkpolicysets/1691951574818015496/networkpolicyrules/1691951574883016296",
          "assets_na": true,
          "assets_uids": [],
          "created_at": 1696529305,
          "status": "pending"
        }
      ]
    },
    {
      "categories": [
        "Authorization/Permissions",
        "Access/Privacy Control Violation"
      ],
      "exploitable_locations": [
        {
          "type": "url",
          "value": "https://api-test.hood.cloudgenix.com/v2.0/api/tenants/1073/securityzones",
          "created_at": 1617877658,
          "status": "pending"
        }
      ]
    },
    {
      "categories": [
        "Authorization/Permissions",
        "Access Control Violation (High Privileged Functions-Read Only)"
      ],
      "exploitable_locations": [
        {
          "type": "url",
          "value": "https://api-test.hood.cloudgenix.com/v2.0/api/tenants/1073/vfflicenses/tokens/query",
          "assets_na": false,
          "assets_uids": [
            "6012f8a1949aba0001ed7649"
          ],
          "created_at": 1696586010,
          "status": "pending"
        }
      ]
    },
    {
      "categories": [
        "Functional/Business Logic",
        "Functionality Abuse with Malicious Impact"
      ],
      "exploitable_locations": [
        {
          "type": "url",
          "value": "https://portal-test.hood.cloudgenix.com/v2.0/api/tenants/1073/eventcorrelationpolicysets",
          "assets_na": false,
          "assets_uids": [
            "6012f559949aba0001ed7647",
            "6012f8a1949aba0001ed7649"
          ],
          "created_at": 1710296104,
          "status": "pending"
        }
      ]
    },
    {
      "categories": [
        "Functional/Business Logic",
        "Functionality Abuse with Malicious Impact"
      ],
      "exploitable_locations": [
        {
          "type": "url",
          "value": "https://api-test.hood.cloudgenix.com/v2.0/api/tenants/1073/eventcorrelationpolicysets",
          "assets_na": false,
          "assets_uids": [
            "6012f8a1949aba0001ed7649"
          ],
          "created_at": 1710562442,
          "status": "pending"
        }
      ]
    },
    {
      "categories": [
        "Authorization/Permissions",
        "Access/Privacy Control Violation"
      ],
      "exploitable_locations": [
        {
          "type": "url",
          "value": "https://api-test.hood.cloudgenix.com/v4.5/api/tenants/1073/sites/query",
          "created_at": 1617900039,
          "status": "pending"
        }
      ]
    },
    {
      "categories": [
        "Authorization/Permissions",
        "Access/Privacy Control Violation"
      ],
      "exploitable_locations": [
        {
          "type": "url",
          "value": "https://api-test.hood.cloudgenix.com/v2.1/api/tenants/1073/auditlog/query",
          "created_at": 1617905637,
          "status": "pending"
        }
      ]
    },
    {
      "categories": [
        "Functional/Business Logic",
        "Functionality Abuse with Malicious Impact"
      ],
      "exploitable_locations": [
        {
          "type": "url",
          "value": "https://api-test.hood.cloudgenix.com/v2.1/api/tenants/1073/operators/16116177096490047",
          "created_at": 1617995341,
          "status": "pending"
        }
      ]
    },
    {
      "categories": [
        "Authorization/Permissions",
        "Access/Privacy Control Violation"
      ],
      "exploitable_locations": [
        {
          "type": "url",
          "value": "https://api-test.hood.cloudgenix.com/v2.1/api/tenants/1073/operators",
          "created_at": 1618011584,
          "status": "pending"
        }
      ]
    }
  ]
}