{
  "listing_id": "1ug2lst72r",
  "type": "categories",
  "value": [
    {
      "categories": [
        "Information Disclosure",
        "Sensitive API Keys"
      ],
      "exploitable_locations": [
        {
          "type": "url",
          "value": "https://portal-test.hood.cloudgenix.com/",
          "created_at": 1612165374,
          "status": "fixed"
        }
      ]
    },
    {
      "categories": [
        "Functional/Business Logic",
        "Functionality Abuse with Malicious Impact"
      ],
      "exploitable_locations": [
        {
          "type": "url",
          "value": "https://api-test.hood.cloudgenix.com/v2.1/api/tenants/1073/operators/",
          "created_at": 1622276105,
          "status": "wont_fix"
        }
      ]
    },
    {
      "categories": [
        "Cross-Site Scripting (XSS)",
        "Persistent XSS"
      ],
      "exploitable_locations": [
        {
          "type": "url",
          "value": "https://api-test.hood.cloudgenix.com/v4.6/api/tenants/1073/sites/16074727530400074",
          "created_at": 1630979375,
          "status": "fixed"
        }
      ]
    },
    {
      "categories": [
        "Cross-Site Scripting (XSS)",
        "Persistent XSS"
      ],
      "exploitable_locations": [
        {
          "type": "url",
          "value": "https://api-test.hood.cloudgenix.com/v2.5/api/tenants/1073/elements/16074725898600120",
          "created_at": 1630979378,
          "status": "fixed"
        }
      ]
    },
    {
      "categories": [
        "Cross-Site Scripting (XSS)",
        "Persistent XSS"
      ],
      "exploitable_locations": [
        {
          "type": "url",
          "value": "https://api-test.hood.cloudgenix.com/v2.1/api/tenants/1073/elementusers/16074762308600059",
          "created_at": 1630979386,
          "status": "fixed"
        }
      ]
    },
    {
      "categories": [
        "Cross-Site Scripting (XSS)",
        "Persistent XSS"
      ],
      "exploitable_locations": [
        {
          "type": "url",
          "value": "https://api-test.hood.cloudgenix.com/v2.0/api/tenants/1073/securitypolicysets/16280934902420135",
          "created_at": 1630983071,
          "status": "fixed"
        }
      ]
    },
    {
      "categories": [
        "Authorization/Permissions",
        "Access/Privacy Control Violation"
      ],
      "exploitable_locations": [
        {
          "type": "url",
          "value": "https://api-test.hood.cloudgenix.com/v2.0/api/tenants/1073/globalprefixfilters",
          "created_at": 1617872945,
          "status": "wont_fix"
        }
      ]
    },
    {
      "categories": [
        "Authorization/Permissions",
        "Access/Privacy Control Violation"
      ],
      "exploitable_locations": [
        {
          "type": "url",
          "value": "https://api-test.hood.cloudgenix.com/v2.0/api/tenants/1073/users",
          "created_at": 1633210551,
          "status": "wont_fix"
        }
      ]
    },
    {
      "categories": [
        "Authorization/Permissions",
        "Access/Privacy Control Violation"
      ],
      "exploitable_locations": [
        {
          "type": "url",
          "value": "https://api-test.hood.cloudgenix.com/v2.0/api/tenants/1073/wanoverlays",
          "created_at": 1634227131,
          "status": "wont_fix"
        },
        {
          "type": "url",
          "value": "https://portal-test.hood.cloudgenix.com/#policies/ngfwsecurity/zones/16348911300750113/interface_bindings",
          "created_at": 1634227131,
          "status": "wont_fix"
        }
      ]
    },
    {
      "categories": [
        "Cross-Site Scripting (XSS)",
        "Persistent XSS"
      ],
      "exploitable_locations": [
        {
          "type": "url",
          "value": "https://api-test.hood.cloudgenix.com/v2.1/api/tenants/1073/wannetworks/16074726423350073",
          "created_at": 1645046209,
          "status": "fixed"
        }
      ]
    },
    {
      "categories": [
        "Cross-Site Scripting (XSS)",
        "Persistent XSS"
      ],
      "exploitable_locations": [
        {
          "type": "url",
          "value": "https://api-test.hood.cloudgenix.com/v2.0/api/tenants/1073/sites/16074726584980142/spokeclusters",
          "created_at": 1645046212,
          "status": "fixed"
        }
      ]
    },
    {
      "categories": [
        "Cross-Site Scripting (XSS)",
        "Persistent XSS"
      ],
      "exploitable_locations": [
        {
          "type": "url",
          "value": "https://api-test.hood.cloudgenix.com/v2.7/api/tenants/1073/sites/16074726584980142/waninterfaces/16189196333740005",
          "created_at": 1645046257,
          "status": "fixed"
        }
      ]
    },
    {
      "categories": [
        "Functional/Business Logic",
        "Client Side Validation"
      ],
      "exploitable_locations": [
        {
          "type": "url",
          "value": "https://api-test.hood.cloudgenix.com/v2.2/api/tenants/1073/networkpolicysets/16180313893190068/networkpolicyrules/16180313893290070",
          "created_at": 1676675035,
          "status": "fixed"
        }
      ]
    },
    {
      "categories": [
        "Authorization/Permissions",
        "Access/Privacy Control Violation"
      ],
      "exploitable_locations": [
        {
          "type": "url",
          "value": "https://portal-test.hood.cloudgenix.com/sdwan/manage/resources/profiles/dns/profiles/<id>",
          "created_at": 1676677403,
          "status": "wont_fix"
        }
      ]
    },
    {
      "categories": [
        "Cross-Site Scripting (XSS)",
        "Persistent XSS"
      ],
      "exploitable_locations": [
        {
          "type": "url",
          "value": "https://api-test.hood.cloudgenix.com/v4.0/api/tenants/1073/sites/1645079398566003296/hubclusters",
          "created_at": 1676904280,
          "status": "fixed"
        }
      ]
    },
    {
      "categories": [
        "Cross-Site Scripting (XSS)",
        "Persistent XSS"
      ],
      "exploitable_locations": [
        {
          "type": "url",
          "value": "https://api-test.hood.cloudgenix.com/v2.1/api/tenants/1073/elementusers/16315196199620033",
          "created_at": 1676908448,
          "status": "fixed"
        }
      ]
    },
    {
      "categories": [
        "Cross-Site Scripting (XSS)",
        "Persistent XSS"
      ],
      "exploitable_locations": [
        {
          "type": "url",
          "value": "https://api-test.hood.cloudgenix.com/v2.0/api/tenants/1073/natzones/1664635899860018596",
          "created_at": 1676910175,
          "status": "fixed"
        }
      ]
    },
    {
      "categories": [
        "Cross-Site Scripting (XSS)",
        "Persistent XSS"
      ],
      "exploitable_locations": [
        {
          "type": "url",
          "value": "https://api-test.hood.cloudgenix.com/v2.0/api/tenants/1073/securityzones/1657699651069019596",
          "created_at": 1676915203,
          "status": "fixed"
        }
      ]
    },
    {
      "categories": [
        "Authorization/Permissions",
        "Access/Privacy Control Violation"
      ],
      "exploitable_locations": [
        {
          "type": "url",
          "value": "https://api-test.hood.cloudgenix.com/v3.5/api/tenants/1073/events/query",
          "created_at": 1681140702,
          "status": "fixed"
        },
        {
          "type": "url",
          "value": "https://api-test.hood.cloudgenix.com/v2.2/api/tenants/1073/events/[id]",
          "created_at": 1681140702,
          "status": "fixed"
        }
      ]
    },
    {
      "categories": [
        "Authorization/Permissions",
        "Access Control Violation (High Privileged Functions - Read/Write or Write Only)"
      ],
      "exploitable_locations": [
        {
          "type": "url",
          "value": "https://api-test.hood.cloudgenix.com/v2.0/api/tenants/1073/vfflicenses/16074012160410205/tokens",
          "assets_na": false,
          "assets_uids": [
            "6012f8a1949aba0001ed7649"
          ],
          "created_at": 1695816704,
          "status": "fixed"
        }
      ]
    },
    {
      "categories": [
        "Authorization/Permissions",
        "Access/Privacy Control Violation"
      ],
      "exploitable_locations": [
        {
          "type": "url",
          "value": "https://api-test.hood.cloudgenix.com/v2.1/api/tenants/1073/operators/16178880876550073",
          "created_at": 1617958560,
          "status": "wont_fix"
        },
        {
          "type": "url",
          "value": "https://api-test.hood.cloudgenix.com/v2.1/api/tenants/1073/operators",
          "created_at": 1617958560,
          "status": "wont_fix"
        }
      ]
    }
  ]
}