{
  "listing_id": "203kmnangl",
  "type": "categories",
  "value": [
    {
      "categories": [
        "Functional/Business Logic",
        "Improper Input Validation"
      ],
      "exploitable_locations": [
        {
          "type": "url",
          "value": "https://jsi.stage.ai.juniper.net/api/v1/orgs/<id>/setting",
          "assets_na": false,
          "assets_uids": [
            "67aa606b492170acd88832b6"
          ],
          "created_at": 1739255020,
          "status": "pending"
        }
      ]
    }
  ]
}