{
  "listing_id": "26kn57fs23",
  "type": "categories",
  "value": [
    {
      "categories": [
        "Server/Application Misconfiguration",
        "Security HTTP Headers"
      ],
      "exploitable_locations": [
        {
          "type": "url",
          "value": "https://ecg-api.gumtree.com.au",
          "assets_na": false,
          "assets_uids": [
            "66f26c62981df328f0652aa4"
          ],
          "created_at": 1729997245,
          "status": "pending"
        }
      ]
    },
    {
      "categories": [
        "Authorization/Permissions",
        "Insecure Direct Object Reference (Read-Only)"
      ],
      "exploitable_locations": [
        {
          "type": "url",
          "value": "https://gt-api.gumtree.com.au/web/user-service/userInfo/<userID>",
          "assets_na": false,
          "assets_uids": [
            "671638bb27f800b572931a08"
          ],
          "created_at": 1735481184,
          "status": "pending"
        }
      ]
    },
    {
      "categories": [
        "Authorization/Permissions",
        "Server Side Request Forgery(SSRF)- Limited"
      ],
      "exploitable_locations": [
        {
          "type": "url",
          "value": "https://ecg-api.gumtree.com.au/api/papi/users/myProfile",
          "assets_na": false,
          "assets_uids": [
            "66f26c62981df328f0652aa4"
          ],
          "created_at": 1735483062,
          "status": "pending"
        }
      ]
    },
    {
      "categories": [
        "Functional/Business Logic",
        "Functionality Abuse with Malicious Impact"
      ],
      "exploitable_locations": [
        {
          "type": "url",
          "value": "https://www.gumtree.com.au/j-contact-seller.html",
          "assets_na": false,
          "assets_uids": [
            "671638bb27f800b572931a08"
          ],
          "created_at": 1736602948,
          "status": "pending"
        }
      ]
    },
    {
      "categories": [
        "Authentication/Session Management",
        "Email/Password Recovery Flaw"
      ],
      "exploitable_locations": [
        {
          "type": "app-location",
          "value": "Profile Settings",
          "assets_na": false,
          "assets_uids": [
            "671638bb27f800b572931a08"
          ],
          "created_at": 1736635358,
          "status": "pending"
        }
      ]
    },
    {
      "categories": [
        "Functional/Business Logic",
        "Functionality Abuse with Malicious Impact"
      ],
      "exploitable_locations": [
        {
          "type": "url",
          "value": "https://www.gumtree.com.au/j-contact-seller.html",
          "assets_na": false,
          "assets_uids": [
            "671638bb27f800b572931a08"
          ],
          "created_at": 1737022104,
          "status": "pending"
        }
      ]
    },
    {
      "categories": [
        "Cross-site Request Forgery (CSRF)",
        "CSRF-Low"
      ],
      "exploitable_locations": [
        {
          "type": "url",
          "value": "https://www.gumtree.com.au/m-deactivate-ad.html",
          "assets_na": false,
          "assets_uids": [
            "671638bb27f800b572931a08"
          ],
          "created_at": 1738924626,
          "status": "pending"
        }
      ]
    },
    {
      "categories": [
        "Cross-Site Scripting (XSS)",
        "Reflected DOM-Based XSS"
      ],
      "exploitable_locations": [
        {
          "type": "url",
          "value": "https://www.gumtree.com.au/carmake-bmw/carmodel-bmw_3/c1832010",
          "assets_na": false,
          "assets_uids": [
            "671638bb27f800b572931a08"
          ],
          "created_at": 1729883042,
          "status": "pending"
        },
        {
          "type": "url",
          "value": "https://www.gumtree.com.au/carmake-*/carmodel-*/c*",
          "assets_na": false,
          "assets_uids": [
            "671638bb27f800b572931a08"
          ],
          "created_at": 1729883042,
          "status": "pending"
        }
      ]
    },
    {
      "categories": [
        "Authentication/Session Management",
        "2FA Authentication Bypass"
      ],
      "exploitable_locations": [
        {
          "type": "url",
          "value": "https://www.gumtree.com.au/success-google-login.html",
          "assets_na": false,
          "assets_uids": [
            "671638bb27f800b572931a08"
          ],
          "created_at": 1729807367,
          "status": "pending"
        },
        {
          "type": "url",
          "value": "https://www.gumtree.com.au/t-user-registration.html",
          "assets_na": false,
          "assets_uids": [
            "671638bb27f800b572931a08"
          ],
          "created_at": 1729807367,
          "status": "pending"
        }
      ]
    }
  ]
}