{
  "listing_id": "26kn57fs23",
  "type": "categories",
  "value": [
    {
      "categories": [
        "Server/Application Misconfiguration",
        "Application Level Protection"
      ],
      "exploitable_locations": [
        {
          "type": "other",
          "value": "PackageName: com.ebay.gumtree.au",
          "assets_na": true,
          "assets_uids": [],
          "created_at": 1727721470,
          "status": "pending"
        },
        {
          "type": "other",
          "value": "AndroidManifest.xml -----> (Activity) : com.ebay.app.common.startup.SplashScreenActivity",
          "assets_na": true,
          "assets_uids": [],
          "created_at": 1727721470,
          "status": "pending"
        }
      ]
    },
    {
      "categories": [
        "Authentication/Session Management",
        "2FA Authentication Bypass"
      ],
      "exploitable_locations": [
        {
          "type": "other",
          "value": "PackageName: com.ebay.gumtree.au",
          "assets_na": false,
          "assets_uids": [
            "66f26c62981df328f0652aa4"
          ],
          "created_at": 1735380084,
          "status": "wont_fix"
        },
        {
          "type": "other",
          "value": "https://ecg-api.gumtree.com.au/api/papi/v2/user-verification/verify-otp",
          "assets_na": false,
          "assets_uids": [
            "66f26c62981df328f0652aa4"
          ],
          "created_at": 1735380084,
          "status": "wont_fix"
        }
      ]
    },
    {
      "categories": [
        "Authorization/Permissions",
        "Insecure Direct Object Reference (Read & Write)"
      ],
      "exploitable_locations": [
        {
          "type": "url",
          "value": "https://ecg-api.gumtree.com.au/api/alerts",
          "assets_na": false,
          "assets_uids": [
            "66c707a84d9bf539eb658ad7"
          ],
          "created_at": 1735807446,
          "status": "wont_fix"
        }
      ]
    },
    {
      "categories": [
        "Authorization/Permissions",
        "Insecure Direct Object Reference (Read-Only)"
      ],
      "exploitable_locations": [
        {
          "type": "url",
          "value": "https://gt-api.gumtree.com.au/web/user-service/userInfo/<userID>",
          "assets_na": false,
          "assets_uids": [
            "671638bb27f800b572931a08"
          ],
          "created_at": 1735889194,
          "status": "fixed"
        }
      ]
    },
    {
      "categories": [
        "Content Injection",
        "Spoof HTML Content"
      ],
      "exploitable_locations": [
        {
          "type": "other",
          "value": "PackageName: com.ebay.gumtree.au",
          "assets_na": false,
          "assets_uids": [
            "66f26c62981df328f0652aa4"
          ],
          "created_at": 1736247333,
          "status": "pending"
        },
        {
          "type": "other",
          "value": "Messaging box ",
          "assets_na": false,
          "assets_uids": [
            "66f26c62981df328f0652aa4"
          ],
          "created_at": 1736247333,
          "status": "pending"
        }
      ]
    },
    {
      "categories": [
        "Content Injection",
        "Spoof HTML Content"
      ],
      "exploitable_locations": [
        {
          "type": "other",
          "value": "PackageName: com.ebay.gumtree.au",
          "assets_na": false,
          "assets_uids": [
            "671638bb27f800b572931a08"
          ],
          "created_at": 1736395971,
          "status": "wont_fix"
        },
        {
          "type": "url",
          "value": "https://ecg-api.gumtree.com.au/api/alerts/<ID>",
          "assets_na": false,
          "assets_uids": [
            "671638bb27f800b572931a08"
          ],
          "created_at": 1736395971,
          "status": "wont_fix"
        }
      ]
    },
    {
      "categories": [
        "Server/Application Misconfiguration",
        "Application Level Protection"
      ],
      "exploitable_locations": [
        {
          "type": "other",
          "value": "Android -> Package (com.ebay.gumtree.au) --> Activity (com.ebay.app.common.startup.SplashScreenActivity)",
          "assets_na": false,
          "assets_uids": [
            "66b558be6fe12fbf7f8c1eaa"
          ],
          "created_at": 1727729869,
          "status": "pending"
        },
        {
          "type": "other",
          "value": "Android -> Package (com.ebay.gumtree.au) --> Activity (com.ebay.app.common.activities.ShortcutLauncherActivity) ",
          "assets_na": false,
          "assets_uids": [
            "66b558be6fe12fbf7f8c1eaa"
          ],
          "created_at": 1727729869,
          "status": "pending"
        },
        {
          "type": "other",
          "value": "Android -> Package (com.ebay.gumtree.au) --> Activity (com.ebay.app.common.activities.AdDeepLinkActivity)",
          "assets_na": false,
          "assets_uids": [
            "66b558be6fe12fbf7f8c1eaa"
          ],
          "created_at": 1727729869,
          "status": "pending"
        }
      ]
    },
    {
      "categories": [
        "Functional/Business Logic",
        "Functionality Abuse with Malicious Impact"
      ],
      "exploitable_locations": [
        {
          "type": "url",
          "value": "https://www.gumtree.com.au/j-contact-seller.html",
          "assets_na": false,
          "assets_uids": [
            "671638bb27f800b572931a08"
          ],
          "created_at": 1737026842,
          "status": "fixed"
        }
      ]
    },
    {
      "categories": [
        "Cross-site Request Forgery (CSRF)",
        "CSRF-High"
      ],
      "exploitable_locations": [
        {
          "type": "url",
          "value": "https://www.gumtree.com.au/m-delete-ad.html",
          "assets_na": false,
          "assets_uids": [
            "671638bb27f800b572931a08"
          ],
          "created_at": 1738935192,
          "status": "pending"
        }
      ]
    },
    {
      "categories": [
        "Authorization/Permissions",
        "Insecure Direct Object Reference (Read & Write)"
      ],
      "exploitable_locations": [
        {
          "type": "url",
          "value": "https://ecg-api.gumtree.com.au/api/users/<user_id>/ads/<ad_id>",
          "assets_na": false,
          "assets_uids": [
            "66c707a84d9bf539eb658ad7"
          ],
          "created_at": 1727730420,
          "status": "fixed"
        }
      ]
    },
    {
      "categories": [
        "Authorization/Permissions",
        "Insecure Direct Object Reference (Read & Write)"
      ],
      "exploitable_locations": [
        {
          "type": "url",
          "value": "https://ecg-api.gumtree.com.au/api/users/<user_id>/ads/paused/<ad_id>",
          "assets_na": false,
          "assets_uids": [
            "66c707a84d9bf539eb658ad7"
          ],
          "created_at": 1727743899,
          "status": "fixed"
        }
      ]
    },
    {
      "categories": [
        "Authorization/Permissions",
        "Insecure Direct Object Reference (Read-Only)"
      ],
      "exploitable_locations": [
        {
          "type": "url",
          "value": "https://ecg-api.gumtree.com.au/api/users/<user_id>/stats",
          "assets_na": false,
          "assets_uids": [
            "66c707a84d9bf539eb658ad7"
          ],
          "created_at": 1727743933,
          "status": "wont_fix"
        }
      ]
    },
    {
      "categories": [
        "Authorization/Permissions",
        "Insecure Direct Object Reference (Read & Write)"
      ],
      "exploitable_locations": [
        {
          "type": "url",
          "value": "https://ecg-api.gumtree.com.au/api/users/<user_id>/ads/active/<ad_id>",
          "assets_na": false,
          "assets_uids": [
            "66c707a84d9bf539eb658ad7"
          ],
          "created_at": 1727743948,
          "status": "fixed"
        }
      ]
    },
    {
      "categories": [
        "Authorization/Permissions",
        "Insecure Direct Object Reference (Read-Only)"
      ],
      "exploitable_locations": [
        {
          "type": "url",
          "value": "https://ecg-api.gumtree.com.au/api/papi/user/recent-searches",
          "assets_na": false,
          "assets_uids": [
            "66c707a84d9bf539eb658ad7"
          ],
          "created_at": 1727950128,
          "status": "pending"
        }
      ]
    },
    {
      "categories": [
        "Cross-Site Scripting (XSS)",
        "Reflected DOM-Based XSS"
      ],
      "exploitable_locations": [
        {
          "type": "url",
          "value": "https://www.gumtree.com.au/success-google-login.html",
          "assets_na": false,
          "assets_uids": [
            "66b40df83d535a41b32fe96e"
          ],
          "created_at": 1724145663,
          "status": "pending"
        }
      ]
    }
  ]
}