{
  "listing_id": "28jcj9abk6",
  "type": "categories",
  "value": [
    {
      "categories": [
        "Remote Execution",
        "Remote Code Execution"
      ],
      "exploitable_locations": [
        {
          "type": "ip",
          "protocol": "tcp",
          "address": "63.128.77.40",
          "port": "443",
          "created_at": 1647919521,
          "status": "pending"
        },
        {
          "type": "url",
          "value": "https://63.128.77.40/client/index.php",
          "created_at": 1647919521,
          "status": "pending"
        }
      ]
    },
    {
      "categories": [
        "Server/Application Misconfiguration",
        "Using Known Vulnerable Software"
      ],
      "exploitable_locations": [
        {
          "type": "url",
          "value": "https://63.251.91.181",
          "created_at": 1666029944,
          "status": "pending"
        }
      ]
    },
    {
      "categories": [
        "Information Disclosure",
        "Sensitive Directory/File Contents Disclosed"
      ],
      "exploitable_locations": [
        {
          "type": "url",
          "value": "https://www.becn.com/main.11773c9def6f881d438b.js",
          "created_at": 1674472306,
          "status": "pending"
        },
        {
          "type": "url",
          "value": "https://34.111.215.176/main.55e772413442fc04abc0.js",
          "created_at": 1674472306,
          "status": "pending"
        }
      ]
    },
    {
      "categories": [
        "Authorization/Permissions",
        "Server Side Request Forgery(SSRF)- Limited"
      ],
      "exploitable_locations": [
        {
          "type": "url",
          "value": "https://identity.becn.com",
          "created_at": 1679222219,
          "status": "pending"
        },
        {
          "type": "url",
          "value": "https://identity-uat.becn.com",
          "created_at": 1679222219,
          "status": "pending"
        }
      ]
    },
    {
      "categories": [
        "Authorization/Permissions",
        "Server Side Request Forgery(SSRF)- Limited"
      ],
      "exploitable_locations": [
        {
          "type": "url",
          "value": "https://identity.becn.com",
          "created_at": 1679841893,
          "status": "pending"
        },
        {
          "type": "url",
          "value": "https://identity-uat.becn.com/",
          "created_at": 1679841893,
          "status": "pending"
        }
      ]
    },
    {
      "categories": [
        "Authorization/Permissions",
        "Access/Privacy Control Violation"
      ],
      "exploitable_locations": [
        {
          "type": "url",
          "value": "https://identity-uat.becn.com/",
          "created_at": 1680145060,
          "status": "pending"
        },
        {
          "type": "ip",
          "protocol": "tcp",
          "address": "35.244.149.201",
          "port": "443",
          "created_at": 1680145060,
          "status": "pending"
        }
      ]
    },
    {
      "categories": [
        "Information Disclosure",
        "Identity of Network Topology"
      ],
      "exploitable_locations": [
        {
          "type": "ip",
          "protocol": "tcp",
          "address": "63.251.91.181",
          "port": "443",
          "created_at": 1683466847,
          "status": "pending"
        }
      ]
    },
    {
      "categories": [
        "Authorization/Permissions",
        "File Inclusion (No execution)"
      ],
      "exploitable_locations": [
        {
          "type": "url",
          "value": "https://63.128.77.59/+CSCOE+/session_password.html",
          "created_at": 1629694187,
          "status": "pending"
        },
        {
          "type": "url",
          "value": "https://63.128.77.60/+CSCOE+/session_password.html",
          "created_at": 1629694187,
          "status": "pending"
        }
      ]
    },
    {
      "categories": [
        "Information Disclosure",
        "Sensitive Directory/File Contents Disclosed"
      ],
      "exploitable_locations": [
        {
          "type": "url",
          "value": "https://35.245.102.59/API/vendors",
          "assets_na": false,
          "assets_uids": [
            "304eeb136f5300ff8ef0f0b4"
          ],
          "created_at": 1689455119,
          "status": "pending"
        }
      ]
    },
    {
      "categories": [
        "Authorization/Permissions",
        "File Inclusion (No execution)"
      ],
      "exploitable_locations": [
        {
          "type": "url",
          "value": "https://96.67.26.33/operator/lib/loadjs.php",
          "assets_na": false,
          "assets_uids": [
            "44a6a8bff2386ce0fd649825"
          ],
          "created_at": 1701196733,
          "status": "pending"
        }
      ]
    },
    {
      "categories": [
        "Authorization/Permissions",
        "File Inclusion (No execution)"
      ],
      "exploitable_locations": [
        {
          "type": "url",
          "value": "https://96.67.26.33/tcnautotask/operator/lib/loadjs.php",
          "assets_na": false,
          "assets_uids": [
            "44a6a8bff2386ce0fd649825"
          ],
          "created_at": 1701233086,
          "status": "pending"
        }
      ]
    },
    {
      "categories": [
        "Authorization/Permissions",
        "Access/Privacy Control Violation"
      ],
      "exploitable_locations": [
        {
          "type": "ip",
          "protocol": "tcp",
          "address": "34.117.196.17",
          "port": "9100",
          "created_at": 1629695770,
          "status": "pending"
        }
      ]
    },
    {
      "categories": [
        "Authorization/Permissions",
        "File Inclusion (No execution)"
      ],
      "exploitable_locations": [
        {
          "type": "url",
          "value": "https://96.67.26.33/lib/lib/loadjs.php",
          "assets_na": false,
          "assets_uids": [
            "44a6a8bff2386ce0fd649825"
          ],
          "created_at": 1701236705,
          "status": "pending"
        }
      ]
    },
    {
      "categories": [
        "Authorization/Permissions",
        "Path Traversal"
      ],
      "exploitable_locations": [
        {
          "type": "url",
          "value": "https://63.128.77.60/+CSCOU+/../+CSCOE+/files/file_list.json",
          "created_at": 1629700108,
          "status": "pending"
        },
        {
          "type": "url",
          "value": "https://63.128.77.59/+CSCOU+/../+CSCOE+/files/file_list.json",
          "created_at": 1629700108,
          "status": "pending"
        },
        {
          "type": "url",
          "value": "https://63.128.77.59/+CSCOE+/session_password.html",
          "created_at": 1629700108,
          "status": "pending"
        },
        {
          "type": "url",
          "value": "https://63.128.77.60/+CSCOE+/session_password.html",
          "created_at": 1629700108,
          "status": "pending"
        }
      ]
    },
    {
      "categories": [
        "Server/Application Misconfiguration",
        "Using Known Vulnerable Software"
      ],
      "exploitable_locations": [
        {
          "type": "ip",
          "protocol": "tcp",
          "address": "64.94.25.241",
          "port": "443",
          "assets_na": false,
          "assets_uids": [
            "5391a6b6c146a9ab8d36111e",
            "86beb751a490a8a8b236373f",
            "abdceeb1df42069c76d227ed",
            "f0c8254e573ce21f043507ab"
          ],
          "created_at": 1702751938,
          "status": "pending"
        }
      ]
    },
    {
      "categories": [
        "Other",
        "Other - Please describe"
      ],
      "exploitable_locations": [
        {
          "type": "ip",
          "protocol": "tcp",
          "address": "64.94.25.245",
          "port": "443",
          "assets_na": false,
          "assets_uids": [
            "86beb751a490a8a8b236373f"
          ],
          "created_at": 1733371012,
          "status": "pending"
        }
      ]
    },
    {
      "categories": [
        "Authorization/Permissions",
        "File Inclusion (No execution)"
      ],
      "exploitable_locations": [
        {
          "type": "url",
          "value": "https://63.128.77.59/+CSCOE+/logon.html",
          "created_at": 1629705986,
          "status": "pending"
        }
      ]
    },
    {
      "categories": [
        "Remote Execution",
        "Remote Code Execution"
      ],
      "exploitable_locations": [
        {
          "type": "url",
          "value": "https://34.117.154.203/",
          "created_at": 1630127602,
          "status": "pending"
        },
        {
          "type": "url",
          "value": "https://35.236.246.0/",
          "created_at": 1630127602,
          "status": "pending"
        }
      ]
    },
    {
      "categories": [
        "Content Injection",
        "LDAP Injection"
      ],
      "exploitable_locations": [
        {
          "type": "url",
          "value": "https://34.117.154.203/",
          "created_at": 1643950057,
          "status": "pending"
        }
      ]
    },
    {
      "categories": [
        "Remote Execution",
        "Remote Code Execution"
      ],
      "exploitable_locations": [
        {
          "type": "ip",
          "protocol": "tcp",
          "address": "63.128.77.40",
          "port": "443",
          "created_at": 1647916626,
          "status": "pending"
        }
      ]
    }
  ]
}