{
  "listing_id": "28jcj9abk6",
  "type": "categories",
  "value": [
    {
      "categories": [
        "Authorization/Permissions",
        "Path Traversal"
      ],
      "exploitable_locations": [
        {
          "type": "url",
          "value": "https://63.128.77.59/+CSCOE+/session_password.html",
          "created_at": 1629683999,
          "status": "fixed"
        },
        {
          "type": "url",
          "value": "https://63.128.77.60/+CSCOE+/session_password.html",
          "created_at": 1629683999,
          "status": "fixed"
        }
      ]
    },
    {
      "categories": [
        "Remote Execution",
        "Remote Code Execution"
      ],
      "exploitable_locations": [
        {
          "type": "url",
          "value": "https://63.128.77.40/client/index.php",
          "created_at": 1647919221,
          "status": "fixed"
        },
        {
          "type": "ip",
          "protocol": "tcp",
          "address": "63.128.77.40",
          "port": "443",
          "created_at": 1647919221,
          "status": "fixed"
        }
      ]
    },
    {
      "categories": [
        "Remote Execution",
        "Remote Code Execution"
      ],
      "exploitable_locations": [
        {
          "type": "ip",
          "protocol": "tcp",
          "address": "63.251.91.174",
          "port": "443",
          "created_at": 1680100010,
          "status": "fixed"
        },
        {
          "type": "url",
          "value": "https://micollab.becn.com/awcuser/cgi-bin/vcs",
          "created_at": 1680100010,
          "status": "fixed"
        }
      ]
    },
    {
      "categories": [
        "Authorization/Permissions",
        "Server Side Request Forgery(SSRF)- Limited"
      ],
      "exploitable_locations": [
        {
          "type": "url",
          "value": "https://identity.becn.com/auth/realms/master/protocol/openid-connect/auth",
          "created_at": 1680112682,
          "status": "fixed"
        },
        {
          "type": "url",
          "value": "https://identity-uat.becn.com/auth/realms/master/protocol/openid-connect/auth",
          "created_at": 1680112682,
          "status": "fixed"
        }
      ]
    },
    {
      "categories": [
        "Information Disclosure",
        "Sensitive Directory/File Contents Disclosed"
      ],
      "exploitable_locations": [
        {
          "type": "url",
          "value": "https://procoatsystems.com/wp-content/mysql.sql",
          "assets_na": false,
          "assets_uids": [
            "ca663c7952942447c394602f"
          ],
          "created_at": 1688238904,
          "status": "fixed"
        },
        {
          "type": "ip",
          "protocol": "tcp",
          "address": "35.245.127.94",
          "port": "443",
          "assets_na": false,
          "assets_uids": [],
          "created_at": 1688238904,
          "status": "fixed"
        }
      ]
    },
    {
      "categories": [
        "Authorization/Permissions",
        "Access Control Violation (High Privileged Functions - Read/Write or Write Only)"
      ],
      "exploitable_locations": [
        {
          "type": "url",
          "value": "https://becn.atlassian.net/*",
          "assets_na": false,
          "assets_uids": [
            "ee55a8bcffca798b2a3e03c8"
          ],
          "created_at": 1689998970,
          "status": "fixed"
        }
      ]
    },
    {
      "categories": [
        "Scoping Issue",
        "Invalid Asset Listed In Target Scope"
      ],
      "exploitable_locations": []
    },
    {
      "categories": [
        "Scoping Issue",
        "Invalid Asset Listed In Target Scope"
      ],
      "exploitable_locations": []
    },
    {
      "categories": [
        "Scoping Issue",
        "Invalid Asset Listed In Target Scope"
      ],
      "exploitable_locations": []
    },
    {
      "categories": [
        "Scoping Issue",
        "Invalid Asset Listed In Target Scope"
      ],
      "exploitable_locations": []
    },
    {
      "categories": [
        "Scoping Issue",
        "Invalid Asset Listed In Target Scope"
      ],
      "exploitable_locations": []
    },
    {
      "categories": [
        "Scoping Issue",
        "Invalid Asset Listed In Target Scope"
      ],
      "exploitable_locations": []
    },
    {
      "categories": [
        "Scoping Issue",
        "Invalid Asset Listed In Target Scope"
      ],
      "exploitable_locations": []
    },
    {
      "categories": [
        "Scoping Issue",
        "Invalid Asset Listed In Target Scope"
      ],
      "exploitable_locations": []
    },
    {
      "categories": [
        "Scoping Issue",
        "Invalid Asset Listed In Target Scope"
      ],
      "exploitable_locations": []
    },
    {
      "categories": [
        "Scoping Issue",
        "Invalid Asset Listed In Target Scope"
      ],
      "exploitable_locations": []
    },
    {
      "categories": [
        "Scoping Issue",
        "Invalid Asset Listed In Target Scope"
      ],
      "exploitable_locations": []
    },
    {
      "categories": [
        "Scoping Issue",
        "Invalid Asset Listed In Target Scope"
      ],
      "exploitable_locations": []
    },
    {
      "categories": [
        "Scoping Issue",
        "Invalid Asset Listed In Target Scope"
      ],
      "exploitable_locations": []
    },
    {
      "categories": [
        "Scoping Issue",
        "Invalid Asset Listed In Target Scope"
      ],
      "exploitable_locations": []
    },
    {
      "categories": [
        "Scoping Issue",
        "Invalid Asset Listed In Target Scope"
      ],
      "exploitable_locations": []
    },
    {
      "categories": [
        "Scoping Issue",
        "Invalid Asset Listed In Target Scope"
      ],
      "exploitable_locations": []
    },
    {
      "categories": [
        "Scoping Issue",
        "Invalid Asset Listed In Target Scope"
      ],
      "exploitable_locations": []
    },
    {
      "categories": [
        "Scoping Issue",
        "Invalid Asset Listed In Target Scope"
      ],
      "exploitable_locations": []
    },
    {
      "categories": [
        "Authorization/Permissions",
        "Path Traversal"
      ],
      "exploitable_locations": [
        {
          "type": "url",
          "value": "https://ld-atlanta.mybecn.com/client/index.php%3F.php",
          "assets_na": true,
          "assets_uids": [],
          "created_at": 1732001452,
          "status": "wont_fix"
        },
        {
          "type": "ip",
          "protocol": "tcp",
          "address": "63.128.77.40",
          "port": "443",
          "assets_na": true,
          "assets_uids": [],
          "created_at": 1732001452,
          "status": "wont_fix"
        }
      ]
    },
    {
      "categories": [
        "Content Injection",
        "LDAP Injection"
      ],
      "exploitable_locations": [
        {
          "type": "url",
          "value": "https://OOS.oos",
          "created_at": 1644484693,
          "status": "fixed"
        }
      ]
    }
  ]
}