{
  "listing_id": "2mjmsemwob",
  "type": "categories",
  "value": [
    {
      "categories": [
        "SQL Injection",
        "**Blind**"
      ],
      "exploitable_locations": [
        {
          "type": "url",
          "value": "https://apps.paloaltonetworks.com/hub/v2/users/getusers",
          "created_at": 1603025062,
          "status": "fixed"
        }
      ]
    },
    {
      "categories": [
        "Authorization/Permissions",
        "Access/Privacy Control Violation"
      ],
      "exploitable_locations": [
        {
          "type": "url",
          "value": "https://apps-qa.qa.appsvc.paloaltonetworks.com/roles",
          "created_at": 1610387658,
          "status": "wont_fix"
        }
      ]
    },
    {
      "categories": [
        "Authorization/Permissions",
        "Insecure Direct Object Reference"
      ],
      "exploitable_locations": [
        {
          "type": "url",
          "value": "https://apps-qa.qa.appsvc.paloaltonetworks.com/hub/v2/auth/rbac/role_def",
          "created_at": 1610790882,
          "status": "fixed"
        }
      ]
    },
    {
      "categories": [
        "Authorization/Permissions",
        "Insecure Direct Object Reference"
      ],
      "exploitable_locations": [
        {
          "type": "url",
          "value": "https://apps-qa.qa.appsvc.paloaltonetworks.com/hub/v2/auth/rbac/membership/lookup",
          "created_at": 1610794274,
          "status": "fixed"
        }
      ]
    },
    {
      "categories": [
        "Authorization/Permissions",
        "Insecure Direct Object Reference"
      ],
      "exploitable_locations": [
        {
          "type": "url",
          "value": "https://apps-qa.qa.appsvc.paloaltonetworks.com/hub/v2/custom_roles",
          "created_at": 1610908089,
          "status": "fixed"
        }
      ]
    },
    {
      "categories": [
        "Authorization/Permissions",
        "Insecure Direct Object Reference"
      ],
      "exploitable_locations": [
        {
          "type": "url",
          "value": "https://apps-qa.qa.appsvc.paloaltonetworks.com/hub/v2/auth/rbac/custom_role/csp_account_id",
          "created_at": 1611126781,
          "status": "fixed"
        }
      ]
    },
    {
      "categories": [
        "Authorization/Permissions",
        "Access/Privacy Control Violation"
      ],
      "exploitable_locations": [
        {
          "type": "url",
          "value": "https://apps-qa.qa.appsvc.paloaltonetworks.com/hub/v2/users/updateuser",
          "created_at": 1619846356,
          "status": "wont_fix"
        }
      ]
    },
    {
      "categories": [
        "Authorization/Permissions",
        "Access/Privacy Control Violation"
      ],
      "exploitable_locations": [
        {
          "type": "url",
          "value": "https://apps.paloaltonetworks.com/hub/v2/devices/",
          "created_at": 1603286034,
          "status": "wont_fix"
        }
      ]
    },
    {
      "categories": [
        "Authorization/Permissions",
        "Insecure Direct Object Reference (Read & Write)"
      ],
      "exploitable_locations": [
        {
          "type": "url",
          "value": "https://apps-qa.qa.appsvc.paloaltonetworks.com/hub/v2/users/updateuser",
          "created_at": 1680033424,
          "status": "wont_fix"
        }
      ]
    },
    {
      "categories": [
        "Cross-Site Scripting (XSS)",
        "**Persistent XSS**"
      ],
      "exploitable_locations": [
        {
          "type": "url",
          "value": "https://apps.paloaltonetworks.com/actionservice/",
          "created_at": 1603294186,
          "status": "fixed"
        }
      ]
    },
    {
      "categories": [
        "Cross-Site Scripting (XSS)",
        "**Reflected XSS (OLD DNU)**"
      ],
      "exploitable_locations": [
        {
          "type": "url",
          "value": "https://apps-qa.qa.appsvc.paloaltonetworks.com/saml/login",
          "created_at": 1606741503,
          "status": "fixed"
        }
      ]
    },
    {
      "categories": [
        "Authorization/Permissions",
        "Access/Privacy Control Violation"
      ],
      "exploitable_locations": [
        {
          "type": "url",
          "value": "https://apps-qa.qa.appsvc.paloaltonetworks.com/hub/v2/instance/update",
          "created_at": 1609341325,
          "status": "wont_fix"
        }
      ]
    },
    {
      "categories": [
        "Authorization/Permissions",
        "Access/Privacy Control Violation"
      ],
      "exploitable_locations": [
        {
          "type": "url",
          "value": "https://apps-qa.qa.appsvc.paloaltonetworks.com/api/v1/entitlements",
          "created_at": 1609854270,
          "status": "fixed"
        }
      ]
    },
    {
      "categories": [
        "Authorization/Permissions",
        "Insecure Direct Object Reference"
      ],
      "exploitable_locations": [
        {
          "type": "url",
          "value": "https://apps-qa.qa.appsvc.paloaltonetworks.com/hub/v2/users/updateuser",
          "created_at": 1610066935,
          "status": "fixed"
        }
      ]
    }
  ]
}