{
  "listing_id": "2mjmsemwob",
  "type": "categories",
  "value": [
    {
      "categories": [
        "Authorization/Permissions",
        "Access/Privacy Control Violation"
      ],
      "exploitable_locations": [
        {
          "type": "url",
          "value": "https://apps-qa.qa.appsvc.paloaltonetworks.com/api/v1/apps",
          "created_at": 1659330080,
          "status": "pending"
        }
      ]
    },
    {
      "categories": [
        "Information Disclosure",
        "Sensitive Client Information Disclosed"
      ],
      "exploitable_locations": [
        {
          "type": "url",
          "value": "https://apps-qa.qa.appsvc.paloaltonetworks.com/api/v1/apps",
          "created_at": 1613305638,
          "status": "pending"
        }
      ]
    },
    {
      "categories": [
        "Authorization/Permissions",
        "Access/Privacy Control Violation"
      ],
      "exploitable_locations": [
        {
          "type": "url",
          "value": "https://apps-qa-ft.qa.appsvc.paloaltonetworks.com/hub/v2/users/getusers",
          "created_at": 1618561480,
          "status": "pending"
        }
      ]
    },
    {
      "categories": [
        "Authorization/Permissions",
        "Insecure Direct Object Reference"
      ],
      "exploitable_locations": [
        {
          "type": "url",
          "value": "https://apps-qa.qa.appsvc.paloaltonetworks.com/hub/v2/instance/captured",
          "created_at": 1618567907,
          "status": "pending"
        }
      ]
    },
    {
      "categories": [
        "Authorization/Permissions",
        "Insecure Direct Object Reference (Read & Write)"
      ],
      "exploitable_locations": [
        {
          "type": "url",
          "value": "https://apps-qa.qa.appsvc.paloaltonetworks.com/hub/v2/users/updateuser",
          "created_at": 1634279206,
          "status": "pending"
        }
      ]
    },
    {
      "categories": [
        "Authorization/Permissions",
        "Insecure Direct Object Reference (Read & Write)"
      ],
      "exploitable_locations": [
        {
          "type": "url",
          "value": "https://apps-qa.qa.appsvc.paloaltonetworks.com/hub/v2/instance/update",
          "created_at": 1635017145,
          "status": "pending"
        }
      ]
    },
    {
      "categories": [
        "Authorization/Permissions",
        "Insecure Direct Object Reference (Read & Write)"
      ],
      "exploitable_locations": [
        {
          "type": "url",
          "value": "https://apps-qa.qa.appsvc.paloaltonetworks.com/hub/v2/delete",
          "created_at": 1635018570,
          "status": "pending"
        }
      ]
    },
    {
      "categories": [
        "Authorization/Permissions",
        "Access/Privacy Control Violation"
      ],
      "exploitable_locations": [
        {
          "type": "url",
          "value": "https://apps-qa.qa.appsvc.paloaltonetworks.com/hub/v2/delete",
          "created_at": 1635020131,
          "status": "pending"
        }
      ]
    },
    {
      "categories": [
        "Authorization/Permissions",
        "Access/Privacy Control Violation"
      ],
      "exploitable_locations": [
        {
          "type": "url",
          "value": "https://apps-qa.qa.appsvc.paloaltonetworks.com/saml/credentials",
          "created_at": 1647359448,
          "status": "pending"
        }
      ]
    },
    {
      "categories": [
        "Authorization/Permissions",
        "Access/Privacy Control Violation"
      ],
      "exploitable_locations": [
        {
          "type": "url",
          "value": "https://apps-qa.qa.appsvc.paloaltonetworks.com/hub/v2/entitlements",
          "created_at": 1647766140,
          "status": "pending"
        }
      ]
    },
    {
      "categories": [
        "Authorization/Permissions",
        "Insecure Direct Object Reference"
      ],
      "exploitable_locations": [
        {
          "type": "url",
          "value": "https://apps-qa.qa.appsvc.paloaltonetworks.com/register_user",
          "created_at": 1606404212,
          "status": "pending"
        }
      ]
    },
    {
      "categories": [
        "SQL Injection",
        "**Error-based**"
      ],
      "exploitable_locations": [
        {
          "type": "url",
          "value": "https://logging-service.apps.paloaltonetworks.com/api/actionservice/explore/saas/v1/totalCount",
          "created_at": 1610011075,
          "status": "pending"
        }
      ]
    }
  ]
}