{
  "listing_id": "2wfxgzi3cj",
  "type": "categories",
  "value": [
    {
      "categories": [
        "Functional/Business Logic",
        "Functionality Abuse with Malicious Impact"
      ],
      "exploitable_locations": [
        {
          "type": "url",
          "value": "https://api.dominosweddingregistry.com/registries",
          "created_at": 1593512533,
          "status": "pending"
        }
      ]
    },
    {
      "categories": [
        "Functional/Business Logic",
        "Client Side Validation"
      ],
      "exploitable_locations": [
        {
          "type": "url",
          "value": "https://api.dominosweddingregistry.com/registries/*",
          "created_at": 1593518562,
          "status": "pending"
        }
      ]
    },
    {
      "categories": [
        "Information Disclosure",
        "Sensitive API Keys"
      ],
      "exploitable_locations": [
        {
          "type": "url",
          "value": "https://www.dominosweddingregistry.com/undefined",
          "created_at": 1579816723,
          "status": "fixed"
        }
      ]
    },
    {
      "categories": [
        "Functional/Business Logic",
        "Client Side Validation"
      ],
      "exploitable_locations": [
        {
          "type": "url",
          "value": "https://api.dominosweddingregistry.com/profanity",
          "created_at": 1594365647,
          "status": "pending"
        }
      ]
    },
    {
      "categories": [
        "Authentication/Session Management",
        "Login Authentication Bypass"
      ],
      "exploitable_locations": [
        {
          "type": "url",
          "value": "https://api.dominosweddingregistry.com/registries/me",
          "created_at": 1594467441,
          "status": "pending"
        }
      ]
    },
    {
      "categories": [
        "Cross-Site Scripting (XSS)",
        "**Persistent XSS**"
      ],
      "exploitable_locations": [
        {
          "type": "url",
          "value": "https://dominosfilmfest.creativezing.com/Home/Submit",
          "created_at": 1596550316,
          "status": "fixed"
        }
      ]
    },
    {
      "categories": [
        "Information Disclosure",
        "Sensitive API Keys"
      ],
      "exploitable_locations": [
        {
          "type": "url",
          "value": "https://pavingforpizza.com/",
          "created_at": 1579833990,
          "status": "fixed"
        }
      ]
    },
    {
      "categories": [
        "Information Disclosure",
        "Sensitive Information Leak to third-parties"
      ],
      "exploitable_locations": [
        {
          "type": "url",
          "value": "https://web.archive.org/web/*/https://merchant.wgiftcard.com/*",
          "created_at": 1603216725,
          "status": "fixed"
        }
      ]
    },
    {
      "categories": [
        "Server/Application Misconfiguration",
        "Cross-Origin Resource Sharing (CORS)"
      ],
      "exploitable_locations": [
        {
          "type": "url",
          "value": "https://api.dominosweddingregistry.com/registries",
          "created_at": 1579888999,
          "status": "fixed"
        },
        {
          "type": "url",
          "value": "https://api.dominosweddingregistry.com/registries/9013",
          "created_at": 1579888999,
          "status": "fixed"
        },
        {
          "type": "url",
          "value": "dominosweddingregistry.com",
          "created_at": 1579888999,
          "status": "fixed"
        }
      ]
    },
    {
      "categories": [
        "Information Disclosure",
        "Sensitive API Keys"
      ],
      "exploitable_locations": [
        {
          "type": "url",
          "value": "https://pavingforpizza.com/component---src-pages-index-js-bff81234ba35909c554c.js",
          "created_at": 1618603061,
          "status": "pending"
        }
      ]
    },
    {
      "categories": [
        "Authorization/Permissions",
        "Server Side Request Forgery(SSRF)- Limited"
      ],
      "exploitable_locations": [
        {
          "type": "url",
          "value": "https://stg.anyware.dominos.com/xmlrpc.php",
          "created_at": 1680138156,
          "status": "pending"
        }
      ]
    },
    {
      "categories": [
        "Authentication/Session Management",
        "Account Enumeration"
      ],
      "exploitable_locations": [
        {
          "type": "url",
          "value": "https://stg.anyware.dominos.com/wp-json/wp/v2/users",
          "assets_na": false,
          "assets_uids": [
            "603fd0d1949aba0001dca8ae"
          ],
          "created_at": 1704254868,
          "status": "pending"
        }
      ]
    },
    {
      "categories": [
        "Authentication/Session Management",
        "Account Enumeration"
      ],
      "exploitable_locations": [
        {
          "type": "url",
          "value": "https://stg.anyware.dominos.com",
          "assets_na": false,
          "assets_uids": [
            "603fd0d1949aba0001dca8ae"
          ],
          "created_at": 1706699682,
          "status": "pending"
        }
      ]
    }
  ]
}