{
  "listing_id": "34rh42mz8m",
  "type": "categories",
  "value": [
    {
      "categories": [
        "Server/Application Misconfiguration",
        "Using Known Vulnerable Software"
      ],
      "exploitable_locations": [
        {
          "type": "ip",
          "protocol": "tcp",
          "address": "62.12.150.57",
          "port": "10443",
          "assets_na": false,
          "assets_uids": [
            "6466d9d037763fec2b433976"
          ],
          "created_at": 1710456689,
          "status": "fixed"
        }
      ]
    },
    {
      "categories": [
        "Server/Application Misconfiguration",
        "Using Known Vulnerable Software"
      ],
      "exploitable_locations": [
        {
          "type": "ip",
          "protocol": "tcp",
          "address": "62.12.150.57",
          "port": "10443",
          "assets_na": false,
          "assets_uids": [
            "6466d9d037763fec2b433976"
          ],
          "created_at": 1710693050,
          "status": "fixed"
        }
      ]
    }
  ]
}