{
  "listing_id": "3w73aoicfr",
  "type": "categories",
  "value": [
    {
      "categories": [
        "Functional/Business Logic",
        "Functionality Abuse with Malicious Impact"
      ],
      "exploitable_locations": [
        {
          "type": "url",
          "value": "https://platform.synack.com/api/asset/v2/assets",
          "assets_na": false,
          "assets_uids": [
            "664f4dbad39a710605d9659f"
          ],
          "created_at": 1720637935,
          "status": "pending"
        }
      ]
    },
    {
      "categories": [
        "Authentication/Session Management",
        "Default Credentials - Admin"
      ],
      "exploitable_locations": [
        {
          "type": "url",
          "value": "https://login.synack.com/%C0%AE%C0%AE",
          "assets_na": false,
          "assets_uids": [
            "664f4d3f88689ea236901a33"
          ],
          "created_at": 1735019985,
          "status": "pending"
        }
      ]
    },
    {
      "categories": [
        "Authorization/Permissions",
        "Access Control Violation (High Privileged Functions-Read Only)"
      ],
      "exploitable_locations": [
        {
          "type": "url",
          "value": "https://platform.synack.com/api/targets/<target_id>/updates",
          "assets_na": false,
          "assets_uids": [
            "664f4dbad39a710605d9659f"
          ],
          "created_at": 1738683932,
          "status": "pending"
        }
      ]
    },
    {
      "categories": [
        "Authorization/Permissions",
        "Access Control Violation (Low Privileged Functions-Read Only)"
      ],
      "exploitable_locations": [
        {
          "type": "url",
          "value": "https://platform.synack.com/api/listing_analytics/categories",
          "assets_na": false,
          "assets_uids": [
            "664f4dbad39a710605d9659f"
          ],
          "created_at": 1720639408,
          "status": "pending"
        }
      ]
    },
    {
      "categories": [
        "Denial-of-service (DoS)",
        "Unintended DoS Downtime Report"
      ],
      "exploitable_locations": [
        {
          "type": "url",
          "value": "https://platform.synack.com/api/vulnerabilities",
          "assets_na": false,
          "assets_uids": [
            "664f4dbad39a710605d9659f"
          ],
          "created_at": 1721175447,
          "status": "pending"
        }
      ]
    },
    {
      "categories": [
        "Authorization/Permissions",
        "Access Control Violation (Low Privileged Functions-Read Only)"
      ],
      "exploitable_locations": [
        {
          "type": "url",
          "value": "https://platform.synack.com/api/asset/v2/assets",
          "assets_na": false,
          "assets_uids": [
            "664f4dbad39a710605d9659f"
          ],
          "created_at": 1722848406,
          "status": "pending"
        }
      ]
    },
    {
      "categories": [
        "Functional/Business Logic",
        "Unrestricted File Upload (No Execution Server-Side)"
      ],
      "exploitable_locations": [
        {
          "type": "url",
          "value": "https://platform.synack.com/api/attachments",
          "assets_na": false,
          "assets_uids": [
            "664f4dbad39a710605d9659f"
          ],
          "created_at": 1722934052,
          "status": "pending"
        }
      ]
    },
    {
      "categories": [
        "Cryptography",
        "Weak Ciphers Used for Encryption"
      ],
      "exploitable_locations": [
        {
          "type": "other",
          "value": "LP+ to VELOSNOW IP 193.138.64.236:443",
          "assets_na": false,
          "assets_uids": [
            "664f4dbad39a710605d9659f"
          ],
          "created_at": 1723486695,
          "status": "pending"
        }
      ]
    },
    {
      "categories": [
        "Authorization/Permissions",
        "Access/Privacy Control Violation"
      ],
      "exploitable_locations": [
        {
          "type": "url",
          "value": "https://platform.synack.com/api/tasks/v1/tasks",
          "outOfScope": null,
          "created_at": 1518035454,
          "status": "pending"
        }
      ]
    },
    {
      "categories": [
        "Functional/Business Logic",
        "Improper Input Validation"
      ],
      "exploitable_locations": [
        {
          "type": "url",
          "value": "https://platform.synack.com/api/drafts/[id]",
          "created_at": 1553646672,
          "status": "pending"
        }
      ]
    },
    {
      "categories": [
        "Functional/Business Logic",
        "Functionality Abuse with Malicious Impact"
      ],
      "exploitable_locations": [
        {
          "type": "url",
          "value": "https://platform.synack.com/tasks/user/claimed",
          "created_at": 1553695748,
          "status": "pending"
        }
      ]
    },
    {
      "categories": [
        "Functional/Business Logic",
        "Functionality Abuse with Malicious Impact"
      ],
      "exploitable_locations": [
        {
          "type": "url",
          "value": "https://platform.synack.com/tasks/*",
          "created_at": 1556543604,
          "status": "pending"
        }
      ]
    },
    {
      "categories": [
        "Server/Application Misconfiguration",
        "Cross-Origin Resource Sharing (CORS)"
      ],
      "exploitable_locations": [
        {
          "type": "url",
          "value": "https://nexus.synack.com/socket.io/",
          "created_at": 1558894789,
          "status": "pending"
        }
      ]
    },
    {
      "categories": [
        "Server/Application Misconfiguration",
        "UI redressing/Clickjacking"
      ],
      "exploitable_locations": [
        {
          "type": "url",
          "value": "https://platform.synack.com/targets/iy1r99zyjc/scope",
          "created_at": 1558895232,
          "status": "pending"
        }
      ]
    },
    {
      "categories": [
        "Cross-site Request Forgery (CSRF)",
        "**CSRF Account Takeover**"
      ],
      "exploitable_locations": [
        {
          "type": "url",
          "value": "https://platform.synack.com/api/launchpoint/workspaces",
          "created_at": 1559844045,
          "status": "pending"
        }
      ]
    },
    {
      "categories": [
        "Other",
        "Other - Please describe"
      ],
      "exploitable_locations": [
        {
          "type": "url",
          "value": "https://platform.synack.com/api/hydra_user_preferences",
          "outOfScope": null,
          "created_at": 1561078838,
          "status": "pending"
        }
      ]
    },
    {
      "categories": [
        "Functional/Business Logic",
        "Functionality Abuse with Malicious Impact"
      ],
      "exploitable_locations": [
        {
          "type": "url",
          "value": "https://platform.synack.com/api/hydra_user_preferences",
          "outOfScope": null,
          "created_at": 1561079351,
          "status": "pending"
        }
      ]
    },
    {
      "categories": [
        "Authorization/Permissions",
        "Access/Privacy Control Violation"
      ],
      "exploitable_locations": [
        {
          "type": "url",
          "value": "https://platform.synack.com/api/hydra_user_preferences/2706",
          "outOfScope": null,
          "created_at": 1561080193,
          "status": "pending"
        }
      ]
    },
    {
      "categories": [
        "Authorization/Permissions",
        "Access/Privacy Control Violation"
      ],
      "exploitable_locations": [
        {
          "type": "url",
          "value": "https://platform.synack.com/targets/ijs0jlimsu/scope",
          "created_at": 1561588331,
          "status": "pending"
        }
      ]
    },
    {
      "categories": [
        "Authorization/Permissions",
        "Access/Privacy Control Violation"
      ],
      "exploitable_locations": [
        {
          "type": "url",
          "value": "https://platform.synack.com/targets/z2av9jlh06/scope",
          "created_at": 1565024160,
          "status": "pending"
        }
      ]
    },
    {
      "categories": [
        "Functional/Business Logic",
        "Functionality Abuse with Malicious Impact"
      ],
      "exploitable_locations": [
        {
          "type": "url",
          "value": "https://platform.synack.com/tasks/user/available",
          "created_at": 1566241604,
          "status": "pending"
        }
      ]
    },
    {
      "categories": [
        "Authorization/Permissions",
        "Access/Privacy Control Violation"
      ],
      "exploitable_locations": [
        {
          "type": "url",
          "value": "https://platform.synack.com/messages",
          "created_at": 1577120702,
          "status": "pending"
        }
      ]
    },
    {
      "categories": [
        "Functional/Business Logic",
        "Functionality Abuse with Malicious Impact"
      ],
      "exploitable_locations": [
        {
          "type": "url",
          "value": "https://platform.synack.com/api/tasks/v1/organizations/organization_id/listings/listing_id/campaigns/campaign_id",
          "created_at": 1578087416,
          "status": "pending"
        }
      ]
    },
    {
      "categories": [
        "Functional/Business Logic",
        "Functionality Abuse with Malicious Impact"
      ],
      "exploitable_locations": [
        {
          "type": "url",
          "value": "https://platform.synack.com/api/tasks/v1/organizations/<organization-id>/listings/<listing-id>/campaigns/<campaign-id>/tasks/<mission-id>/transitions",
          "created_at": 1586959257,
          "status": "pending"
        }
      ]
    },
    {
      "categories": [
        "Authentication/Session Management",
        "Login Authentication Bypass"
      ],
      "exploitable_locations": [
        {
          "type": "url",
          "value": "https://login.synack.com",
          "created_at": 1588227212,
          "status": "pending"
        }
      ]
    },
    {
      "categories": [
        "Other",
        "Other - Please describe"
      ],
      "exploitable_locations": [
        {
          "type": "url",
          "value": "https://platform.synack.com/tasks/user",
          "created_at": 1596113677,
          "status": "pending"
        }
      ]
    },
    {
      "categories": [
        "Authorization/Permissions",
        "Access/Privacy Control Violation"
      ],
      "exploitable_locations": [
        {
          "type": "url",
          "value": "https://platform.synack.com/assessments/3/written",
          "created_at": 1596475243,
          "status": "pending"
        },
        {
          "type": "url",
          "value": "https://platform.synack.com/assessments/3/practical",
          "created_at": 1596475243,
          "status": "pending"
        }
      ]
    },
    {
      "categories": [
        "Functional/Business Logic",
        "Functionality Abuse with Malicious Impact"
      ],
      "exploitable_locations": [
        {
          "type": "url",
          "value": "https://platform.synack.com/tasks/user/available",
          "created_at": 1600298094,
          "status": "pending"
        }
      ]
    },
    {
      "categories": [
        "Authorization/Permissions",
        "Access/Privacy Control Violation"
      ],
      "exploitable_locations": [
        {
          "type": "url",
          "value": "https://platform.synack.com/targets/ijs0jlimsu/analytics",
          "created_at": 1601084473,
          "status": "pending"
        }
      ]
    },
    {
      "categories": [
        "Other",
        "Other - Please describe"
      ],
      "exploitable_locations": [
        {
          "type": "url",
          "value": "https://platform.synack.com/settings",
          "created_at": 1615925506,
          "status": "pending"
        }
      ]
    },
    {
      "categories": [
        "Authorization/Permissions",
        "Access/Privacy Control Violation"
      ],
      "exploitable_locations": [
        {
          "type": "url",
          "value": "https://platform.synack.com/profile/<username>",
          "created_at": 1625142740,
          "status": "pending"
        }
      ]
    },
    {
      "categories": [
        "Authorization/Permissions",
        "Access/Privacy Control Violation"
      ],
      "exploitable_locations": [
        {
          "type": "url",
          "value": "https://platform.synack.com/targets/tt40x125md/analytics",
          "created_at": 1626273999,
          "status": "pending"
        }
      ]
    },
    {
      "categories": [
        "Information Disclosure",
        "Sensitive Client Information Disclosed"
      ],
      "exploitable_locations": [
        {
          "type": "url",
          "value": "https://platform.synack.com/",
          "created_at": 1632424978,
          "status": "pending"
        }
      ]
    },
    {
      "categories": [
        "Functional/Business Logic",
        "Functionality Abuse with Malicious Impact"
      ],
      "exploitable_locations": [
        {
          "type": "url",
          "value": "https://platform.synack.com/tasks/user/claimed",
          "created_at": 1633598752,
          "status": "pending"
        }
      ]
    },
    {
      "categories": [
        "Functional/Business Logic",
        "Client Side Validation"
      ],
      "exploitable_locations": [
        {
          "type": "url",
          "value": "https://platform.synack.com/api/asset/v1/organizations/<<tagetid>>/owners/listings/<<targetif>/users/<<id>>/credentials",
          "created_at": 1634323422,
          "status": "pending"
        }
      ]
    },
    {
      "categories": [
        "Functional/Business Logic",
        "Functionality Abuse with Malicious Impact"
      ],
      "exploitable_locations": [
        {
          "type": "url",
          "value": "https://platform.synack.com/targets/X/missions",
          "created_at": 1635449520,
          "status": "pending"
        }
      ]
    },
    {
      "categories": [
        "Authorization/Permissions",
        "Access/Privacy Control Violation"
      ],
      "exploitable_locations": [
        {
          "type": "url",
          "value": "https://platform.synack.com/api/targets",
          "created_at": 1639722551,
          "status": "pending"
        }
      ]
    },
    {
      "categories": [
        "Functional/Business Logic",
        "Unvalidated Redirect Bypass"
      ],
      "exploitable_locations": [
        {
          "type": "url",
          "value": "https://platform.synack.com/vulnerability/drafts/",
          "created_at": 1641196276,
          "status": "pending"
        }
      ]
    },
    {
      "categories": [
        "Functional/Business Logic",
        "Client Side Validation"
      ],
      "exploitable_locations": [
        {
          "type": "url",
          "value": "https://platform.synack.com/vulnerability/disputed/{intString}",
          "created_at": 1642185509,
          "status": "pending"
        }
      ]
    },
    {
      "categories": [
        "Information Disclosure",
        "Sensitive Information Leak to third-parties"
      ],
      "exploitable_locations": [
        {
          "type": "url",
          "value": "https://platform.synack.com/profile",
          "created_at": 1642579367,
          "status": "pending"
        }
      ]
    },
    {
      "categories": [
        "Authorization/Permissions",
        "Access/Privacy Control Violation"
      ],
      "exploitable_locations": [
        {
          "type": "url",
          "value": "https://platform.synack.com/api/transactions",
          "created_at": 1643389258,
          "status": "pending"
        }
      ]
    },
    {
      "categories": [
        "Information Disclosure",
        "Sensitive Client Information Disclosed"
      ],
      "exploitable_locations": [
        {
          "type": "url",
          "value": "https://platform.synack.com/api/tasks/v1/organizations/3ejqa9gz46/listings/kylboxrlst/campaigns/928c34ad-0f82-427d-5958-d31b642abd22/tasks/01d71089-fc56-4610-690a-4faea4ea2958/messages",
          "created_at": 1518747394,
          "status": "pending"
        }
      ]
    },
    {
      "categories": [
        "Functional/Business Logic",
        "Functionality Abuse with Malicious Impact"
      ],
      "exploitable_locations": [
        {
          "type": "url",
          "value": "https://platform.synack.com/missions",
          "created_at": 1643953809,
          "status": "pending"
        }
      ]
    },
    {
      "categories": [
        "Functional/Business Logic",
        "Functionality Abuse with Malicious Impact"
      ],
      "exploitable_locations": [
        {
          "type": "url",
          "value": "https://platform.synack.com/api/tasks/v1/organizations/3kykntdb75/listings/qmxqcjgxuh/campaigns/0ddf20d8-c95f-4c08-76f2-19c5a2efaa87/tasks/b2cf47e2-4279-4a80-4643-b74a6943d06f/transitions",
          "created_at": 1644875761,
          "status": "pending"
        }
      ]
    },
    {
      "categories": [
        "Functional/Business Logic",
        "Functionality Abuse with Malicious Impact"
      ],
      "exploitable_locations": [
        {
          "type": "url",
          "value": "https://platform.synack.com/api/listing_analytics/inline",
          "created_at": 1648668529,
          "status": "pending"
        }
      ]
    },
    {
      "categories": [
        "Information Disclosure",
        "Sensitive Client Information Disclosed"
      ],
      "exploitable_locations": [
        {
          "type": "url",
          "value": "https://platform.synack.com/api/profiles/search",
          "created_at": 1650489090,
          "status": "pending"
        }
      ]
    },
    {
      "categories": [
        "Information Disclosure",
        "Sensitive Client Information Disclosed"
      ],
      "exploitable_locations": [
        {
          "type": "url",
          "value": "https://platform.synack.com/api/targets/<targetID>/eligible_collaborators",
          "created_at": 1650788019,
          "status": "pending"
        }
      ]
    },
    {
      "categories": [
        "Authorization/Permissions",
        "Access/Privacy Control Violation"
      ],
      "exploitable_locations": [
        {
          "type": "url",
          "value": "https://platform.synack.com/api/drafts/[ID]",
          "created_at": 1656929730,
          "status": "pending"
        }
      ]
    },
    {
      "categories": [
        "Information Disclosure",
        "Sensitive Client Information Disclosed"
      ],
      "exploitable_locations": [
        {
          "type": "url",
          "value": "https://platform.synack.com/api/targets/<id>",
          "created_at": 1519084287,
          "status": "pending"
        }
      ]
    },
    {
      "categories": [
        "Authorization/Permissions",
        "Access/Privacy Control Violation"
      ],
      "exploitable_locations": [
        {
          "type": "url",
          "value": "https://platform.synack.com/api/targets",
          "created_at": 1658404330,
          "status": "pending"
        }
      ]
    },
    {
      "categories": [
        "Authorization/Permissions",
        "Access/Privacy Control Violation"
      ],
      "exploitable_locations": [
        {
          "type": "url",
          "value": "https://platform.synack.com/api/targets",
          "created_at": 1660730585,
          "status": "pending"
        }
      ]
    },
    {
      "categories": [
        "Authorization/Permissions",
        "Insecure Direct Object Reference (Read-Only)"
      ],
      "exploitable_locations": [
        {
          "type": "url",
          "value": "https://platform.synack.com/profile/",
          "created_at": 1668706756,
          "status": "pending"
        }
      ]
    },
    {
      "categories": [
        "Authorization/Permissions",
        "Access/Privacy Control Violation"
      ],
      "exploitable_locations": [
        {
          "type": "url",
          "value": "https://platform.synack.com/api/launchpoint",
          "created_at": 1670930434,
          "status": "pending"
        }
      ]
    },
    {
      "categories": [
        "Authorization/Permissions",
        "Access/Privacy Control Violation"
      ],
      "exploitable_locations": [
        {
          "type": "url",
          "value": "https://platform.synack.com/api/launchpoint",
          "created_at": 1519986277,
          "status": "pending"
        }
      ]
    },
    {
      "categories": [
        "Authorization/Permissions",
        "Access/Privacy Control Violation"
      ],
      "exploitable_locations": [
        {
          "type": "url",
          "value": "https://platform.synack.com/api/listing_analytics/inline",
          "created_at": 1675341958,
          "status": "pending"
        }
      ]
    },
    {
      "categories": [
        "Authorization/Permissions",
        "Access/Privacy Control Violation"
      ],
      "exploitable_locations": [
        {
          "type": "url",
          "value": "https://platform.synack.com/api/targets",
          "created_at": 1676851303,
          "status": "pending"
        }
      ]
    },
    {
      "categories": [
        "Authorization/Permissions",
        "Access/Privacy Control Violation"
      ],
      "exploitable_locations": [
        {
          "type": "url",
          "value": "https://platform.synack.com/api/vulnerabilities",
          "created_at": 1677435648,
          "status": "pending"
        },
        {
          "type": "other",
          "value": "Missions",
          "created_at": 1677435648,
          "status": "pending"
        }
      ]
    },
    {
      "categories": [
        "Functional/Business Logic",
        "Client Side Validation"
      ],
      "exploitable_locations": [
        {
          "type": "url",
          "value": "https://platform.synack.com/api/asset/v2/user-roles/<role_id>/user-role-credentials",
          "created_at": 1678012999,
          "status": "pending"
        }
      ]
    },
    {
      "categories": [
        "Authorization/Permissions",
        "Access/Privacy Control Violation"
      ],
      "exploitable_locations": [
        {
          "type": "url",
          "value": "https://platform.synack.com/api/asset/v2/assets",
          "created_at": 1678283526,
          "status": "pending"
        }
      ]
    },
    {
      "categories": [
        "Authorization/Permissions",
        "Access/Privacy Control Violation"
      ],
      "exploitable_locations": [
        {
          "type": "url",
          "value": "https://platform.synack.com/api/asset/v2/assets",
          "created_at": 1678283616,
          "status": "pending"
        }
      ]
    },
    {
      "categories": [
        "Authorization/Permissions",
        "Insecure Direct Object Reference (Read-Only)"
      ],
      "exploitable_locations": [
        {
          "type": "url",
          "value": "https://platform.synack.com/api/profiles/<display_name>",
          "assets_na": false,
          "assets_uids": [
            "5c5dffd98048030001e970ae"
          ],
          "created_at": 1686148069,
          "status": "pending"
        }
      ]
    },
    {
      "categories": [
        "Information Disclosure",
        "Leaked Credentials (Low Privilege)"
      ],
      "exploitable_locations": [
        {
          "type": "url",
          "value": "https://login.synack.com/",
          "assets_na": false,
          "assets_uids": [
            "5c5dffd88048030001e970aa"
          ],
          "created_at": 1687432640,
          "status": "pending"
        }
      ]
    },
    {
      "categories": [
        "Information Disclosure",
        "Sensitive Client Information Disclosed"
      ],
      "exploitable_locations": [
        {
          "type": "url",
          "value": "https://platform.synack.com/transactions",
          "assets_na": false,
          "assets_uids": [
            "5c5dffd98048030001e970ae"
          ],
          "created_at": 1687498632,
          "status": "pending"
        }
      ]
    },
    {
      "categories": [
        "Cross-Site Scripting (XSS)",
        "Persistent XSS"
      ],
      "exploitable_locations": [
        {
          "type": "url",
          "value": "https://platform.synack.com/api/attachments",
          "assets_na": false,
          "assets_uids": [
            "5c5dffd98048030001e970ae"
          ],
          "created_at": 1691662371,
          "status": "pending"
        }
      ]
    },
    {
      "categories": [
        "Authentication/Session Management",
        "2FA Authentication Bypass"
      ],
      "exploitable_locations": [
        {
          "type": "url",
          "value": "https://login.synack.com/api/authenticate",
          "assets_na": false,
          "assets_uids": [
            "5c5dffd88048030001e970aa"
          ],
          "created_at": 1692730676,
          "status": "pending"
        }
      ]
    },
    {
      "categories": [
        "Authentication/Session Management",
        "2FA Authentication Bypass"
      ],
      "exploitable_locations": [
        {
          "type": "url",
          "value": "https://login.synack.com/api/authenticate",
          "assets_na": false,
          "assets_uids": [
            "5c5dffd88048030001e970aa"
          ],
          "created_at": 1692915680,
          "status": "pending"
        }
      ]
    },
    {
      "categories": [
        "Authorization/Permissions",
        "Access Control Violation (High Privileged Functions - Read/Write or Write Only)"
      ],
      "exploitable_locations": [
        {
          "type": "url",
          "value": "https://platform.synack.com/",
          "assets_na": false,
          "assets_uids": [
            "5c5dffd98048030001e970ae"
          ],
          "created_at": 1693972196,
          "status": "pending"
        }
      ]
    },
    {
      "categories": [
        "Functional/Business Logic",
        "Unrestricted File Upload (No Execution Server-Side)"
      ],
      "exploitable_locations": [
        {
          "type": "url",
          "value": "https://platform.synack.com/api/attachments",
          "assets_na": false,
          "assets_uids": [
            "5c5dffd98048030001e970ae"
          ],
          "created_at": 1698088692,
          "status": "pending"
        }
      ]
    },
    {
      "categories": [
        "Authorization/Permissions",
        "Insecure Direct Object Reference (Read-Only)"
      ],
      "exploitable_locations": [
        {
          "type": "url",
          "value": "https://platform.synack.com/api/profiles/search",
          "assets_na": false,
          "assets_uids": [
            "5c5dffd98048030001e970ae"
          ],
          "created_at": 1699639351,
          "status": "pending"
        }
      ]
    },
    {
      "categories": [
        "Authorization/Permissions",
        "Insecure Direct Object Reference (Read-Only)"
      ],
      "exploitable_locations": [
        {
          "type": "url",
          "value": "https://platform.synack.com/api/users/<user_id>/avatar",
          "assets_na": true,
          "assets_uids": [],
          "created_at": 1699639407,
          "status": "pending"
        }
      ]
    },
    {
      "categories": [
        "Authorization/Permissions",
        "Access Control Violation (Low Privileged Functions-Read Only)"
      ],
      "exploitable_locations": [
        {
          "type": "url",
          "value": "https://platform.synack.com/api/profiles/<slug>",
          "assets_na": true,
          "assets_uids": [],
          "created_at": 1699639417,
          "status": "pending"
        }
      ]
    },
    {
      "categories": [
        "Functional/Business Logic",
        "Functionality Abuse with Malicious Impact"
      ],
      "exploitable_locations": [
        {
          "type": "url",
          "value": "https://platform.synack.com/api/targets/<target_slug_id>/eligible_collaborators",
          "assets_na": false,
          "assets_uids": [
            "5c5dffd98048030001e970ae"
          ],
          "created_at": 1699644318,
          "status": "pending"
        }
      ]
    },
    {
      "categories": [
        "Authorization/Permissions",
        "Insecure Direct Object Reference (Read-Only)"
      ],
      "exploitable_locations": [
        {
          "type": "url",
          "value": "https://platform.synack.com/api/asset/v2/user-roles/<role_id>/user-role-credentials ",
          "assets_na": false,
          "assets_uids": [
            "5c5dffd98048030001e970ae"
          ],
          "created_at": 1701704476,
          "status": "pending"
        },
        {
          "type": "url",
          "value": "https://platform.synack.com/api/profiles/search",
          "assets_na": false,
          "assets_uids": [
            "5c5dffd98048030001e970ae"
          ],
          "created_at": 1701704476,
          "status": "pending"
        }
      ]
    },
    {
      "categories": [
        "Authorization/Permissions",
        "Access/Privacy Control Violation"
      ],
      "exploitable_locations": [
        {
          "type": "url",
          "value": "https://platform.synack.com/api/targets/sp6vlqkepq/signup",
          "outOfScope": null,
          "created_at": 1521256522,
          "status": "pending"
        }
      ]
    },
    {
      "categories": [
        "Authorization/Permissions",
        "Insecure Direct Object Reference"
      ],
      "exploitable_locations": [
        {
          "type": "other",
          "value": "test vuln location",
          "created_at": 1523303138,
          "status": "pending"
        },
        {
          "type": "url",
          "value": "https://login.synack.com/",
          "created_at": 1523303138,
          "status": "pending"
        },
        {
          "type": "url",
          "value": "https://www.synack.com/",
          "created_at": 1523303138,
          "status": "pending"
        },
        {
          "type": "url",
          "value": "https://www.synack.com/rsa",
          "created_at": 1523303138,
          "status": "pending"
        }
      ]
    },
    {
      "categories": [
        "Functional/Business Logic",
        "Functionality Abuse with Malicious Impact"
      ],
      "exploitable_locations": [
        {
          "type": "url",
          "value": "https://platform.synack.com/api/tasks/v1/organizations/acj1d3ledx/listings/mfkew9gfzh/campaigns/5657b211-b7cd-4f21-5f77-b8457c90d1c4/tasks/c79f4e48-60de-4390-64e3-4ab5580e3894/transitions",
          "created_at": 1526411175,
          "status": "pending"
        }
      ]
    },
    {
      "categories": [
        "Authorization/Permissions",
        "Access/Privacy Control Violation"
      ],
      "exploitable_locations": [
        {
          "type": "url",
          "value": "https://platform.synack.com/targets/*",
          "created_at": 1517406177,
          "status": "pending"
        }
      ]
    },
    {
      "categories": [
        "Functional/Business Logic",
        "Functionality Abuse with Malicious Impact"
      ],
      "exploitable_locations": [
        {
          "type": "url",
          "value": "https://platform.synack.com/tasks/user/claimed",
          "created_at": 1526479470,
          "status": "pending"
        }
      ]
    },
    {
      "categories": [
        "Other",
        "Other - Please describe"
      ],
      "exploitable_locations": [
        {
          "type": "url",
          "value": "http://nexus.synack.com",
          "created_at": 1526764989,
          "status": "pending"
        },
        {
          "type": "url",
          "value": "https://nexus.synack.com",
          "created_at": 1526764989,
          "status": "pending"
        }
      ]
    },
    {
      "categories": [
        "Other",
        "Other - Please describe"
      ],
      "exploitable_locations": [
        {
          "type": "url",
          "value": "http://platform.synack.com",
          "created_at": 1526765462,
          "status": "pending"
        },
        {
          "type": "url",
          "value": "https://platform.synack.com",
          "created_at": 1526765462,
          "status": "pending"
        }
      ]
    },
    {
      "categories": [
        "Functional/Business Logic",
        "Unrestricted File Upload (No Execution Server-Side)"
      ],
      "exploitable_locations": [
        {
          "type": "url",
          "value": "https://platform.synack.com/vulnerabilities",
          "created_at": 1526767855,
          "status": "pending"
        }
      ]
    },
    {
      "categories": [
        "Authentication/Session Management",
        "Cookie-related Flaws"
      ],
      "exploitable_locations": [
        {
          "type": "url",
          "value": "https://login.synack.com/",
          "created_at": 1526768936,
          "status": "pending"
        },
        {
          "type": "url",
          "value": "https://platform.synack.com/",
          "created_at": 1526768936,
          "status": "pending"
        }
      ]
    },
    {
      "categories": [
        "Authentication/Session Management",
        "Login Authentication Bypass"
      ],
      "exploitable_locations": [
        {
          "type": "url",
          "value": "https://platform.synack.com/token",
          "created_at": 1526840886,
          "status": "pending"
        }
      ]
    },
    {
      "categories": [
        "Other",
        "Other - Please describe"
      ],
      "exploitable_locations": [
        {
          "type": "url",
          "value": "https://platform.synack.com/api/tasks/v1/tasks",
          "created_at": 1526855859,
          "status": "pending"
        }
      ]
    },
    {
      "categories": [
        "Information Disclosure",
        "Sensitive Client Information Disclosed"
      ],
      "exploitable_locations": [
        {
          "type": "url",
          "value": "https://platform.synack.com/api/tasks/v1/organizations/ntgrhq9fdd/listings/m8dqvrskd8/campaigns/e12dc677-b97d-4bbf-7725-815ba5e89bea/tasks/66cee462-38d8-42b6-4587-002f78a3529a/messages",
          "created_at": 1526899614,
          "status": "pending"
        }
      ]
    },
    {
      "categories": [
        "Functional/Business Logic",
        "Improper Input Validation"
      ],
      "exploitable_locations": [
        {
          "type": "url",
          "value": "https://platform.synack.com/api/tasks/v1/organizations/ke2ktciko2/listings/a2pr90ibvt/campaigns/cd859fee-1386-4d75-7b95-c4397d440364/tasks/a9658c7f-a2ef-4acd-47d7-9b07aedf57b3/transitions",
          "outOfScope": null,
          "created_at": 1526925264,
          "status": "pending"
        }
      ]
    },
    {
      "categories": [
        "Other",
        "Other - Please describe"
      ],
      "exploitable_locations": [
        {
          "type": "url",
          "value": "https://platform.synack.com/api/tasks/v1/organizations/[organization_id]/listings/[listing_id]/campaigns/[campaign_id]/tasks/[task_id]/transitions",
          "created_at": 1527939178,
          "status": "pending"
        }
      ]
    },
    {
      "categories": [
        "Other",
        "Other - Please describe"
      ],
      "exploitable_locations": [
        {
          "type": "url",
          "value": "https://platform.synack.com/api/tasks/v1/organizations/[organization_id]/listings/[listing_id]/campaigns/[campaign_id]/tasks/[task_id]/transitions",
          "badURI": true,
          "outOfScope": null,
          "created_at": 1529476779,
          "status": "pending"
        }
      ]
    },
    {
      "categories": [
        "Authorization/Permissions",
        "Access/Privacy Control Violation"
      ],
      "exploitable_locations": [
        {
          "type": "url",
          "value": "https://platform.synack.com",
          "created_at": 1529606888,
          "status": "pending"
        },
        {
          "type": "url",
          "value": "https://login.synack.com",
          "created_at": 1529606888,
          "status": "pending"
        }
      ]
    },
    {
      "categories": [
        "Authentication/Session Management",
        "Concurrent Sessions Permitted (OLD DNU)"
      ],
      "exploitable_locations": [
        {
          "type": "url",
          "value": "https://platform.synack.com/tasks/user/available",
          "created_at": 1530543121,
          "status": "pending"
        }
      ]
    },
    {
      "categories": [
        "Authorization/Permissions",
        "Access/Privacy Control Violation"
      ],
      "exploitable_locations": [
        {
          "type": "url",
          "value": "https://platform.synack.com/assessments",
          "created_at": 1530773482,
          "status": "pending"
        }
      ]
    },
    {
      "categories": [
        "Functional/Business Logic",
        "Functionality Abuse with Malicious Impact"
      ],
      "exploitable_locations": [
        {
          "type": "app-location",
          "value": "https://platform.synack.com/tasks/user/claimed - Mission claim page",
          "created_at": 1530791761,
          "status": "pending"
        }
      ]
    },
    {
      "categories": [
        "Authorization/Permissions",
        "Insecure Direct Object Reference"
      ],
      "exploitable_locations": [
        {
          "type": "url",
          "value": "https://platform.synack.com/",
          "created_at": 1530811997,
          "status": "pending"
        }
      ]
    },
    {
      "categories": [
        "Functional/Business Logic",
        "Unrestricted File Upload (No Execution Server-Side)"
      ],
      "exploitable_locations": [
        {
          "type": "url",
          "value": "https://platform.synack.com/settings",
          "created_at": 1531154252,
          "status": "pending"
        }
      ]
    },
    {
      "categories": [
        "Functional/Business Logic",
        "Functionality Abuse with Malicious Impact"
      ],
      "exploitable_locations": [
        {
          "type": "url",
          "value": "https://platform.synack.com/tasks/user/claimed",
          "created_at": 1531878817,
          "status": "pending"
        }
      ]
    },
    {
      "categories": [
        "Functional/Business Logic",
        "Functionality Abuse with Malicious Impact"
      ],
      "exploitable_locations": [
        {
          "type": "url",
          "value": "https://platform.synack.com/assessments/{assessment_id}/{assessment_type}",
          "created_at": 1534069565,
          "status": "pending"
        }
      ]
    },
    {
      "categories": [
        "Information Disclosure",
        "Sensitive Client Information Disclosed"
      ],
      "exploitable_locations": [
        {
          "type": "url",
          "value": "https://platform.synack.com/targets/ijs0jlimsu/scope",
          "created_at": 1534475696,
          "status": "pending"
        }
      ]
    },
    {
      "categories": [
        "Functional/Business Logic",
        "Functionality Abuse with Malicious Impact"
      ],
      "exploitable_locations": [
        {
          "type": "url",
          "value": "https://platform.synack.com/api/vulnerabilities",
          "created_at": 1536242280,
          "status": "pending"
        }
      ]
    },
    {
      "categories": [
        "Authorization/Permissions",
        "Access/Privacy Control Violation"
      ],
      "exploitable_locations": [
        {
          "type": "url",
          "value": "https://platform.synack.com/tasks/user/claimed",
          "created_at": 1536348995,
          "status": "pending"
        }
      ]
    },
    {
      "categories": [
        "Authorization/Permissions",
        "Insecure Direct Object Reference"
      ],
      "exploitable_locations": [
        {
          "type": "url",
          "value": "https://platform.synack.com/assessments",
          "created_at": 1536946139,
          "status": "pending"
        }
      ]
    },
    {
      "categories": [
        "Information Disclosure",
        "Sensitive Client Information Disclosed"
      ],
      "exploitable_locations": [
        {
          "type": "url",
          "value": "https://platform.synack.com/api/targets/registered",
          "created_at": 1536960199,
          "status": "pending"
        }
      ]
    },
    {
      "categories": [
        "Authorization/Permissions",
        "Access/Privacy Control Violation"
      ],
      "exploitable_locations": [
        {
          "type": "url",
          "value": "https://platform.synack.com/assessments/3/written",
          "created_at": 1539408182,
          "status": "pending"
        },
        {
          "type": "url",
          "value": "https://platform.synack.com/assessments/3/practical",
          "created_at": 1539408182,
          "status": "pending"
        },
        {
          "type": "url",
          "value": "https://platform.synack.com/api/assessments/3/practical",
          "created_at": 1539408182,
          "status": "pending"
        },
        {
          "type": "url",
          "value": "https://platform.synack.com/api/assessments/3/written",
          "created_at": 1539408182,
          "status": "pending"
        }
      ]
    },
    {
      "categories": [
        "Functional/Business Logic",
        "Functionality Abuse with Malicious Impact"
      ],
      "exploitable_locations": [
        {
          "type": "url",
          "value": "https://platform.synack.com/assessments/6/practical",
          "created_at": 1541887196,
          "status": "pending"
        }
      ]
    },
    {
      "categories": [
        "Authorization/Permissions",
        "Access/Privacy Control Violation"
      ],
      "exploitable_locations": [
        {
          "type": "url",
          "value": "https://platform.synack.com/api/tasks/v1/organizations/:orgID/listings/:listingsID/campaigns/:campaignID/tasks/:taskID",
          "created_at": 1542170965,
          "status": "pending"
        },
        {
          "type": "url",
          "value": "https://platform.synack.com/api/tasks/v1/tasks",
          "created_at": 1542170965,
          "status": "pending"
        }
      ]
    },
    {
      "categories": [
        "Authorization/Permissions",
        "Access/Privacy Control Violation"
      ],
      "exploitable_locations": [
        {
          "type": "url",
          "value": "https://platform.synack.com/api/tasks/v1/organizations/:orgID/listings/:listingsID/campaigns/:campaignID/tasks/:taskID",
          "created_at": 1542214292,
          "status": "pending"
        },
        {
          "type": "url",
          "value": "https://platform.synack.com/api/tasks/v1/tasks",
          "created_at": 1542214292,
          "status": "pending"
        }
      ]
    },
    {
      "categories": [
        "Authorization/Permissions",
        "Access/Privacy Control Violation"
      ],
      "exploitable_locations": [
        {
          "type": "url",
          "value": "https://platform.synack.com/api/tasks/v1/tasks",
          "created_at": 1549695002,
          "status": "pending"
        }
      ]
    },
    {
      "categories": [
        "Functional/Business Logic",
        "Functionality Abuse with Malicious Impact"
      ],
      "exploitable_locations": [
        {
          "type": "app-location",
          "value": "https://platform.synack.com/api/launchpoint",
          "created_at": 1551868427,
          "status": "pending"
        }
      ]
    },
    {
      "categories": [
        "Functional/Business Logic",
        "Improper Input Validation"
      ],
      "exploitable_locations": [
        {
          "type": "url",
          "value": "https://platform.synack.com/assessments",
          "created_at": 1551898613,
          "status": "pending"
        }
      ]
    },
    {
      "categories": [
        "SQL Injection",
        "**Blind**"
      ],
      "exploitable_locations": [
        {
          "type": "url",
          "value": "https://login.synack.com/",
          "created_at": 1537800190,
          "status": "pending"
        },
        {
          "type": "url",
          "value": "https://login.synack.com/",
          "created_at": 1537800190,
          "status": "pending"
        }
      ]
    },
    {
      "categories": [
        "Authentication/Session Management",
        "Account Enumeration"
      ],
      "exploitable_locations": [
        {
          "type": "url",
          "value": "https://login.synack.com/api/authenticate",
          "created_at": 1561822501,
          "status": "pending"
        }
      ]
    },
    {
      "categories": [
        "Authentication/Session Management",
        "Email/Password Recovery Flaw"
      ],
      "exploitable_locations": [
        {
          "type": "url",
          "value": "https://login.synack.com/reset_password",
          "created_at": 1561824881,
          "status": "pending"
        }
      ]
    },
    {
      "categories": [
        "Server/Application Misconfiguration",
        "Application Level Protection"
      ],
      "exploitable_locations": [
        {
          "type": "url",
          "value": "https://platform.synack.com/api/transfer_methods/",
          "created_at": 1583809392,
          "status": "pending"
        }
      ]
    },
    {
      "categories": [
        "Functional/Business Logic",
        "Functionality Abuse with Malicious Impact"
      ],
      "exploitable_locations": [
        {
          "type": "url",
          "value": "https://platform.synack.com/api/cash_out_requests",
          "created_at": 1586900915,
          "status": "pending"
        }
      ]
    },
    {
      "categories": [
        "Functional/Business Logic",
        "Functionality Abuse with Malicious Impact"
      ],
      "exploitable_locations": [
        {
          "type": "url",
          "value": "https://platform.synack.com/api/transfer_methods",
          "created_at": 1588174004,
          "status": "pending"
        }
      ]
    },
    {
      "categories": [
        "Authorization/Permissions",
        "Access/Privacy Control Violation"
      ],
      "exploitable_locations": [
        {
          "type": "url",
          "value": "https://platform.synack.com/cash_outs/new",
          "created_at": 1588401840,
          "status": "pending"
        }
      ]
    },
    {
      "categories": [
        "Functional/Business Logic",
        "Functionality Abuse with Malicious Impact"
      ],
      "exploitable_locations": [
        {
          "type": "url",
          "value": "https://platform.synack.com/transactions",
          "created_at": 1478124489,
          "status": "pending"
        }
      ]
    },
    {
      "categories": [
        "Information Disclosure",
        "Sensitive Information Leak to third-parties"
      ],
      "exploitable_locations": [
        {
          "type": "url",
          "value": "https://login.synack.com/forgot-password",
          "created_at": 1479906817,
          "status": "pending"
        }
      ]
    },
    {
      "categories": [
        "Functional/Business Logic",
        "Client Side Validation"
      ],
      "exploitable_locations": [
        {
          "type": "url",
          "value": "https://platform.synack.com",
          "created_at": 1608626104,
          "status": "pending"
        }
      ]
    },
    {
      "categories": [
        "Information Disclosure",
        "Sensitive Information Leak to third-parties"
      ],
      "exploitable_locations": [
        {
          "type": "url",
          "value": "https://login.synack.com/",
          "created_at": 1516336897,
          "status": "pending"
        }
      ]
    },
    {
      "categories": [
        "Functional/Business Logic",
        "Improper Input Validation"
      ],
      "exploitable_locations": [
        {
          "type": "url",
          "value": "https://platform.synack.com/api/tasks/v1/organizations/p61vh2dlga/listings/rel0eaiflm/campaigns/8b409d10-0b8a-42dc-50ce-64f044dd6146/tasks/7935bd6f-b9d4-48e3-78f5-e93fe25f9b82/attachments",
          "created_at": 1570883470,
          "status": "pending"
        }
      ]
    },
    {
      "categories": [
        "Authorization/Permissions",
        "Access/Privacy Control Violation"
      ],
      "exploitable_locations": [
        {
          "type": "url",
          "value": "https://platform.synack.com/tasks/user/claimed",
          "created_at": 1570898091,
          "status": "pending"
        }
      ]
    }
  ]
}