{
  "listing_id": "3w73aoicfr",
  "type": "categories",
  "value": [
    {
      "categories": [
        "Functional/Business Logic",
        "Functionality Abuse with Malicious Impact"
      ],
      "exploitable_locations": [
        {
          "type": "url",
          "value": "https://platform.synack.com/api/vulnerabilities",
          "assets_na": false,
          "assets_uids": [
            "664f4dbad39a710605d9659f"
          ],
          "created_at": 1739964260,
          "status": "pending"
        }
      ]
    }
  ]
}