{
  "listing_id": "4qinilvfkt",
  "type": "categories",
  "value": [
    {
      "categories": [
        "Brute Force",
        "Bypass of Rate Limiting Protections (i.e. CAPTCHA)"
      ],
      "exploitable_locations": [
        {
          "type": "url",
          "value": "https://extranet.premier-oil.com.vn/_layouts/15/FBA/login.aspx",
          "assets_na": false,
          "assets_uids": [
            "665f0bef45c86f8718f85da5"
          ],
          "created_at": 1717585667,
          "status": "pending"
        }
      ]
    },
    {
      "categories": [
        "Information Disclosure",
        "Sensitive Client Information Disclosed"
      ],
      "exploitable_locations": [
        {
          "type": "url",
          "value": "https://www.harbourenergy.com/media/*",
          "assets_na": false,
          "assets_uids": [
            "665f0b16825c11376c9e5bdf",
            "665f0b16825c11376c9e5be2"
          ],
          "created_at": 1724435801,
          "status": "pending"
        }
      ]
    },
    {
      "categories": [
        "Information Disclosure",
        "Sensitive Client Information Disclosed"
      ],
      "exploitable_locations": [
        {
          "type": "url",
          "value": "https://www.harbourenergy.com/media/lcqnndlv/hbr-glo-leg-std-0023-legacy-no_-cp-cp-pmo-le-zz-pr-0016-business-partner-code-of-conduct.pdf",
          "assets_na": false,
          "assets_uids": [
            "665f0b16825c11376c9e5bdf"
          ],
          "created_at": 1717589477,
          "status": "fixed"
        },
        {
          "type": "url",
          "value": "https://www.harbourenergy.com/media/svrmji1h/support-letter-06-10-2020.pdf",
          "assets_na": false,
          "assets_uids": [
            "665f0b16825c11376c9e5bdf"
          ],
          "created_at": 1717589477,
          "status": "fixed"
        },
        {
          "type": "url",
          "value": "https://www.harbourenergy.com/media/1s0la5i1/talbot-field-development-environmental-statement_harbour-energy_v1-0_with-annex.pdf",
          "assets_na": false,
          "assets_uids": [
            "665f0b16825c11376c9e5bdf"
          ],
          "created_at": 1717589477,
          "status": "fixed"
        },
        {
          "type": "url",
          "value": "https://www.harbourenergy.com/media/w0yhtvgz/chrysaor-premier-transaction-investor-presentation.pdf",
          "assets_na": false,
          "assets_uids": [
            "665f0b16825c11376c9e5bdf"
          ],
          "created_at": 1717589477,
          "status": "fixed"
        },
        {
          "type": "url",
          "value": "https://www.harbourenergy.com/media/tgqhvqlg/231221-transformational-acquisition-of-wintershall-dea-asset-portfolio-presentation-vfinal.pdf",
          "assets_na": false,
          "assets_uids": [
            "665f0b16825c11376c9e5bdf"
          ],
          "created_at": 1717589477,
          "status": "fixed"
        }
      ]
    }
  ]
}