{
  "listing_id": "4z8dwt7ket",
  "type": "categories",
  "value": [
    {
      "categories": [
        "Authorization/Permissions",
        "Insecure Direct Object Reference (Read & Write)"
      ],
      "exploitable_locations": [
        {
          "type": "url",
          "value": "https://www.coursera.org/graphql-gateway",
          "assets_na": false,
          "assets_uids": [
            "5c5e0019fff5e80001729a3f"
          ],
          "created_at": 1739992461,
          "status": "pending"
        }
      ]
    }
  ]
}