{
  "listing_id": "52wv7qcow5",
  "type": "categories",
  "value": [
    {
      "categories": [
        "Cross-Site Scripting (XSS)",
        "**DOM Based XSS**"
      ],
      "exploitable_locations": [
        {
          "type": "url",
          "value": "https://www-preprod.dominos.com/en",
          "created_at": 1499805321,
          "status": "pending"
        },
        {
          "type": "url",
          "value": "https://www-preprod.dominos.com/en/pages/order/coupon.jsp",
          "created_at": 1499805321,
          "status": "pending"
        },
        {
          "type": "url",
          "value": "https://www-preprod.dominos.com/en/pages/order/",
          "created_at": 1499805321,
          "status": "pending"
        },
        {
          "type": "url",
          "value": "https://www-preprod.dominos.com/en/pages/tracker/#/track/order/",
          "created_at": 1499805321,
          "status": "pending"
        },
        {
          "type": "url",
          "value": "https://www-preprod.dominos.com/en/pages/customer/#/customer/profile/",
          "created_at": 1499805321,
          "status": "pending"
        },
        {
          "type": "url",
          "value": "https://www-preprod.dominos.com/en/pages/customer/#/customer/profile",
          "created_at": 1499805321,
          "status": "pending"
        },
        {
          "type": "url",
          "value": "https://www-preprod.dominos.com/en/pages/customer/#/customer/profile",
          "created_at": 1499805321,
          "status": "pending"
        },
        {
          "type": "url",
          "value": "https://www-preprod.dominos.com/en/pages/giftcard/",
          "created_at": 1499805321,
          "status": "pending"
        },
        {
          "type": "url",
          "value": "https://www-preprod.dominos.com/en/about-pizza/",
          "created_at": 1499805321,
          "status": "pending"
        },
        {
          "type": "url",
          "value": "https://www-preprod.dominos.com/en/pages/order/#/locations/search/",
          "created_at": 1499805321,
          "status": "pending"
        }
      ]
    },
    {
      "categories": [
        "Cross-Site Scripting (XSS)",
        "**DOM Based XSS**"
      ],
      "exploitable_locations": [
        {
          "type": "url",
          "value": "https://nolo-us-preprod.dominos.com/#'\"><svg/onload=alert(document.domain)>",
          "created_at": 1499981376,
          "status": "pending"
        },
        {
          "type": "url",
          "value": "https://www-preprod.dominos.com/en/#'\"><svg/onload=alert(document.domain)>",
          "created_at": 1499981376,
          "status": "pending"
        }
      ]
    },
    {
      "categories": [
        "Cross-Site Scripting (XSS)",
        "**Persistent XSS**"
      ],
      "exploitable_locations": [
        {
          "type": "url",
          "value": "https://www-preprod.dominos.com/en/pages/customer/#/customer/settings/",
          "created_at": 1522699819,
          "status": "pending"
        }
      ]
    },
    {
      "categories": [
        "Cross-Site Scripting (XSS)",
        "**Persistent XSS**"
      ],
      "exploitable_locations": [
        {
          "type": "url",
          "value": "https://www-preprod.dominos.com/en/pages/customer/#/customer/settings/",
          "created_at": 1478736540,
          "status": "pending"
        }
      ]
    },
    {
      "categories": [
        "Authorization/Permissions",
        "Insecure Direct Object Reference"
      ],
      "exploitable_locations": [
        {
          "type": "url",
          "value": "https://www-preprod.dominos.com/en/pages/content/opt-out/opt-out.jsp",
          "created_at": 1478979096,
          "status": "pending"
        }
      ]
    },
    {
      "categories": [
        "Cross-Site Scripting (XSS)",
        "**Persistent XSS**"
      ],
      "exploitable_locations": []
    },
    {
      "categories": [
        "Functional/Business Logic",
        "Functionality Abuse with Malicious Impact"
      ],
      "exploitable_locations": [
        {
          "type": "url",
          "value": "https://api-preprod.dominos.com/twitter-service/twitter/follow/2577087432",
          "created_at": 1556003450,
          "status": "pending"
        }
      ]
    },
    {
      "categories": [
        "Functional/Business Logic",
        "Unvalidated Redirects"
      ],
      "exploitable_locations": [
        {
          "type": "url",
          "value": "https://api-preprod.dominos.com/twitter-service/twitter/callback",
          "created_at": 1559476383,
          "status": "pending"
        }
      ]
    },
    {
      "categories": [
        "Information Disclosure",
        "Sensitive API Keys"
      ],
      "exploitable_locations": [
        {
          "type": "url",
          "value": "https://cache.dominos.com/olo/5_66_1/assets/build/market/PT/_en/dpz.marketConfig.js",
          "created_at": 1563954318,
          "status": "pending"
        }
      ]
    },
    {
      "categories": [
        "Authorization/Permissions",
        "Insecure Direct Object Reference"
      ],
      "exploitable_locations": [
        {
          "type": "url",
          "value": "https://nolo-us-preprod.dominos.com/power/place-order",
          "created_at": 1564373142,
          "status": "pending"
        }
      ]
    },
    {
      "categories": [
        "Information Disclosure",
        "Sensitive API Keys"
      ],
      "exploitable_locations": [
        {
          "type": "url",
          "value": "https://cache.dominos.com/nolo/ca/en/05644A/assets/build/market/CA/_en/dpz.marketConfig.js",
          "created_at": 1566668265,
          "status": "pending"
        },
        {
          "type": "url",
          "value": "https://cache.dominos.com/nolo/ca/en/05644A/assets/build/market/CA/js/modules/dpz.bingMaps.js",
          "created_at": 1566668265,
          "status": "pending"
        }
      ]
    },
    {
      "categories": [
        "Authentication/Session Management",
        "Account Enumeration"
      ],
      "exploitable_locations": [
        {
          "type": "url",
          "value": "https://nolo-ca-preprod.dominos.ca/power/change-password",
          "created_at": 1568108984,
          "status": "pending"
        },
        {
          "type": "url",
          "value": "https://nolo-ca-preprod.dominos.ca/power/customer",
          "created_at": 1568108984,
          "status": "pending"
        }
      ]
    },
    {
      "categories": [
        "Information Disclosure",
        "Sensitive Client Information Disclosed"
      ],
      "exploitable_locations": [
        {
          "type": "url",
          "value": "https://nolo-ca-preprod.dominos.ca/power/change-password",
          "created_at": 1568116787,
          "status": "pending"
        }
      ]
    },
    {
      "categories": [
        "Brute Force",
        "Login Credentials (OLD DNU)"
      ],
      "exploitable_locations": [
        {
          "type": "url",
          "value": "https://nolo-ca-preprod.dominos.ca/power/change-password",
          "created_at": 1568118954,
          "status": "pending"
        }
      ]
    },
    {
      "categories": [
        "Cryptography",
        "Cryptography Implementation Flaw"
      ],
      "exploitable_locations": [
        {
          "type": "url",
          "value": "https://nolo-ca-preprod.dominos.ca/power/customer",
          "created_at": 1568123742,
          "status": "pending"
        }
      ]
    },
    {
      "categories": [
        "Server/Application Misconfiguration",
        "Cross-Origin Resource Sharing (CORS)"
      ],
      "exploitable_locations": [
        {
          "type": "url",
          "value": "https://nolo-us-preprod.dominos.com/",
          "created_at": 1569908907,
          "status": "pending"
        }
      ]
    },
    {
      "categories": [
        "Server/Application Misconfiguration",
        "Cross-Origin Resource Sharing (CORS)"
      ],
      "exploitable_locations": [
        {
          "type": "url",
          "value": "https://nolo-us-preprod.dominos.com/",
          "created_at": 1569909227,
          "status": "pending"
        }
      ]
    },
    {
      "categories": [
        "Information Disclosure",
        "Sensitive Directory/File Contents Disclosed"
      ],
      "exploitable_locations": [
        {
          "type": "url",
          "value": "https://nolo-us-preprod.dominos.com//power/services",
          "created_at": 1584824893,
          "status": "pending"
        },
        {
          "type": "url",
          "value": "https://www-preprod.dominos.com///power/services",
          "created_at": 1584824893,
          "status": "pending"
        }
      ]
    },
    {
      "categories": [
        "Information Disclosure",
        "Sensitive API Keys"
      ],
      "exploitable_locations": [
        {
          "type": "url",
          "value": "https://nolo-us-preprod.dominos.com/chat-pizza-order/_envconfig.js",
          "created_at": 1584825340,
          "status": "pending"
        },
        {
          "type": "url",
          "value": "https://nolo-us-preprod.dominos.com//assets/build/js/modules/dpz.maps.bing.js",
          "created_at": 1584825340,
          "status": "pending"
        },
        {
          "type": "url",
          "value": "https://www-preprod.dominos.com//chat-pizza-order/_envconfig.js",
          "created_at": 1584825340,
          "status": "pending"
        },
        {
          "type": "url",
          "value": "https://www-preprod.dominos.com///assets/build/js/modules/dpz.maps.bing.js",
          "created_at": 1584825340,
          "status": "pending"
        }
      ]
    },
    {
      "categories": [
        "Authorization/Permissions",
        "Insecure Direct Object Reference"
      ],
      "exploitable_locations": [
        {
          "type": "url",
          "value": "https://api.dominos.com/customer-details-service/customerDetails/email/sagar@gmail.com",
          "created_at": 1588497334,
          "status": "pending"
        }
      ]
    },
    {
      "categories": [
        "SQL Injection",
        "**Blind**"
      ],
      "exploitable_locations": [
        {
          "type": "url",
          "value": "https://order-test-be.dominos.cloud/en-us/account/ProductMenu",
          "created_at": 1588886342,
          "status": "pending"
        }
      ]
    },
    {
      "categories": [
        "Authentication/Session Management",
        "Account Enumeration"
      ],
      "exploitable_locations": [
        {
          "type": "url",
          "value": "https://api.dominos.com/customer-details-service/customerDetails/email/akashsingh@gmail.com",
          "created_at": 1592234430,
          "status": "pending"
        }
      ]
    },
    {
      "categories": [
        "Functional/Business Logic",
        "Client Side Validation"
      ],
      "exploitable_locations": [
        {
          "type": "url",
          "value": "https://nolo-us-preprod.dominos.com/power/easyorder/optInAndOut/optInSMS/",
          "created_at": 1602679985,
          "status": "pending"
        }
      ]
    },
    {
      "categories": [
        "Information Disclosure",
        "Sensitive API Keys"
      ],
      "exploitable_locations": [
        {
          "type": "url",
          "value": "https://golo-mi-preprod.dominos.com/*",
          "created_at": 1603313468,
          "status": "pending"
        }
      ]
    },
    {
      "categories": [
        "Information Disclosure",
        "Sensitive API Keys"
      ],
      "exploitable_locations": [
        {
          "type": "url",
          "value": "https://cache.dominos.com/olo/5_58_4/assets/build/js/external/googlemaps.js",
          "created_at": 1603830595,
          "status": "pending"
        }
      ]
    },
    {
      "categories": [
        "Information Disclosure",
        "Sensitive API Keys"
      ],
      "exploitable_locations": [
        {
          "type": "url",
          "value": "https://cache.dominos.com/nolo/ca/en/6_8_9/assets/build/market/CA/js/modules/dpz.bingMaps.js",
          "created_at": 1604628271,
          "status": "pending"
        },
        {
          "type": "url",
          "value": "http://dev.virtualearth.net/REST/v1/Locations",
          "created_at": 1604628271,
          "status": "pending"
        }
      ]
    },
    {
      "categories": [
        "Authorization/Permissions",
        "Insecure Direct Object Reference"
      ],
      "exploitable_locations": [
        {
          "type": "other",
          "value": "N/A",
          "created_at": 1605064601,
          "status": "pending"
        }
      ]
    },
    {
      "categories": [
        "Cross-site Request Forgery (CSRF)",
        "**CSRF Protection Missing**"
      ],
      "exploitable_locations": [
        {
          "type": "url",
          "value": "https://bestellen.dominostest.de/eStore/de/DeliverySearch/AllDetails",
          "created_at": 1605125415,
          "status": "pending"
        }
      ]
    },
    {
      "categories": [
        "Information Disclosure",
        "Sensitive API Keys"
      ],
      "exploitable_locations": [
        {
          "type": "url",
          "value": "https://www-preprod.dominos.com/traceroute",
          "created_at": 1607716876,
          "status": "pending"
        }
      ]
    },
    {
      "categories": [
        "Server/Application Misconfiguration",
        "Using Known Vulnerable Software"
      ],
      "exploitable_locations": [
        {
          "type": "url",
          "value": "https://nolo-us-preprod.dominos.com/Feedback/PutFeedbackResult",
          "created_at": 1607902362,
          "status": "pending"
        }
      ]
    },
    {
      "categories": [
        "Information Disclosure",
        "Sensitive API Keys"
      ],
      "exploitable_locations": [
        {
          "type": "url",
          "value": "https://cache.dominos.com/olo/6_43_0/assets/build/market/US/_en/dpz.marketConfig.js",
          "created_at": 1609576229,
          "status": "pending"
        }
      ]
    },
    {
      "categories": [
        "Information Disclosure",
        "Sensitive Source Code"
      ],
      "exploitable_locations": [
        {
          "type": "url",
          "value": "https://www-preprod.dominos.com/chat-pizza-order/_envconfig.js",
          "created_at": 1612614253,
          "status": "pending"
        }
      ]
    },
    {
      "categories": [
        "Content Injection",
        "**Spoof HTML Content**"
      ],
      "exploitable_locations": [
        {
          "type": "url",
          "value": "https://www-preprod.dominos.com/chat-pizza-order/",
          "created_at": 1615982384,
          "status": "pending"
        }
      ]
    },
    {
      "categories": [
        "Content Injection",
        "Spoof HTML Content"
      ],
      "exploitable_locations": [
        {
          "type": "url",
          "value": "https://www-preprod.dominos.com/power//services",
          "created_at": 1631977298,
          "status": "pending"
        }
      ]
    },
    {
      "categories": [
        "Information Disclosure",
        "Sensitive API Keys"
      ],
      "exploitable_locations": [
        {
          "type": "url",
          "value": "https://api.raygun.io/entries",
          "created_at": 1641086137,
          "status": "pending"
        }
      ]
    },
    {
      "categories": [
        "Brute Force",
        "Bypass of Rate Limiting Protections (i.e. CAPTCHA)"
      ],
      "exploitable_locations": [
        {
          "type": "url",
          "value": "https://www-preprod.dominos.com/en/pages/customer/#!/ccpa/",
          "assets_na": false,
          "assets_uids": [
            "5c5dffe08048030001e97110"
          ],
          "created_at": 1694083685,
          "status": "pending"
        }
      ]
    },
    {
      "categories": [
        "Brute Force",
        "Bypass of Rate Limiting Protections (i.e. CAPTCHA)"
      ],
      "exploitable_locations": [
        {
          "type": "url",
          "value": "https://api-preprod.dominos.com/customer-details-service/data-privacy/do-not-share",
          "assets_na": false,
          "assets_uids": [
            "5c5dffe08048030001e97110"
          ],
          "created_at": 1694105419,
          "status": "pending"
        }
      ]
    },
    {
      "categories": [
        "Cross-Site Scripting (XSS)",
        "DOM-based XSS"
      ],
      "exploitable_locations": [
        {
          "type": "url",
          "value": "https://nolo-us-preprod.dominos.com/en/pages/customer/#!/customer/profile/update",
          "assets_na": true,
          "assets_uids": [],
          "created_at": 1704214694,
          "status": "pending"
        },
        {
          "type": "url",
          "value": "https://cache.dominos.com/olo/6_124_1/assets/build/js/site/customer/index/scripts.js",
          "assets_na": true,
          "assets_uids": [],
          "created_at": 1704214694,
          "status": "pending"
        }
      ]
    },
    {
      "categories": [
        "Cross-Site Scripting (XSS)",
        "DOM-based XSS"
      ],
      "exploitable_locations": [
        {
          "type": "url",
          "value": "https://nolo-us-preprod.dominos.com/en/pages/customer/#!/customer/login/",
          "assets_na": true,
          "assets_uids": [],
          "created_at": 1704214698,
          "status": "pending"
        }
      ]
    },
    {
      "categories": [
        "Information Disclosure",
        "Sensitive API Keys"
      ],
      "exploitable_locations": [
        {
          "type": "other",
          "value": "nolo-us-preprod.dominos.com",
          "assets_na": false,
          "assets_uids": [
            "5c5dffe1fff5e80001729855"
          ],
          "created_at": 1707741218,
          "status": "pending"
        }
      ]
    },
    {
      "categories": [
        "Information Disclosure",
        "Unverifiable Credentials"
      ],
      "exploitable_locations": [
        {
          "type": "other",
          "value": "https://nolo-us-preprod.dominos.com",
          "assets_na": false,
          "assets_uids": [
            "5c5dffe1fff5e80001729855"
          ],
          "created_at": 1707741544,
          "status": "pending"
        }
      ]
    },
    {
      "categories": [
        "Information Disclosure",
        "Sensitive Directory/File Contents Disclosed"
      ],
      "exploitable_locations": [
        {
          "type": "other",
          "value": "https://www-preprod.dominos.com/graphql",
          "assets_na": false,
          "assets_uids": [
            "5c5dffe08048030001e97114"
          ],
          "created_at": 1707753254,
          "status": "pending"
        }
      ]
    },
    {
      "categories": [
        "Information Disclosure",
        "Sensitive API Keys"
      ],
      "exploitable_locations": [
        {
          "type": "url",
          "value": "https://nolo-us-preprod.dominos.com/",
          "assets_na": false,
          "assets_uids": [
            "5c5dffe1fff5e80001729855"
          ],
          "created_at": 1710966008,
          "status": "pending"
        }
      ]
    },
    {
      "categories": [
        "Information Disclosure",
        "Sensitive Client Information Disclosed"
      ],
      "exploitable_locations": [
        {
          "type": "url",
          "value": "https://www-preprod.dominos.com/en/pages/tracker/",
          "assets_na": false,
          "assets_uids": [
            "5c5dffe08048030001e97110"
          ],
          "created_at": 1720188307,
          "status": "pending"
        }
      ]
    },
    {
      "categories": [
        "Authentication/Session Management",
        "Concurrent Sessions Permitted (OLD DNU)"
      ],
      "exploitable_locations": []
    },
    {
      "categories": [
        "Other",
        "Other - Please describe"
      ],
      "exploitable_locations": [
        {
          "type": "url",
          "value": "https://www-preprod.dominos.com",
          "assets_na": false,
          "assets_uids": [
            "5c5dffe08048030001e97110"
          ],
          "created_at": 1737572266,
          "status": "pending"
        }
      ]
    },
    {
      "categories": [
        "Authorization/Permissions",
        "Insecure Direct Object Reference"
      ],
      "exploitable_locations": []
    },
    {
      "categories": [
        "Cross-Site Scripting (XSS)",
        "**Reflected XSS (OLD DNU)**"
      ],
      "exploitable_locations": []
    },
    {
      "categories": [
        "Authentication/Session Management",
        "Cookie-related Flaws"
      ],
      "exploitable_locations": []
    },
    {
      "categories": [
        "Cross-Site Scripting (XSS)",
        "**Persistent XSS**"
      ],
      "exploitable_locations": []
    },
    {
      "categories": [
        "Information Disclosure",
        "Sensitive Directory/File Contents Disclosed"
      ],
      "exploitable_locations": []
    },
    {
      "categories": [
        "Authorization/Permissions",
        "Access/Privacy Control Violation"
      ],
      "exploitable_locations": []
    },
    {
      "categories": [
        "Authorization/Permissions",
        "Access/Privacy Control Violation"
      ],
      "exploitable_locations": []
    },
    {
      "categories": [
        "Authorization/Permissions",
        "Access/Privacy Control Violation"
      ],
      "exploitable_locations": []
    },
    {
      "categories": [
        "Brute Force",
        "Lack of Rate Limiting Protections  (i.e. CAPTCHA)"
      ],
      "exploitable_locations": []
    },
    {
      "categories": [
        "Other",
        "Other - Please describe"
      ],
      "exploitable_locations": []
    },
    {
      "categories": [
        "Authorization/Permissions",
        "Access/Privacy Control Violation"
      ],
      "exploitable_locations": []
    },
    {
      "categories": [
        "Other",
        "Other - Please describe"
      ],
      "exploitable_locations": []
    },
    {
      "categories": [
        "Cross-Site Scripting (XSS)",
        "**Persistent XSS**"
      ],
      "exploitable_locations": []
    },
    {
      "categories": [
        "Functional/Business Logic",
        "Functionality Abuse with Malicious Impact"
      ],
      "exploitable_locations": []
    },
    {
      "categories": [
        "Authorization/Permissions",
        "Insecure Direct Object Reference"
      ],
      "exploitable_locations": [
        {
          "type": "url",
          "value": "nolo-us-preprod.dominos.com/api/twitter/signin/",
          "created_at": 1476293528,
          "status": "pending"
        }
      ]
    },
    {
      "categories": [
        "Information Disclosure",
        "Sensitive Directory/File Contents Disclosed"
      ],
      "exploitable_locations": [
        {
          "type": "url",
          "value": "https://www.upwork.com/sitemaps/sitemap.xml.gz",
          "created_at": 1476300099,
          "status": "pending"
        }
      ]
    },
    {
      "categories": [
        "Information Disclosure",
        "Sensitive Directory/File Contents Disclosed"
      ],
      "exploitable_locations": [
        {
          "type": "other",
          "value": "dpz_authorization",
          "created_at": 1476323523,
          "status": "pending"
        }
      ]
    },
    {
      "categories": [
        "Content Injection",
        "**Spoof HTML Content**"
      ],
      "exploitable_locations": [
        {
          "type": "url",
          "value": "https://nolo-us-preprod.dominos.com/power/place-order",
          "created_at": 1476328482,
          "status": "pending"
        }
      ]
    },
    {
      "categories": [
        "Authorization/Permissions",
        "Access/Privacy Control Violation"
      ],
      "exploitable_locations": [
        {
          "type": "url",
          "value": "https://nolo-us-preprod.dominos.com/power/customer/evEq1-aTYDDXQAhmZvfWJ29smkplU0xs9aoyn6Vo/loyalty",
          "created_at": 1476393846,
          "status": "pending"
        },
        {
          "type": "url",
          "value": "https://nolo-us-preprod.dominos.com/power/customer/evEq1-aTYDDXQAhmZvfWJ29smkplU0xs9aoyn6Vo/loyalty/history",
          "created_at": 1476393846,
          "status": "pending"
        }
      ]
    },
    {
      "categories": [
        "Information Disclosure",
        "Sensitive Directory/File Contents Disclosed"
      ],
      "exploitable_locations": [
        {
          "type": "url",
          "value": "https://nolo-us-preprod.dominos.com/power/customer/cust_id/order",
          "created_at": 1476468391,
          "status": "pending"
        }
      ]
    },
    {
      "categories": [
        "Information Disclosure",
        "Sensitive Directory/File Contents Disclosed"
      ],
      "exploitable_locations": [
        {
          "type": "url",
          "value": "https://nolo-us-preprod.dominos.com/power/customer/cust_id/loyalty/history",
          "created_at": 1476471800,
          "status": "pending"
        }
      ]
    },
    {
      "categories": [
        "Cross-Site Scripting (XSS)",
        "**Persistent XSS**"
      ],
      "exploitable_locations": [
        {
          "type": "url",
          "value": "https://www-preprod.dominos.com/en/pages/order/payment.jsp",
          "created_at": 1476506824,
          "status": "pending"
        }
      ]
    },
    {
      "categories": [
        "Content Injection",
        "**Spoof HTML Content**"
      ],
      "exploitable_locations": [
        {
          "type": "url",
          "value": "https://www-preprod.dominos.com/en/pages/giftcard/",
          "created_at": 1476591724,
          "status": "pending"
        }
      ]
    },
    {
      "categories": [
        "Functional/Business Logic",
        "Functionality Abuse with Malicious Impact"
      ],
      "exploitable_locations": [
        {
          "type": "url",
          "value": "https://nolo-us-preprod.dominos.com/power/opt-in-and-opt-out",
          "created_at": 1476634328,
          "status": "pending"
        }
      ]
    },
    {
      "categories": [
        "Information Disclosure",
        "Sensitive Directory/File Contents Disclosed"
      ],
      "exploitable_locations": [
        {
          "type": "url",
          "value": "https://nolo-us-preprod.dominos.com/power/customer/CUST_ID/loyalty/history",
          "created_at": 1476670229,
          "status": "pending"
        }
      ]
    },
    {
      "categories": [
        "Cross-Site Scripting (XSS)",
        "**Persistent XSS**"
      ],
      "exploitable_locations": []
    },
    {
      "categories": [
        "Cross-Site Scripting (XSS)",
        "**DOM Based XSS**"
      ],
      "exploitable_locations": [
        {
          "type": "url",
          "value": "https://www-preprod.dominos.com/en/pages/order/#/locations/search/",
          "created_at": 1490047183,
          "status": "pending"
        }
      ]
    },
    {
      "categories": [
        "Denial-of-service (DoS)",
        "DoS against a specific server service"
      ],
      "exploitable_locations": [
        {
          "type": "url",
          "value": "https://nolo-us-preprod.dominos.com/power/easyorder/optInAndOut/optInSMS/",
          "created_at": 1490067375,
          "status": "pending"
        },
        {
          "type": "url",
          "value": "https://nolo-us-preprod.dominos.com/power/opt-in-and-opt-out",
          "created_at": 1490067375,
          "status": "pending"
        }
      ]
    },
    {
      "categories": [
        "Information Disclosure",
        "Sensitive Client Information Disclosed"
      ],
      "exploitable_locations": [
        {
          "type": "url",
          "value": "https://nolo-us-preprod.dominos.com/orderstorage/GetTrackerData",
          "created_at": 1490332148,
          "status": "pending"
        }
      ]
    },
    {
      "categories": [
        "Functional/Business Logic",
        "Improper Input Validation"
      ],
      "exploitable_locations": [
        {
          "type": "url",
          "value": "https://www-preprod.dominos.com/power/place-order",
          "created_at": 1490431641,
          "status": "pending"
        },
        {
          "type": "url",
          "value": "https://nolo-us-preprod.dominos.com/power/place-order",
          "created_at": 1490431641,
          "status": "pending"
        },
        {
          "type": "url",
          "value": "https://www-preprod.dominos.com/en/pages/order/confirmation.jsp",
          "created_at": 1490431641,
          "status": "pending"
        }
      ]
    },
    {
      "categories": [
        "Cross-Site Scripting (XSS)",
        "**DOM Based XSS**"
      ],
      "exploitable_locations": [
        {
          "type": "url",
          "value": "https://www-preprod.dominos.com/en/",
          "created_at": 1497914812,
          "status": "pending"
        }
      ]
    },
    {
      "categories": [
        "Cross-Site Scripting (XSS)",
        "**DOM Based XSS**"
      ],
      "exploitable_locations": [
        {
          "type": "url",
          "value": "https://www-preprod.dominos.com/en/pages/order/#/locations/search/",
          "created_at": 1497917346,
          "status": "pending"
        },
        {
          "type": "url",
          "value": "https://www-preprod.dominos.com/en/pages/order/#/locations/",
          "created_at": 1497917346,
          "status": "pending"
        }
      ]
    },
    {
      "categories": [
        "Authentication/Session Management",
        "Cookie-related Flaws"
      ],
      "exploitable_locations": []
    },
    {
      "categories": [
        "Cross-Site Scripting (XSS)",
        "**DOM Based XSS**"
      ],
      "exploitable_locations": [
        {
          "type": "url",
          "value": "https://www-preprod.dominos.com/en/pages/customer/#",
          "created_at": 1497971131,
          "status": "pending"
        }
      ]
    },
    {
      "categories": [
        "Cross-Site Scripting (XSS)",
        "**DOM Based XSS**"
      ],
      "exploitable_locations": [
        {
          "type": "url",
          "value": "https://www-preprod.dominos.com/en",
          "created_at": 1497971299,
          "status": "pending"
        }
      ]
    },
    {
      "categories": [
        "Brute Force",
        "Login Credentials (OLD DNU)"
      ],
      "exploitable_locations": [
        {
          "type": "other",
          "value": "Calls to API",
          "created_at": 1497971570,
          "status": "pending"
        }
      ]
    },
    {
      "categories": [
        "Cross-Site Scripting (XSS)",
        "**DOM Based XSS**"
      ],
      "exploitable_locations": [
        {
          "type": "url",
          "value": "https://www-preprod.dominos.com/en/pages/order/",
          "created_at": 1497972499,
          "status": "pending"
        }
      ]
    },
    {
      "categories": [
        "Information Disclosure",
        "Improper Error Message Text (OLD DNU) (OLD DNU)"
      ],
      "exploitable_locations": [
        {
          "type": "app-location",
          "value": "API request",
          "created_at": 1497992394,
          "status": "pending"
        }
      ]
    },
    {
      "categories": [
        "Cross-Site Scripting (XSS)",
        "**DOM Based XSS**"
      ],
      "exploitable_locations": [
        {
          "type": "url",
          "value": "https://www-preprod.dominos.com/en/pages/content/opt-in/opt-in.jsp#\"><img src=x onerror=alert(document.domain)>",
          "created_at": 1498041201,
          "status": "pending"
        },
        {
          "type": "url",
          "value": "https://www-preprod.dominos.com/en/pages/content/customer-service/faq.jsp#\"><img src=x onerror=alert(document.domain)>",
          "created_at": 1498041201,
          "status": "pending"
        },
        {
          "type": "url",
          "value": "https://www.dominos.com/en/pages/content/nutritional/allergen-info.jsp#\"><img src=x onerror=alert(document.domain)>",
          "created_at": 1498041201,
          "status": "pending"
        },
        {
          "type": "url",
          "value": "https://www.dominos.com/en/pages/content/nutritional/cal-o-meter.jsp#\"><img src=x onerror=alert(document.domain)>",
          "created_at": 1498041201,
          "status": "pending"
        },
        {
          "type": "url",
          "value": "https://www.dominos.com/en/pages/content/customer-service/glutenfreecrust.jsp#\"><img src=x onerror=alert(document.domain)>",
          "created_at": 1498041201,
          "status": "pending"
        }
      ]
    },
    {
      "categories": [
        "Functional/Business Logic",
        "Unvalidated Redirects"
      ],
      "exploitable_locations": [
        {
          "type": "url",
          "value": "https://nolo-us-preprod.dominos.com/api/twitter/signin/",
          "created_at": 1498042652,
          "status": "pending"
        }
      ]
    },
    {
      "categories": [
        "SQL Injection",
        "**Error-based**"
      ],
      "exploitable_locations": [
        {
          "type": "url",
          "value": "https://nolo-us-preprod.dominos.com/power/easyorder/optInAndOut/optInSMS/",
          "created_at": 1498044272,
          "status": "pending"
        }
      ]
    },
    {
      "categories": [
        "Authorization/Permissions",
        "Insecure Direct Object Reference"
      ],
      "exploitable_locations": [
        {
          "type": "url",
          "value": "https://nolo-us-preprod.dominos.com/power/easyorder/optInAndOut/optOutSMS/",
          "created_at": 1498047129,
          "status": "pending"
        }
      ]
    },
    {
      "categories": [
        "Authorization/Permissions",
        "Insecure Direct Object Reference"
      ],
      "exploitable_locations": [
        {
          "type": "url",
          "value": "https://nolo-us-preprod.dominos.com/api/twitter/signin/",
          "created_at": 1498053223,
          "status": "pending"
        }
      ]
    },
    {
      "categories": [
        "Authorization/Permissions",
        "Access/Privacy Control Violation"
      ],
      "exploitable_locations": [
        {
          "type": "url",
          "value": "https://nolo-us-preprod.dominos.com/power/easyorder/optInAndOut/optInSMS/",
          "created_at": 1498076518,
          "status": "pending"
        },
        {
          "type": "url",
          "value": "https://nolo-us-preprod.dominos.com/power/easyorder/optInAndOut/optOutSMS/",
          "created_at": 1498076518,
          "status": "pending"
        }
      ]
    },
    {
      "categories": [
        "Authorization/Permissions",
        "Access/Privacy Control Violation"
      ],
      "exploitable_locations": [
        {
          "type": "url",
          "value": "https://nolo-us-preprod.dominos.com/power/customer/AttackersCustomerID/ClientCardID",
          "created_at": 1498080240,
          "status": "pending"
        }
      ]
    },
    {
      "categories": [
        "Functional/Business Logic",
        "Improper Input Validation"
      ],
      "exploitable_locations": [
        {
          "type": "url",
          "value": "https://www-preprod.dominos.com/en/pages/customer/#/customer/anyware/",
          "created_at": 1498137390,
          "status": "pending"
        }
      ]
    },
    {
      "categories": [
        "Authorization/Permissions",
        "Access/Privacy Control Violation"
      ],
      "exploitable_locations": [
        {
          "type": "url",
          "value": "https://nolo-us-preprod.dominos.com/power/CustomerOrderService/",
          "created_at": 1498328525,
          "status": "pending"
        }
      ]
    },
    {
      "categories": [
        "Cross-Site Scripting (XSS)",
        "**Persistent XSS**"
      ],
      "exploitable_locations": [
        {
          "type": "url",
          "value": "https://www-preprod.dominos.com/en/pages/order/#/locations/search/",
          "created_at": 1507113954,
          "status": "pending"
        },
        {
          "type": "url",
          "value": "https://www-preprod.dominos.com/en/pages/order/",
          "created_at": 1507113954,
          "status": "pending"
        }
      ]
    },
    {
      "categories": [
        "Cross-Site Scripting (XSS)",
        "**Persistent XSS**"
      ],
      "exploitable_locations": [
        {
          "type": "url",
          "value": "https://www-preprod.dominos.com/en/pages/customer/#/customer/settings/",
          "created_at": 1513275859,
          "status": "pending"
        }
      ]
    },
    {
      "categories": [
        "Functional/Business Logic",
        "Unvalidated Redirects"
      ],
      "exploitable_locations": [
        {
          "type": "url",
          "value": "https://www-preprod.dominos.com/en/pages/customer/#/customer/anyware/",
          "created_at": 1513571244,
          "status": "pending"
        }
      ]
    },
    {
      "categories": [
        "Content Injection",
        "**Spoof HTML Content**"
      ],
      "exploitable_locations": [
        {
          "type": "url",
          "value": "https://api.dominos.com/bot-service/conversation",
          "created_at": 1528307526,
          "status": "pending"
        }
      ]
    },
    {
      "categories": [
        "Information Disclosure",
        "Sensitive Information Leak to third-parties"
      ],
      "exploitable_locations": [
        {
          "type": "app-location",
          "value": "Forgot password page/link",
          "created_at": 1528309823,
          "status": "pending"
        }
      ]
    },
    {
      "categories": [
        "Other",
        "Other - Please describe"
      ],
      "exploitable_locations": [
        {
          "type": "url",
          "value": "https://nolo-us-preprod.dominos.com/power/change-password",
          "created_at": 1528312468,
          "status": "pending"
        }
      ]
    },
    {
      "categories": [
        "Information Disclosure",
        "Sensitive API Keys"
      ],
      "exploitable_locations": [
        {
          "type": "url",
          "value": "https://www-preprod.dominos.com/en/pages/order/#/locations/search/",
          "created_at": 1528317305,
          "status": "pending"
        }
      ]
    },
    {
      "categories": [
        "Information Disclosure",
        "Sensitive Directory/File Contents Disclosed"
      ],
      "exploitable_locations": [
        {
          "type": "url",
          "value": "https://nolo-us-preprod.dominos.com/power/*",
          "created_at": 1537232169,
          "status": "pending"
        }
      ]
    },
    {
      "categories": [
        "Information Disclosure",
        "Sensitive Directory/File Contents Disclosed"
      ],
      "exploitable_locations": [
        {
          "type": "url",
          "value": "https://mobiletest.dominos.com/ipad/",
          "created_at": 1537318126,
          "status": "pending"
        }
      ]
    },
    {
      "categories": [
        "Cross-Site Scripting (XSS)",
        "**Persistent XSS**"
      ],
      "exploitable_locations": []
    },
    {
      "categories": [
        "Brute Force",
        "Lack of Rate Limiting Protections  (i.e. CAPTCHA)"
      ],
      "exploitable_locations": [
        {
          "type": "url",
          "value": "https://api-preprod.dominos.com/store-presentation-service/suggestedHotspots",
          "created_at": 1537326960,
          "status": "pending"
        }
      ]
    },
    {
      "categories": [
        "Authorization/Permissions",
        "Insecure Direct Object Reference"
      ],
      "exploitable_locations": [
        {
          "type": "url",
          "value": "https://api-preprod.dominos.com/tracker-presentation-service/v2/orders",
          "created_at": 1537412845,
          "status": "pending"
        },
        {
          "type": "url",
          "value": "https://api-preprod.dominos.com/tracker-presentation-service/v2/orders/stores/9930/orderkeys/993036010840",
          "created_at": 1537412845,
          "status": "pending"
        }
      ]
    },
    {
      "categories": [
        "Content Injection",
        "**Spoof HTML Content**"
      ],
      "exploitable_locations": [
        {
          "type": "url",
          "value": "https://api-preprod.dominos.com/bot-service/conversation",
          "created_at": 1542584895,
          "status": "pending"
        }
      ]
    },
    {
      "categories": [
        "Content Injection",
        "**Spoof HTML Content**"
      ],
      "exploitable_locations": [
        {
          "type": "url",
          "value": "https://www-preprod.dominos.com/chat-pizza-order/",
          "created_at": 1542652360,
          "status": "pending"
        }
      ]
    },
    {
      "categories": [
        "Brute Force",
        "Lack of Rate Limiting Protections  (i.e. CAPTCHA)"
      ],
      "exploitable_locations": [
        {
          "type": "url",
          "value": "https://nolo-us-preprod.dominos.com/power/customer",
          "created_at": 1542659009,
          "status": "pending"
        }
      ]
    },
    {
      "categories": [
        "Authorization/Permissions",
        "Access/Privacy Control Violation"
      ],
      "exploitable_locations": [
        {
          "type": "url",
          "value": "https://nolo-us-preprod.dominos.com/power/easyorder/optInAndOut/optInSMS/",
          "created_at": 1549410598,
          "status": "pending"
        }
      ]
    },
    {
      "categories": [
        "Authorization/Permissions",
        "Insecure Direct Object Reference"
      ],
      "exploitable_locations": [
        {
          "type": "url",
          "value": "https://nolo-us-preprod.dominos.com/power/opt-in-and-opt-out",
          "created_at": 1554151081,
          "status": "pending"
        }
      ]
    },
    {
      "categories": [
        "Authentication/Session Management",
        "Cookie-related Flaws"
      ],
      "exploitable_locations": [
        {
          "type": "url",
          "value": "https://nolo-us-preprod.dominos.com/power/customer",
          "created_at": 1554945888,
          "status": "pending"
        }
      ]
    },
    {
      "categories": [
        "Brute Force",
        "Bypass of Rate Limiting Protections (i.e. CAPTCHA)"
      ],
      "exploitable_locations": [
        {
          "type": "url",
          "value": "https://www-preprod.dominos.com/en/pages/content/opt-in/opt-in",
          "assets_na": false,
          "assets_uids": [
            "64d2044382380fc0b74e75fc"
          ],
          "created_at": 1692521609,
          "status": "pending"
        }
      ]
    },
    {
      "categories": [
        "Information Disclosure",
        "Unverifiable Credentials"
      ],
      "exploitable_locations": [
        {
          "type": "url",
          "value": "https://www-preprod.dominos.com/assets/build/js/site/boot.js",
          "assets_na": false,
          "assets_uids": [
            "64d2044382380fc0b74e75fc"
          ],
          "created_at": 1698847100,
          "status": "pending"
        }
      ]
    }
  ]
}