{
  "listing_id": "5b2mxa2uai",
  "type": "categories",
  "value": [
    {
      "categories": [
        "Authorization/Permissions",
        "Access/Privacy Control Violation"
      ],
      "exploitable_locations": [
        {
          "type": "url",
          "value": "https://stage.paramountplus.com/collections/watch-free/",
          "created_at": 1668692065,
          "status": "fixed"
        },
        {
          "type": "url",
          "value": "https://stage.paramountplus.com/shows/video/<video-id>/",
          "created_at": 1668692065,
          "status": "fixed"
        }
      ]
    },
    {
      "categories": [
        "Brute Force",
        "Bypass of Rate Limiting Protections (i.e. CAPTCHA)"
      ],
      "exploitable_locations": [
        {
          "type": "url",
          "value": "https://stage.paramountplus.com/account/xhr/switch/process/",
          "created_at": 1668802402,
          "status": "fixed"
        }
      ]
    },
    {
      "categories": [
        "Brute Force",
        "Bypass of Rate Limiting Protections (i.e. CAPTCHA)"
      ],
      "exploitable_locations": [
        {
          "type": "url",
          "value": "https://stage.paramountplus.com/account/xhr/payment/update/",
          "created_at": 1668803636,
          "status": "fixed"
        }
      ]
    },
    {
      "categories": [
        "Authorization/Permissions",
        "Access/Privacy Control Violation"
      ],
      "exploitable_locations": [
        {
          "type": "url",
          "value": "https://stage.paramountplus.com/account/xhr/parental-relogin/",
          "created_at": 1668805445,
          "status": "fixed"
        }
      ]
    },
    {
      "categories": [
        "Cross-site Request Forgery (CSRF)",
        "CSRF-Low"
      ],
      "exploitable_locations": [
        {
          "type": "url",
          "value": "https://stage.paramountplus.com/account/xhr/set-parental-controls-off/",
          "created_at": 1668806924,
          "status": "fixed"
        }
      ]
    },
    {
      "categories": [
        "Cross-site Request Forgery (CSRF)",
        "CSRF-Low"
      ],
      "exploitable_locations": [
        {
          "type": "url",
          "value": "https://stage.paramountplus.com/account/xhr/cancel/confirm/",
          "created_at": 1668807952,
          "status": "fixed"
        }
      ]
    },
    {
      "categories": [
        "Authorization/Permissions",
        "Access/Privacy Control Violation"
      ],
      "exploitable_locations": [
        {
          "type": "url",
          "value": "https://stage.paramountplus.com/user-profile/edit",
          "created_at": 1668808857,
          "status": "fixed"
        },
        {
          "type": "url",
          "value": "https://stage.paramountplus.com/user-profile/xhr/update-profile",
          "created_at": 1668808857,
          "status": "fixed"
        }
      ]
    },
    {
      "categories": [
        "Cross-site Request Forgery (CSRF)",
        "CSRF-High"
      ],
      "exploitable_locations": [
        {
          "type": "url",
          "value": "https://stage.paramountplus.com/account/xhr/set-parental-controls/",
          "created_at": 1668832955,
          "status": "fixed"
        }
      ]
    },
    {
      "categories": [
        "Cross-site Request Forgery (CSRF)",
        "CSRF-Low"
      ],
      "exploitable_locations": [
        {
          "type": "url",
          "value": "https://stage.paramountplus.com/account/xhr/switch/process/",
          "created_at": 1668836546,
          "status": "pending"
        }
      ]
    },
    {
      "categories": [
        "Cross-Site Scripting (XSS)",
        "Reflected DOM-Based XSS"
      ],
      "exploitable_locations": [
        {
          "type": "url",
          "value": "https://stage.paramountplus.com/account/signin/",
          "created_at": 1668694472,
          "status": "fixed"
        }
      ]
    },
    {
      "categories": [
        "Authentication/Session Management",
        "Step-Up Authentication Bypass"
      ],
      "exploitable_locations": [
        {
          "type": "url",
          "value": "https://stage.paramountplus.com/account/xhr/set-parental-controls-off/",
          "created_at": 1668892638,
          "status": "pending"
        }
      ]
    },
    {
      "categories": [
        "Cross-site Request Forgery (CSRF)",
        "CSRF-High"
      ],
      "exploitable_locations": [
        {
          "type": "url",
          "value": "https://stage.paramountplus.com/account/xhr/resume-subscription/",
          "created_at": 1668877218,
          "status": "fixed"
        }
      ]
    },
    {
      "categories": [
        "Remote Execution",
        "Remote Code Execution"
      ],
      "exploitable_locations": [
        {
          "type": "url",
          "value": "https://stage.paramountplus.com/account/user-flow/f-upsell/",
          "created_at": 1668975656,
          "status": "fixed"
        }
      ]
    },
    {
      "categories": [
        "Cross-site Request Forgery (CSRF)",
        "CSRF-Low"
      ],
      "exploitable_locations": [
        {
          "type": "url",
          "value": "https://stage.paramountplus.com/user-profile/xhr/content-preference/movie/<movie id>/add/",
          "created_at": 1668989567,
          "status": "pending"
        },
        {
          "type": "url",
          "value": "https://stage.paramountplus.com/user-profile/xhr/content-preference/movie/<movie id>/remove/",
          "created_at": 1668989567,
          "status": "pending"
        },
        {
          "type": "url",
          "value": "https://stage.paramountplus.com/user-profile/xhr/content-preference/show/<show id>/add/",
          "created_at": 1668989567,
          "status": "pending"
        },
        {
          "type": "url",
          "value": "https://stage.paramountplus.com/user-profile/xhr/content-preference/show/<show id>/remove/",
          "created_at": 1668989567,
          "status": "pending"
        }
      ]
    },
    {
      "categories": [
        "Brute Force",
        "Bypass of Rate Limiting Protections (i.e. CAPTCHA)"
      ],
      "exploitable_locations": [
        {
          "type": "url",
          "value": "https://stage.paramountplus.com/account/xhr/register/ ",
          "created_at": 1668793608,
          "status": "fixed"
        }
      ]
    },
    {
      "categories": [
        "Brute Force",
        "Bypass of Rate Limiting Protections (i.e. CAPTCHA)"
      ],
      "exploitable_locations": [
        {
          "type": "url",
          "value": "https://stage.paramountplus.com/account/xhr/change-password/",
          "created_at": 1669057642,
          "status": "fixed"
        }
      ]
    },
    {
      "categories": [
        "Authorization/Permissions",
        "Access/Privacy Control Violation"
      ],
      "exploitable_locations": [
        {
          "type": "url",
          "value": "https://stage.paramountplus.com/account/xhr/cancel/confirm/",
          "created_at": 1669058448,
          "status": "pending"
        },
        {
          "type": "url",
          "value": "https://stage.paramountplus.com/account/xhr/resume-subscription/",
          "created_at": 1669058448,
          "status": "pending"
        }
      ]
    },
    {
      "categories": [
        "Dependency Confusion",
        "Dependency Confusion"
      ],
      "exploitable_locations": [
        {
          "type": "url",
          "value": "https://stage.paramountplus.com/assets/build/development/js/userProfile-ea810dae0b479f97fa48.js",
          "created_at": 1669313620,
          "status": "fixed"
        },
        {
          "type": "url",
          "value": "https://stage.paramountplus.com/assets/build/development/js/livetv/liveTVTopEdge-fad23509eb06d7467660.js",
          "created_at": 1669313620,
          "status": "fixed"
        },
        {
          "type": "url",
          "value": "https://stage.paramountplus.com/assets/build/development/js/show/videoTop-8f276bd2372dac8c0967.js",
          "created_at": 1669313620,
          "status": "fixed"
        },
        {
          "type": "url",
          "value": "https://stage.paramountplus.com/assets/build/development/js/show/videoTopEdge-00a97b9872340c85bbb4.js",
          "created_at": 1669313620,
          "status": "fixed"
        }
      ]
    },
    {
      "categories": [
        "Information Disclosure",
        "Sensitive Source Code"
      ],
      "exploitable_locations": [
        {
          "type": "url",
          "value": "https://stage.paramountplus.com/account/xhr/account-main/",
          "assets_na": false,
          "assets_uids": [
            "63697da4bf38770001dfa7f6"
          ],
          "created_at": 1691347583,
          "status": "fixed"
        }
      ]
    },
    {
      "categories": [
        "Cross-site Request Forgery (CSRF)",
        "CSRF-Low"
      ],
      "exploitable_locations": [
        {
          "type": "url",
          "value": "https://stage.paramountplus.com/user-profile/create",
          "created_at": 1668795246,
          "status": "fixed"
        },
        {
          "type": "url",
          "value": "https://stage.paramountplus.com/user-profile/xhr/create-profile/",
          "created_at": 1668795246,
          "status": "fixed"
        }
      ]
    },
    {
      "categories": [
        "Authorization/Permissions",
        "Access Control Violation (High Privileged Functions - Read/Write or Write Only)"
      ],
      "exploitable_locations": [
        {
          "type": "url",
          "value": "https://stage.paramountplus.com/user-profile/xhr/delete-profile/",
          "assets_na": false,
          "assets_uids": [
            "63697da4bf38770001dfa7f6"
          ],
          "created_at": 1692341368,
          "status": "pending"
        }
      ]
    },
    {
      "categories": [
        "Authorization/Permissions",
        "Access Control Violation (High Privileged Functions - Read/Write or Write Only)"
      ],
      "exploitable_locations": [
        {
          "type": "url",
          "value": "https://stage.paramountplus.com/user-profile/xhr/user/",
          "assets_na": false,
          "assets_uids": [
            "63697da4bf38770001dfa7f6"
          ],
          "created_at": 1692348508,
          "status": "pending"
        }
      ]
    },
    {
      "categories": [
        "Authorization/Permissions",
        "Access/Privacy Control Violation"
      ],
      "exploitable_locations": [
        {
          "type": "url",
          "value": "https://stage.paramountplus.com/account/xhr/set-parental-controls/",
          "created_at": 1668799713,
          "status": "pending"
        }
      ]
    },
    {
      "categories": [
        "Cross-site Request Forgery (CSRF)",
        "CSRF-Low"
      ],
      "exploitable_locations": [
        {
          "type": "url",
          "value": "https://stage.paramountplus.com/user-profile/xhr/update-profile/",
          "assets_na": false,
          "assets_uids": [
            "63697da4bf38770001dfa7f6"
          ],
          "created_at": 1698865055,
          "status": "fixed"
        }
      ]
    },
    {
      "categories": [
        "Cross-site Request Forgery (CSRF)",
        "CSRF-High"
      ],
      "exploitable_locations": [
        {
          "type": "url",
          "value": "https://stage.paramountplus.com/account/xhr/create-pin/",
          "assets_na": false,
          "assets_uids": [
            "63697da4bf38770001dfa7f6"
          ],
          "created_at": 1698896740,
          "status": "pending"
        }
      ]
    },
    {
      "categories": [
        "Cross-site Request Forgery (CSRF)",
        "CSRF-Low"
      ],
      "exploitable_locations": [
        {
          "type": "url",
          "value": "https://stage.paramountplus.com/user-profile/manage",
          "created_at": 1668799982,
          "status": "fixed"
        },
        {
          "type": "url",
          "value": "https://stage.paramountplus.com/user-profile/xhr/delete-profile/",
          "created_at": 1668799982,
          "status": "fixed"
        }
      ]
    },
    {
      "categories": [
        "Cross-Site Scripting (XSS)",
        "Reflected XSS"
      ],
      "exploitable_locations": [
        {
          "type": "url",
          "value": "https://stage.paramountplus.com/live-tv/stream/liveSchedulePlayer/schedule.json",
          "assets_na": false,
          "assets_uids": [
            "63697da4bf38770001dfa7f6"
          ],
          "created_at": 1700886852,
          "status": "fixed"
        }
      ]
    },
    {
      "categories": [
        "Cross-Site Scripting (XSS)",
        "Reflected XSS"
      ],
      "exploitable_locations": [
        {
          "type": "url",
          "value": "https://stage.paramountplus.com/carousels/collections/live-and-upcoming/xhr/multichannel-events/offset/0/limit/15/",
          "assets_na": false,
          "assets_uids": [
            "63697da4bf38770001dfa7f6"
          ],
          "created_at": 1700907481,
          "status": "fixed"
        }
      ]
    },
    {
      "categories": [
        "Cross-Site Scripting (XSS)",
        "Reflected XSS"
      ],
      "exploitable_locations": [
        {
          "type": "url",
          "value": "https://stage.paramountplus.com/global/",
          "assets_na": false,
          "assets_uids": [
            "63697da4bf38770001dfa7f6"
          ],
          "created_at": 1708247033,
          "status": "fixed"
        }
      ]
    },
    {
      "categories": [
        "Authorization/Permissions",
        "Access Control Violation (High Privileged Functions - Read/Write or Write Only)"
      ],
      "exploitable_locations": [
        {
          "type": "url",
          "value": "https://stage.paramountplus.com/account/xhr/switch/process/",
          "assets_na": false,
          "assets_uids": [
            "63697da4bf38770001dfa7f6"
          ],
          "created_at": 1710260902,
          "status": "pending"
        }
      ]
    },
    {
      "categories": [
        "Authentication/Session Management",
        "Step-Up Authentication Bypass"
      ],
      "exploitable_locations": [
        {
          "type": "url",
          "value": "https://stage.paramountplus.com/video/validatepin",
          "assets_na": false,
          "assets_uids": [
            "63697da4bf38770001dfa7f6"
          ],
          "created_at": 1710356930,
          "status": "pending"
        }
      ]
    },
    {
      "categories": [
        "Functional/Business Logic",
        "Functionality Abuse with Malicious Impact"
      ],
      "exploitable_locations": [
        {
          "type": "url",
          "value": "https://stage.paramountplus.com/user-profile/xhr/verify-pin/",
          "created_at": 1668800319,
          "status": "pending"
        }
      ]
    },
    {
      "categories": [
        "Functional/Business Logic",
        "Functionality Abuse with Malicious Impact"
      ],
      "exploitable_locations": [
        {
          "type": "url",
          "value": "https://stage.paramountplus.com/tn/api/user-profiles/graphql",
          "assets_na": false,
          "assets_uids": [
            "63697da4bf38770001dfa7f6"
          ],
          "created_at": 1730282810,
          "status": "pending"
        },
        {
          "type": "app-location",
          "value": "mutation createProfile",
          "assets_na": false,
          "assets_uids": [
            "63697da4bf38770001dfa7f6"
          ],
          "created_at": 1730282810,
          "status": "pending"
        }
      ]
    },
    {
      "categories": [
        "Authorization/Permissions",
        "Access/Privacy Control Violation"
      ],
      "exploitable_locations": [
        {
          "type": "url",
          "value": "https://stage.paramountplus.com/user-profile/whos-watching",
          "created_at": 1668800915,
          "status": "fixed"
        }
      ]
    },
    {
      "categories": [
        "Information Disclosure",
        "Sensitive Source Code"
      ],
      "exploitable_locations": [
        {
          "type": "url",
          "value": "https://stage.paramountplus.com/account/xhr/account-main/",
          "assets_na": false,
          "assets_uids": [
            "63697da4bf38770001dfa7f6"
          ],
          "created_at": 1739366260,
          "status": "wont_fix"
        }
      ]
    }
  ]
}