{
  "listing_id": "6ziybj8uar",
  "type": "categories",
  "value": [
    {
      "categories": [
        "Authorization/Permissions",
        "Access Control Violation (High Privileged Functions-Read Only)"
      ],
      "exploitable_locations": [
        {
          "type": "url",
          "value": "https://pen2.rc.spectrocloud.com/v1/roles",
          "assets_na": false,
          "assets_uids": [
            "672265cc5239f1382ec38a1b"
          ],
          "created_at": 1730918770,
          "status": "pending"
        },
        {
          "type": "url",
          "value": "https://pen2.rc.spectrocloud.com/v1/roles/672bb10d55269e9093b9eca8",
          "assets_na": false,
          "assets_uids": [
            "672265cc5239f1382ec38a1b"
          ],
          "created_at": 1730918770,
          "status": "pending"
        }
      ]
    },
    {
      "categories": [
        "Authorization/Permissions",
        "Access Control Violation (High Privileged Functions-Read Only)"
      ],
      "exploitable_locations": [
        {
          "type": "url",
          "value": "https://pen2.rc.spectrocloud.com/v1/users/summary",
          "assets_na": false,
          "assets_uids": [
            "671a0bb527f800b57293206f"
          ],
          "created_at": 1730951012,
          "status": "pending"
        }
      ]
    },
    {
      "categories": [
        "Authorization/Permissions",
        "Access Control Violation (High Privileged Functions-Read Only)"
      ],
      "exploitable_locations": [
        {
          "type": "url",
          "value": "https://pen2.rc.spectrocloud.com/v1/teams",
          "assets_na": false,
          "assets_uids": [
            "671a0bb527f800b57293206f"
          ],
          "created_at": 1730950370,
          "status": "pending"
        }
      ]
    },
    {
      "categories": [
        "Authentication/Session Management",
        "Cookie-related Flaws"
      ],
      "exploitable_locations": [
        {
          "type": "url",
          "value": "https://pen2.rc.spectrocloud.com/v1/users/me",
          "assets_na": false,
          "assets_uids": [
            "672265cc5239f1382ec38a1b"
          ],
          "created_at": 1730951837,
          "status": "pending"
        }
      ]
    },
    {
      "categories": [
        "Authorization/Permissions",
        "Access Control Violation (High Privileged Functions-Read Only)"
      ],
      "exploitable_locations": [
        {
          "type": "url",
          "value": "https://pen2.rc.spectrocloud.com/v1/audits",
          "assets_na": false,
          "assets_uids": [
            "671a0bb527f800b57293206f"
          ],
          "created_at": 1730953812,
          "status": "pending"
        }
      ]
    },
    {
      "categories": [
        "Authorization/Permissions",
        "Access Control Violation (High Privileged Functions - Read/Write or Write Only)"
      ],
      "exploitable_locations": [
        {
          "type": "url",
          "value": "https://pen2.rc.spectrocloud.com/v1/clusterprofiles/<clusterProfile>/clone",
          "assets_na": false,
          "assets_uids": [
            "672265cc5239f1382ec38a1b"
          ],
          "created_at": 1730975124,
          "status": "pending"
        },
        {
          "type": "url",
          "value": "https://pen2.rc.spectrocloud.com/v1/clusterprofiles/<clusterProfile>",
          "assets_na": false,
          "assets_uids": [
            "672265cc5239f1382ec38a1b"
          ],
          "created_at": 1730975124,
          "status": "pending"
        }
      ]
    },
    {
      "categories": [
        "Authorization/Permissions",
        "Server Side Request Forgery(SSRF)- Limited"
      ],
      "exploitable_locations": [
        {
          "type": "url",
          "value": "https://pen2.rc.spectrocloud.com/v1/registries/helm/validate",
          "assets_na": false,
          "assets_uids": [
            "671a0bb527f800b57293206f"
          ],
          "created_at": 1730971383,
          "status": "pending"
        }
      ]
    },
    {
      "categories": [
        "Functional/Business Logic",
        "Functionality Abuse with Malicious Impact"
      ],
      "exploitable_locations": [
        {
          "type": "url",
          "value": "https://pen2.rc.spectrocloud.com/v1/tenants/<tenantID>/assets/dataSinks",
          "assets_na": false,
          "assets_uids": [
            "671a0bb527f800b57293206f"
          ],
          "created_at": 1730977013,
          "status": "pending"
        }
      ]
    },
    {
      "categories": [
        "Authorization/Permissions",
        "Access Control Violation (High Privileged Functions - Read/Write or Write Only)"
      ],
      "exploitable_locations": [
        {
          "type": "url",
          "value": "https://pen2.rc.spectrocloud.com/admin/roles/project",
          "assets_na": false,
          "assets_uids": [
            "672265cc5239f1382ec38a1b"
          ],
          "created_at": 1731003572,
          "status": "pending"
        },
        {
          "type": "url",
          "value": "https://pen2.rc.spectrocloud.com/admin/management/teams",
          "assets_na": false,
          "assets_uids": [
            "672265cc5239f1382ec38a1b"
          ],
          "created_at": 1731003572,
          "status": "pending"
        }
      ]
    },
    {
      "categories": [
        "Authorization/Permissions",
        "Access Control Violation (High Privileged Functions - Read/Write or Write Only)"
      ],
      "exploitable_locations": [
        {
          "type": "url",
          "value": "https://pen2.rc.spectrocloud.com/v1/roles",
          "assets_na": false,
          "assets_uids": [
            "672265cc5239f1382ec38a1b"
          ],
          "created_at": 1731029671,
          "status": "pending"
        }
      ]
    },
    {
      "categories": [
        "Authorization/Permissions",
        "Access Control Violation (High Privileged Functions - Read/Write or Write Only)"
      ],
      "exploitable_locations": [
        {
          "type": "url",
          "value": "https://pen2.rc.spectrocloud.com/v1/users",
          "assets_na": false,
          "assets_uids": [
            "671a05aa27f800b57293206d"
          ],
          "created_at": 1731030765,
          "status": "pending"
        }
      ]
    },
    {
      "categories": [
        "Authorization/Permissions",
        "Access Control Violation (High Privileged Functions-Read Only)"
      ],
      "exploitable_locations": [
        {
          "type": "url",
          "value": "https://pen2.rc.spectrocloud.com/v1/dashboard/projects",
          "assets_na": false,
          "assets_uids": [
            "672265cc5239f1382ec38a1b"
          ],
          "created_at": 1730917302,
          "status": "pending"
        }
      ]
    },
    {
      "categories": [
        "Authorization/Permissions",
        "Server Side Request Forgery(SSRF)- Limited"
      ],
      "exploitable_locations": [
        {
          "type": "url",
          "value": "https://pen2.rc.spectrocloud.com/v1/registries/pack/validate",
          "assets_na": false,
          "assets_uids": [
            "672265cc5239f1382ec38a1b"
          ],
          "created_at": 1731934573,
          "status": "pending"
        }
      ]
    },
    {
      "categories": [
        "Authorization/Permissions",
        "Server Side Request Forgery(SSRF)- Limited"
      ],
      "exploitable_locations": [
        {
          "type": "url",
          "value": "https://pen2.rc.spectrocloud.com/v1/registries/pack/validate",
          "assets_na": false,
          "assets_uids": [
            "672265cc5239f1382ec38a1b"
          ],
          "created_at": 1732380888,
          "status": "pending"
        }
      ]
    },
    {
      "categories": [
        "Authorization/Permissions",
        "Insecure Direct Object Reference (Read-Only)"
      ],
      "exploitable_locations": [
        {
          "type": "url",
          "value": "https://pen2.rc.spectrocloud.com/v1/tenants/<tenant_id>/invoices",
          "assets_na": false,
          "assets_uids": [
            "672265cc5239f1382ec38a1b"
          ],
          "created_at": 1733354721,
          "status": "pending"
        },
        {
          "type": "url",
          "value": "https://pen2.rc.spectrocloud.com/v1/tenants/<tenant_id>/invoices/<invoice_uid>/report/pdf",
          "assets_na": false,
          "assets_uids": [
            "672265cc5239f1382ec38a1b"
          ],
          "created_at": 1733354721,
          "status": "pending"
        }
      ]
    },
    {
      "categories": [
        "Authorization/Permissions",
        "Access Control Violation (High Privileged Functions-Read Only)"
      ],
      "exploitable_locations": [
        {
          "type": "url",
          "value": "https://pen2.rc.spectrocloud.com/v1/dashboard/spectroclusters/cost",
          "assets_na": false,
          "assets_uids": [
            "672265cc5239f1382ec38a1b"
          ],
          "created_at": 1730917690,
          "status": "pending"
        },
        {
          "type": "url",
          "value": "https://pen2.rc.spectrocloud.com/v1/dashboard/spectroclusters/resources/usage",
          "assets_na": false,
          "assets_uids": [
            "672265cc5239f1382ec38a1b"
          ],
          "created_at": 1730917690,
          "status": "pending"
        },
        {
          "type": "url",
          "value": "https://pen2.rc.spectrocloud.com/v1/tenants/67173647dbf606d84e63cae4/plans/usage/monthly",
          "assets_na": false,
          "assets_uids": [
            "672265cc5239f1382ec38a1b"
          ],
          "created_at": 1730917690,
          "status": "pending"
        }
      ]
    },
    {
      "categories": [
        "Authorization/Permissions",
        "Insecure Direct Object Reference (Read & Write)"
      ],
      "exploitable_locations": [
        {
          "type": "url",
          "value": "https://pen2.rc.spectrocloud.com/v1/users/{uid}",
          "assets_na": false,
          "assets_uids": [
            "672265cc5239f1382ec38a1b"
          ],
          "created_at": 1733763248,
          "status": "pending"
        }
      ]
    },
    {
      "categories": [
        "Authorization/Permissions",
        "Access Control Violation (Low Privileged Functions-Read/Write or Write Only)"
      ],
      "exploitable_locations": [
        {
          "type": "url",
          "value": "https://pen2.rc.spectrocloud.com/v1/projects/<PROJECT_ID>/macros",
          "assets_na": false,
          "assets_uids": [
            "672265cc5239f1382ec38a1b"
          ],
          "created_at": 1734041289,
          "status": "pending"
        }
      ]
    },
    {
      "categories": [
        "Functional/Business Logic",
        "Functionality Abuse with Malicious Impact"
      ],
      "exploitable_locations": [
        {
          "type": "url",
          "value": "https://pen2.rc.spectrocloud.com/v1/projects",
          "assets_na": false,
          "assets_uids": [
            "672265cc5239f1382ec38a1b"
          ],
          "created_at": 1734307848,
          "status": "pending"
        }
      ]
    },
    {
      "categories": [
        "Functional/Business Logic",
        "Functionality Abuse with Malicious Impact"
      ],
      "exploitable_locations": [
        {
          "type": "url",
          "value": "https://pen2.rc.spectrocloud.com/v1/teams",
          "assets_na": false,
          "assets_uids": [
            "672265cc5239f1382ec38a1b"
          ],
          "created_at": 1734307861,
          "status": "pending"
        }
      ]
    },
    {
      "categories": [
        "Functional/Business Logic",
        "Functionality Abuse with Malicious Impact"
      ],
      "exploitable_locations": [
        {
          "type": "url",
          "value": "https://pen2.rc.spectrocloud.com/v1/users",
          "assets_na": false,
          "assets_uids": [
            "672265cc5239f1382ec38a1b"
          ],
          "created_at": 1734439501,
          "status": "pending"
        }
      ]
    },
    {
      "categories": [
        "Authorization/Permissions",
        "Access Control Violation (High Privileged Functions-Read Only)"
      ],
      "exploitable_locations": [
        {
          "type": "url",
          "value": "https://pen2.rc.spectrocloud.com/v1/spectroclusters/675c49fd82cc139fa91e0251/features/complianceScan/logs/*",
          "assets_na": false,
          "assets_uids": [
            "672265cc5239f1382ec38a1b"
          ],
          "created_at": 1735799203,
          "status": "pending"
        }
      ]
    },
    {
      "categories": [
        "Authorization/Permissions",
        "Insecure Direct Object Reference (Read-Only)"
      ],
      "exploitable_locations": [
        {
          "type": "url",
          "value": "https://pen2.rc.spectrocloud.com/v1/dashboard/spectroclusters/<id>/resources/consumption",
          "assets_na": false,
          "assets_uids": [
            "672265cc5239f1382ec38a1b"
          ],
          "created_at": 1736365862,
          "status": "pending"
        }
      ]
    },
    {
      "categories": [
        "Authorization/Permissions",
        "Access Control Violation (High Privileged Functions - Read/Write or Write Only)"
      ],
      "exploitable_locations": [
        {
          "type": "url",
          "value": "https://pen2.rc.spectrocloud.com/v1/users/system/macros",
          "assets_na": false,
          "assets_uids": [
            "672265cc5239f1382ec38a1b"
          ],
          "created_at": 1736522038,
          "status": "pending"
        }
      ]
    },
    {
      "categories": [
        "Authorization/Permissions",
        "Access Control Violation (High Privileged Functions-Read Only)"
      ],
      "exploitable_locations": [
        {
          "type": "url",
          "value": "https://pen2.rc.spectrocloud.com/admin/projects",
          "assets_na": false,
          "assets_uids": [
            "671a0bb527f800b57293206f"
          ],
          "created_at": 1730920897,
          "status": "pending"
        }
      ]
    }
  ]
}