{
  "listing_id": "6ziybj8uar",
  "type": "categories",
  "value": [
    {
      "categories": [
        "Authorization/Permissions",
        "Server Side Request Forgery(SSRF)- Limited"
      ],
      "exploitable_locations": [
        {
          "type": "url",
          "value": "https://pen2.rc.spectrocloud.com/v1/registries/oci/basic/validate",
          "assets_na": false,
          "assets_uids": [
            "672265cc5239f1382ec38a1b"
          ],
          "created_at": 1730922678,
          "status": "pending"
        }
      ]
    },
    {
      "categories": [
        "Authorization/Permissions",
        "Insecure Direct Object Reference (Read & Write)"
      ],
      "exploitable_locations": [
        {
          "type": "url",
          "value": "https://pen2.rc.spectrocloud.com/v1/tenants/<ID>/macros",
          "assets_na": false,
          "assets_uids": [
            "672265cc5239f1382ec38a1b"
          ],
          "created_at": 1730956322,
          "status": "pending"
        }
      ]
    },
    {
      "categories": [
        "Authorization/Permissions",
        "Insecure Direct Object Reference (Read & Write)"
      ],
      "exploitable_locations": [
        {
          "type": "url",
          "value": "https://pen2.rc.spectrocloud.com/v1/projects/<ProjectID>/macros",
          "assets_na": false,
          "assets_uids": [
            "672265cc5239f1382ec38a1b"
          ],
          "created_at": 1730961032,
          "status": "pending"
        }
      ]
    },
    {
      "categories": [
        "Authorization/Permissions",
        "Insecure Direct Object Reference (Read & Write)"
      ],
      "exploitable_locations": [
        {
          "type": "url",
          "value": "https://pen2.rc.spectrocloud.com/v1/teams/<ID>",
          "assets_na": false,
          "assets_uids": [
            "672265cc5239f1382ec38a1b"
          ],
          "created_at": 1730974203,
          "status": "pending"
        },
        {
          "type": "other",
          "value": "https://pen2.rc.spectrocloud.com/v1/teams",
          "assets_na": false,
          "assets_uids": [
            "672265cc5239f1382ec38a1b"
          ],
          "created_at": 1730974203,
          "status": "pending"
        }
      ]
    },
    {
      "categories": [
        "Functional/Business Logic",
        "Improper Input Validation"
      ],
      "exploitable_locations": [
        {
          "type": "url",
          "value": "https://pen2.rc.spectrocloud.com/v1/edgehosts/tokens/",
          "assets_na": false,
          "assets_uids": [
            "672265cc5239f1382ec38a1b"
          ],
          "created_at": 1730917010,
          "status": "fixed"
        }
      ]
    },
    {
      "categories": [
        "Authorization/Permissions",
        "Server Side Request Forgery(SSRF)- Limited"
      ],
      "exploitable_locations": [
        {
          "type": "url",
          "value": "https://pen2.rc.spectrocloud.com/v1/overlords/openstack/6717364b9bd3aef155037b9a/account/validate",
          "assets_na": false,
          "assets_uids": [
            "672265cc5239f1382ec38a1b"
          ],
          "created_at": 1730978828,
          "status": "pending"
        }
      ]
    },
    {
      "categories": [
        "Authorization/Permissions",
        "Server Side Request Forgery(SSRF)- Limited"
      ],
      "exploitable_locations": [
        {
          "type": "url",
          "value": "https://pen2.rc.spectrocloud.com/v1/overlords/vsphere/6717364b9bd3aef155037b9a/account/validate",
          "assets_na": false,
          "assets_uids": [
            "672265cc5239f1382ec38a1b"
          ],
          "created_at": 1730982183,
          "status": "pending"
        }
      ]
    },
    {
      "categories": [
        "Authorization/Permissions",
        "Insecure Direct Object Reference (Read & Write)"
      ],
      "exploitable_locations": [
        {
          "type": "url",
          "value": "https://pen2.rc.spectrocloud.com/v1/projects/<ProjectID>/meta",
          "assets_na": false,
          "assets_uids": [
            "672265cc5239f1382ec38a1b"
          ],
          "created_at": 1730990014,
          "status": "pending"
        }
      ]
    },
    {
      "categories": [
        "Authorization/Permissions",
        "Server Side Request Forgery(SSRF)- Limited"
      ],
      "exploitable_locations": [
        {
          "type": "url",
          "value": "https://pen2.rc.spectrocloud.com/v1/overlords/maas/6717364b9bd3aef155037b9a/account/validate",
          "assets_na": false,
          "assets_uids": [
            "672265cc5239f1382ec38a1b"
          ],
          "created_at": 1731933099,
          "status": "pending"
        }
      ]
    },
    {
      "categories": [
        "Authorization/Permissions",
        "Insecure Direct Object Reference (Read & Write)"
      ],
      "exploitable_locations": [
        {
          "type": "url",
          "value": "https://pen2.rc.spectrocloud.com/v1/users",
          "assets_na": false,
          "assets_uids": [
            "672265cc5239f1382ec38a1b"
          ],
          "created_at": 1731936972,
          "status": "pending"
        }
      ]
    },
    {
      "categories": [
        "Authorization/Permissions",
        "Server Side Request Forgery(SSRF)- Limited"
      ],
      "exploitable_locations": [
        {
          "type": "url",
          "value": "https://pen2.rc.spectrocloud.com/v1/tenants/67173647dbf606d84e63cae4/oidc/config",
          "assets_na": false,
          "assets_uids": [
            "672265cc5239f1382ec38a1b"
          ],
          "created_at": 1732388501,
          "status": "pending"
        }
      ]
    },
    {
      "categories": [
        "Authorization/Permissions",
        "Server Side Request Forgery(SSRF)- Limited"
      ],
      "exploitable_locations": [
        {
          "type": "url",
          "value": "https://pen2.rc.spectrocloud.com/v1/users/assets/locations/minio/67536f0aa8aa070d692ad5c9",
          "assets_na": false,
          "assets_uids": [
            "672265cc5239f1382ec38a1b"
          ],
          "created_at": 1733524522,
          "status": "pending"
        }
      ]
    },
    {
      "categories": [
        "Authorization/Permissions",
        "Server Side Request Forgery(SSRF)- Limited"
      ],
      "exploitable_locations": [
        {
          "type": "url",
          "value": "https://pen2.rc.spectrocloud.com/v1/users/assets/locations/s3",
          "assets_na": false,
          "assets_uids": [
            "672265cc5239f1382ec38a1b"
          ],
          "created_at": 1733525425,
          "status": "pending"
        }
      ]
    },
    {
      "categories": [
        "Authorization/Permissions",
        "Insecure Direct Object Reference (Read & Write)"
      ],
      "exploitable_locations": [
        {
          "type": "url",
          "value": "https://pen2.rc.spectrocloud.com/v1/audits/{id}/userMsg",
          "assets_na": false,
          "assets_uids": [
            "671a05aa27f800b57293206d"
          ],
          "created_at": 1733582622,
          "status": "pending"
        }
      ]
    },
    {
      "categories": [
        "Functional/Business Logic",
        "Functionality Abuse with Malicious Impact"
      ],
      "exploitable_locations": [
        {
          "type": "url",
          "value": "https://pen2.rc.spectrocloud.com/v1/apiKeys",
          "assets_na": false,
          "assets_uids": [
            "672265cc5239f1382ec38a1b"
          ],
          "created_at": 1734139087,
          "status": "fixed"
        }
      ]
    },
    {
      "categories": [
        "Authorization/Permissions",
        "Access Control Violation (Low Privileged Functions-Read Only)"
      ],
      "exploitable_locations": [
        {
          "type": "url",
          "value": "https://pen2.rc.spectrocloud.com:443/v1/spectroclusters/676004bda2b26ef0c9eb16d3/features/complianceScan/logs/drivers",
          "assets_na": false,
          "assets_uids": [
            "671a05aa27f800b57293206d"
          ],
          "created_at": 1735948765,
          "status": "pending"
        }
      ]
    },
    {
      "categories": [
        "Authorization/Permissions",
        "Access Control Violation (High Privileged Functions - Read/Write or Write Only)"
      ],
      "exploitable_locations": [
        {
          "type": "url",
          "value": "https://pen2.rc.spectrocloud.com/v1/files",
          "assets_na": false,
          "assets_uids": [
            "671a0bb527f800b57293206f",
            "672265cc5239f1382ec38a1b"
          ],
          "created_at": 1736359453,
          "status": "pending"
        }
      ]
    },
    {
      "categories": [
        "Functional/Business Logic",
        "Improper Input Validation"
      ],
      "exploitable_locations": [
        {
          "type": "url",
          "value": "https://pen2.rc.spectrocloud.com/v1/registries/helm",
          "assets_na": false,
          "assets_uids": [
            "672265cc5239f1382ec38a1b"
          ],
          "created_at": 1730918420,
          "status": "fixed"
        }
      ]
    },
    {
      "categories": [
        "Authorization/Permissions",
        "Server Side Request Forgery(SSRF)- Limited"
      ],
      "exploitable_locations": [
        {
          "type": "url",
          "value": "https://pen2.rc.spectrocloud.com/v1/cloudaccounts/maas/<id>/properties/subnets",
          "assets_na": false,
          "assets_uids": [
            "672265cc5239f1382ec38a1b"
          ],
          "created_at": 1736364534,
          "status": "pending"
        },
        {
          "type": "url",
          "value": "https://pen2.rc.spectrocloud.com/v1/cloudaccounts/maas/<id>/properties/domains",
          "assets_na": false,
          "assets_uids": [
            "672265cc5239f1382ec38a1b"
          ],
          "created_at": 1736364534,
          "status": "pending"
        },
        {
          "type": "url",
          "value": "https://pen2.rc.spectrocloud.com/v1/cloudaccounts/maas/<id>/properties/resourcePools",
          "assets_na": false,
          "assets_uids": [
            "672265cc5239f1382ec38a1b"
          ],
          "created_at": 1736364534,
          "status": "pending"
        },
        {
          "type": "url",
          "value": "https://pen2.rc.spectrocloud.com/v1/cloudaccounts/maas/<id>/properties/azs",
          "assets_na": false,
          "assets_uids": [
            "672265cc5239f1382ec38a1b"
          ],
          "created_at": 1736364534,
          "status": "pending"
        },
        {
          "type": "url",
          "value": "https://pen2.rc.spectrocloud.com/v1/cloudaccounts/maas/<id>/properties/tags",
          "assets_na": false,
          "assets_uids": [
            "672265cc5239f1382ec38a1b"
          ],
          "created_at": 1736364534,
          "status": "pending"
        }
      ]
    },
    {
      "categories": [
        "Authorization/Permissions",
        "Insecure Direct Object Reference (Read & Write)"
      ],
      "exploitable_locations": [
        {
          "type": "url",
          "value": "https://pen2.rc.spectrocloud.com/v1/teams/<ID>",
          "assets_na": false,
          "assets_uids": [
            "672265cc5239f1382ec38a1b"
          ],
          "created_at": 1736428166,
          "status": "pending"
        }
      ]
    },
    {
      "categories": [
        "Authorization/Permissions",
        "Server Side Request Forgery(SSRF)- Limited"
      ],
      "exploitable_locations": [
        {
          "type": "url",
          "value": "https://pen2.rc.spectrocloud.com/v1/clouds/vsphere/env",
          "assets_na": false,
          "assets_uids": [
            "672265cc5239f1382ec38a1b"
          ],
          "created_at": 1737540205,
          "status": "pending"
        }
      ]
    },
    {
      "categories": [
        "Authorization/Permissions",
        "Server Side Request Forgery(SSRF)- Limited"
      ],
      "exploitable_locations": [
        {
          "type": "url",
          "value": "https://pen2.rc.spectrocloud.com/v1/cloudaccounts/openstack/<uid>/properties/azs",
          "assets_na": false,
          "assets_uids": [
            "671a0bb527f800b57293206f"
          ],
          "created_at": 1737645646,
          "status": "pending"
        },
        {
          "type": "url",
          "value": "https://pen2.rc.spectrocloud.com/v1/cloudaccounts/openstack/<uid>/properties/flavors",
          "assets_na": false,
          "assets_uids": [
            "671a0bb527f800b57293206f"
          ],
          "created_at": 1737645646,
          "status": "pending"
        },
        {
          "type": "url",
          "value": "https://pen2.rc.spectrocloud.com/v1/cloudaccounts/openstack/<uid>/properties/keypairs",
          "assets_na": false,
          "assets_uids": [
            "671a0bb527f800b57293206f"
          ],
          "created_at": 1737645646,
          "status": "pending"
        },
        {
          "type": "url",
          "value": "https://pen2.rc.spectrocloud.com/v1/cloudaccounts/openstack/<uid>/properties/networks",
          "assets_na": false,
          "assets_uids": [
            "671a0bb527f800b57293206f"
          ],
          "created_at": 1737645646,
          "status": "pending"
        },
        {
          "type": "url",
          "value": "https://pen2.rc.spectrocloud.com/v1/cloudaccounts/openstack/<uid>/properties/projects",
          "assets_na": false,
          "assets_uids": [
            "671a0bb527f800b57293206f"
          ],
          "created_at": 1737645646,
          "status": "pending"
        },
        {
          "type": "url",
          "value": "https://pen2.rc.spectrocloud.com/v1/cloudaccounts/openstack/<uid>/properties/regions",
          "assets_na": false,
          "assets_uids": [
            "671a0bb527f800b57293206f"
          ],
          "created_at": 1737645646,
          "status": "pending"
        }
      ]
    },
    {
      "categories": [
        "Authorization/Permissions",
        "Server Side Request Forgery(SSRF)- Limited"
      ],
      "exploitable_locations": [
        {
          "type": "url",
          "value": "https://pen2.rc.spectrocloud.com/v1/cloudaccounts/vsphere/<uid>/properties/datacenters",
          "assets_na": false,
          "assets_uids": [
            "671a0bb527f800b57293206f"
          ],
          "created_at": 1737974213,
          "status": "pending"
        },
        {
          "type": "url",
          "value": "https://pen2.rc.spectrocloud.com/v1/cloudaccounts/vsphere/<uid>/properties/computecluster/resources",
          "assets_na": false,
          "assets_uids": [
            "671a0bb527f800b57293206f"
          ],
          "created_at": 1737974213,
          "status": "pending"
        }
      ]
    },
    {
      "categories": [
        "Authorization/Permissions",
        "Server Side Request Forgery(SSRF)- Full"
      ],
      "exploitable_locations": [
        {
          "type": "url",
          "value": "https://pen2.rc.spectrocloud.com/v1/registries/oci/basic",
          "assets_na": false,
          "assets_uids": [
            "671a0bb527f800b57293206f"
          ],
          "created_at": 1737993738,
          "status": "pending"
        }
      ]
    },
    {
      "categories": [
        "Authorization/Permissions",
        "Insecure Direct Object Reference (Read & Write)"
      ],
      "exploitable_locations": [
        {
          "type": "url",
          "value": "https://pen2.rc.spectrocloud.com/v1/apiKeys",
          "assets_na": false,
          "assets_uids": [
            "672265cc5239f1382ec38a1b"
          ],
          "created_at": 1739112663,
          "status": "pending"
        }
      ]
    },
    {
      "categories": [
        "Functional/Business Logic",
        "Improper Input Validation"
      ],
      "exploitable_locations": [
        {
          "type": "url",
          "value": "https://pen2.rc.spectrocloud.com/v1/registries/oci/basic",
          "assets_na": false,
          "assets_uids": [
            "672265cc5239f1382ec38a1b"
          ],
          "created_at": 1730918384,
          "status": "fixed"
        }
      ]
    },
    {
      "categories": [
        "Functional/Business Logic",
        "Functionality Abuse with Malicious Impact"
      ],
      "exploitable_locations": [
        {
          "type": "url",
          "value": "https://pen2.rc.spectrocloud.com/v1/users/672bbf1855269e9115e0d99f/password/reset",
          "assets_na": false,
          "assets_uids": [
            "672265cc5239f1382ec38a1b"
          ],
          "created_at": 1730921594,
          "status": "pending"
        },
        {
          "type": "url",
          "value": "https://pen2.rc.spectrocloud.com/v1/auth/password/OGQ1ODkyOGJhYWQ2NjhkZmNhYmJkZTgwYmE0ZDQzMzI=/activate",
          "assets_na": false,
          "assets_uids": [
            "672265cc5239f1382ec38a1b"
          ],
          "created_at": 1730921594,
          "status": "pending"
        }
      ]
    }
  ]
}