{
  "listing_id": "715d6otxn1",
  "type": "categories",
  "value": [
    {
      "categories": [
        "Authorization/Permissions",
        "Access Control Violation (High Privileged Functions - Read/Write or Write Only)"
      ],
      "exploitable_locations": [
        {
          "type": "url",
          "value": "https://csc100.csc.com/webdynpro/dispatcher/sap.com/caf~eu~gp~ui~admin/MaintainProcessTemplates",
          "assets_na": false,
          "assets_uids": [
            "6671e863e47589d518f91109"
          ],
          "created_at": 1720034223,
          "status": "fixed"
        }
      ]
    },
    {
      "categories": [
        "Authorization/Permissions",
        "Access Control Violation (High Privileged Functions - Read/Write or Write Only)"
      ],
      "exploitable_locations": [
        {
          "type": "url",
          "value": "https://csc100.csc.com/webdynpro/dispatcher/sap.com/caf~eu~gp~ui~admin/ManageInternalTechAttributes",
          "assets_na": false,
          "assets_uids": [
            "6671e863e47589d518f91109"
          ],
          "created_at": 1720079113,
          "status": "fixed"
        }
      ]
    },
    {
      "categories": [
        "Authorization/Permissions",
        "Access Control Violation (High Privileged Functions - Read/Write or Write Only)"
      ],
      "exploitable_locations": [
        {
          "type": "url",
          "value": "https://csc100.csc.com/webdynpro/dispatcher/sap.com/caf~eu~gp~ui~admin/TestScheduleTasks#",
          "assets_na": false,
          "assets_uids": [
            "6671e863e47589d518f91109"
          ],
          "created_at": 1720108521,
          "status": "pending"
        }
      ]
    },
    {
      "categories": [
        "Authorization/Permissions",
        "Access Control Violation (High Privileged Functions - Read/Write or Write Only)"
      ],
      "exploitable_locations": [
        {
          "type": "url",
          "value": "https://csc100.csc.com/webdynpro/dispatcher/sap.com/caf~eu~gp~ui~admin/TestServiceRepConnection",
          "assets_na": false,
          "assets_uids": [
            "6671e863e47589d518f91109"
          ],
          "created_at": 1720110484,
          "status": "fixed"
        }
      ]
    },
    {
      "categories": [
        "Authorization/Permissions",
        "Access Control Violation (High Privileged Functions - Read/Write or Write Only)"
      ],
      "exploitable_locations": [
        {
          "type": "url",
          "value": "https://csc100.csc.com/webdynpro/dispatcher/sap.com/caf~eu~gp~mail~cf~ui/BMAdmin#",
          "assets_na": false,
          "assets_uids": [
            "6671e863e47589d518f91109"
          ],
          "created_at": 1719831814,
          "status": "pending"
        }
      ]
    },
    {
      "categories": [
        "Content Injection",
        "XML External Entity (XXE)- Limited"
      ],
      "exploitable_locations": [
        {
          "type": "url",
          "value": "https://csc100.csc.com/wsalvpdf/Config1",
          "assets_na": false,
          "assets_uids": [
            "6671e863e47589d518f91109"
          ],
          "created_at": 1720373409,
          "status": "fixed"
        }
      ]
    },
    {
      "categories": [
        "Content Injection",
        "XML External Entity (XXE)- Limited"
      ],
      "exploitable_locations": [
        {
          "type": "url",
          "value": "https://csc100.csc.com/_tc~monitoring~webservice~web/ServerNodesWSService",
          "assets_na": false,
          "assets_uids": [
            "6671e863e47589d518f91109"
          ],
          "created_at": 1720409343,
          "status": "fixed"
        }
      ]
    },
    {
      "categories": [
        "Authorization/Permissions",
        "Access Control Violation (High Privileged Functions-Read Only)"
      ],
      "exploitable_locations": [
        {
          "type": "url",
          "value": "https://csc100.csc.com//sap/admin/public/index.html",
          "assets_na": false,
          "assets_uids": [
            "6671e863e47589d518f91109"
          ],
          "created_at": 1719866069,
          "status": "fixed"
        }
      ]
    },
    {
      "categories": [
        "Authorization/Permissions",
        "Access Control Violation (High Privileged Functions - Read/Write or Write Only)"
      ],
      "exploitable_locations": [
        {
          "type": "url",
          "value": "https://prp-pro-sapep.houston.dxc.com/DefaultService_IndexManagementWSVi/DefaultServiceData_IndexManagementWSVi/DefaultBinding_IndexManagementWSVi",
          "assets_na": false,
          "assets_uids": [
            "6671e863e47589d518f9111b"
          ],
          "created_at": 1734444433,
          "status": "fixed"
        },
        {
          "type": "url",
          "value": "https://csc100.csc.com/DefaultService_IndexManagementWSVi/DefaultServiceData_IndexManagementWSVi/DefaultBinding_IndexManagementWSVi",
          "assets_na": false,
          "assets_uids": [
            "6671e863e47589d518f91109"
          ],
          "created_at": 1734444433,
          "status": "fixed"
        }
      ]
    },
    {
      "categories": [
        "Information Disclosure",
        "Unverifiable Credentials"
      ],
      "exploitable_locations": [
        {
          "type": "url",
          "value": "https://prp-itg-sapep.houston.dxc.com/profile/global/security/rsecssfs/data/SSFS_EGT.DAT",
          "assets_na": false,
          "assets_uids": [
            "66ffae4871ee3b47f1681e97"
          ],
          "created_at": 1729671435,
          "status": "fixed"
        }
      ]
    },
    {
      "categories": [
        "Information Disclosure",
        "Unverifiable Credentials"
      ],
      "exploitable_locations": [
        {
          "type": "url",
          "value": "https://prp-itg-sapep.houston.dxc.com/profile/global/security/data/icmauth.txt",
          "assets_na": false,
          "assets_uids": [
            "66ffae4871ee3b47f1681e97"
          ],
          "created_at": 1729673099,
          "status": "fixed"
        }
      ]
    },
    {
      "categories": [
        "Information Disclosure",
        "Unverifiable Credentials"
      ],
      "exploitable_locations": [
        {
          "type": "url",
          "value": "https://prp-itg-sapep.houston.dxc.com/profile/global/opentext/invoiceCfg/configuration.xml",
          "assets_na": false,
          "assets_uids": [
            "66ffae4871ee3b47f1681e97"
          ],
          "created_at": 1729680240,
          "status": "fixed"
        }
      ]
    },
    {
      "categories": [
        "Authorization/Permissions",
        "Server Side Request Forgery(SSRF)- Limited"
      ],
      "exploitable_locations": [
        {
          "type": "url",
          "value": "https://prp-itg-sapep.houston.dxc.com/uddi/api/replication",
          "assets_na": false,
          "assets_uids": [
            "66ffae4871ee3b47f1681e97"
          ],
          "created_at": 1729939572,
          "status": "fixed"
        }
      ]
    },
    {
      "categories": [
        "Information Disclosure",
        "Unverifiable Credentials"
      ],
      "exploitable_locations": [
        {
          "type": "url",
          "value": "https://prp-itg-sapep.houston.dxc.com/profile/global/security_backup/data/JUpgrade.properties",
          "assets_na": false,
          "assets_uids": [
            "66ffae4871ee3b47f1681e97"
          ],
          "created_at": 1730137419,
          "status": "fixed"
        }
      ]
    },
    {
      "categories": [
        "Cross-Site Scripting (XSS)",
        "Reflected XSS"
      ],
      "exploitable_locations": [
        {
          "type": "url",
          "value": "https://qafrats.dxc.com/sap(bD1lbiZjPTAwMA==)/public/bsp/sap/system_public/logon.htm",
          "assets_na": false,
          "assets_uids": [
            "66ffae7971ee3b47f1681e9c"
          ],
          "created_at": 1730202264,
          "status": "pending"
        }
      ]
    },
    {
      "categories": [
        "Functional/Business Logic",
        "Functionality Abuse with Malicious Impact"
      ],
      "exploitable_locations": [
        {
          "type": "url",
          "value": "https://am.aries.dxc.com/training/user_edit_aries.aspx",
          "assets_na": false,
          "assets_uids": [
            "66ffad705a0e02e3fdd0b1e5"
          ],
          "created_at": 1730328501,
          "status": "fixed"
        }
      ]
    },
    {
      "categories": [
        "Cross-Site Scripting (XSS)",
        "Reflected XSS"
      ],
      "exploitable_locations": [
        {
          "type": "url",
          "value": "https://prp-pro-sapep.houston.dxc.com/SAPIrExtHelp/",
          "assets_na": false,
          "assets_uids": [
            "66ffad245a0e02e3fdd0b1dd"
          ],
          "created_at": 1730625517,
          "status": "fixed"
        }
      ]
    },
    {
      "categories": [
        "Information Disclosure",
        "Unverifiable Credentials"
      ],
      "exploitable_locations": [
        {
          "type": "url",
          "value": "https://prp-itg-sapep.houston.dxc.com/profile/global/global/pcd/pcdStartup.properties",
          "assets_na": false,
          "assets_uids": [
            "66ffae4871ee3b47f1681e97"
          ],
          "created_at": 1730637019,
          "status": "fixed"
        },
        {
          "type": "url",
          "value": "https://prp-itg-sapep.houston.dxc.com/profile/global/global/pcd/pcdStartup.properties.20080219",
          "assets_na": false,
          "assets_uids": [
            "66ffae4871ee3b47f1681e97"
          ],
          "created_at": 1730637019,
          "status": "fixed"
        },
        {
          "type": "url",
          "value": "https://prp-itg-sapep.houston.dxc.com/profile/global/global/pcd/pcdStartup.properties.20120828",
          "assets_na": false,
          "assets_uids": [
            "66ffae4871ee3b47f1681e97"
          ],
          "created_at": 1730637019,
          "status": "fixed"
        }
      ]
    },
    {
      "categories": [
        "Authorization/Permissions",
        "Server Side Request Forgery(SSRF)- Limited"
      ],
      "exploitable_locations": [
        {
          "type": "url",
          "value": "https://prp-itg-sapep.houston.dxc.com/_tc~monitoring~webservice~web/ServerNodesWSService",
          "assets_na": false,
          "assets_uids": [
            "66ffae4871ee3b47f1681e97"
          ],
          "created_at": 1730716762,
          "status": "fixed"
        }
      ]
    },
    {
      "categories": [
        "Authentication/Session Management",
        "Account Enumeration"
      ],
      "exploitable_locations": [
        {
          "type": "url",
          "value": "https://prp-itg-sapep.houston.dxc.com/webdynpro/resources/sap.com/tc~eu~jwf~wf~wdtd_jwf/JWFTestAddAssignees",
          "assets_na": false,
          "assets_uids": [
            "66ffae4871ee3b47f1681e97"
          ],
          "created_at": 1730702740,
          "status": "fixed"
        }
      ]
    },
    {
      "categories": [
        "Information Disclosure",
        "Unverifiable Credentials"
      ],
      "exploitable_locations": [
        {
          "type": "url",
          "value": "https://prp-itg-sapep.houston.dxc.com/profile/global/security_backup/data/icmauth.txt",
          "assets_na": false,
          "assets_uids": [
            "66ffae4871ee3b47f1681e97"
          ],
          "created_at": 1731191683,
          "status": "fixed"
        }
      ]
    },
    {
      "categories": [
        "Information Disclosure",
        "Unverifiable Credentials"
      ],
      "exploitable_locations": [
        {
          "type": "url",
          "value": "https://prp-itg-sapep.houston.dxc.com/profile/global/sapcontrol/snapshots/",
          "assets_na": false,
          "assets_uids": [
            "66ffae4871ee3b47f1681e9a"
          ],
          "created_at": 1731626773,
          "status": "fixed"
        }
      ]
    },
    {
      "categories": [
        "Information Disclosure",
        "Unverifiable Credentials"
      ],
      "exploitable_locations": [
        {
          "type": "url",
          "value": "https://prp-itg-sapep.houston.dxc.com/cluster/server3/temp/webdynpro/pool/~wd_key_P99WOn7mYDEYYTd2",
          "assets_na": false,
          "assets_uids": [
            "66ffae4871ee3b47f1681e97"
          ],
          "created_at": 1732037727,
          "status": "fixed"
        },
        {
          "type": "url",
          "value": "https://prp-itg-sapep.houston.dxc.com/cluster/server3/temp/webdynpro/pool/~wd_key_hKiXuWXUppMFKI3h",
          "assets_na": false,
          "assets_uids": [
            "66ffae4871ee3b47f1681e97"
          ],
          "created_at": 1732037727,
          "status": "fixed"
        },
        {
          "type": "url",
          "value": "https://prp-itg-sapep.houston.dxc.com/cluster/server3/temp/webdynpro/pool/~wd_key_Z3Be4fBzwEAnGNxe",
          "assets_na": false,
          "assets_uids": [
            "66ffae4871ee3b47f1681e97"
          ],
          "created_at": 1732037727,
          "status": "fixed"
        },
        {
          "type": "url",
          "value": "https://prp-itg-sapep.houston.dxc.com/cluster/server3/temp/webdynpro/pool/~wd_key_iVbI9FaFaSCQRdwD",
          "assets_na": false,
          "assets_uids": [
            "66ffae4871ee3b47f1681e97"
          ],
          "created_at": 1732037727,
          "status": "fixed"
        },
        {
          "type": "url",
          "value": "https://prp-itg-sapep.houston.dxc.com/cluster/server3/temp/webdynpro/pool/~wd_key_zkzncnEU4DWImxxo",
          "assets_na": false,
          "assets_uids": [
            "66ffae4871ee3b47f1681e97"
          ],
          "created_at": 1732037727,
          "status": "fixed"
        },
        {
          "type": "url",
          "value": "https://prp-itg-sapep.houston.dxc.com/cluster/server3/temp/webdynpro/pool/~wd_key_UJVDeZCOl7EatFOe",
          "assets_na": false,
          "assets_uids": [
            "66ffae4871ee3b47f1681e97"
          ],
          "created_at": 1732037727,
          "status": "fixed"
        },
        {
          "type": "url",
          "value": "https://prp-itg-sapep.houston.dxc.com/cluster/server2/temp/webdynpro/pool/~wd_key_7uOlrA1mdiTzyrN1",
          "assets_na": false,
          "assets_uids": [
            "66ffae4871ee3b47f1681e97"
          ],
          "created_at": 1732037727,
          "status": "fixed"
        },
        {
          "type": "url",
          "value": "https://prp-itg-sapep.houston.dxc.com/cluster/server1_bck/temp/webdynpro/pool/~wd_key_8rOBjHlAMgvC8ZyF",
          "assets_na": false,
          "assets_uids": [
            "66ffae4871ee3b47f1681e97"
          ],
          "created_at": 1732037727,
          "status": "fixed"
        },
        {
          "type": "url",
          "value": "https://prp-itg-sapep.houston.dxc.com/cluster/server2_bck/temp/webdynpro/pool/~wd_key_mi4L5TsoU6K93ZUC",
          "assets_na": false,
          "assets_uids": [
            "66ffae4871ee3b47f1681e97"
          ],
          "created_at": 1732037727,
          "status": "fixed"
        },
        {
          "type": "url",
          "value": "https://prp-itg-sapep.houston.dxc.com/cluster/server3_bck/temp/webdynpro/pool/~wd_key_YRH3AtSlgywfcYRo",
          "assets_na": false,
          "assets_uids": [
            "66ffae4871ee3b47f1681e97"
          ],
          "created_at": 1732037727,
          "status": "fixed"
        }
      ]
    },
    {
      "categories": [
        "Cross-Site Scripting (XSS)",
        "Reflected XSS"
      ],
      "exploitable_locations": [
        {
          "type": "url",
          "value": "https://prp-pro-sapep.houston.dxc.com/sdic/support/ping2.jsp",
          "assets_na": false,
          "assets_uids": [
            "66ffad245a0e02e3fdd0b1dd"
          ],
          "created_at": 1734367834,
          "status": "fixed"
        }
      ]
    },
    {
      "categories": [
        "Cross-Site Scripting (XSS)",
        "Reflected XSS"
      ],
      "exploitable_locations": [
        {
          "type": "url",
          "value": "https://prp-pro-sapep.houston.dxc.com/sdic/support/ping2.jsp",
          "assets_na": false,
          "assets_uids": [
            "66ffad245a0e02e3fdd0b1e0"
          ],
          "created_at": 1734370045,
          "status": "fixed"
        }
      ]
    },
    {
      "categories": [
        "Information Disclosure",
        "Leaked Credentials (High Privilege)"
      ],
      "exploitable_locations": []
    },
    {
      "categories": [
        "Authorization/Permissions",
        "Access Control Violation (High Privileged Functions - Read/Write or Write Only)"
      ],
      "exploitable_locations": [
        {
          "type": "url",
          "value": "https://prp-pro-sapep.houston.dxc.com/DefaultService_RepositoryFrameworkWSVi/DefaultServiceData_RepositoryFrameworkWSVi/DefaultBinding_RepositoryFrameworkWSVi",
          "assets_na": false,
          "assets_uids": [
            "66ffad245a0e02e3fdd0b1dd"
          ],
          "created_at": 1734830793,
          "status": "fixed"
        },
        {
          "type": "url",
          "value": "https://csc100.csc.com/DefaultService_RepositoryFrameworkWSVi/DefaultServiceData_RepositoryFrameworkWSVi/DefaultBinding_RepositoryFrameworkWSVi",
          "assets_na": false,
          "assets_uids": [
            "66ffab685a0e02e3fdd0b1b0"
          ],
          "created_at": 1734830793,
          "status": "fixed"
        }
      ]
    },
    {
      "categories": [
        "Content Injection",
        "Spoof HTML Content"
      ],
      "exploitable_locations": [
        {
          "type": "url",
          "value": "https://myfrats.dxc.com/sap/saml2/%3ca+href=//x.com%3egon52/acs/100",
          "assets_na": false,
          "assets_uids": [
            "66ffac6f71ee3b47f1681e60"
          ],
          "created_at": 1738781276,
          "status": "pending"
        }
      ]
    },
    {
      "categories": [
        "Content Injection",
        "Spoof HTML Content"
      ],
      "exploitable_locations": [
        {
          "type": "url",
          "value": "https://qafrats.dxc.com/sap/saml2/%3Ca+href=//x.com%3Egon52/acs/100",
          "assets_na": false,
          "assets_uids": [
            "66ffae7971ee3b47f1681e9c"
          ],
          "created_at": 1738781280,
          "status": "pending"
        }
      ]
    },
    {
      "categories": [
        "SQL Injection",
        "SQL Injection- Full"
      ],
      "exploitable_locations": [
        {
          "type": "url",
          "value": "https://am.aries.dxc.com/",
          "assets_na": false,
          "assets_uids": [
            "66ffad705a0e02e3fdd0b1e5"
          ],
          "created_at": 1728629589,
          "status": "fixed"
        }
      ]
    },
    {
      "categories": [
        "Information Disclosure",
        "Leaked Credentials (Low Privilege)"
      ],
      "exploitable_locations": [
        {
          "type": "url",
          "value": "https://artifactory.dxc.com",
          "assets_na": false,
          "assets_uids": [
            "672e30ddf43ffe82f09bd3fc"
          ],
          "created_at": 1739429737,
          "status": "pending"
        },
        {
          "type": "other",
          "value": "svc-metavance_base-generic",
          "assets_na": false,
          "assets_uids": [
            "672e30ddf43ffe82f09bd3fc"
          ],
          "created_at": 1739429737,
          "status": "pending"
        }
      ]
    },
    {
      "categories": [
        "SQL Injection",
        "SQL Injection- Full"
      ],
      "exploitable_locations": [
        {
          "type": "url",
          "value": "https://am.aries.dxc.com/invalid_login.aspx",
          "assets_uids": [
            "66ffad705a0e02e3fdd0b1e5"
          ],
          "created_at": 1728639262,
          "status": "fixed"
        }
      ]
    },
    {
      "categories": [
        "SQL Injection",
        "SQL Injection- Full"
      ],
      "exploitable_locations": [
        {
          "type": "url",
          "value": "https://am.aries.dxc.com/exit_registration.aspx",
          "assets_na": "true",
          "assets_uids": [],
          "created_at": 1728642093,
          "status": "fixed"
        }
      ]
    },
    {
      "categories": [
        "SQL Injection",
        "SQL Injection- Full"
      ],
      "exploitable_locations": [
        {
          "type": "url",
          "value": "https://am.aries.dxc.com/training/user_edit_aries.aspx",
          "assets_uids": [
            "66ffad705a0e02e3fdd0b1e5"
          ],
          "created_at": 1728642451,
          "status": "fixed"
        }
      ]
    }
  ]
}