{
  "listing_id": "7any1bnm5c",
  "type": "categories",
  "value": [
    {
      "categories": [
        "Other",
        "Other - Please describe"
      ],
      "exploitable_locations": [
        {
          "type": "ip",
          "protocol": "tcp",
          "address": "202.155.241.248",
          "port": "443",
          "created_at": 1634158078,
          "status": "pending"
        },
        {
          "type": "ip",
          "protocol": "tcp",
          "address": "202.155.241.225",
          "port": "443",
          "created_at": 1634158078,
          "status": "pending"
        }
      ]
    },
    {
      "categories": [
        "Server/Application Misconfiguration",
        "Host Header Injection"
      ],
      "exploitable_locations": [
        {
          "type": "url",
          "value": "https://beta.pjc.com/1col.aspx",
          "created_at": 1634887473,
          "status": "pending"
        }
      ]
    },
    {
      "categories": [
        "Cross-Site Scripting (XSS)",
        "Reflected XSS"
      ],
      "exploitable_locations": [
        {
          "type": "url",
          "value": "https://beta.pjc.com/",
          "created_at": 1634887892,
          "status": "pending"
        }
      ]
    },
    {
      "categories": [
        "Functional/Business Logic",
        "Improper Input Validation"
      ],
      "exploitable_locations": [
        {
          "type": "url",
          "value": "https://beta.pjc.com/searchresults",
          "created_at": 1638344300,
          "status": "pending"
        }
      ]
    },
    {
      "categories": [
        "Brute Force",
        "Bypass of Rate Limiting Protections (i.e. CAPTCHA)"
      ],
      "exploitable_locations": [
        {
          "type": "url",
          "value": "https://dr.pjc.com/3col.aspx",
          "created_at": 1638384641,
          "status": "pending"
        }
      ]
    },
    {
      "categories": [
        "Information Disclosure",
        "Sensitive Client Information Disclosed"
      ],
      "exploitable_locations": [
        {
          "type": "ip",
          "protocol": "tcp",
          "address": "202.155.241.168",
          "port": "548",
          "created_at": 1638522799,
          "status": "pending"
        }
      ]
    },
    {
      "categories": [
        "Brute Force",
        "Lack of Rate Limiting Protections  (i.e. CAPTCHA)"
      ],
      "exploitable_locations": [
        {
          "type": "url",
          "value": "https://beta.pjc.com/2col.aspx",
          "created_at": 1639004099,
          "status": "pending"
        },
        {
          "type": "url",
          "value": "https://beta.pjc.com/private/1col.aspx",
          "created_at": 1639004099,
          "status": "pending"
        }
      ]
    },
    {
      "categories": [
        "Authorization/Permissions",
        "Access/Privacy Control Violation"
      ],
      "exploitable_locations": [
        {
          "type": "ip",
          "protocol": "tcp",
          "address": "202.155.241.248",
          "port": "4043",
          "created_at": 1645704620,
          "status": "pending"
        },
        {
          "type": "ip",
          "protocol": "tcp",
          "address": "202.155.241.179",
          "port": "4043",
          "created_at": 1645704620,
          "status": "pending"
        }
      ]
    },
    {
      "categories": [
        "Information Disclosure",
        "Sensitive Client Information Disclosed"
      ],
      "exploitable_locations": [
        {
          "type": "url",
          "value": "https://206.15.202.28/",
          "created_at": 1657327685,
          "status": "pending"
        }
      ]
    },
    {
      "categories": [
        "Information Disclosure",
        "Sensitive Client Information Disclosed"
      ],
      "exploitable_locations": [
        {
          "type": "url",
          "value": "https://206.15.202.29/",
          "created_at": 1657328221,
          "status": "pending"
        }
      ]
    },
    {
      "categories": [
        "SQL Injection",
        "SQL Injection- Full"
      ],
      "exploitable_locations": []
    },
    {
      "categories": [
        "Server/Application Misconfiguration",
        "Open Mail Relay"
      ],
      "exploitable_locations": [
        {
          "type": "ip",
          "protocol": "tcp",
          "address": "206.15.207.138",
          "port": "25",
          "created_at": 1678970594,
          "status": "pending"
        }
      ]
    },
    {
      "categories": [
        "Authorization/Permissions",
        "Server Side Request Forgery(SSRF)- Limited"
      ],
      "exploitable_locations": [
        {
          "type": "url",
          "value": "https://beta.pjc.com/",
          "assets_na": false,
          "assets_uids": [
            "61702956a2145c0001691972"
          ],
          "created_at": 1686068954,
          "status": "pending"
        }
      ]
    },
    {
      "categories": [
        "Cross-Site Scripting (XSS)",
        "Reflected XSS"
      ],
      "exploitable_locations": [
        {
          "type": "url",
          "value": "https://206.15.204.199/oauth/idp/logout",
          "assets_na": false,
          "assets_uids": [
            "43ba778a43458239be20f4e4"
          ],
          "created_at": 1688278273,
          "status": "pending"
        }
      ]
    },
    {
      "categories": [
        "Other",
        "Other - Please describe"
      ],
      "exploitable_locations": [
        {
          "type": "url",
          "value": "https://206.15.207.199/oauth/idp/logout",
          "assets_na": false,
          "assets_uids": [
            "7b2a458ed4ba31e3d800b364"
          ],
          "created_at": 1688278554,
          "status": "pending"
        }
      ]
    },
    {
      "categories": [
        "Functional/Business Logic",
        "Unvalidated Redirects"
      ],
      "exploitable_locations": [
        {
          "type": "url",
          "value": "https://206.15.204.199/oauth/idp/logout",
          "assets_na": false,
          "assets_uids": [
            "43ba778a43458239be20f4e4"
          ],
          "created_at": 1688279104,
          "status": "pending"
        }
      ]
    },
    {
      "categories": [
        "Functional/Business Logic",
        "Unvalidated Redirects"
      ],
      "exploitable_locations": [
        {
          "type": "url",
          "value": "https://206.15.207.199/oauth/idp/logout",
          "assets_na": false,
          "assets_uids": [
            "7b2a458ed4ba31e3d800b364"
          ],
          "created_at": 1688279312,
          "status": "pending"
        }
      ]
    },
    {
      "categories": [
        "Information Disclosure",
        "Sensitive Information Leak to third-parties"
      ],
      "exploitable_locations": [
        {
          "type": "url",
          "value": "http://206.15.204.183/jasperreports",
          "assets_na": false,
          "assets_uids": [
            "c966a176ae0faebd8e985be6"
          ],
          "created_at": 1696188008,
          "status": "pending"
        }
      ]
    },
    {
      "categories": [
        "Information Disclosure",
        "Sensitive Directory/File Contents Disclosed"
      ],
      "exploitable_locations": [
        {
          "type": "url",
          "value": "http://pipersandlerheartlandsummit.com/includes/ajax.js",
          "assets_na": false,
          "assets_uids": [
            "02d7941c3d1c1fbccd0154ca"
          ],
          "created_at": 1697237081,
          "status": "pending"
        },
        {
          "type": "url",
          "value": "http://pipersandlerheartlandsummit.com/includes/common.js",
          "assets_na": false,
          "assets_uids": [
            "02d7941c3d1c1fbccd0154ca"
          ],
          "created_at": 1697237081,
          "status": "pending"
        }
      ]
    },
    {
      "categories": [
        "Cross-Site Scripting (XSS)",
        "Reflected XSS"
      ],
      "exploitable_locations": [
        {
          "type": "ip",
          "protocol": "tcp",
          "address": "206.15.202.28",
          "port": "443",
          "assets_na": false,
          "assets_uids": [
            "02d7941c3d1c1fbccd0154ca"
          ],
          "created_at": 1698027370,
          "status": "pending"
        },
        {
          "type": "ip",
          "protocol": "tcp",
          "address": "206.15.204.28",
          "port": "443",
          "assets_na": false,
          "assets_uids": [
            "65a0a15baab198c722125735"
          ],
          "created_at": 1698027370,
          "status": "pending"
        }
      ]
    },
    {
      "categories": [
        "Information Disclosure",
        "Sensitive Client Information Disclosed"
      ],
      "exploitable_locations": [
        {
          "type": "url",
          "value": "https://206.15.204.180/vcard/*.vcf",
          "assets_na": true,
          "assets_uids": [],
          "created_at": 1709909701,
          "status": "pending"
        }
      ]
    },
    {
      "categories": [
        "Information Disclosure",
        "Sensitive Client Information Disclosed"
      ],
      "exploitable_locations": [
        {
          "type": "url",
          "value": "https://beta.pjc.com/private/pdf/*",
          "assets_na": false,
          "assets_uids": [
            "61702956a2145c0001691972"
          ],
          "created_at": 1720604115,
          "status": "pending"
        }
      ]
    },
    {
      "categories": [
        "Information Disclosure",
        "Sensitive Client Information Disclosed"
      ],
      "exploitable_locations": [
        {
          "type": "url",
          "value": "https://beta.pjc.com/vcard/*",
          "assets_na": false,
          "assets_uids": [
            "61702956a2145c0001691972"
          ],
          "created_at": 1720604332,
          "status": "pending"
        }
      ]
    },
    {
      "categories": [
        "Information Disclosure",
        "Directory Contents Disclosed"
      ],
      "exploitable_locations": [
        {
          "type": "url",
          "value": "https://beta.pjc.com/pulse/",
          "assets_na": false,
          "assets_uids": [
            "61702956a2145c0001691972"
          ],
          "created_at": 1720604619,
          "status": "pending"
        }
      ]
    },
    {
      "categories": [
        "Server/Application Misconfiguration",
        "Host Header Injection"
      ],
      "exploitable_locations": [
        {
          "type": "ip",
          "protocol": "tcp",
          "address": "206.15.204.180",
          "port": "443",
          "assets_na": true,
          "assets_uids": [],
          "created_at": 1723454860,
          "status": "pending"
        }
      ]
    },
    {
      "categories": [
        "Information Disclosure",
        "Sensitive Client Information Disclosed"
      ],
      "exploitable_locations": [
        {
          "type": "url",
          "value": "https://secure.psc.com/private/pdf/mansfieldchartbook-amex.pdf",
          "assets_na": true,
          "assets_uids": [],
          "created_at": 1726635670,
          "status": "pending"
        },
        {
          "type": "url",
          "value": "https://secure.psc.com/private/pdf/mansfieldchartbook-top200.pdf",
          "assets_na": true,
          "assets_uids": [],
          "created_at": 1726635670,
          "status": "pending"
        }
      ]
    },
    {
      "categories": [
        "Authorization/Permissions",
        "Access/Privacy Control Violation"
      ],
      "exploitable_locations": [
        {
          "type": "ip",
          "protocol": "tcp",
          "address": "202.155.241.225",
          "port": "4043",
          "created_at": 1634475198,
          "status": "pending"
        },
        {
          "type": "ip",
          "protocol": "tcp",
          "address": "202.155.241.248",
          "port": "4043",
          "created_at": 1634475198,
          "status": "pending"
        }
      ]
    },
    {
      "categories": [
        "Information Disclosure",
        "Sensitive Client Information Disclosed"
      ],
      "exploitable_locations": [
        {
          "type": "url",
          "value": "https://secure.psc.com/private/pdf/collins.pdf",
          "assets_na": true,
          "assets_uids": [],
          "created_at": 1726774835,
          "status": "pending"
        },
        {
          "type": "url",
          "value": "https://secure.psc.com/private/pdf/employment.pdf",
          "assets_na": true,
          "assets_uids": [],
          "created_at": 1726774835,
          "status": "pending"
        }
      ]
    },
    {
      "categories": [
        "Information Disclosure",
        "Sensitive Client Information Disclosed"
      ],
      "exploitable_locations": [
        {
          "type": "url",
          "value": "https://secure.psc.com/private/pdf/mansfieldchartbook-spx.pdf",
          "assets_na": true,
          "assets_uids": [],
          "created_at": 1726855168,
          "status": "pending"
        }
      ]
    },
    {
      "categories": [
        "Server/Application Misconfiguration",
        "Insecure Data Storage"
      ],
      "exploitable_locations": [
        {
          "type": "ip",
          "protocol": "tcp",
          "address": "202.155.241.179",
          "port": "4043",
          "created_at": 1634487956,
          "status": "pending"
        }
      ]
    },
    {
      "categories": [
        "Server/Application Misconfiguration",
        "Using Known Vulnerable Software"
      ],
      "exploitable_locations": [
        {
          "type": "ip",
          "protocol": "tcp",
          "address": "202.155.241.168",
          "port": "49153",
          "created_at": 1634822705,
          "status": "pending"
        }
      ]
    },
    {
      "categories": [
        "Server/Application Misconfiguration",
        "Host Header Injection"
      ],
      "exploitable_locations": [
        {
          "type": "url",
          "value": "https://www.pipersandler.com/1col.aspx",
          "created_at": 1634886700,
          "status": "pending"
        }
      ]
    }
  ]
}