{
  "listing_id": "7npkzwt0aj",
  "type": "categories",
  "value": [
    {
      "categories": [
        "Authorization/Permissions",
        "Access Control Violation (High Privileged Functions-Read Only)"
      ],
      "exploitable_locations": [
        {
          "type": "url",
          "value": "https://www.emckeeapps.com/DistributorAuth/Application/GetApplication",
          "assets_na": false,
          "assets_uids": [
            "64e6a26cda666a06e3730305"
          ],
          "created_at": 1701218438,
          "status": "pending"
        }
      ]
    },
    {
      "categories": [
        "Authorization/Permissions",
        "Access Control Violation (High Privileged Functions-Read Only)"
      ],
      "exploitable_locations": [
        {
          "type": "url",
          "value": "https://www.emckeeapps.com/DistributorAuth/ApplicationNotification/GetAll",
          "assets_na": false,
          "assets_uids": [
            "64e6a26cda666a06e3730305"
          ],
          "created_at": 1701218457,
          "status": "pending"
        }
      ]
    },
    {
      "categories": [
        "Authorization/Permissions",
        "Access Control Violation (High Privileged Functions-Read Only)"
      ],
      "exploitable_locations": [
        {
          "type": "url",
          "value": "https://www.emckeeapps.com/DistributorAuth/ApplicationReport/GetAll",
          "assets_na": false,
          "assets_uids": [
            "64e6a26cda666a06e3730305"
          ],
          "created_at": 1701218463,
          "status": "pending"
        }
      ]
    },
    {
      "categories": [
        "Other",
        "Other - Please describe"
      ],
      "exploitable_locations": [
        {
          "type": "ip",
          "protocol": "tcp",
          "address": "66.18.52.105",
          "port": "22",
          "assets_na": false,
          "assets_uids": [
            "64e5eb9dcd4940be582ba7db"
          ],
          "created_at": 1704110125,
          "status": "pending"
        },
        {
          "type": "ip",
          "protocol": "tcp",
          "address": "66.18.52.106",
          "port": "22",
          "assets_na": false,
          "assets_uids": [
            "64e6a019cd4940be582c89a3"
          ],
          "created_at": 1704110125,
          "status": "pending"
        }
      ]
    },
    {
      "categories": [
        "Information Disclosure",
        "Software Version Disclosed"
      ],
      "exploitable_locations": [
        {
          "type": "url",
          "value": "https://www.emckeeapps.com/DistributorAuth/Content/",
          "assets_na": false,
          "assets_uids": [
            "64e6a26cda666a06e3730305"
          ],
          "created_at": 1718879063,
          "status": "pending"
        }
      ]
    },
    {
      "categories": [
        "Information Disclosure",
        "Sensitive Client Information Disclosed"
      ],
      "exploitable_locations": [
        {
          "type": "url",
          "value": "https://sales.mckee.com/training/ideas/IDEAS-iphone.pdf",
          "assets_na": false,
          "assets_uids": [
            "64e5f04dcd4940be582bab01"
          ],
          "created_at": 1720088670,
          "status": "pending"
        }
      ]
    },
    {
      "categories": [
        "Information Disclosure",
        "Sensitive Directory/File Contents Disclosed"
      ],
      "exploitable_locations": [
        {
          "type": "url",
          "value": "https://www.emckeeapps.com/DistributorAuth/Validation/ValidationEmail",
          "assets_na": false,
          "assets_uids": [
            "64e6a26cda666a06e3730305"
          ],
          "created_at": 1724837805,
          "status": "pending"
        },
        {
          "type": "url",
          "value": "https://www.emckeeapps.com/Container/Home/GetPicker",
          "assets_na": false,
          "assets_uids": [
            "64e6a26cda666a06e3730305"
          ],
          "created_at": 1724837805,
          "status": "pending"
        }
      ]
    },
    {
      "categories": [
        "Information Disclosure",
        "Sensitive Directory/File Contents Disclosed"
      ],
      "exploitable_locations": [
        {
          "type": "url",
          "value": "https://www.emckeeapps.com/DistributorAuth/AppAccount/CheckLogin",
          "assets_na": false,
          "assets_uids": [
            "64e6a26cda666a06e3730305"
          ],
          "created_at": 1728125960,
          "status": "pending"
        }
      ]
    }
  ]
}