{
  "listing_id": "7oa6c519ew",
  "type": "categories",
  "value": [
    {
      "categories": [
        "Functional/Business Logic",
        "Unvalidated Redirects"
      ],
      "exploitable_locations": [
        {
          "type": "url",
          "value": "https://stg3.wildfire.paloaltonetworks.com/wildfire/loginprocess",
          "created_at": 1616875538,
          "status": "wont_fix"
        }
      ]
    },
    {
      "categories": [
        "Cross-Site Scripting (XSS)",
        "Reflected XSS"
      ],
      "exploitable_locations": [
        {
          "type": "url",
          "value": "https://stg3.wildfire.paloaltonetworks.com/wildfire/reportlist/Manual/0a",
          "assets_na": false,
          "assets_uids": [
            "5f7790fc8bf4e50001c9edc5"
          ],
          "created_at": 1690950993,
          "status": "fixed"
        }
      ]
    },
    {
      "categories": [
        "Authentication/Session Management",
        "SSO Authentication Bypass"
      ],
      "exploitable_locations": [
        {
          "type": "url",
          "value": "https://stg3.wildfire.paloaltonetworks.com/wildfire/loginprocess",
          "assets_na": false,
          "assets_uids": [
            "5f7790fc8bf4e50001c9edc5"
          ],
          "created_at": 1698432288,
          "status": "fixed"
        }
      ]
    }
  ]
}