{
  "listing_id": "7oa6c519ew",
  "type": "categories",
  "value": [
    {
      "categories": [
        "Cross-site Request Forgery (CSRF)",
        "**CSRF Protection Missing**"
      ],
      "exploitable_locations": [
        {
          "type": "url",
          "value": "https://wildfire.paloaltonetworks.com/publicapi/get/report",
          "created_at": 1605042824,
          "status": "pending"
        }
      ]
    },
    {
      "categories": [
        "Authorization/Permissions",
        "Server Side Request Forgery(SSRF)- Limited"
      ],
      "exploitable_locations": [
        {
          "type": "url",
          "value": "https://stg3.wildfire.paloaltonetworks.com/scan_upload",
          "assets_na": false,
          "assets_uids": [
            "5f7790fc8bf4e50001c9edc5"
          ],
          "created_at": 1723949670,
          "status": "pending"
        }
      ]
    },
    {
      "categories": [
        "Authorization/Permissions",
        "Server Side Request Forgery(SSRF)- Limited"
      ],
      "exploitable_locations": [
        {
          "type": "url",
          "value": "https://stg3.wildfire.paloaltonetworks.com/scan_upload",
          "assets_na": false,
          "assets_uids": [
            "5f7790fc8bf4e50001c9edc5"
          ],
          "created_at": 1725348784,
          "status": "pending"
        }
      ]
    },
    {
      "categories": [
        "Authorization/Permissions",
        "Server Side Request Forgery(SSRF)- Limited"
      ],
      "exploitable_locations": [
        {
          "type": "url",
          "value": "https://stg3.wildfire.paloaltonetworks.com/publicapi/submit/url",
          "assets_na": false,
          "assets_uids": [
            "5f7790fc8bf4e50001c9edc5"
          ],
          "created_at": 1725369605,
          "status": "pending"
        }
      ]
    },
    {
      "categories": [
        "Cryptography",
        "Cryptography Implementation Flaw"
      ],
      "exploitable_locations": [
        {
          "type": "url",
          "value": "https://stg3.wildfire.paloaltonetworks.com/wildfire/changeverdict",
          "created_at": 1624549120,
          "status": "pending"
        }
      ]
    },
    {
      "categories": [
        "Authorization/Permissions",
        "Server Side Request Forgery(SSRF)- Limited"
      ],
      "exploitable_locations": [
        {
          "type": "url",
          "value": "https://stg3.wildfire.paloaltonetworks.com/scan_upload",
          "created_at": 1650167938,
          "status": "pending"
        }
      ]
    },
    {
      "categories": [
        "Cross-Site Scripting (XSS)",
        "DOM-based XSS"
      ],
      "exploitable_locations": [
        {
          "type": "url",
          "value": "https://stg3.wildfire.paloaltonetworks.com/wildfire/reportlist/Manual/0a",
          "assets_na": false,
          "assets_uids": [
            "5f7790fc8bf4e50001c9edc5"
          ],
          "created_at": 1690389545,
          "status": "pending"
        }
      ]
    },
    {
      "categories": [
        "Functional/Business Logic",
        "Improper Input Validation"
      ],
      "exploitable_locations": [
        {
          "type": "url",
          "value": "https://stg3.wildfire.paloaltonetworks.com/wildfire/loginprocess",
          "assets_na": false,
          "assets_uids": [
            "5f7790fc8bf4e50001c9edc5"
          ],
          "created_at": 1698057077,
          "status": "pending"
        }
      ]
    },
    {
      "categories": [
        "Authorization/Permissions",
        "Server Side Request Forgery(SSRF)- Limited"
      ],
      "exploitable_locations": [
        {
          "type": "url",
          "value": "https://stg3.wildfire.paloaltonetworks.com/scan_upload",
          "assets_na": false,
          "assets_uids": [
            "5f7790fc8bf4e50001c9edc5"
          ],
          "created_at": 1698072847,
          "status": "pending"
        }
      ]
    }
  ]
}