{
  "listing_id": "7pdzmx95zh",
  "type": "categories",
  "value": [
    {
      "categories": [
        "Content Injection",
        "Spoof HTML Content"
      ],
      "exploitable_locations": [
        {
          "type": "url",
          "value": "https://www.infineon.com/cms/en/search.html#!term=",
          "assets_na": true,
          "assets_uids": [],
          "created_at": 1687572400,
          "status": "pending"
        }
      ]
    },
    {
      "categories": [
        "Authorization/Permissions",
        "Access/Privacy Control Violation"
      ],
      "exploitable_locations": [
        {
          "type": "url",
          "value": "https://web.cirrentsystems.com/2016-01/dashboard/106",
          "created_at": 1672294822,
          "status": "pending"
        }
      ]
    },
    {
      "categories": [
        "Authorization/Permissions",
        "Insecure Direct Object Reference (Read & Write)"
      ],
      "exploitable_locations": [
        {
          "type": "url",
          "value": "https://web.cirrentsystems.com/2016-01/account",
          "created_at": 1672303931,
          "status": "pending"
        }
      ]
    },
    {
      "categories": [
        "Information Disclosure",
        "Leaked Credentials (Low Privilege)"
      ],
      "exploitable_locations": [
        {
          "type": "url",
          "value": "https://sso.infineon.com/",
          "assets_na": false,
          "assets_uids": [
            "63a42d43fc7e2e58252d59b5"
          ],
          "created_at": 1735444249,
          "status": "pending"
        }
      ]
    },
    {
      "categories": [
        "Information Disclosure",
        "Sensitive Source Code"
      ],
      "exploitable_locations": [
        {
          "type": "url",
          "value": "https://itoolsmuc.infineon.com/stable/",
          "assets_na": false,
          "assets_uids": [
            "66a797172b7d7b4765ca9c6a"
          ],
          "created_at": 1736618095,
          "status": "pending"
        }
      ]
    },
    {
      "categories": [
        "SQL Injection",
        "SQL Injection- Full"
      ],
      "exploitable_locations": [
        {
          "type": "url",
          "value": "https://web.cirrentsystems.com/2016-01/ini_data/anomaly_data",
          "created_at": 1672305397,
          "status": "pending"
        }
      ]
    },
    {
      "categories": [
        "Authorization/Permissions",
        "Access/Privacy Control Violation"
      ],
      "exploitable_locations": [
        {
          "type": "url",
          "value": "https://web.cirrentsystems.com/2016-01/user",
          "created_at": 1672305765,
          "status": "pending"
        },
        {
          "type": "url",
          "value": "https://osts.infineon.com/account",
          "created_at": 1672305765,
          "status": "pending"
        }
      ]
    },
    {
      "categories": [
        "Authorization/Permissions",
        "Insecure Direct Object Reference (Read-Only)"
      ],
      "exploitable_locations": [
        {
          "type": "url",
          "value": "https://web.cirrentsystems.com/2016-01/account/2768",
          "created_at": 1672308208,
          "status": "pending"
        }
      ]
    },
    {
      "categories": [
        "Authorization/Permissions",
        "Access/Privacy Control Violation"
      ],
      "exploitable_locations": [
        {
          "type": "url",
          "value": "https://osts.infineon.com/cloud-id/claiming",
          "created_at": 1672308502,
          "status": "pending"
        },
        {
          "type": "url",
          "value": "https://osts.infineon.com/cloud-id/provisioning",
          "created_at": 1672308502,
          "status": "pending"
        },
        {
          "type": "url",
          "value": "https://cloudid.cirrentsystems.com/device-fleet/source-data/provision_key",
          "created_at": 1672308502,
          "status": "pending"
        },
        {
          "type": "url",
          "value": "https://cloudid.cirrentsystems.com/device-fleet/source-data/claim_voucher",
          "created_at": 1672308502,
          "status": "pending"
        }
      ]
    },
    {
      "categories": [
        "SQL Injection",
        "SQL Injection- Full"
      ],
      "exploitable_locations": [
        {
          "type": "url",
          "value": "https://web.cirrentsystems.com/2016-01/ini_data/correlate_data",
          "created_at": 1672313614,
          "status": "pending"
        }
      ]
    },
    {
      "categories": [
        "SQL Injection",
        "SQL Injection- Full"
      ],
      "exploitable_locations": [
        {
          "type": "url",
          "value": "https://web.cirrentsystems.com/2016-01/ini_data/quantifier_data",
          "created_at": 1672314733,
          "status": "pending"
        }
      ]
    },
    {
      "categories": [
        "Authorization/Permissions",
        "Access/Privacy Control Violation"
      ],
      "exploitable_locations": [
        {
          "type": "url",
          "value": "https://osts.infineon.com/account/edit-user-profile",
          "created_at": 1672326623,
          "status": "pending"
        }
      ]
    },
    {
      "categories": [
        "SQL Injection",
        "SQL Injection- Full"
      ],
      "exploitable_locations": [
        {
          "type": "url",
          "value": "https://web.cirrentsystems.com/2016-01/ini_data/quantifier_data",
          "created_at": 1672328753,
          "status": "pending"
        }
      ]
    },
    {
      "categories": [
        "SQL Injection",
        "SQL Injection- Full"
      ],
      "exploitable_locations": [
        {
          "type": "url",
          "value": "https://web.cirrentsystems.com/2016-01/ini_data/event_counts",
          "created_at": 1672331316,
          "status": "pending"
        }
      ]
    },
    {
      "categories": [
        "Authorization/Permissions",
        "Insecure Direct Object Reference (Read & Write)"
      ],
      "exploitable_locations": [
        {
          "type": "url",
          "value": "https://web.cirrentsystems.com/2016-01/account",
          "created_at": 1672295364,
          "status": "pending"
        }
      ]
    },
    {
      "categories": [
        "Authorization/Permissions",
        "Access/Privacy Control Violation"
      ],
      "exploitable_locations": [
        {
          "type": "url",
          "value": "https://web.cirrentsystems.com/2016-01/user/<ID>",
          "created_at": 1672331455,
          "status": "pending"
        }
      ]
    },
    {
      "categories": [
        "Authentication/Session Management",
        "Cookie-related Flaws"
      ],
      "exploitable_locations": [
        {
          "type": "url",
          "value": "https://sso.infineon.com/as/authorization.oauth2",
          "created_at": 1672347394,
          "status": "pending"
        },
        {
          "type": "url",
          "value": "https://sso.infineon.com/as/authorization.oauth2",
          "created_at": 1672347394,
          "status": "pending"
        }
      ]
    },
    {
      "categories": [
        "Functional/Business Logic",
        "Functionality Abuse with Malicious Impact"
      ],
      "exploitable_locations": [
        {
          "type": "url",
          "value": "https://osts.infineon.com/ini/dashboards/123",
          "created_at": 1672295771,
          "status": "pending"
        }
      ]
    },
    {
      "categories": [
        "Functional/Business Logic",
        "Unrestricted File Upload (No Execution Server-Side)"
      ],
      "exploitable_locations": [
        {
          "type": "url",
          "value": "https://web.cirrentsystems.com/2016-01/account-images",
          "created_at": 1672810923,
          "status": "pending"
        }
      ]
    },
    {
      "categories": [
        "SQL Injection",
        "SQL Injection- Full"
      ],
      "exploitable_locations": [
        {
          "type": "url",
          "value": "https://cloudid.cirrentsystems.com/device-fleet/source-data/provision_key",
          "created_at": 1672822973,
          "status": "pending"
        }
      ]
    },
    {
      "categories": [
        "SQL Injection",
        "SQL Injection- Full"
      ],
      "exploitable_locations": [
        {
          "type": "url",
          "value": "https://cloudid.cirrentsystems.com/device-fleet/source-data/claim_voucher",
          "created_at": 1672822976,
          "status": "pending"
        }
      ]
    },
    {
      "categories": [
        "Functional/Business Logic",
        "Functionality Abuse with Malicious Impact"
      ],
      "exploitable_locations": [
        {
          "type": "url",
          "value": "https://web.cirrentsystems.com/2016-01/user",
          "created_at": 1672826135,
          "status": "pending"
        }
      ]
    },
    {
      "categories": [
        "SQL Injection",
        "SQL Injection- Full"
      ],
      "exploitable_locations": [
        {
          "type": "url",
          "value": "https://cloudid.cirrentsystems.com/device-fleet/source-data/provision_key",
          "created_at": 1672851456,
          "status": "pending"
        }
      ]
    },
    {
      "categories": [
        "SQL Injection",
        "SQL Injection- Full"
      ],
      "exploitable_locations": [
        {
          "type": "url",
          "value": "https://web.cirrentsystems.com/2016-01/ini_data/quantifier_data",
          "created_at": 1672852680,
          "status": "pending"
        }
      ]
    },
    {
      "categories": [
        "Cryptography",
        "Cryptography Implementation Flaw"
      ],
      "exploitable_locations": [
        {
          "type": "url",
          "value": "https://cloudid.cirrentsystems.com/product_cloud_configurations",
          "created_at": 1672296761,
          "status": "pending"
        },
        {
          "type": "url",
          "value": "https://osts.infineon.com/cloud-id/provisioning",
          "created_at": 1672296761,
          "status": "pending"
        }
      ]
    },
    {
      "categories": [
        "Cryptography",
        "Cryptography Implementation Flaw"
      ],
      "exploitable_locations": [
        {
          "type": "url",
          "value": "https://cloudid.cirrentsystems.com/product_cloud_configurations",
          "created_at": 1672886426,
          "status": "pending"
        },
        {
          "type": "url",
          "value": "https://osts.infineon.com/cloud-id/provisioning",
          "created_at": 1672886426,
          "status": "pending"
        }
      ]
    },
    {
      "categories": [
        "SQL Injection",
        "SQL Injection- Full"
      ],
      "exploitable_locations": [
        {
          "type": "url",
          "value": "https://cloudid.cirrentsystems.com/device-fleet/source-data/provision_key",
          "created_at": 1672893324,
          "status": "pending"
        }
      ]
    },
    {
      "categories": [
        "SQL Injection",
        "SQL Injection- Full"
      ],
      "exploitable_locations": [
        {
          "type": "url",
          "value": "https://cloudid.cirrentsystems.com/device-fleet/source-data/claim_voucher",
          "created_at": 1672897707,
          "status": "pending"
        }
      ]
    },
    {
      "categories": [
        "Authorization/Permissions",
        "Insecure Direct Object Reference (Read & Write)"
      ],
      "exploitable_locations": [
        {
          "type": "url",
          "value": "https://web.cirrentsystems.com/2016-01/action_type/4342",
          "created_at": 1672929203,
          "status": "pending"
        },
        {
          "type": "url",
          "value": "https://web.cirrentsystems.com/2016-01/action_type/4342/[NAME]",
          "created_at": 1672929203,
          "status": "pending"
        }
      ]
    },
    {
      "categories": [
        "Authorization/Permissions",
        "Access/Privacy Control Violation"
      ],
      "exploitable_locations": [
        {
          "type": "url",
          "value": "https://osts.infineon.com/cloud-id/claiming",
          "created_at": 1672936589,
          "status": "pending"
        },
        {
          "type": "url",
          "value": "https://osts.infineon.com/cloud-id/provisioning",
          "created_at": 1672936589,
          "status": "pending"
        },
        {
          "type": "url",
          "value": "https://cloudid.cirrentsystems.com/device-fleet/source-data/provision_key",
          "created_at": 1672936589,
          "status": "pending"
        },
        {
          "type": "url",
          "value": "https://cloudid.cirrentsystems.com/device-fleet/source-data/claim_voucher",
          "created_at": 1672936589,
          "status": "pending"
        }
      ]
    },
    {
      "categories": [
        "Authorization/Permissions",
        "Access/Privacy Control Violation"
      ],
      "exploitable_locations": [
        {
          "type": "url",
          "value": "https://web.cirrentsystems.com/2016-01/user/<ID>",
          "created_at": 1672936892,
          "status": "pending"
        }
      ]
    },
    {
      "categories": [
        "Authorization/Permissions",
        "Access/Privacy Control Violation"
      ],
      "exploitable_locations": [
        {
          "type": "url",
          "value": "https://web.cirrentsystems.com/2016-01/user",
          "created_at": 1672937119,
          "status": "pending"
        },
        {
          "type": "url",
          "value": "https://osts.infineon.com/account",
          "created_at": 1672937119,
          "status": "pending"
        }
      ]
    },
    {
      "categories": [
        "Authorization/Permissions",
        "Insecure Direct Object Reference (Read & Write)"
      ],
      "exploitable_locations": [
        {
          "type": "url",
          "value": "https://web.cirrentsystems.com/2016-01/account",
          "created_at": 1672301148,
          "status": "pending"
        }
      ]
    },
    {
      "categories": [
        "Authorization/Permissions",
        "Insecure Direct Object Reference (Read & Write)"
      ],
      "exploitable_locations": [
        {
          "type": "url",
          "value": "https://web.cirrentsystems.com/2016-01/account",
          "created_at": 1672937309,
          "status": "pending"
        }
      ]
    },
    {
      "categories": [
        "Authorization/Permissions",
        "Access/Privacy Control Violation"
      ],
      "exploitable_locations": [
        {
          "type": "url",
          "value": "https://web.cirrentsystems.com/2016-01/data_export",
          "created_at": 1672939570,
          "status": "pending"
        },
        {
          "type": "url",
          "value": "https://osts.infineon.com/account/export",
          "created_at": 1672939570,
          "status": "pending"
        },
        {
          "type": "url",
          "value": "https://osts.infineon.com/account/edit-user-profile",
          "created_at": 1672939570,
          "status": "pending"
        },
        {
          "type": "url",
          "value": "https://web.cirrentsystems.com/2016-01/accounts",
          "created_at": 1672939570,
          "status": "pending"
        }
      ]
    },
    {
      "categories": [
        "Authorization/Permissions",
        "Insecure Direct Object Reference (Read-Only)"
      ],
      "exploitable_locations": [
        {
          "type": "url",
          "value": "https://cloudid.cirrentsystems.com/chip_group/2674",
          "created_at": 1672941057,
          "status": "pending"
        }
      ]
    },
    {
      "categories": [
        "SQL Injection",
        "SQL Injection- Partial"
      ],
      "exploitable_locations": [
        {
          "type": "url",
          "value": "https://sso.infineon.com/mailcheckproxy/check",
          "created_at": 1673051573,
          "status": "pending"
        }
      ]
    },
    {
      "categories": [
        "Content Injection",
        "LDAP Injection"
      ],
      "exploitable_locations": [
        {
          "type": "url",
          "value": "https://sso.infineon.com/mailcheckproxy/check",
          "created_at": 1673643308,
          "status": "pending"
        }
      ]
    },
    {
      "categories": [
        "Authentication/Session Management",
        "Cookie-related Flaws"
      ],
      "exploitable_locations": [
        {
          "type": "url",
          "value": "https://sso.infineon.com/",
          "created_at": 1673481639,
          "status": "pending"
        }
      ]
    },
    {
      "categories": [
        "Authorization/Permissions",
        "Insecure Direct Object Reference (Read & Write)"
      ],
      "exploitable_locations": [
        {
          "type": "url",
          "value": "https://web.cirrentsystems.com/2016-01/account",
          "created_at": 1674271735,
          "status": "pending"
        }
      ]
    },
    {
      "categories": [
        "Content Injection",
        "LDAP Injection"
      ],
      "exploitable_locations": [
        {
          "type": "url",
          "value": "https://sso.infineon.com/mailcheckproxy/check",
          "created_at": 1674505680,
          "status": "pending"
        }
      ]
    },
    {
      "categories": [
        "SQL Injection",
        "SQL Injection- Full"
      ],
      "exploitable_locations": [
        {
          "type": "url",
          "value": "https://cloudid.cirrentsystems.com/device-fleet/source-data/claim_voucher",
          "created_at": 1674918651,
          "status": "pending"
        }
      ]
    },
    {
      "categories": [
        "Brute Force",
        "User Login Credentials"
      ],
      "exploitable_locations": [
        {
          "type": "url",
          "value": "https://web.cirrentsystems.com/2016-01/user/Brute_Forced_ID",
          "created_at": 1674939476,
          "status": "pending"
        }
      ]
    },
    {
      "categories": [
        "Authentication/Session Management",
        "Login Authentication Bypass"
      ],
      "exploitable_locations": [
        {
          "type": "url",
          "value": "https://sso.infineon.com/as/authorization.oauth2",
          "created_at": 1672301180,
          "status": "pending"
        },
        {
          "type": "url",
          "value": "https://sso.infineon.com/as/authorization.oauth2",
          "created_at": 1672301180,
          "status": "pending"
        }
      ]
    },
    {
      "categories": [
        "Authorization/Permissions",
        "Insecure Direct Object Reference (Read & Write)"
      ],
      "exploitable_locations": [
        {
          "type": "url",
          "value": "https://www.last.fm/tag/love/shoutbox/1032445952",
          "created_at": 1685175511,
          "status": "pending"
        }
      ]
    },
    {
      "categories": [
        "SQL Injection",
        "SQL Injection- Full"
      ],
      "exploitable_locations": [
        {
          "type": "url",
          "value": "https://cloudid.cirrentsystems.com/device-fleet/source-data/provision_key",
          "assets_na": false,
          "assets_uids": [
            "63b41553c2545fa5c2f549b6"
          ],
          "created_at": 1685629809,
          "status": "pending"
        }
      ]
    },
    {
      "categories": [
        "Cross-Site Scripting (XSS)",
        "Persistent XSS"
      ],
      "exploitable_locations": [
        {
          "type": "url",
          "value": "https://web.cirrentsystems.com/2016-01/account-images",
          "assets_na": false,
          "assets_uids": [
            "63b4147fc2545fa5c2f549b2"
          ],
          "created_at": 1692611772,
          "status": "pending"
        }
      ]
    },
    {
      "categories": [
        "Functional/Business Logic",
        "Client Side Validation"
      ],
      "exploitable_locations": [
        {
          "type": "url",
          "value": "https://web.cirrentsystems.com/2016-01/apikey",
          "assets_na": false,
          "assets_uids": [
            "63b4147fc2545fa5c2f549b2"
          ],
          "created_at": 1697265236,
          "status": "pending"
        }
      ]
    },
    {
      "categories": [
        "SQL Injection",
        "SQL Injection- Full"
      ],
      "exploitable_locations": [
        {
          "type": "url",
          "value": "https://cloudid.cirrentsystems.com/device-fleet/source-data/provision_key",
          "assets_na": false,
          "assets_uids": [
            "63b41553c2545fa5c2f549b6"
          ],
          "created_at": 1697271558,
          "status": "pending"
        }
      ]
    },
    {
      "categories": [
        "Functional/Business Logic",
        "Improper Input Validation"
      ],
      "exploitable_locations": [
        {
          "type": "url",
          "value": "https://web.cirrentsystems.com/2016-01/dashboard",
          "assets_na": false,
          "assets_uids": [
            "63b4147fc2545fa5c2f549b2"
          ],
          "created_at": 1697301809,
          "status": "pending"
        }
      ]
    },
    {
      "categories": [
        "Information Disclosure",
        "Sensitive Directory/File Contents Disclosed"
      ],
      "exploitable_locations": [
        {
          "type": "url",
          "value": "https://osts.infineon.com/user.json",
          "assets_na": false,
          "assets_uids": [
            "63a430bc95b3bd88549ae316"
          ],
          "created_at": 1698576770,
          "status": "pending"
        }
      ]
    },
    {
      "categories": [
        "SQL Injection",
        "SQL Injection- Full"
      ],
      "exploitable_locations": [
        {
          "type": "url",
          "value": "https://cloudid.cirrentsystems.com/device-fleet/source-data/provision_key",
          "assets_na": false,
          "assets_uids": [
            "63b41553c2545fa5c2f549b6"
          ],
          "created_at": 1698695138,
          "status": "pending"
        }
      ]
    },
    {
      "categories": [
        "Cross-site Request Forgery (CSRF)",
        "CSRF-High"
      ],
      "exploitable_locations": [
        {
          "type": "url",
          "value": "https://sso.infineon.com/pf/idprofile.ping",
          "created_at": 1672302165,
          "status": "pending"
        }
      ]
    },
    {
      "categories": [
        "Functional/Business Logic",
        "Unvalidated Redirects"
      ],
      "exploitable_locations": [
        {
          "type": "url",
          "value": "https://osts.infineon.com/login",
          "assets_na": false,
          "assets_uids": [
            "63a430bc95b3bd88549ae316"
          ],
          "created_at": 1703350594,
          "status": "pending"
        }
      ]
    },
    {
      "categories": [
        "SQL Injection",
        "SQL Injection- Full"
      ],
      "exploitable_locations": [
        {
          "type": "url",
          "value": "https://cloudid.cirrentsystems.com/device-fleet/source-data/provision_key",
          "assets_na": false,
          "assets_uids": [
            "63b41553c2545fa5c2f549b6"
          ],
          "created_at": 1703428594,
          "status": "pending"
        }
      ]
    },
    {
      "categories": [
        "Authorization/Permissions",
        "Insecure Direct Object Reference (Read & Write)"
      ],
      "exploitable_locations": [
        {
          "type": "url",
          "value": "https://web.cirrentsystems.com/2016-01/user/<ID>",
          "assets_na": false,
          "assets_uids": [
            "63b4147fc2545fa5c2f549b2"
          ],
          "created_at": 1710265774,
          "status": "pending"
        }
      ]
    },
    {
      "categories": [
        "Authorization/Permissions",
        "Insecure Direct Object Reference (Read & Write)"
      ],
      "exploitable_locations": [
        {
          "type": "url",
          "value": "https://web.cirrentsystems.com/2016-01/claim_voucher/<ID>",
          "assets_na": false,
          "assets_uids": [
            "63b4147fc2545fa5c2f549b2"
          ],
          "created_at": 1710319096,
          "status": "pending"
        }
      ]
    },
    {
      "categories": [
        "Authorization/Permissions",
        "Insecure Direct Object Reference (Read & Write)"
      ],
      "exploitable_locations": [
        {
          "type": "url",
          "value": "https://web.cirrentsystems.com/2016-01/dashboard/<ID>/component",
          "assets_na": false,
          "assets_uids": [
            "63b4147fc2545fa5c2f549b2"
          ],
          "created_at": 1710319467,
          "status": "pending"
        }
      ]
    },
    {
      "categories": [
        "Authorization/Permissions",
        "Insecure Direct Object Reference (Read & Write)"
      ],
      "exploitable_locations": [
        {
          "type": "url",
          "value": "https://web.cirrentsystems.com/2016-01/dashboard/589",
          "created_at": 1672302322,
          "status": "pending"
        }
      ]
    },
    {
      "categories": [
        "Authorization/Permissions",
        "Access Control Violation (High Privileged Functions-Read Only)"
      ],
      "exploitable_locations": [
        {
          "type": "url",
          "value": "https://web.cirrentsystems.com/2016-01/data_export",
          "assets_na": false,
          "assets_uids": [
            "63b4147fc2545fa5c2f549b2"
          ],
          "created_at": 1710331119,
          "status": "pending"
        },
        {
          "type": "url",
          "value": "https://web.cirrentsystems.com/2016-01/user",
          "assets_na": false,
          "assets_uids": [
            "63b4147fc2545fa5c2f549b2"
          ],
          "created_at": 1710331119,
          "status": "pending"
        }
      ]
    },
    {
      "categories": [
        "Authorization/Permissions",
        "Insecure Direct Object Reference (Read & Write)"
      ],
      "exploitable_locations": [
        {
          "type": "url",
          "value": "https://web.cirrentsystems.com/2016-01/jobs/6859",
          "assets_na": false,
          "assets_uids": [
            "63b4147fc2545fa5c2f549b2"
          ],
          "created_at": 1710416724,
          "status": "pending"
        }
      ]
    },
    {
      "categories": [
        "Authorization/Permissions",
        "Access Control Violation (High Privileged Functions-Read Only)"
      ],
      "exploitable_locations": [
        {
          "type": "url",
          "value": "https://web.cirrentsystems.com/2016-01/user",
          "assets_na": false,
          "assets_uids": [
            "63b4147fc2545fa5c2f549b2"
          ],
          "created_at": 1710616202,
          "status": "pending"
        }
      ]
    },
    {
      "categories": [
        "Authorization/Permissions",
        "Access/Privacy Control Violation"
      ],
      "exploitable_locations": [
        {
          "type": "url",
          "value": "https://web.cirrentsystems.com/2016-01/account",
          "created_at": 1672303881,
          "status": "pending"
        },
        {
          "type": "url",
          "value": "https://osts.infineon.com",
          "created_at": 1672303881,
          "status": "pending"
        }
      ]
    },
    {
      "categories": [
        "Information Disclosure",
        "Sensitive Data Exposure (documents marked confidential or internal use only)"
      ],
      "exploitable_locations": [
        {
          "type": "url",
          "value": "https://www.infineon.com/export/sites/default/cn/partners/partner-ecosystems/greater-china/homeappliance/download/document_467.pdf",
          "assets_na": false,
          "assets_uids": [
            "66a797172b7d7b4765ca9c6a"
          ],
          "created_at": 1725259042,
          "status": "pending"
        },
        {
          "type": "url",
          "value": "https://www.infineon.com/export/sites/default/en/product/promopages/xilinx-SoC-FPGA-power-reference-design/Xilinx_Kintex_FPGA_Reference_Design/Kintex_Validation_Results/Files/performancedatampandpol.pdf",
          "assets_na": false,
          "assets_uids": [
            "66a797172b7d7b4765ca9c6a"
          ],
          "created_at": 1725259042,
          "status": "pending"
        },
        {
          "type": "url",
          "value": "https://www.infineon.com/export/sites/default/en/about-infineon/company/contacts/support/images/isolar11926.pdf",
          "assets_na": false,
          "assets_uids": [
            "66a797172b7d7b4765ca9c6a"
          ],
          "created_at": 1725259042,
          "status": "pending"
        }
      ]
    },
    {
      "categories": [
        "Functional/Business Logic",
        "Improper Input Validation"
      ],
      "exploitable_locations": [
        {
          "type": "url",
          "value": "https://sso.infineon.com/as/SaIM4M4bGi/resume/as/authorization.ping",
          "assets_na": false,
          "assets_uids": [
            "63a42d43fc7e2e58252d59b5"
          ],
          "created_at": 1725261099,
          "status": "pending"
        }
      ]
    },
    {
      "categories": [
        "Information Disclosure",
        "Leaked Credentials (High Privilege)"
      ],
      "exploitable_locations": [
        {
          "type": "other",
          "value": "https://infragistics.com (ciknoraizura.cheismail)",
          "assets_na": true,
          "assets_uids": [],
          "created_at": 1735230819,
          "status": "pending"
        }
      ]
    },
    {
      "categories": [
        "Information Disclosure",
        "Sensitive Client Information Disclosed"
      ],
      "exploitable_locations": [
        {
          "type": "url",
          "value": "https://www.infineon.com/dgdl/Infineon-TLE4941PLUSC-DataSheet-v01_03-EN.pdf",
          "created_at": 1596650829,
          "status": "pending"
        },
        {
          "type": "url",
          "value": "https://www.infineon.com/dgdl/Infineon-BGSF110GN26-DS-v01_03-en.pdf",
          "created_at": 1596650829,
          "status": "pending"
        },
        {
          "type": "url",
          "value": "https://www.infineon.com/dgdl/Infineon-BGS13S2N9-DS-v01_00-EN.pdf",
          "created_at": 1596650829,
          "status": "pending"
        },
        {
          "type": "url",
          "value": "https://www.infineon.com/dgdl/Infineon-BGS13S4N9-DS-v01_00-EN.pdf",
          "created_at": 1596650829,
          "status": "pending"
        },
        {
          "type": "url",
          "value": "https://www.infineon.com/dgdl/Infineon-BGS12PN10-DS-v01_00-EN.pdf",
          "created_at": 1596650829,
          "status": "pending"
        },
        {
          "type": "url",
          "value": "https://www.infineon.com/dgdl/Infineon-BGS14PN10-DS-v01_03-EN.pdf",
          "created_at": 1596650829,
          "status": "pending"
        },
        {
          "type": "url",
          "value": "https://www.infineon.com/export/sites/default/media/eLearning/PMM/009-095-forum-infineon_5ISOFACE_galvanic_Isolation.swf",
          "created_at": 1596650829,
          "status": "pending"
        },
        {
          "type": "url",
          "value": "https://slm-portal.infineon.com/ngp411_2/actions/login/downloadLoginDocument.do",
          "created_at": 1596650829,
          "status": "pending"
        },
        {
          "type": "url",
          "value": "https://www.infineon.com/dgdl/Infineon-LITIX_Power_Flex-SystemDemoBoard_Description_TLD5190-1QV_V1-PP-v01_00-EN.pdf",
          "created_at": 1596650829,
          "status": "pending"
        },
        {
          "type": "url",
          "value": "https://www.infineon.com/dgdl/Test+Report+D1458A_ESD5V0H1U_B0EF0002.pdf",
          "created_at": 1596650829,
          "status": "pending"
        },
        {
          "type": "url",
          "value": "https://www.infineon.com/dgdl/Infineon-TID%20Test%20Report%20150V-AP-v01_00-EN.pdf",
          "created_at": 1596650829,
          "status": "pending"
        },
        {
          "type": "url",
          "value": "https://www.infineon.com/dgdl/Infineon-Test+report+-+EV-105+Board-Salem+-+Rev2a.pdf-ATI-v01_00-EN.pdf",
          "created_at": 1596650829,
          "status": "pending"
        },
        {
          "type": "url",
          "value": "https://www.infineon.com/dgdl/Infineon-SEE+Test+Report+150V-AP-v01_00-EN.pdf",
          "created_at": 1596650829,
          "status": "pending"
        }
      ]
    },
    {
      "categories": [
        "Information Disclosure",
        "Leaked Credentials (Low Privilege)"
      ],
      "exploitable_locations": [
        {
          "type": "url",
          "value": "https://sso.infineon.com/sp/IpbZo/resume/sp/startSSO.ping",
          "assets_na": false,
          "assets_uids": [
            "e17648f143d547df608525f4"
          ],
          "created_at": 1711775841,
          "status": "pending"
        }
      ]
    }
  ]
}