{
  "listing_id": "7xwoumjxai",
  "type": "categories",
  "value": [
    {
      "categories": [
        "Authorization/Permissions",
        "Access/Privacy Control Violation"
      ],
      "exploitable_locations": [
        {
          "type": "url",
          "value": "https://sat.eu-west-1.dev.reveal11.cloud/datasets/1/classification/all",
          "assets_na": false,
          "assets_uids": [
            "642736637411a299fd603d14"
          ],
          "created_at": 1686139191,
          "status": "pending"
        },
        {
          "type": "url",
          "value": "https://sat.eu-west-1.dev.reveal11.cloud/datasets/1/classification/classifier-report/1",
          "assets_na": false,
          "assets_uids": [
            "642736637411a299fd603d14"
          ],
          "created_at": 1686139191,
          "status": "pending"
        },
        {
          "type": "url",
          "value": "https://sat.eu-west-1.dev.reveal11.cloud/rest/api/v2/revealai/caseid/1/cosmics/1",
          "assets_na": false,
          "assets_uids": [
            "642736637411a299fd603d14"
          ],
          "created_at": 1686139191,
          "status": "pending"
        },
        {
          "type": "url",
          "value": "https://sat.eu-west-1.dev.reveal11.cloud/datasets/1/classification/classifier/1",
          "assets_na": false,
          "assets_uids": [
            "642736637411a299fd603d14"
          ],
          "created_at": 1686139191,
          "status": "pending"
        }
      ]
    },
    {
      "categories": [
        "Cross-Site Scripting (XSS)",
        "Persistent XSS"
      ],
      "exploitable_locations": [
        {
          "type": "url",
          "value": "https://sat.eu-west-1.dev.reveal11.cloud/Reveal/Review/AssignDocuments.aspx",
          "assets_na": false,
          "assets_uids": [
            "643851d210ddee122f16c403"
          ],
          "created_at": 1688245199,
          "status": "pending"
        }
      ]
    },
    {
      "categories": [
        "Authorization/Permissions",
        "Access Control Violation (High Privileged Functions-Read Only)"
      ],
      "exploitable_locations": [
        {
          "type": "url",
          "value": "https://sat.eu-west-1.dev.reveal11.cloud/rest/api/v2/4/search",
          "assets_na": false,
          "assets_uids": [
            "642736637411a299fd603d14"
          ],
          "created_at": 1689263588,
          "status": "pending"
        }
      ]
    },
    {
      "categories": [
        "Authorization/Permissions",
        "Access Control Violation (Low Privileged Functions-Read Only)"
      ],
      "exploitable_locations": [
        {
          "type": "url",
          "value": "https://sat.eu-west-1.dev.reveal11.cloud/rest/api/v2/1/teams",
          "assets_na": false,
          "assets_uids": [
            "642736637411a299fd603d14"
          ],
          "created_at": 1689539267,
          "status": "pending"
        }
      ]
    },
    {
      "categories": [
        "Cross-Site Scripting (XSS)",
        "Reflected XSS"
      ],
      "exploitable_locations": [
        {
          "type": "url",
          "value": "https://sat.eu-west-1.dev.reveal11.cloud/Reveal/Search/NotesDialog.aspx",
          "assets_na": false,
          "assets_uids": [
            "643851d210ddee122f16c403"
          ],
          "created_at": 1690011824,
          "status": "pending"
        }
      ]
    },
    {
      "categories": [
        "Authorization/Permissions",
        "Access Control Violation (High Privileged Functions - Read/Write or Write Only)"
      ],
      "exploitable_locations": [
        {
          "type": "url",
          "value": "https://sat.eu-west-1.dev.reveal11.cloud/Reveal/UserManagement/AssignPermissionsDialog.aspx",
          "assets_na": false,
          "assets_uids": [
            "642736637411a299fd603d14"
          ],
          "created_at": 1690923804,
          "status": "pending"
        }
      ]
    },
    {
      "categories": [
        "Authorization/Permissions",
        "Access Control Violation (High Privileged Functions - Read/Write or Write Only)"
      ],
      "exploitable_locations": [
        {
          "type": "url",
          "value": "https://sat.eu-west-1.dev.reveal11.cloud/rest/v2/rest/portable-model",
          "assets_na": false,
          "assets_uids": [
            "642736637411a299fd603d14"
          ],
          "created_at": 1692767359,
          "status": "pending"
        }
      ]
    },
    {
      "categories": [
        "Authorization/Permissions",
        "Access Control Violation (High Privileged Functions - Read/Write or Write Only)"
      ],
      "exploitable_locations": [
        {
          "type": "url",
          "value": "https://sat.eu-west-1.dev.reveal11.cloud/rest/v2/rest/connector",
          "assets_na": false,
          "assets_uids": [
            "643851d210ddee122f16c403"
          ],
          "created_at": 1692767341,
          "status": "pending"
        }
      ]
    },
    {
      "categories": [
        "Authorization/Permissions",
        "Access Control Violation (High Privileged Functions - Read/Write or Write Only)"
      ],
      "exploitable_locations": [
        {
          "type": "url",
          "value": "https://sat.eu-west-1.dev.reveal11.cloud/rest/v2/rest/builds",
          "assets_na": false,
          "assets_uids": [
            "642736637411a299fd603d14"
          ],
          "created_at": 1692767251,
          "status": "pending"
        }
      ]
    },
    {
      "categories": [
        "Authorization/Permissions",
        "Access Control Violation (High Privileged Functions - Read/Write or Write Only)"
      ],
      "exploitable_locations": [
        {
          "type": "url",
          "value": "https://sat.eu-west-1.dev.reveal11.cloud/rest/v2/rest/group",
          "assets_na": false,
          "assets_uids": [
            "642736637411a299fd603d14"
          ],
          "created_at": 1692778503,
          "status": "pending"
        }
      ]
    },
    {
      "categories": [
        "Authorization/Permissions",
        "Insecure Direct Object Reference (Read & Write)"
      ],
      "exploitable_locations": [
        {
          "type": "url",
          "value": "https://sat.eu-west-1.dev.reveal11.cloud/rest/api/v2/7/folder/Work/<ID>",
          "assets_na": false,
          "assets_uids": [
            "642736637411a299fd603d14"
          ],
          "created_at": 1692805430,
          "status": "pending"
        }
      ]
    },
    {
      "categories": [
        "Authorization/Permissions",
        "Access Control Violation (High Privileged Functions - Read/Write or Write Only)"
      ],
      "exploitable_locations": [
        {
          "type": "url",
          "value": "https://sat.eu-west-1.dev.reveal11.cloud/rest/v2/rest/group",
          "assets_na": false,
          "assets_uids": [
            "642736637411a299fd603d14"
          ],
          "created_at": 1692831422,
          "status": "pending"
        },
        {
          "type": "url",
          "value": "https://sat.eu-west-1.dev.reveal11.cloud/rest/v2/rest/group/[id]",
          "assets_na": false,
          "assets_uids": [
            "642736637411a299fd603d14"
          ],
          "created_at": 1692831422,
          "status": "pending"
        }
      ]
    },
    {
      "categories": [
        "SQL Injection",
        "SQL Injection- Full"
      ],
      "exploitable_locations": [
        {
          "type": "url",
          "value": "https://sat.eu-west-1.dev.reveal11.cloud/rest/api/v2/5/persona",
          "assets_na": false,
          "assets_uids": [
            "643851d210ddee122f16c403"
          ],
          "created_at": 1697188055,
          "status": "pending"
        }
      ]
    },
    {
      "categories": [
        "Functional/Business Logic",
        "Client Side Validation"
      ],
      "exploitable_locations": [
        {
          "type": "url",
          "value": "https://sat.eu-west-1.dev.reveal11.cloud/Reveal/CompanyAdmin/Clients/CreateEditClient.aspx",
          "assets_na": false,
          "assets_uids": [
            "642736637411a299fd603d14"
          ],
          "created_at": 1698571103,
          "status": "pending"
        }
      ]
    },
    {
      "categories": [
        "Cross-Site Scripting (XSS)",
        "Persistent XSS"
      ],
      "exploitable_locations": [
        {
          "type": "url",
          "value": "https://sat.eu-west-1.dev.reveal11.cloud/rest/api/v2/companies/1",
          "assets_na": false,
          "assets_uids": [
            "642736637411a299fd603d14"
          ],
          "created_at": 1699115063,
          "status": "pending"
        }
      ]
    },
    {
      "categories": [
        "Cross-Site Scripting (XSS)",
        "Persistent XSS"
      ],
      "exploitable_locations": [
        {
          "type": "url",
          "value": "https://sat.eu-west-1.dev.reveal11.cloud/Reveal/Wordlists/AddEditHitReportDialog.aspx",
          "assets_na": false,
          "assets_uids": [
            "642736637411a299fd603d14"
          ],
          "created_at": 1699122716,
          "status": "pending"
        }
      ]
    },
    {
      "categories": [
        "Cross-Site Scripting (XSS)",
        "Persistent XSS"
      ],
      "exploitable_locations": [
        {
          "type": "url",
          "value": "https://sat.eu-west-1.dev.reveal11.cloud/rest/api/v2/companies/clients",
          "assets_na": false,
          "assets_uids": [
            "642736637411a299fd603d14"
          ],
          "created_at": 1699123791,
          "status": "pending"
        }
      ]
    },
    {
      "categories": [
        "Cross-Site Scripting (XSS)",
        "Persistent XSS"
      ],
      "exploitable_locations": [
        {
          "type": "url",
          "value": "https://sat.eu-west-1.dev.reveal11.cloud/rest/api/v2/companies/clients",
          "assets_na": false,
          "assets_uids": [
            "642736637411a299fd603d14"
          ],
          "created_at": 1699434184,
          "status": "pending"
        }
      ]
    },
    {
      "categories": [
        "Cross-Site Scripting (XSS)",
        "Persistent XSS"
      ],
      "exploitable_locations": [
        {
          "type": "url",
          "value": "https://sat.eu-west-1.dev.reveal11.cloud/rest/api/v2/clients/1",
          "assets_uids": [
            "642736637411a299fd603d14"
          ],
          "created_at": 1699446862,
          "status": "pending"
        }
      ]
    },
    {
      "categories": [
        "Cross-Site Scripting (XSS)",
        "Persistent XSS"
      ],
      "exploitable_locations": [
        {
          "type": "url",
          "value": "https://sat.eu-west-1.dev.reveal11.cloud/rest/api/v2/4/tags/choices",
          "assets_na": false,
          "assets_uids": [
            "642736637411a299fd603d14"
          ],
          "created_at": 1701201558,
          "status": "pending"
        },
        {
          "type": "url",
          "value": "https://sat.eu-west-1.dev.reveal11.cloud/rest/api/v2/4/tags/<tag_id>/choices/<choice_id>",
          "assets_na": false,
          "assets_uids": [
            "642736637411a299fd603d14"
          ],
          "created_at": 1701201558,
          "status": "pending"
        }
      ]
    },
    {
      "categories": [
        "Functional/Business Logic",
        "Client Side Validation"
      ],
      "exploitable_locations": [
        {
          "type": "url",
          "value": "https://sat.eu-west-1.dev.reveal11.cloud/Reveal/FieldManagement/FieldEdit.aspx",
          "assets_na": false,
          "assets_uids": [
            "642736637411a299fd603d14"
          ],
          "created_at": 1702111604,
          "status": "pending"
        }
      ]
    },
    {
      "categories": [
        "Cross-Site Scripting (XSS)",
        "Persistent XSS"
      ],
      "exploitable_locations": [
        {
          "type": "url",
          "value": "https://sat.eu-west-1.dev.reveal11.cloud/rest/api/v2/7/teams",
          "assets_na": false,
          "assets_uids": [
            "642736637411a299fd603d14"
          ],
          "created_at": 1704209596,
          "status": "pending"
        }
      ]
    },
    {
      "categories": [
        "Authorization/Permissions",
        "Access Control Violation (Low Privileged Functions-Read Only)"
      ],
      "exploitable_locations": [
        {
          "type": "url",
          "value": "https://sat.eu-west-1.dev.reveal11.cloud/rest/api/users/[ID]",
          "assets_na": false,
          "assets_uids": [
            "642736637411a299fd603d14"
          ],
          "created_at": 1705645197,
          "status": "pending"
        }
      ]
    },
    {
      "categories": [
        "Authorization/Permissions",
        "Access Control Violation (High Privileged Functions - Read/Write or Write Only)"
      ],
      "exploitable_locations": [
        {
          "type": "url",
          "value": "https://sat.eu-west-1.dev.reveal11.cloud/rest/api/users",
          "assets_na": false,
          "assets_uids": [
            "642736637411a299fd603d14"
          ],
          "created_at": 1705645047,
          "status": "pending"
        }
      ]
    },
    {
      "categories": [
        "Cross-Site Scripting (XSS)",
        "Persistent XSS"
      ],
      "exploitable_locations": [
        {
          "type": "url",
          "value": "https://sat.eu-west-1.dev.reveal11.cloud/Reveal/UserManagement/CreateGroup.aspx",
          "created_at": 1680802719,
          "status": "pending"
        }
      ]
    },
    {
      "categories": [
        "Authorization/Permissions",
        "Access Control Violation (High Privileged Functions-Read Only)"
      ],
      "exploitable_locations": [
        {
          "type": "url",
          "value": "https://sat.eu-west-1.dev.reveal11.cloud/rest/api/clients/<client-id>",
          "assets_na": false,
          "assets_uids": [
            "642736637411a299fd603d14"
          ],
          "created_at": 1705656919,
          "status": "pending"
        }
      ]
    },
    {
      "categories": [
        "Authorization/Permissions",
        "Access Control Violation (Low Privileged Functions-Read Only)"
      ],
      "exploitable_locations": [
        {
          "type": "url",
          "value": "https://sat.eu-west-1.dev.reveal11.cloud/rest/api/dataLoading/logfile",
          "assets_na": false,
          "assets_uids": [
            "642736637411a299fd603d14"
          ],
          "created_at": 1705717584,
          "status": "pending"
        }
      ]
    },
    {
      "categories": [
        "Cross-Site Scripting (XSS)",
        "Persistent XSS"
      ],
      "exploitable_locations": [
        {
          "type": "url",
          "value": "https://sat.eu-west-1.dev.reveal11.cloud/Reveal/Review/Review_Document.aspx",
          "assets_na": false,
          "assets_uids": [
            "642736637411a299fd603d14"
          ],
          "created_at": 1705864769,
          "status": "pending"
        }
      ]
    },
    {
      "categories": [
        "Cross-Site Scripting (XSS)",
        "Persistent XSS"
      ],
      "exploitable_locations": [
        {
          "type": "url",
          "value": "https://sat.eu-west-1.dev.reveal11.cloud/Reveal/UserManagement/ManageTeams.aspx",
          "created_at": 1680802728,
          "status": "pending"
        }
      ]
    },
    {
      "categories": [
        "Authorization/Permissions",
        "Insecure Direct Object Reference (Read & Write)"
      ],
      "exploitable_locations": [
        {
          "type": "url",
          "value": "https://sat.eu-west-1.dev.reveal11.cloud/rest/api/v2/companies/roles/<COMPANY_ID>",
          "assets_na": false,
          "assets_uids": [
            "642736637411a299fd603d14"
          ],
          "created_at": 1711031733,
          "status": "pending"
        }
      ]
    },
    {
      "categories": [
        "Authorization/Permissions",
        "Insecure Direct Object Reference (Read & Write)"
      ],
      "exploitable_locations": [
        {
          "type": "url",
          "value": "https://sat.eu-west-1.dev.reveal11.cloud/rest/api/v2/users/46/permissions",
          "assets_na": false,
          "assets_uids": [
            "642736637411a299fd603d14"
          ],
          "created_at": 1711037320,
          "status": "pending"
        }
      ]
    },
    {
      "categories": [
        "Authorization/Permissions",
        "Insecure Direct Object Reference (Read & Write)"
      ],
      "exploitable_locations": [
        {
          "type": "url",
          "value": "https://sat.eu-west-1.dev.reveal11.cloud/rest/api/v2/companies/1/clients/<ID>",
          "assets_na": false,
          "assets_uids": [
            "642736637411a299fd603d14"
          ],
          "created_at": 1711039479,
          "status": "pending"
        }
      ]
    },
    {
      "categories": [
        "Authorization/Permissions",
        "Insecure Direct Object Reference (Read & Write)"
      ],
      "exploitable_locations": [
        {
          "type": "url",
          "value": "https://sat.eu-west-1.dev.reveal11.cloud/rest/api/clients/<ID>",
          "assets_na": false,
          "assets_uids": [
            "642736637411a299fd603d14"
          ],
          "created_at": 1711040206,
          "status": "pending"
        }
      ]
    },
    {
      "categories": [
        "Cross-Site Scripting (XSS)",
        "Persistent XSS"
      ],
      "exploitable_locations": [
        {
          "type": "url",
          "value": "https://sat.eu-west-1.dev.reveal11.cloud/Reveal/UserManagement/ManageRoles.aspx",
          "created_at": 1680802917,
          "status": "pending"
        }
      ]
    },
    {
      "categories": [
        "Authorization/Permissions",
        "Access Control Violation (High Privileged Functions-Read Only)"
      ],
      "exploitable_locations": [
        {
          "type": "url",
          "value": "https://sat.eu-west-1.dev.reveal11.cloud/rest/api/v2/<project-id>/jobs/export/<job-id>",
          "assets_na": false,
          "assets_uids": [
            "642736637411a299fd603d14"
          ],
          "created_at": 1711043014,
          "status": "pending"
        }
      ]
    },
    {
      "categories": [
        "Authorization/Permissions",
        "Access Control Violation (High Privileged Functions-Read Only)"
      ],
      "exploitable_locations": [
        {
          "type": "url",
          "value": "https://sat.eu-west-1.dev.reveal11.cloud/rest/api/v2/<project-id>/jobs/print/<job-id>",
          "assets_na": false,
          "assets_uids": [
            "642736637411a299fd603d14"
          ],
          "created_at": 1711044962,
          "status": "pending"
        }
      ]
    },
    {
      "categories": [
        "Authorization/Permissions",
        "Access Control Violation (High Privileged Functions-Read Only)"
      ],
      "exploitable_locations": [
        {
          "type": "url",
          "value": "https://sat.eu-west-1.dev.reveal11.cloud/rest/api/v2/<project-id>/persona",
          "assets_na": false,
          "assets_uids": [
            "642736637411a299fd603d14"
          ],
          "created_at": 1711294957,
          "status": "pending"
        }
      ]
    },
    {
      "categories": [
        "Information Disclosure",
        "Sensitive Source Code"
      ],
      "exploitable_locations": [
        {
          "type": "url",
          "value": "https://sat.eu-west-1.dev.reveal11.cloud/js/559.js",
          "assets_na": false,
          "assets_uids": [
            "642736637411a299fd603d14"
          ],
          "created_at": 1713100548,
          "status": "pending"
        }
      ]
    },
    {
      "categories": [
        "Authorization/Permissions",
        "Access Control Violation (High Privileged Functions - Read/Write or Write Only)"
      ],
      "exploitable_locations": [
        {
          "type": "url",
          "value": "https://sat.eu-west-1.dev.reveal11.cloud/rest/api/v2/revealai/caseid/7/cosmics/2",
          "assets_na": false,
          "assets_uids": [
            "642736637411a299fd603d14"
          ],
          "created_at": 1714837728,
          "status": "pending"
        }
      ]
    },
    {
      "categories": [
        "Cross-Site Scripting (XSS)",
        "Persistent XSS"
      ],
      "exploitable_locations": [
        {
          "type": "url",
          "value": "https://sat.eu-west-1.dev.reveal11.cloud/Reveal/SlipsheetProfile/TextEditorModal.aspx",
          "created_at": 1680804357,
          "status": "pending"
        }
      ]
    },
    {
      "categories": [
        "Authorization/Permissions",
        "Access Control Violation (Low Privileged Functions-Read Only)"
      ],
      "exploitable_locations": [
        {
          "type": "url",
          "value": "https://sat.eu-west-1.dev.reveal11.cloud/rest/api/v2/revealai/jobs",
          "assets_na": false,
          "assets_uids": [
            "642736637411a299fd603d14"
          ],
          "created_at": 1718255348,
          "status": "pending"
        }
      ]
    },
    {
      "categories": [
        "Authorization/Permissions",
        "Insecure Direct Object Reference (Read & Write)"
      ],
      "exploitable_locations": [
        {
          "type": "url",
          "value": "https://sat.eu-west-1.dev.reveal11.cloud/rest/api/v2/companies/[companyID]/users",
          "assets_na": false,
          "assets_uids": [
            "642736637411a299fd603d14"
          ],
          "created_at": 1719338824,
          "status": "pending"
        }
      ]
    },
    {
      "categories": [
        "Authorization/Permissions",
        "Insecure Direct Object Reference (Read & Write)"
      ],
      "exploitable_locations": [
        {
          "type": "url",
          "value": "https://sat.eu-west-1.dev.reveal11.cloud/rest/api/v2/users/resetPasswords",
          "assets_na": false,
          "assets_uids": [
            "642736637411a299fd603d14"
          ],
          "created_at": 1719338827,
          "status": "pending"
        },
        {
          "type": "url",
          "value": "https://sat.eu-west-1.dev.reveal11.cloud/rest/api/v2/users/resetOAuth",
          "assets_na": false,
          "assets_uids": [
            "642736637411a299fd603d14"
          ],
          "created_at": 1719338827,
          "status": "pending"
        }
      ]
    },
    {
      "categories": [
        "Authorization/Permissions",
        "Access Control Violation (High Privileged Functions - Read/Write or Write Only)"
      ],
      "exploitable_locations": [
        {
          "type": "url",
          "value": "https://sat.eu-west-1.dev.reveal11.cloud/rest/api/v2/companies/<id>/logo",
          "assets_na": false,
          "assets_uids": [
            "642736637411a299fd603d14"
          ],
          "created_at": 1719483875,
          "status": "pending"
        }
      ]
    },
    {
      "categories": [
        "Authorization/Permissions",
        "Access Control Violation (High Privileged Functions-Read Only)"
      ],
      "exploitable_locations": [
        {
          "type": "url",
          "value": "https://sat.eu-west-1.dev.reveal11.cloud/rest/api/v2/[ID]/persona",
          "assets_na": false,
          "assets_uids": [
            "642736637411a299fd603d14"
          ],
          "created_at": 1720583793,
          "status": "pending"
        }
      ]
    },
    {
      "categories": [
        "Authorization/Permissions",
        "Access Control Violation (Low Privileged Functions-Read Only)"
      ],
      "exploitable_locations": [
        {
          "type": "url",
          "value": "https://sat.eu-west-1.dev.reveal11.cloud/rest/api/v2/[ID]/teams",
          "assets_na": false,
          "assets_uids": [
            "642736637411a299fd603d14"
          ],
          "created_at": 1720583800,
          "status": "pending"
        }
      ]
    },
    {
      "categories": [
        "Authorization/Permissions",
        "Access Control Violation (High Privileged Functions-Read Only)"
      ],
      "exploitable_locations": [
        {
          "type": "url",
          "value": "https://sat.eu-west-1.dev.reveal11.cloud/rest/v2/rest/dataset/[id]/cluster/path",
          "assets_na": false,
          "assets_uids": [
            "642736637411a299fd603d14"
          ],
          "created_at": 1720583807,
          "status": "pending"
        }
      ]
    },
    {
      "categories": [
        "Authorization/Permissions",
        "Access Control Violation (High Privileged Functions-Read Only)"
      ],
      "exploitable_locations": [
        {
          "type": "url",
          "value": "https://sat.eu-west-1.dev.reveal11.cloud/rest/api/v2/[id]/fieldProfiles",
          "assets_na": false,
          "assets_uids": [
            "642736637411a299fd603d14"
          ],
          "created_at": 1720583815,
          "status": "pending"
        }
      ]
    },
    {
      "categories": [
        "Authorization/Permissions",
        "Access Control Violation (High Privileged Functions-Read Only)"
      ],
      "exploitable_locations": [
        {
          "type": "url",
          "value": "https://sat.eu-west-1.dev.reveal11.cloud/rest/api/v2/[id]/jobs/docFolders/imports",
          "assets_na": false,
          "assets_uids": [
            "642736637411a299fd603d14"
          ],
          "created_at": 1720583819,
          "status": "pending"
        }
      ]
    },
    {
      "categories": [
        "Authorization/Permissions",
        "Access Control Violation (High Privileged Functions-Read Only)"
      ],
      "exploitable_locations": [
        {
          "type": "url",
          "value": "https://sat.eu-west-1.dev.reveal11.cloud/rest/api/v2/[id]/jobs/docFolders/fields",
          "assets_na": false,
          "assets_uids": [
            "642736637411a299fd603d14"
          ],
          "created_at": 1720583825,
          "status": "pending"
        }
      ]
    },
    {
      "categories": [
        "Server/Application Misconfiguration",
        "Host Header Injection"
      ],
      "exploitable_locations": [
        {
          "type": "url",
          "value": "https://sat.eu-west-1.dev.reveal11.cloud/Reveal/AuthorizationPages/PageRedirect/LoginFromExternal.aspx",
          "created_at": 1680807396,
          "status": "pending"
        }
      ]
    },
    {
      "categories": [
        "Authorization/Permissions",
        "Access Control Violation (High Privileged Functions - Read/Write or Write Only)"
      ],
      "exploitable_locations": [
        {
          "type": "url",
          "value": "https://sat.eu-west-1.dev.reveal11.cloud/rest/api/v2/revealai/caseid/1/cosmics/1/controlsettarget",
          "assets_uids": [
            "643851d210ddee122f16c403"
          ],
          "created_at": 1724830961,
          "status": "pending"
        }
      ]
    },
    {
      "categories": [
        "Authorization/Permissions",
        "Access Control Violation (High Privileged Functions - Read/Write or Write Only)"
      ],
      "exploitable_locations": [
        {
          "type": "url",
          "value": "https://sat.eu-west-1.dev.reveal11.cloud/rest/api/v2/revealai/modellibrary/cosmic2",
          "assets_na": false,
          "assets_uids": [
            "643851d210ddee122f16c403"
          ],
          "created_at": 1724830994,
          "status": "pending"
        }
      ]
    },
    {
      "categories": [
        "Cross-Site Scripting (XSS)",
        "Reflected XSS"
      ],
      "exploitable_locations": [
        {
          "type": "url",
          "value": "https://sat.eu-west-1.dev.reveal11.cloud/Reveal/Review/Review_ImageFrame.aspx",
          "assets_uids": [
            "642736637411a299fd603d14"
          ],
          "created_at": 1724858075,
          "status": "pending"
        }
      ]
    },
    {
      "categories": [
        "Cross-Site Scripting (XSS)",
        "Persistent XSS"
      ],
      "exploitable_locations": [
        {
          "type": "url",
          "value": "https://sat.eu-west-1.dev.reveal11.cloud/rest/api/v2/{id}/jobs/index",
          "assets_na": false,
          "assets_uids": [
            "642736637411a299fd603d14"
          ],
          "created_at": 1728459336,
          "status": "pending"
        }
      ]
    },
    {
      "categories": [
        "Cross-Site Scripting (XSS)",
        "Persistent XSS"
      ],
      "exploitable_locations": [
        {
          "type": "url",
          "value": "https://sat.eu-west-1.dev.reveal11.cloud/rest/api/v2/{id}/jobs/index",
          "assets_na": false,
          "assets_uids": [
            "642736637411a299fd603d14"
          ],
          "created_at": 1728459355,
          "status": "pending"
        }
      ]
    },
    {
      "categories": [
        "Authorization/Permissions",
        "Access Control Violation (Low Privileged Functions-Read Only)"
      ],
      "exploitable_locations": [
        {
          "type": "url",
          "value": "https://sat.eu-west-1.dev.reveal11.cloud/rest/api/v2/101/folder/SavedSearch/1",
          "assets_na": false,
          "assets_uids": [
            "642736637411a299fd603d14"
          ],
          "created_at": 1730304621,
          "status": "pending"
        }
      ]
    },
    {
      "categories": [
        "Authorization/Permissions",
        "Access Control Violation (High Privileged Functions - Read/Write or Write Only)"
      ],
      "exploitable_locations": [
        {
          "type": "url",
          "value": "https://sat.eu-west-1.dev.reveal11.cloud/rest/api/tags",
          "assets_na": false,
          "assets_uids": [
            "642736637411a299fd603d14"
          ],
          "created_at": 1730389079,
          "status": "pending"
        }
      ]
    },
    {
      "categories": [
        "Authorization/Permissions",
        "Access Control Violation (High Privileged Functions-Read Only)"
      ],
      "exploitable_locations": [
        {
          "type": "url",
          "value": "https://sat.eu-west-1.dev.reveal11.cloud/rest/api/v2/3/folders/assignment/batches",
          "assets_na": false,
          "assets_uids": [
            "642736637411a299fd603d14"
          ],
          "created_at": 1730495569,
          "status": "pending"
        }
      ]
    },
    {
      "categories": [
        "Authorization/Permissions",
        "Insecure Direct Object Reference (Read & Write)"
      ],
      "exploitable_locations": [
        {
          "type": "url",
          "value": "https://sat.eu-west-1.dev.reveal11.cloud/rest/api/v2/companies/2/users",
          "assets_na": false,
          "assets_uids": [
            "642736637411a299fd603d14"
          ],
          "created_at": 1730509348,
          "status": "pending"
        }
      ]
    },
    {
      "categories": [
        "Authorization/Permissions",
        "Access Control Violation (High Privileged Functions - Read/Write or Write Only)"
      ],
      "exploitable_locations": [
        {
          "type": "url",
          "value": "https://sat.eu-west-1.dev.reveal11.cloud/rest/api/tagPane/create",
          "assets_na": false,
          "assets_uids": [
            "642736637411a299fd603d14"
          ],
          "created_at": 1731133371,
          "status": "pending"
        },
        {
          "type": "url",
          "value": "https://sat.eu-west-1.dev.reveal11.cloud/rest/api/tagPane/delete",
          "assets_na": false,
          "assets_uids": [
            "642736637411a299fd603d14"
          ],
          "created_at": 1731133371,
          "status": "pending"
        },
        {
          "type": "url",
          "value": "https://sat.eu-west-1.dev.reveal11.cloud/rest/api/v2/{caseId}/tagPanes",
          "assets_na": false,
          "assets_uids": [
            "642736637411a299fd603d14"
          ],
          "created_at": 1731133371,
          "status": "pending"
        }
      ]
    },
    {
      "categories": [
        "Authorization/Permissions",
        "Access Control Violation (High Privileged Functions - Read/Write or Write Only)"
      ],
      "exploitable_locations": [
        {
          "type": "url",
          "value": "https://sat.eu-west-1.dev.reveal11.cloud/rest/api/tagPane/create",
          "assets_na": false,
          "assets_uids": [
            "642736637411a299fd603d14"
          ],
          "created_at": 1732455482,
          "status": "pending"
        }
      ]
    },
    {
      "categories": [
        "Information Disclosure",
        "Directory Structure Enumeration"
      ],
      "exploitable_locations": [
        {
          "type": "url",
          "value": "https://sat.eu-west-1.dev.reveal11.cloud/Reveal/",
          "assets_na": false,
          "assets_uids": [
            "642736637411a299fd603d14"
          ],
          "created_at": 1732543174,
          "status": "pending"
        }
      ]
    },
    {
      "categories": [
        "Authorization/Permissions",
        "Insecure Direct Object Reference (Read-Only)"
      ],
      "exploitable_locations": [
        {
          "type": "url",
          "value": "https://sat.eu-west-1.dev.reveal11.cloud/rest/api/v2/company/<id>/statistics",
          "assets_na": false,
          "assets_uids": [
            "642736637411a299fd603d14"
          ],
          "created_at": 1733553054,
          "status": "pending"
        }
      ]
    },
    {
      "categories": [
        "Authorization/Permissions",
        "Access Control Violation (High Privileged Functions-Read Only)"
      ],
      "exploitable_locations": [
        {
          "type": "url",
          "value": "https://sat.eu-west-1.dev.reveal11.cloud/rest/api/v2/3/persona",
          "assets_na": false,
          "assets_uids": [
            "642736637411a299fd603d14"
          ],
          "created_at": 1739339933,
          "status": "pending"
        }
      ]
    },
    {
      "categories": [
        "Authorization/Permissions",
        "Access Control Violation (High Privileged Functions - Read/Write or Write Only)"
      ],
      "exploitable_locations": [
        {
          "type": "url",
          "value": "https://sat.eu-west-1.dev.reveal11.cloud/rest/api/v2/1/fieldMappings",
          "assets_na": false,
          "assets_uids": [
            "642736637411a299fd603d14"
          ],
          "created_at": 1739351767,
          "status": "pending"
        }
      ]
    },
    {
      "categories": [
        "Authorization/Permissions",
        "Access Control Violation (High Privileged Functions-Read Only)"
      ],
      "exploitable_locations": [
        {
          "type": "url",
          "value": "https://sat.eu-west-1.dev.reveal11.cloud/rest/api/v2/projects/copySettings/jobs/",
          "assets_na": false,
          "assets_uids": [
            "642736637411a299fd603d14"
          ],
          "created_at": 1739352149,
          "status": "pending"
        },
        {
          "type": "url",
          "value": "https://sat.eu-west-1.dev.reveal11.cloud/rest/api/v2/projects/copySettings/jobs/<id>/logs",
          "assets_na": false,
          "assets_uids": [
            "642736637411a299fd603d14"
          ],
          "created_at": 1739352149,
          "status": "pending"
        }
      ]
    },
    {
      "categories": [
        "Authorization/Permissions",
        "Access Control Violation (High Privileged Functions-Read Only)"
      ],
      "exploitable_locations": [
        {
          "type": "url",
          "value": "https://sat.eu-west-1.dev.reveal11.cloud/rest/api/v2/<company_id>/jobs/<project_id>/v2/lastjob",
          "assets_na": false,
          "assets_uids": [
            "642736637411a299fd603d14"
          ],
          "created_at": 1739368498,
          "status": "pending"
        }
      ]
    },
    {
      "categories": [
        "Authorization/Permissions",
        "Access/Privacy Control Violation"
      ],
      "exploitable_locations": [
        {
          "type": "url",
          "value": "https://sat.eu-west-1.dev.reveal11.cloud/rest/api/v2/1/search/saved",
          "created_at": 1680810024,
          "status": "pending"
        }
      ]
    },
    {
      "categories": [
        "Authorization/Permissions",
        "Insecure Direct Object Reference (Read-Only)"
      ],
      "exploitable_locations": [
        {
          "type": "url",
          "value": "https://sat.eu-west-1.dev.reveal11.cloud/rest/api/v2/projects",
          "created_at": 1680804227,
          "status": "pending"
        }
      ]
    },
    {
      "categories": [
        "Cross-Site Scripting (XSS)",
        "Persistent XSS"
      ],
      "exploitable_locations": [
        {
          "type": "url",
          "value": "https://sat.eu-west-1.dev.reveal11.cloud/rest/api/v2/1/jobs/upload",
          "created_at": 1680811995,
          "status": "pending"
        }
      ]
    },
    {
      "categories": [
        "Authorization/Permissions",
        "Access/Privacy Control Violation"
      ],
      "exploitable_locations": [
        {
          "type": "url",
          "value": "https://sat.eu-west-1.dev.reveal11.cloud/rest/api/v2/users",
          "created_at": 1680812930,
          "status": "pending"
        },
        {
          "type": "url",
          "value": "https://sat.eu-west-1.dev.reveal11.cloud/rest/api/v2/users/<user-id>",
          "created_at": 1680812930,
          "status": "pending"
        }
      ]
    },
    {
      "categories": [
        "Cross-Site Scripting (XSS)",
        "Persistent XSS"
      ],
      "exploitable_locations": [
        {
          "type": "url",
          "value": "https://sat.eu-west-1.dev.reveal11.cloud/Reveal/UserManagement/AddNewGroupDialog.aspx",
          "created_at": 1680874643,
          "status": "pending"
        }
      ]
    },
    {
      "categories": [
        "Cross-Site Scripting (XSS)",
        "Persistent XSS"
      ],
      "exploitable_locations": [
        {
          "type": "url",
          "value": "https://sat.eu-west-1.dev.reveal11.cloud/rest/api/v2/1/jobs/deletion",
          "created_at": 1681028232,
          "status": "pending"
        }
      ]
    },
    {
      "categories": [
        "Cross-Site Scripting (XSS)",
        "Persistent XSS"
      ],
      "exploitable_locations": [
        {
          "type": "url",
          "value": "https://sat.eu-west-1.dev.reveal11.cloud/rest/api/v2/1/jobs/export",
          "created_at": 1681029186,
          "status": "pending"
        }
      ]
    },
    {
      "categories": [
        "Cross-Site Scripting (XSS)",
        "Persistent XSS"
      ],
      "exploitable_locations": [
        {
          "type": "url",
          "value": "https://sat.eu-west-1.dev.reveal11.cloud/rest/api/v2/1/jobs/print",
          "created_at": 1681030815,
          "status": "pending"
        }
      ]
    },
    {
      "categories": [
        "Cross-Site Scripting (XSS)",
        "Persistent XSS"
      ],
      "exploitable_locations": [
        {
          "type": "url",
          "value": "https://sat.eu-west-1.dev.reveal11.cloud/rest/api/v2/1/jobs/imagelabel",
          "created_at": 1681029790,
          "status": "pending"
        }
      ]
    },
    {
      "categories": [
        "Cross-Site Scripting (XSS)",
        "Persistent XSS"
      ],
      "exploitable_locations": [
        {
          "type": "url",
          "value": "https://sat.eu-west-1.dev.reveal11.cloud/rest/api/v2/1/jobs/bulkTag",
          "created_at": 1681031122,
          "status": "pending"
        }
      ]
    },
    {
      "categories": [
        "Cross-Site Scripting (XSS)",
        "Persistent XSS"
      ],
      "exploitable_locations": [
        {
          "type": "url",
          "value": "https://sat.eu-west-1.dev.reveal11.cloud/rest/api/v2/1/jobs/av-transcribe",
          "created_at": 1681034072,
          "status": "pending"
        }
      ]
    },
    {
      "categories": [
        "Cross-Site Scripting (XSS)",
        "Persistent XSS"
      ],
      "exploitable_locations": [
        {
          "type": "url",
          "value": "https://sat.eu-west-1.dev.reveal11.cloud/rest/api/v2/1/jobs/translate",
          "created_at": 1681033901,
          "status": "pending"
        }
      ]
    },
    {
      "categories": [
        "Authorization/Permissions",
        "Access/Privacy Control Violation"
      ],
      "exploitable_locations": [
        {
          "type": "url",
          "value": "https://sat.eu-west-1.dev.reveal11.cloud/rest/api/v2/<ID>/users",
          "created_at": 1681131470,
          "status": "pending"
        }
      ]
    },
    {
      "categories": [
        "Information Disclosure",
        "Sensitive Source Code"
      ],
      "exploitable_locations": [
        {
          "type": "url",
          "value": "https://sat.eu-west-1.dev.reveal11.cloud/rest/api/v2/1/jobs/upload/client-configuration",
          "created_at": 1681336285,
          "status": "pending"
        }
      ]
    },
    {
      "categories": [
        "Authorization/Permissions",
        "Access/Privacy Control Violation"
      ],
      "exploitable_locations": [
        {
          "type": "url",
          "value": "https://sat.eu-west-1.dev.reveal11.cloud/rest/api/v2/revealai/caseid/<cosmicGroupId>/cosmics",
          "created_at": 1681361073,
          "status": "pending"
        }
      ]
    },
    {
      "categories": [
        "Authorization/Permissions",
        "Access/Privacy Control Violation"
      ],
      "exploitable_locations": [
        {
          "type": "url",
          "value": "https://sat.eu-west-1.dev.reveal11.cloud/rest/api/v2/revealai/caseid/<cosmisGroupId>/cosmic/<cosmisId>/run",
          "created_at": 1681371297,
          "status": "pending"
        }
      ]
    },
    {
      "categories": [
        "Cross-Site Scripting (XSS)",
        "Persistent XSS"
      ],
      "exploitable_locations": [
        {
          "type": "url",
          "value": "https://sat.eu-west-1.dev.reveal11.cloud/rest/api/v2/1/textSets",
          "created_at": 1681576600,
          "status": "pending"
        }
      ]
    },
    {
      "categories": [
        "Authorization/Permissions",
        "Access/Privacy Control Violation"
      ],
      "exploitable_locations": [
        {
          "type": "url",
          "value": "https://sat.eu-west-1.dev.reveal11.cloud/datasets/1/classification/all",
          "created_at": 1681850484,
          "status": "pending"
        }
      ]
    },
    {
      "categories": [
        "Authorization/Permissions",
        "Access/Privacy Control Violation"
      ],
      "exploitable_locations": [
        {
          "type": "url",
          "value": "https://sat.eu-west-1.dev.reveal11.cloud/Reveal/Review/DownloadFile.aspx",
          "created_at": 1682871814,
          "status": "pending"
        }
      ]
    },
    {
      "categories": [
        "Cross-Site Scripting (XSS)",
        "Persistent XSS"
      ],
      "exploitable_locations": [
        {
          "type": "url",
          "value": "https://sat.eu-west-1.dev.reveal11.cloud/rest/api/v2/4/jobs/deletion",
          "created_at": 1684177590,
          "status": "pending"
        }
      ]
    },
    {
      "categories": [
        "Cross-Site Scripting (XSS)",
        "Persistent XSS"
      ],
      "exploitable_locations": [
        {
          "type": "url",
          "value": "https://sat.eu-west-1.dev.reveal11.cloud/rest/api/v2/[project_id]/folders/Work/[id]",
          "created_at": 1684266560,
          "status": "pending"
        }
      ]
    },
    {
      "categories": [
        "Authorization/Permissions",
        "Insecure Direct Object Reference (Read-Only)"
      ],
      "exploitable_locations": [
        {
          "type": "url",
          "value": "https://sat.eu-west-1.dev.reveal11.cloud/rest/v2/rest/dataset/<ID>",
          "created_at": 1684295962,
          "status": "pending"
        }
      ]
    },
    {
      "categories": [
        "Authentication/Session Management",
        "Account Enumeration"
      ],
      "exploitable_locations": [
        {
          "type": "url",
          "value": "https://sat.eu-west-1.dev.reveal11.cloud/rest/api/v2/users",
          "created_at": 1684470407,
          "status": "pending"
        },
        {
          "type": "url",
          "value": "https://sat.eu-west-1.dev.reveal11.cloud/rest/api/v2/users/<user-id>",
          "created_at": 1684470407,
          "status": "pending"
        }
      ]
    },
    {
      "categories": [
        "Authorization/Permissions",
        "Access/Privacy Control Violation"
      ],
      "exploitable_locations": [
        {
          "type": "url",
          "value": "https://sat.eu-west-1.dev.reveal11.cloud/rest/api/v2/1/folders/Work/1",
          "created_at": 1684936183,
          "status": "pending"
        }
      ]
    },
    {
      "categories": [
        "Authorization/Permissions",
        "Access/Privacy Control Violation"
      ],
      "exploitable_locations": [
        {
          "type": "url",
          "value": "https://sat.eu-west-1.dev.reveal11.cloud/rest/api/v2/3/folders/Document/<documentId>",
          "created_at": 1685008621,
          "status": "pending"
        }
      ]
    },
    {
      "categories": [
        "Cross-Site Scripting (XSS)",
        "Persistent XSS"
      ],
      "exploitable_locations": [
        {
          "type": "url",
          "value": "https://sat.eu-west-1.dev.reveal11.cloud/Reveal/CompanyAdmin/Projects/ProjectDetails.aspx",
          "assets_na": false,
          "assets_uids": [
            "642736637411a299fd603d14"
          ],
          "created_at": 1685820270,
          "status": "pending"
        }
      ]
    },
    {
      "categories": [
        "Cross-Site Scripting (XSS)",
        "Persistent XSS"
      ],
      "exploitable_locations": [
        {
          "type": "url",
          "value": "https://sat.eu-west-1.dev.reveal11.cloud/Reveal/CompanyAdmin/Users/CreateEditUser.aspx",
          "assets_na": false,
          "assets_uids": [
            "642736637411a299fd603d14"
          ],
          "created_at": 1686067008,
          "status": "pending"
        }
      ]
    }
  ]
}