{
  "listing_id": "882nmc81tw",
  "type": "categories",
  "value": [
    {
      "categories": [
        "Cross-site Request Forgery (CSRF)",
        "**CSRF Protection Missing**"
      ],
      "exploitable_locations": [
        {
          "type": "url",
          "value": "https://web-asset-management-service/markets/N45999/campaigns",
          "created_at": 1460414269,
          "status": "pending"
        }
      ]
    },
    {
      "categories": [
        "Information Disclosure",
        "Sensitive Directory/File Contents Disclosed"
      ],
      "exploitable_locations": [
        {
          "type": "url",
          "value": "https://wam.preprod.dominos.com/web-asset-management-service/services/",
          "created_at": 1460472027,
          "status": "pending"
        }
      ]
    },
    {
      "categories": [
        "Information Disclosure",
        "Sensitive Directory/File Contents Disclosed"
      ],
      "exploitable_locations": [
        {
          "type": "url",
          "value": "https://wam.preprod.dominos.com/css/",
          "created_at": 1460472449,
          "status": "pending"
        },
        {
          "type": "url",
          "value": "https://wam.preprod.dominos.com/fonts/",
          "created_at": 1460472449,
          "status": "pending"
        },
        {
          "type": "url",
          "value": "https://wam.preprod.dominos.com/img/",
          "created_at": 1460472449,
          "status": "pending"
        },
        {
          "type": "url",
          "value": "https://wam.preprod.dominos.com/js/",
          "created_at": 1460472449,
          "status": "pending"
        },
        {
          "type": "url",
          "value": "https://wam.preprod.dominos.com/web-asset-management-service/services/",
          "created_at": 1460472449,
          "status": "pending"
        }
      ]
    },
    {
      "categories": [
        "Denial-of-service (DoS)",
        "DoS against a specific server service"
      ],
      "exploitable_locations": [
        {
          "type": "url",
          "value": "https://wam.preprod.dominos.com/#/footer",
          "created_at": 1460481792,
          "status": "pending"
        }
      ]
    },
    {
      "categories": [
        "Functional/Business Logic",
        "Functionality Abuse with Malicious Impact"
      ],
      "exploitable_locations": [
        {
          "type": "url",
          "value": "https://wam.preprod.dominos.com/#/admin/requests",
          "created_at": 1460783198,
          "status": "pending"
        }
      ]
    },
    {
      "categories": [
        "Authorization/Permissions",
        "Access/Privacy Control Violation"
      ],
      "exploitable_locations": [
        {
          "type": "url",
          "value": "https://wam.preprod.dominos.com/#/admin/requests",
          "created_at": 1460927380,
          "status": "pending"
        },
        {
          "type": "url",
          "value": "https://wam.preprod.dominos.com/#/admin/markets",
          "created_at": 1460927380,
          "status": "pending"
        }
      ]
    },
    {
      "categories": [
        "Authorization/Permissions",
        "Access/Privacy Control Violation"
      ],
      "exploitable_locations": [
        {
          "type": "app-location",
          "value": "Login / validation phase",
          "created_at": 1460934075,
          "status": "pending"
        }
      ]
    },
    {
      "categories": [
        "Authentication/Session Management",
        "Session Fixation"
      ],
      "exploitable_locations": [
        {
          "type": "other",
          "value": "Only session cookie that set for auth-intl-preprod.dominos.com",
          "created_at": 1460414824,
          "status": "pending"
        }
      ]
    },
    {
      "categories": [
        "Information Disclosure",
        "Identity of Software Architecture"
      ],
      "exploitable_locations": [
        {
          "type": "url",
          "value": "https://tools-intl-mi-preprod.us.dominos.com/web-asset-management-service/swagger-ui.html",
          "created_at": 1572487541,
          "status": "pending"
        }
      ]
    },
    {
      "categories": [
        "Cross-Site Scripting (XSS)",
        "**Persistent XSS**"
      ],
      "exploitable_locations": [
        {
          "type": "url",
          "value": "https://tools-intl-mi-preprod.us.dominos.com/web-asset-management-service/markets/N15149/coupons",
          "created_at": 1572514367,
          "status": "pending"
        }
      ]
    },
    {
      "categories": [
        "Functional/Business Logic",
        "Client Side Validation"
      ],
      "exploitable_locations": [
        {
          "type": "url",
          "value": "https://tools-intl-mi-preprod.us.dominos.com/web-asset-management-service/campaigns/b14dc595-22a7-4820-a1f5-e0796ce15c73",
          "created_at": 1599757418,
          "status": "pending"
        }
      ]
    },
    {
      "categories": [
        "Server/Application Misconfiguration",
        "Host Header Injection"
      ],
      "exploitable_locations": [
        {
          "type": "url",
          "value": "https://tools-intl-mi-preprod.us.dominos.com/wam",
          "created_at": 1611278069,
          "status": "pending"
        }
      ]
    },
    {
      "categories": [
        "Cross-Site Scripting (XSS)",
        "**Reflected XSS (OLD DNU)**"
      ],
      "exploitable_locations": [
        {
          "type": "url",
          "value": "https://tools-intl-mi-preprod.us.dominos.com/web-asset-management-service/swagger-ui.html",
          "created_at": 1611321785,
          "status": "pending"
        }
      ]
    },
    {
      "categories": [
        "Information Disclosure",
        "Sensitive API Keys"
      ],
      "exploitable_locations": [
        {
          "type": "url",
          "value": "https://tools-intl-mi-preprod.us.dominos.com/sm/",
          "created_at": 1619631811,
          "status": "pending"
        }
      ]
    },
    {
      "categories": [
        "Server/Application Misconfiguration",
        "Cross-Origin Resource Sharing (CORS)"
      ],
      "exploitable_locations": [
        {
          "type": "url",
          "value": "https://tools-intl-mi-preprod.us.dominos.com/wam/auth.html",
          "created_at": 1625752849,
          "status": "pending"
        }
      ]
    },
    {
      "categories": [
        "Other",
        "Other - Please describe"
      ],
      "exploitable_locations": [
        {
          "type": "other",
          "value": "logout functionality",
          "created_at": 1626943476,
          "status": "pending"
        }
      ]
    },
    {
      "categories": [
        "Authentication/Session Management",
        "Credential/Session Prediction"
      ],
      "exploitable_locations": [
        {
          "type": "url",
          "value": "https://wam.preprod.dominos.com/web-asset-management-service/campaigns/12f2ac67-e835-4b1c-a1b7-3545c1b68ec8",
          "created_at": 1460420901,
          "status": "pending"
        },
        {
          "type": "url",
          "value": "https://wam.preprod.dominos.com/web-asset-management-service/footers/2bf34962-6fdd-ec48-8240-9f5e814a12b1",
          "created_at": 1460420901,
          "status": "pending"
        }
      ]
    },
    {
      "categories": [
        "Information Disclosure",
        "Sensitive API Keys"
      ],
      "exploitable_locations": [
        {
          "type": "url",
          "value": "https://tools-intl-mi-preprod.us.dominos.com/sm/_envconfig.js",
          "created_at": 1629646254,
          "status": "pending"
        }
      ]
    },
    {
      "categories": [
        "Server/Application Misconfiguration",
        "Cache Directives"
      ],
      "exploitable_locations": [
        {
          "type": "url",
          "value": "https://tools-intl-mi-preprod.us.dominos.com/web-asset-management-service/footers/4ce03a04-7383-ac4b-b721-c2a56389c212/states",
          "created_at": 1633769825,
          "status": "pending"
        }
      ]
    },
    {
      "categories": [
        "Information Disclosure",
        "Sensitive Client Information Disclosed"
      ],
      "exploitable_locations": [
        {
          "type": "url",
          "value": "https://tools-intl-mi-preprod.us.dominos.com/wam/#access_token=<TOKEN>&state=2uqivko564e00&token_type=Bearer",
          "created_at": 1633806447,
          "status": "pending"
        }
      ]
    },
    {
      "categories": [
        "Remote Execution",
        "Remote Code Execution"
      ],
      "exploitable_locations": [
        {
          "type": "url",
          "value": "https://auth-preprod.dominos.com/as/M1H2E/resume/as/authorization.ping",
          "created_at": 1639241200,
          "status": "pending"
        }
      ]
    },
    {
      "categories": [
        "Cross-Site Scripting (XSS)",
        "DOM-based XSS"
      ],
      "exploitable_locations": [
        {
          "type": "url",
          "value": "https://tools-intl-mi-preprod.us.dominos.com/web-asset-management-service/swagger-ui.html",
          "created_at": 1661281780,
          "status": "pending"
        }
      ]
    },
    {
      "categories": [
        "Cross-Site Scripting (XSS)",
        "DOM-based XSS"
      ],
      "exploitable_locations": [
        {
          "type": "file",
          "value": "https://tools-intl-mi-preprod.us.dominos.com/web-asset-management-service/swagger-ui.html",
          "created_at": 1679135110,
          "status": "pending"
        }
      ]
    },
    {
      "categories": [
        "Authorization/Permissions",
        "Insecure Direct Object Reference (Read & Write)"
      ],
      "exploitable_locations": [
        {
          "type": "url",
          "value": "https://tools-intl-mi-preprod.us.dominos.com/wam/#/campaigns",
          "assets_na": false,
          "assets_uids": [
            "5c5dffe1fff5e8000172985f"
          ],
          "created_at": 1691794148,
          "status": "pending"
        },
        {
          "type": "url",
          "value": "https://tools-intl-mi-preprod.us.dominos.com/wam/#/coupons",
          "assets_na": false,
          "assets_uids": [
            "5c5dffe1fff5e8000172985f"
          ],
          "created_at": 1691794148,
          "status": "pending"
        }
      ]
    },
    {
      "categories": [
        "Authentication/Session Management",
        "Cookie-related Flaws"
      ],
      "exploitable_locations": [
        {
          "type": "url",
          "value": "https://tools-intl-mi-preprod.us.dominos.com",
          "assets_na": false,
          "assets_uids": [
            "5c5dffe1fff5e8000172985f"
          ],
          "created_at": 1691790769,
          "status": "pending"
        }
      ]
    },
    {
      "categories": [
        "Content Injection",
        "Spoof HTML Content"
      ],
      "exploitable_locations": [
        {
          "type": "url",
          "value": "https://tools-intl-mi-preprod.us.dominos.com/wam/%2f.%20THIS%20WEBSITE%20HAS%20MOVED%21%20Please%20visit%20www.synack.com%20because%20this%20website",
          "assets_na": false,
          "assets_uids": [
            "5c5dffe1fff5e8000172985f"
          ],
          "created_at": 1692906980,
          "status": "pending"
        }
      ]
    },
    {
      "categories": [
        "Authorization/Permissions",
        "Access Control Violation (High Privileged Functions-Read Only)"
      ],
      "exploitable_locations": [
        {
          "type": "url",
          "value": "https://tools-intl-mi-preprod.us.dominos.com/web-asset-management-service/admin/health/check",
          "assets_na": false,
          "assets_uids": [
            "9fd5df2817fbe294bf1262e7"
          ],
          "created_at": 1694097791,
          "status": "pending"
        }
      ]
    },
    {
      "categories": [
        "Content Injection",
        "Spoof HTML Content"
      ],
      "exploitable_locations": [
        {
          "type": "url",
          "value": "https://tools-intl-mi-preprod.us.dominos.com/web-asset-management-service/swagger-ui.html",
          "assets_na": false,
          "assets_uids": [
            "5c5dffe1fff5e8000172985f"
          ],
          "created_at": 1702306509,
          "status": "pending"
        }
      ]
    },
    {
      "categories": [
        "Authentication/Session Management",
        "Session Expiration Too Long (OLD DNU)"
      ],
      "exploitable_locations": [
        {
          "type": "url",
          "value": "https://wam.preprod.dominos.com",
          "created_at": 1460423645,
          "status": "pending"
        }
      ]
    },
    {
      "categories": [
        "Authorization/Permissions",
        "Access/Privacy Control Violation"
      ],
      "exploitable_locations": [
        {
          "type": "url",
          "value": "https://wam.preprod.dominos.com/#/admin/requests",
          "created_at": 1460435798,
          "status": "pending"
        }
      ]
    },
    {
      "categories": [
        "Authorization/Permissions",
        "Access/Privacy Control Violation"
      ],
      "exploitable_locations": [
        {
          "type": "url",
          "value": "https://wam.preprod.dominos.com/#/admin/markets",
          "created_at": 1460437279,
          "status": "pending"
        }
      ]
    },
    {
      "categories": [
        "Authorization/Permissions",
        "Access/Privacy Control Violation"
      ],
      "exploitable_locations": [
        {
          "type": "url",
          "value": "https://wam.preprod.dominos.com/#/admin/markets",
          "created_at": 1460447848,
          "status": "pending"
        }
      ]
    },
    {
      "categories": [
        "Cross-Site Scripting (XSS)",
        "**Reflected XSS (OLD DNU)**"
      ],
      "exploitable_locations": [
        {
          "type": "url",
          "value": "https://wam.preprod.dominos.com/#/campaigns/%2Fweb-asset-management-service%2Fcampaigns%2F337a2d51-70a4-4020-b114-3aca8ad570ab",
          "created_at": 1460468119,
          "status": "pending"
        }
      ]
    }
  ]
}