{
  "listing_id": "8j7e9eq8t9",
  "type": "categories",
  "value": [
    {
      "categories": [
        "Cross-Site Scripting (XSS)",
        "Reflected XSS"
      ],
      "exploitable_locations": [
        {
          "type": "url",
          "value": "https://support.creditkarma.com/CategoryBaseChatWidget",
          "assets_na": false,
          "assets_uids": [
            "646e34b776e10ec35f13a9df"
          ],
          "created_at": 1688066910,
          "status": "pending"
        }
      ]
    },
    {
      "categories": [
        "Cross-Site Scripting (XSS)",
        "Reflected XSS"
      ],
      "exploitable_locations": [
        {
          "type": "url",
          "value": "https://support.creditkarma.com/PhoneToChatWidget",
          "assets_na": false,
          "assets_uids": [
            "646e34b776e10ec35f13a9df"
          ],
          "created_at": 1688074815,
          "status": "pending"
        }
      ]
    },
    {
      "categories": [
        "Cross-Site Scripting (XSS)",
        "Reflected XSS"
      ],
      "exploitable_locations": [
        {
          "type": "url",
          "value": "https://support.creditkarma.com/CommunityChatWidget",
          "assets_na": false,
          "assets_uids": [
            "646e34b776e10ec35f13a9df"
          ],
          "created_at": 1688095574,
          "status": "pending"
        }
      ]
    },
    {
      "categories": [
        "Functional/Business Logic",
        "Unvalidated Redirect Bypass"
      ],
      "exploitable_locations": [
        {
          "type": "url",
          "value": "https://www.creditkarma.com/events/redirect",
          "assets_na": false,
          "assets_uids": [
            "646e34b776e10ec35f13a9df"
          ],
          "created_at": 1739475341,
          "status": "pending"
        },
        {
          "type": "url",
          "value": "https://www.creditkarma.com/events/redirect/external",
          "assets_na": false,
          "assets_uids": [
            "646e34b776e10ec35f13a9df"
          ],
          "created_at": 1739475341,
          "status": "pending"
        }
      ]
    }
  ]
}