{
  "listing_id": "8pjvpgd3qx",
  "type": "categories",
  "value": [
    {
      "categories": [
        "Authorization/Permissions",
        "Access Control Violation (High Privileged Functions-Read Only)"
      ],
      "exploitable_locations": [
        {
          "type": "url",
          "value": "https://offersubmissions.caadev.com/api/partiesSearch",
          "assets_na": false,
          "assets_uids": [
            "66b388583d535a41b32fe902"
          ],
          "created_at": 1739992624,
          "status": "pending"
        },
        {
          "type": "url",
          "value": "https://offersubmissions.caadev.com/api/parties/<id>",
          "assets_na": false,
          "assets_uids": [
            "66b388583d535a41b32fe902"
          ],
          "created_at": 1739992624,
          "status": "pending"
        }
      ]
    }
  ]
}