{
  "listing_id": "93fhbjhdgv",
  "type": "categories",
  "value": [
    {
      "categories": [
        "Authorization/Permissions",
        "Forced Browsing"
      ],
      "exploitable_locations": [
        {
          "type": "url",
          "value": "http://217.10.48.38/jkmanager",
          "created_at": 1580902446,
          "status": "fixed"
        },
        {
          "type": "url",
          "value": "http://217.10.48.38/jkmanager",
          "created_at": 1580902446,
          "status": "fixed"
        }
      ]
    },
    {
      "categories": [
        "Authentication/Session Management",
        "SSO Authentication Bypass"
      ],
      "exploitable_locations": [
        {
          "type": "url",
          "value": "https://ishare.extra.infineon.com",
          "created_at": 1580939601,
          "status": "wont_fix"
        }
      ]
    },
    {
      "categories": [
        "Server/Application Misconfiguration",
        "Open Mail Relay"
      ],
      "exploitable_locations": [
        {
          "type": "ip",
          "protocol": "tcp",
          "address": "217.10.52.105",
          "port": "25",
          "created_at": 1580942242,
          "status": "wont_fix"
        },
        {
          "type": "ip",
          "protocol": "tcp",
          "address": "217.10.52.92",
          "port": "25",
          "created_at": 1580942242,
          "status": "wont_fix"
        },
        {
          "type": "ip",
          "protocol": "tcp",
          "address": "217.10.52.160",
          "port": "25",
          "created_at": 1580942242,
          "status": "wont_fix"
        },
        {
          "type": "ip",
          "protocol": "tcp",
          "address": "217.10.52.18",
          "port": "25",
          "created_at": 1580942242,
          "status": "wont_fix"
        },
        {
          "type": "ip",
          "protocol": "tcp",
          "address": "172.96.128.23",
          "port": "25",
          "created_at": 1580942242,
          "status": "wont_fix"
        }
      ]
    },
    {
      "categories": [
        "Authentication/Session Management",
        "Default Credentials(OLD DNU)"
      ],
      "exploitable_locations": [
        {
          "type": "url",
          "value": "https://biz-qualityext101.cypress.com:7779/eppap/search.process_advanced_search_page",
          "created_at": 1596838324,
          "status": "fixed"
        },
        {
          "type": "ip",
          "protocol": "tcp",
          "address": "12.110.209.140",
          "port": "7779",
          "created_at": 1596838324,
          "status": "fixed"
        }
      ]
    },
    {
      "categories": [
        "Authentication/Session Management",
        "Default Credentials(OLD DNU)"
      ],
      "exploitable_locations": [
        {
          "type": "ip",
          "protocol": "tcp",
          "address": "12.110.209.140",
          "port": "7779",
          "created_at": 1596840291,
          "status": "fixed"
        },
        {
          "type": "url",
          "value": "https://biz-qualityext101.cypress.com:7779/dmz_ppcd/ppcd_search.listing_page",
          "created_at": 1596840291,
          "status": "fixed"
        }
      ]
    },
    {
      "categories": [
        "Information Disclosure",
        "Sensitive Client Information Disclosed"
      ],
      "exploitable_locations": [
        {
          "type": "ip",
          "protocol": "udp",
          "address": "209.183.241.146",
          "port": "500",
          "created_at": 1597600815,
          "status": "fixed"
        }
      ]
    },
    {
      "categories": [
        "Information Disclosure",
        "Sensitive Client Information Disclosed"
      ],
      "exploitable_locations": [
        {
          "type": "ip",
          "protocol": "tcp",
          "address": "193.158.118.26",
          "port": "554",
          "created_at": 1600277464,
          "status": "fixed"
        }
      ]
    },
    {
      "categories": [
        "Brute Force",
        "User Login Credentials"
      ],
      "exploitable_locations": [
        {
          "type": "ip",
          "protocol": "tcp",
          "address": "193.158.118.26",
          "port": "5638",
          "created_at": 1602090526,
          "status": "fixed"
        }
      ]
    },
    {
      "categories": [
        "Remote Execution",
        "**OS Command Injection**"
      ],
      "exploitable_locations": [
        {
          "type": "url",
          "value": "http://193.158.118.26:5634/ajax/send_test.php",
          "created_at": 1602426596,
          "status": "fixed"
        }
      ]
    },
    {
      "categories": [
        "SQL Injection",
        "**Blind**"
      ],
      "exploitable_locations": [
        {
          "type": "url",
          "value": "http://193.158.118.26:5634/ext_allnet.php",
          "created_at": 1602513829,
          "status": "fixed"
        }
      ]
    },
    {
      "categories": [
        "Remote Execution",
        "**OS Command Injection**"
      ],
      "exploitable_locations": [
        {
          "type": "url",
          "value": "http://217.86.255.187:5634/ajax/logfile_load.php",
          "created_at": 1602797890,
          "status": "fixed"
        }
      ]
    },
    {
      "categories": [
        "Remote Execution",
        "**OS Command Injection**"
      ],
      "exploitable_locations": [
        {
          "type": "url",
          "value": "http://217.86.255.187:5634/ajax/modul_management.php",
          "created_at": 1602876290,
          "status": "fixed"
        }
      ]
    },
    {
      "categories": [
        "Authorization/Permissions",
        "Access/Privacy Control Violation"
      ],
      "exploitable_locations": [
        {
          "type": "url",
          "value": "http://217.86.255.187:5634/httpd.php",
          "created_at": 1602891118,
          "status": "fixed"
        }
      ]
    },
    {
      "categories": [
        "Authorization/Permissions",
        "Access/Privacy Control Violation"
      ],
      "exploitable_locations": [
        {
          "type": "url",
          "value": "http://217.86.255.187:5634/ajax/config_download.php",
          "created_at": 1602960905,
          "status": "fixed"
        }
      ]
    },
    {
      "categories": [
        "Remote Execution",
        "**OS Command Injection**"
      ],
      "exploitable_locations": [
        {
          "type": "url",
          "value": "http://217.86.255.187:5634/ajax/send_test.php",
          "created_at": 1603028295,
          "status": "fixed"
        }
      ]
    },
    {
      "categories": [
        "Remote Execution",
        "**OS Command Injection**"
      ],
      "exploitable_locations": [
        {
          "type": "url",
          "value": "http://217.86.255.187:5634/ext_xml.php",
          "created_at": 1603053299,
          "status": "fixed"
        }
      ]
    },
    {
      "categories": [
        "Authorization/Permissions",
        "Access/Privacy Control Violation"
      ],
      "exploitable_locations": [
        {
          "type": "url",
          "value": "http://217.86.255.187:5634/*",
          "created_at": 1603112572,
          "status": "fixed"
        },
        {
          "type": "url",
          "value": "http://217.86.255.187:5634/ajax/",
          "created_at": 1603112572,
          "status": "fixed"
        }
      ]
    },
    {
      "categories": [
        "Remote Execution",
        "**OS Command Injection**"
      ],
      "exploitable_locations": [
        {
          "type": "url",
          "value": "http://217.86.255.187:5634/ajax/patch.php",
          "created_at": 1603190121,
          "status": "fixed"
        }
      ]
    },
    {
      "categories": [
        "Remote Execution",
        "**OS Command Injection**"
      ],
      "exploitable_locations": [
        {
          "type": "url",
          "value": "http://217.86.255.187:5634/ext_actors.php",
          "created_at": 1603566496,
          "status": "fixed"
        }
      ]
    },
    {
      "categories": [
        "SQL Injection",
        "**Incorrect Filtered Escape Characters**"
      ],
      "exploitable_locations": [
        {
          "type": "url",
          "value": "http://217.86.255.187:5634/ext_xml.php",
          "created_at": 1603908436,
          "status": "fixed"
        }
      ]
    },
    {
      "categories": [
        "Authentication/Session Management",
        "Account Enumeration"
      ],
      "exploitable_locations": [
        {
          "type": "ip",
          "protocol": "tcp",
          "address": "116.7.244.43",
          "port": "139",
          "created_at": 1604059306,
          "status": "fixed"
        }
      ]
    },
    {
      "categories": [
        "Authorization/Permissions",
        "**Server-side Request Forgery (SSRF)**"
      ],
      "exploitable_locations": [
        {
          "type": "url",
          "value": "https://design.infineon.com/tinademo/ajaxfuncsgwt.php",
          "created_at": 1606692684,
          "status": "fixed"
        }
      ]
    },
    {
      "categories": [
        "Authentication/Session Management",
        "2FA Authentication Bypass"
      ],
      "exploitable_locations": [
        {
          "type": "ip",
          "protocol": "tcp",
          "address": "217.10.52.189",
          "port": "443",
          "created_at": 1580955568,
          "status": "fixed"
        },
        {
          "type": "url",
          "value": "https://iauth1.infineon.com/",
          "created_at": 1580955568,
          "status": "fixed"
        }
      ]
    },
    {
      "categories": [
        "Information Disclosure",
        "Sensitive Client Information Disclosed"
      ],
      "exploitable_locations": [
        {
          "type": "ip",
          "protocol": "udp",
          "address": "180.43.59.123",
          "port": "500",
          "created_at": 1617647628,
          "status": "fixed"
        },
        {
          "type": "ip",
          "protocol": "udp",
          "address": "58.26.128.71",
          "port": "500",
          "created_at": 1617647628,
          "status": "fixed"
        },
        {
          "type": "ip",
          "protocol": "udp",
          "address": "207.67.13.17",
          "port": "500",
          "created_at": 1617647628,
          "status": "fixed"
        },
        {
          "type": "ip",
          "protocol": "udp",
          "address": "207.67.13.23",
          "port": "500",
          "created_at": 1617647628,
          "status": "fixed"
        },
        {
          "type": "ip",
          "protocol": "udp",
          "address": "118.201.193.194",
          "port": "500",
          "created_at": 1617647628,
          "status": "fixed"
        }
      ]
    },
    {
      "categories": [
        "Information Disclosure",
        "Sensitive Client Information Disclosed"
      ],
      "exploitable_locations": [
        {
          "type": "ip",
          "protocol": "tcp",
          "address": "217.10.52.162",
          "port": "8443",
          "created_at": 1622190696,
          "status": "fixed"
        }
      ]
    },
    {
      "categories": [
        "Information Disclosure",
        "Sensitive Client Information Disclosed"
      ],
      "exploitable_locations": [
        {
          "type": "ip",
          "protocol": "tcp",
          "address": "217.10.52.186",
          "port": "8443",
          "created_at": 1622428254,
          "status": "fixed"
        }
      ]
    },
    {
      "categories": [
        "Server/Application Misconfiguration",
        "Open Mail Relay"
      ],
      "exploitable_locations": [
        {
          "type": "ip",
          "protocol": "tcp",
          "address": "203.161.181.12",
          "port": "25",
          "created_at": 1580959332,
          "status": "wont_fix"
        }
      ]
    },
    {
      "categories": [
        "SQL Injection",
        "**Error-based**"
      ],
      "exploitable_locations": [
        {
          "type": "url",
          "value": "https://spectrum.infineon.com:8443/spectrum-server/rest/preAuthResourceBundle",
          "created_at": 1622497861,
          "status": "fixed"
        }
      ]
    },
    {
      "categories": [
        "Remote Execution",
        "**Other Technique**"
      ],
      "exploitable_locations": [
        {
          "type": "ip",
          "protocol": "tcp",
          "address": "217.10.52.46",
          "port": "443",
          "created_at": 1628443682,
          "status": "fixed"
        },
        {
          "type": "url",
          "value": "https://mimdmstaging.infineon.com/",
          "created_at": 1628443682,
          "status": "fixed"
        }
      ]
    },
    {
      "categories": [
        "Authorization/Permissions",
        "Path Traversal"
      ],
      "exploitable_locations": [
        {
          "type": "url",
          "value": "https://itrack.infineon.com/",
          "created_at": 1630625682,
          "status": "fixed"
        },
        {
          "type": "ip",
          "protocol": "tcp",
          "address": "217.10.52.120",
          "port": "443",
          "created_at": 1630625682,
          "status": "fixed"
        }
      ]
    },
    {
      "categories": [
        "Information Disclosure",
        "Sensitive Client Information Disclosed"
      ],
      "exploitable_locations": [
        {
          "type": "url",
          "value": "https://easyapepro.infineon.com/Sessionsv2.xml",
          "created_at": 1631619547,
          "status": "fixed"
        },
        {
          "type": "url",
          "value": "https://easyape.infineon.com/Sessionsv2.xml",
          "created_at": 1631619547,
          "status": "fixed"
        },
        {
          "type": "ip",
          "protocol": "tcp",
          "address": "217.10.52.171",
          "port": "443",
          "created_at": 1631619547,
          "status": "fixed"
        }
      ]
    },
    {
      "categories": [
        "Remote Execution",
        "Remote Code Execution"
      ],
      "exploitable_locations": [
        {
          "type": "url",
          "value": "https://217.10.52.142/mifs/user/login.jsp",
          "created_at": 1639208136,
          "status": "fixed"
        }
      ]
    },
    {
      "categories": [
        "Authorization/Permissions",
        "Path Traversal"
      ],
      "exploitable_locations": [
        {
          "type": "ip",
          "protocol": "tcp",
          "address": "217.10.52.120",
          "port": "443",
          "created_at": 1639497211,
          "status": "fixed"
        },
        {
          "type": "url",
          "value": "https://217.10.52.120/s/cfx/_/;/META-INF/maven/com.atlassian.jira/atlassian-jira-webapp/pom.xml",
          "created_at": 1639497211,
          "status": "fixed"
        }
      ]
    },
    {
      "categories": [
        "Authorization/Permissions",
        "Forced Browsing"
      ],
      "exploitable_locations": [
        {
          "type": "url",
          "value": "https://217.10.52.68/jkmanager",
          "created_at": 1580903275,
          "status": "fixed"
        },
        {
          "type": "url",
          "value": "https://217.10.52.68/jkmanager",
          "created_at": 1580903275,
          "status": "fixed"
        }
      ]
    },
    {
      "categories": [
        "Authorization/Permissions",
        "Access/Privacy Control Violation"
      ],
      "exploitable_locations": [
        {
          "type": "url",
          "value": "https://ecosystem.infineon.cn/center/user/getUserById",
          "created_at": 1643930112,
          "status": "fixed"
        },
        {
          "type": "ip",
          "protocol": "tcp",
          "address": "60.205.191.129",
          "port": "80",
          "created_at": 1643930112,
          "status": "fixed"
        }
      ]
    },
    {
      "categories": [
        "Authorization/Permissions",
        "Access/Privacy Control Violation"
      ],
      "exploitable_locations": [
        {
          "type": "url",
          "value": "http://ecosystem.infineon.cn/center/user/resetPassword",
          "created_at": 1643931066,
          "status": "fixed"
        },
        {
          "type": "url",
          "value": "http://home-appliance.infineon.cn/center/user/resetPassword",
          "created_at": 1643931066,
          "status": "fixed"
        },
        {
          "type": "url",
          "value": "http://home-appliance.infineon.cn/center/user/changePassword",
          "created_at": 1643931066,
          "status": "fixed"
        },
        {
          "type": "url",
          "value": "http://ecosystem.infineon.cn/center/user/changePassword",
          "created_at": 1643931066,
          "status": "fixed"
        },
        {
          "type": "ip",
          "protocol": "tcp",
          "address": "60.205.191.129",
          "port": "443",
          "created_at": 1643931066,
          "status": "fixed"
        }
      ]
    },
    {
      "categories": [
        "Authorization/Permissions",
        "Server Side Request Forgery(SSRF)- Limited"
      ],
      "exploitable_locations": [
        {
          "type": "url",
          "value": "https://172.96.128.12/uddiexplorer/SearchPublicRegistries.jsp",
          "created_at": 1643968099,
          "status": "fixed"
        }
      ]
    },
    {
      "categories": [
        "Cross-Site Scripting (XSS)",
        "Persistent XSS"
      ],
      "exploitable_locations": [
        {
          "type": "url",
          "value": "https://design.infineon.com/tinademo/ajaxfuncsgwt.php",
          "created_at": 1649615253,
          "status": "fixed"
        },
        {
          "type": "ip",
          "protocol": "tcp",
          "address": "172.96.128.8",
          "port": "443",
          "created_at": 1649615253,
          "status": "fixed"
        }
      ]
    },
    {
      "categories": [
        "Information Disclosure",
        "Directory Contents Disclosed"
      ],
      "exploitable_locations": [
        {
          "type": "url",
          "value": "https://itools.infineon.com/stable/",
          "created_at": 1580985664,
          "status": "wont_fix"
        },
        {
          "type": "url",
          "value": "https://217.10.52.14/stable/",
          "created_at": 1580985664,
          "status": "wont_fix"
        },
        {
          "type": "url",
          "value": "https://217.10.52.48/stable/",
          "created_at": 1580985664,
          "status": "wont_fix"
        },
        {
          "type": "url",
          "value": "https://217.10.52.12/stable/",
          "created_at": 1580985664,
          "status": "wont_fix"
        },
        {
          "type": "url",
          "value": "https://itools.infineon.com/notification/",
          "created_at": 1580985664,
          "status": "wont_fix"
        },
        {
          "type": "url",
          "value": "https://itools.infineon.com/browser/",
          "created_at": 1580985664,
          "status": "wont_fix"
        },
        {
          "type": "url",
          "value": "https://217.10.52.14/notification/",
          "created_at": 1580985664,
          "status": "wont_fix"
        },
        {
          "type": "url",
          "value": "https://217.10.52.48/browser/",
          "created_at": 1580985664,
          "status": "wont_fix"
        },
        {
          "type": "url",
          "value": "https://217.10.52.14/browser/",
          "created_at": 1580985664,
          "status": "wont_fix"
        }
      ]
    },
    {
      "categories": [
        "Information Disclosure",
        "Unverifiable Credentials"
      ],
      "exploitable_locations": [
        {
          "type": "url",
          "value": "https://github.com/guanjunhui/CMS",
          "created_at": 1663303220,
          "status": "fixed"
        },
        {
          "type": "ip",
          "protocol": "tcp",
          "address": "47.95.71.246",
          "port": "443",
          "created_at": 1663303220,
          "status": "fixed"
        },
        {
          "type": "url",
          "value": "https://power-sensor.infineon.cn",
          "created_at": 1663303220,
          "status": "fixed"
        }
      ]
    },
    {
      "categories": [
        "Brute Force",
        "Admin Login Credentials"
      ],
      "exploitable_locations": [
        {
          "type": "url",
          "value": "https://power-sensor.infineon.cn/",
          "created_at": 1663400880,
          "status": "fixed"
        },
        {
          "type": "ip",
          "protocol": "tcp",
          "address": "47.95.71.246",
          "port": "443",
          "created_at": 1663400880,
          "status": "fixed"
        }
      ]
    },
    {
      "categories": [
        "Remote Execution",
        "Remote Code Execution"
      ],
      "exploitable_locations": [
        {
          "type": "url",
          "value": "https://power-sensor.infineon.cn/manage/template/save.do",
          "created_at": 1663403877,
          "status": "fixed"
        },
        {
          "type": "ip",
          "protocol": "tcp",
          "address": "47.95.71.246",
          "port": "443",
          "created_at": 1663403877,
          "status": "fixed"
        }
      ]
    },
    {
      "categories": [
        "Authentication/Session Management",
        "Default Credentials Non-Admin"
      ],
      "exploitable_locations": [
        {
          "type": "url",
          "value": "https://power-sensor.infineon.cn/",
          "created_at": 1663406541,
          "status": "fixed"
        },
        {
          "type": "ip",
          "protocol": "tcp",
          "address": "47.95.71.246",
          "port": "443",
          "created_at": 1663406541,
          "status": "fixed"
        }
      ]
    },
    {
      "categories": [
        "SQL Injection",
        "SQL Injection- Full"
      ],
      "exploitable_locations": [
        {
          "type": "url",
          "value": "https://power-sensor.infineon.cn/productfront/getDowList",
          "created_at": 1663670225,
          "status": "fixed"
        },
        {
          "type": "ip",
          "protocol": "tcp",
          "address": "47.95.71.246",
          "port": "443",
          "created_at": 1663670225,
          "status": "fixed"
        }
      ]
    },
    {
      "categories": [
        "SQL Injection",
        "SQL Injection- Partial"
      ],
      "exploitable_locations": [
        {
          "type": "url",
          "value": "https://power-sensor.infineon.cn/productfront/getNewsList",
          "created_at": 1663680909,
          "status": "fixed"
        },
        {
          "type": "ip",
          "protocol": "tcp",
          "address": "47.95.71.246",
          "port": "443",
          "created_at": 1663680909,
          "status": "fixed"
        }
      ]
    },
    {
      "categories": [
        "Server/Application Misconfiguration",
        "Application Level Protection"
      ],
      "exploitable_locations": [
        {
          "type": "url",
          "value": "https://217.10.52.116/",
          "created_at": 1580987823,
          "status": "wont_fix"
        },
        {
          "type": "url",
          "value": "https://217.10.52.125/",
          "created_at": 1580987823,
          "status": "wont_fix"
        },
        {
          "type": "url",
          "value": "https://217.10.52.153/",
          "created_at": 1580987823,
          "status": "wont_fix"
        }
      ]
    },
    {
      "categories": [
        "SQL Injection",
        "SQL Injection- Full"
      ],
      "exploitable_locations": [
        {
          "type": "url",
          "value": "https://power-sensor.infineon.cn/productfront/getContentList",
          "created_at": 1663683824,
          "status": "fixed"
        },
        {
          "type": "ip",
          "protocol": "tcp",
          "address": "47.95.71.246",
          "port": "443",
          "created_at": 1663683824,
          "status": "fixed"
        }
      ]
    },
    {
      "categories": [
        "SQL Injection",
        "SQL Injection- Full"
      ],
      "exploitable_locations": [
        {
          "type": "url",
          "value": "https://power-sensor.infineon.cn/productfront/getAgentList",
          "created_at": 1663684642,
          "status": "fixed"
        },
        {
          "type": "ip",
          "protocol": "tcp",
          "address": "47.95.71.246",
          "port": "443",
          "created_at": 1663684642,
          "status": "fixed"
        }
      ]
    },
    {
      "categories": [
        "SQL Injection",
        "SQL Injection- Full"
      ],
      "exploitable_locations": [
        {
          "type": "url",
          "value": "https://power-sensor.infineon.cn/productfront/getContentList",
          "created_at": 1663687267,
          "status": "fixed"
        }
      ]
    },
    {
      "categories": [
        "SQL Injection",
        "SQL Injection- Full"
      ],
      "exploitable_locations": [
        {
          "type": "url",
          "value": "https://power-sensor.infineon.cn/solution/getSolutionList",
          "created_at": 1663692940,
          "status": "fixed"
        },
        {
          "type": "ip",
          "protocol": "tcp",
          "address": "47.95.71.246",
          "port": "443",
          "created_at": 1663692940,
          "status": "fixed"
        }
      ]
    },
    {
      "categories": [
        "Information Disclosure",
        "Sensitive Client Information Disclosed"
      ],
      "exploitable_locations": [
        {
          "type": "url",
          "value": "https://power-sensor.infineon.cn/druid/websession.html",
          "created_at": 1663780613,
          "status": "fixed"
        },
        {
          "type": "ip",
          "protocol": "tcp",
          "address": "47.95.71.246",
          "port": "443",
          "created_at": 1663780613,
          "status": "fixed"
        }
      ]
    },
    {
      "categories": [
        "Authorization/Permissions",
        "Server Side Request Forgery(SSRF)- Limited"
      ],
      "exploitable_locations": [
        {
          "type": "ip",
          "protocol": "tcp",
          "address": "172.96.128.12",
          "port": "80",
          "created_at": 1665368332,
          "status": "wont_fix"
        },
        {
          "type": "url",
          "value": "http://plm.cypress.com/uddiexplorer/SearchPublicRegistries.jsp",
          "created_at": 1665368332,
          "status": "wont_fix"
        }
      ]
    },
    {
      "categories": [
        "Information Disclosure",
        "Leaked Credentials (Low Privilege)"
      ],
      "exploitable_locations": [
        {
          "type": "url",
          "value": "https://github.com/XingJin-1/echo-test/blob/4a17d98218d89a5dd5592bd43e505f2d23df8f90/cache/service.go",
          "created_at": 1668238808,
          "status": "fixed"
        },
        {
          "type": "ip",
          "protocol": "tcp",
          "address": "217.10.52.142",
          "port": "443",
          "created_at": 1668238808,
          "status": "fixed"
        },
        {
          "type": "url",
          "value": "https://mimdm.infineon.com",
          "created_at": 1668238808,
          "status": "fixed"
        },
        {
          "type": "ip",
          "protocol": "tcp",
          "address": "4.53.60.22",
          "port": "443",
          "created_at": 1668238808,
          "status": "fixed"
        },
        {
          "type": "url",
          "value": "https://iaccess.infineon.com",
          "created_at": 1668238808,
          "status": "fixed"
        }
      ]
    },
    {
      "categories": [
        "Information Disclosure",
        "Leaked Credentials (Low Privilege)"
      ],
      "exploitable_locations": [
        {
          "type": "url",
          "value": "https://mimdmtest.infineon.com/mifs/user/login.jsp",
          "created_at": 1668267841,
          "status": "fixed"
        },
        {
          "type": "ip",
          "protocol": "tcp",
          "address": "217.10.52.85",
          "port": "443",
          "created_at": 1668267841,
          "status": "fixed"
        },
        {
          "type": "url",
          "value": "https://github.com/XingJin-1/echo-test/blob/4a17d98218d89a5dd5592bd43e505f2d23df8f90/cache/service.go",
          "created_at": 1668267841,
          "status": "fixed"
        }
      ]
    },
    {
      "categories": [
        "Authentication/Session Management",
        "Default Credentials - Admin"
      ],
      "exploitable_locations": [
        {
          "type": "url",
          "value": "https://design.infineon.com/tinademo/debug.php",
          "created_at": 1675079847,
          "status": "fixed"
        }
      ]
    },
    {
      "categories": [
        "Authorization/Permissions",
        "File Inclusion (No execution)"
      ],
      "exploitable_locations": [
        {
          "type": "url",
          "value": "https://prdadvancecare-43360e-cd.azurewebsites.net/api/sitecore/Sitecore.Mvc.DeviceSimulator.Controllers.SimulatorController,Sitecore.Mvc.DeviceSimulator.dll/Preview",
          "assets_na": false,
          "assets_uids": [
            "63d2bd4f3373203959da64f0"
          ],
          "created_at": 1688759632,
          "status": "wont_fix"
        },
        {
          "type": "url",
          "value": "https://prdadvancecare-43360e-cm.azurewebsites.net/api/sitecore/Sitecore.Mvc.DeviceSimulator.Controllers.SimulatorController,Sitecore.Mvc.DeviceSimulator.dll/Preview",
          "assets_na": false,
          "assets_uids": [
            "63d2bd4f3373203959da64f0"
          ],
          "created_at": 1688759632,
          "status": "wont_fix"
        },
        {
          "type": "ip",
          "protocol": "tcp",
          "address": "13.69.68.1",
          "port": "443",
          "created_at": 1688759632,
          "status": "wont_fix"
        }
      ]
    },
    {
      "categories": [
        "Authorization/Permissions",
        "Access Control Violation (Low Privileged Functions-Read/Write or Write Only)"
      ],
      "exploitable_locations": [
        {
          "type": "ip",
          "protocol": "tcp",
          "address": "13.228.22.69",
          "port": "443",
          "assets_na": true,
          "assets_uids": [],
          "created_at": 1693850250,
          "status": "fixed"
        },
        {
          "type": "url",
          "value": "https://links.infineon.com/pxp/admin/user/register.json",
          "assets_na": true,
          "assets_uids": [],
          "created_at": 1693850250,
          "status": "fixed"
        }
      ]
    },
    {
      "categories": [
        "Authentication/Session Management",
        "Email/Password Recovery Flaw"
      ],
      "exploitable_locations": [
        {
          "type": "ip",
          "protocol": "tcp",
          "address": "13.228.22.69",
          "port": "443",
          "assets_na": false,
          "assets_uids": [
            "e3244149c7e803872adc8750"
          ],
          "created_at": 1694044520,
          "status": "fixed"
        },
        {
          "type": "url",
          "value": "https://links.infineon.com/pxp/admin/user/resetPassword.json",
          "assets_na": false,
          "assets_uids": [
            "e3244149c7e803872adc8750"
          ],
          "created_at": 1694044520,
          "status": "fixed"
        }
      ]
    },
    {
      "categories": [
        "Brute Force",
        "Lack of Rate Limiting Protections (i.e. CAPTCHA)"
      ],
      "exploitable_locations": [
        {
          "type": "ip",
          "protocol": "tcp",
          "address": "47.103.85.45",
          "port": "443",
          "assets_na": false,
          "assets_uids": [
            "b313764256c1a7a5d1b4aefd"
          ],
          "created_at": 1694428567,
          "status": "fixed"
        },
        {
          "type": "url",
          "value": "https://links.infineon.cn/pxp/admin/user/resetPassword.json",
          "assets_na": false,
          "assets_uids": [
            "b313764256c1a7a5d1b4aefd"
          ],
          "created_at": 1694428567,
          "status": "fixed"
        },
        {
          "type": "url",
          "value": "https://iot-xensiv.infineon-autoeco.com/pxp/admin/user/resetPassword.json",
          "assets_na": false,
          "assets_uids": [
            "b313764256c1a7a5d1b4aefd"
          ],
          "created_at": 1694428567,
          "status": "fixed"
        }
      ]
    },
    {
      "categories": [
        "Authorization/Permissions",
        "Path Traversal"
      ],
      "exploitable_locations": [
        {
          "type": "ip",
          "protocol": "tcp",
          "address": "116.7.244.42",
          "port": "9999",
          "assets_na": false,
          "assets_uids": [
            "63988729b42dacb78abb29d4"
          ],
          "created_at": 1696234378,
          "status": "wont_fix"
        },
        {
          "type": "url",
          "value": "http://116.7.244.42:9999/api/v1/terminal/sessions/ ",
          "assets_na": true,
          "assets_uids": [],
          "created_at": 1696234378,
          "status": "wont_fix"
        },
        {
          "type": "url",
          "value": "http://116.7.244.42:9999/media/xpack/../replay/{yyyy-mm-dd}/{id}.replay.gz",
          "assets_na": true,
          "assets_uids": [],
          "created_at": 1696234378,
          "status": "wont_fix"
        }
      ]
    },
    {
      "categories": [
        "Cryptography",
        "Encrypted Information Compromised"
      ],
      "exploitable_locations": [
        {
          "type": "ip",
          "protocol": "tcp",
          "address": "116.7.244.42",
          "port": "9999",
          "assets_na": false,
          "assets_uids": [
            "63988729b42dacb78abb29d4"
          ],
          "created_at": 1696479137,
          "status": "wont_fix"
        },
        {
          "type": "ip",
          "protocol": "tcp",
          "address": "116.7.244.42",
          "port": "1080",
          "assets_na": false,
          "assets_uids": [
            "63988729b42dacb78abb29d4"
          ],
          "created_at": 1696479137,
          "status": "wont_fix"
        },
        {
          "type": "url",
          "value": "http://116.7.244.42:9999/core/auth/captcha/image/<seed>/",
          "assets_na": false,
          "assets_uids": [
            "63988729b42dacb78abb29d4"
          ],
          "created_at": 1696479137,
          "status": "wont_fix"
        },
        {
          "type": "url",
          "value": "http://116.7.244.42:1080/core/auth/captcha/image/<seed>/",
          "assets_na": false,
          "assets_uids": [
            "63988729b42dacb78abb29d4"
          ],
          "created_at": 1696479137,
          "status": "wont_fix"
        }
      ]
    },
    {
      "categories": [
        "Authorization/Permissions",
        "Access Control Violation (Low Privileged Functions-Read Only)"
      ],
      "exploitable_locations": [
        {
          "type": "url",
          "value": "https://trust-x.ifxurl.io/img/*",
          "assets_na": false,
          "assets_uids": [
            "092677039adaee82c2a97bd2"
          ],
          "created_at": 1697686613,
          "status": "pending"
        },
        {
          "type": "ip",
          "protocol": "tcp",
          "address": "52.28.30.36",
          "port": "443",
          "assets_na": false,
          "assets_uids": [
            "092677039adaee82c2a97bd2"
          ],
          "created_at": 1697686613,
          "status": "pending"
        },
        {
          "type": "url",
          "value": "https://trust-x.ifxurl.io/img/secCtrlCenter_autoPolicy.190f5235.png",
          "assets_na": false,
          "assets_uids": [
            "092677039adaee82c2a97bd2"
          ],
          "created_at": 1697686613,
          "status": "pending"
        },
        {
          "type": "url",
          "value": "https://trust-x.ifxurl.io/img/secCtrlCenter_forceReset.0ce03ba2.png",
          "assets_na": false,
          "assets_uids": [
            "092677039adaee82c2a97bd2"
          ],
          "created_at": 1697686613,
          "status": "pending"
        },
        {
          "type": "url",
          "value": "https://trust-x.ifxurl.io/img/secCtrlCenter_getInfo.64948258.png",
          "assets_na": false,
          "assets_uids": [
            "092677039adaee82c2a97bd2"
          ],
          "created_at": 1697686613,
          "status": "pending"
        },
        {
          "type": "url",
          "value": "https://trust-x.ifxurl.io/img/secCtrlCenter_triggerCheck.00ae904d.png",
          "assets_na": false,
          "assets_uids": [
            "092677039adaee82c2a97bd2"
          ],
          "created_at": 1697686613,
          "status": "pending"
        }
      ]
    },
    {
      "categories": [
        "Authorization/Permissions",
        "Path Traversal"
      ],
      "exploitable_locations": [
        {
          "type": "ip",
          "protocol": "tcp",
          "address": "116.7.244.42",
          "port": "8098",
          "assets_na": false,
          "assets_uids": [
            "63988729b42dacb78abb29d4"
          ],
          "created_at": 1704242269,
          "status": "wont_fix"
        },
        {
          "type": "url",
          "value": "http://116.7.244.42:8098/tokenPersTempReg",
          "created_at": 1704242269,
          "status": "wont_fix"
        }
      ]
    },
    {
      "categories": [
        "SQL Injection",
        "SQL Injection- Full"
      ],
      "exploitable_locations": [
        {
          "type": "ip",
          "protocol": "tcp",
          "address": "106.240.239.164",
          "port": "8888",
          "assets_na": false,
          "assets_uids": [
            "d99bebc25f69af82a2915a7b"
          ],
          "created_at": 1704443780,
          "status": "wont_fix"
        },
        {
          "type": "url",
          "value": "http://106.240.239.164:8888/ERPWS.asmx#ExecuteDataSet",
          "assets_na": false,
          "assets_uids": [
            "d99bebc25f69af82a2915a7b"
          ],
          "created_at": 1704443780,
          "status": "wont_fix"
        },
        {
          "type": "app-location",
          "value": "SOAPAction: ExecuteDataSet",
          "assets_na": false,
          "assets_uids": [
            "d99bebc25f69af82a2915a7b"
          ],
          "created_at": 1704443780,
          "status": "wont_fix"
        }
      ]
    },
    {
      "categories": [
        "Authorization/Permissions",
        "File Inclusion (No execution)"
      ],
      "exploitable_locations": [
        {
          "type": "url",
          "value": "https://106.240.239.164:8888/ERPWS.asmx#LoadFileFullPath",
          "assets_na": true,
          "assets_uids": [],
          "created_at": 1704446381,
          "status": "wont_fix"
        },
        {
          "type": "app-location",
          "value": "SOAPAction: LoadFileFullPath",
          "assets_na": false,
          "assets_uids": [
            "d99bebc25f69af82a2915a7b"
          ],
          "created_at": 1704446381,
          "status": "wont_fix"
        }
      ]
    },
    {
      "categories": [
        "Remote Execution",
        "Remote Code Execution"
      ],
      "exploitable_locations": [
        {
          "type": "url",
          "value": "http://106.240.239.164:8888/ERPWS.asmx",
          "assets_na": false,
          "assets_uids": [
            "d99bebc25f69af82a2915a7b"
          ],
          "created_at": 1704447153,
          "status": "wont_fix"
        },
        {
          "type": "app-location",
          "value": "SOAPAction: SaveFile",
          "assets_na": false,
          "assets_uids": [
            "d99bebc25f69af82a2915a7b"
          ],
          "created_at": 1704447153,
          "status": "wont_fix"
        }
      ]
    },
    {
      "categories": [
        "Remote Execution",
        "Remote Code Execution"
      ],
      "exploitable_locations": [
        {
          "type": "url",
          "value": "http://106.240.239.164:8888/ERPWS.asmx",
          "assets_na": false,
          "assets_uids": [
            "d99bebc25f69af82a2915a7b"
          ],
          "created_at": 1704447114,
          "status": "wont_fix"
        },
        {
          "type": "app-location",
          "value": "SOAPAction: SaveFileFullPath",
          "assets_na": false,
          "assets_uids": [
            "d99bebc25f69af82a2915a7b"
          ],
          "created_at": 1704447114,
          "status": "wont_fix"
        }
      ]
    },
    {
      "categories": [
        "Authorization/Permissions",
        "File Inclusion (No execution)"
      ],
      "exploitable_locations": [
        {
          "type": "url",
          "value": "http://106.240.239.164:8888/ERPWS.asmx#LoadFile",
          "assets_na": false,
          "assets_uids": [
            "d99bebc25f69af82a2915a7b"
          ],
          "created_at": 1704447328,
          "status": "wont_fix"
        },
        {
          "type": "app-location",
          "value": "SOAPAction: LoadFile",
          "assets_na": false,
          "assets_uids": [
            "d99bebc25f69af82a2915a7b"
          ],
          "created_at": 1704447328,
          "status": "wont_fix"
        }
      ]
    },
    {
      "categories": [
        "SQL Injection",
        "SQL Injection- Full"
      ],
      "exploitable_locations": [
        {
          "type": "url",
          "value": "https://106.240.239.164:8888/ERPWS.asmx#ExecuteNonQueries",
          "assets_na": false,
          "assets_uids": [
            "d99bebc25f69af82a2915a7b"
          ],
          "created_at": 1704447417,
          "status": "wont_fix"
        },
        {
          "type": "app-location",
          "value": "SOAPAction: ExecuteNonQueries",
          "assets_na": false,
          "assets_uids": [
            "d99bebc25f69af82a2915a7b"
          ],
          "created_at": 1704447417,
          "status": "wont_fix"
        }
      ]
    },
    {
      "categories": [
        "Information Disclosure",
        "Sensitive Client Information Disclosed"
      ],
      "exploitable_locations": [
        {
          "type": "url",
          "value": "https://www.infineon.com/dgdl/an-0035.pdf",
          "created_at": 1581028500,
          "status": "fixed"
        },
        {
          "type": "other",
          "value": "sftp://sftp.irf.com",
          "created_at": 1581028500,
          "status": "fixed"
        }
      ]
    },
    {
      "categories": [
        "Authorization/Permissions",
        "Access Control Violation (High Privileged Functions - Read/Write or Write Only)"
      ],
      "exploitable_locations": [
        {
          "type": "url",
          "value": "http://217.86.255.187",
          "assets_na": false,
          "assets_uids": [
            "6561bd419b9dde272af09840"
          ],
          "created_at": 1704629646,
          "status": "wont_fix"
        }
      ]
    },
    {
      "categories": [
        "Remote Execution",
        "Remote Code Execution"
      ],
      "exploitable_locations": [
        {
          "type": "url",
          "value": "https://design.infineon.com/tinademo/ajaxfuncsgwt.php",
          "assets_na": false,
          "assets_uids": [
            "9b0be4b2402b5a719742023a"
          ],
          "created_at": 1704630980,
          "status": "fixed"
        }
      ]
    },
    {
      "categories": [
        "Remote Execution",
        "Remote Code Execution"
      ],
      "exploitable_locations": [
        {
          "type": "url",
          "value": "https://design.infineon.com/tinademo/ajaxfuncsgwt.php",
          "assets_na": false,
          "assets_uids": [
            "9b0be4b2402b5a719742023a"
          ],
          "created_at": 1704630988,
          "status": "fixed"
        }
      ]
    },
    {
      "categories": [
        "Authorization/Permissions",
        "Path Traversal"
      ],
      "exploitable_locations": [
        {
          "type": "url",
          "value": "https://design.infineon.com/tina4web/tina4web.dll/python",
          "assets_na": false,
          "assets_uids": [
            "9b0be4b2402b5a719742023a"
          ],
          "created_at": 1704631127,
          "status": "fixed"
        }
      ]
    },
    {
      "categories": [
        "Information Disclosure",
        "Directory Contents Disclosed"
      ],
      "exploitable_locations": [
        {
          "type": "url",
          "value": "https://203.161.181.182/stable/*",
          "created_at": 1580914700,
          "status": "wont_fix"
        },
        {
          "type": "url",
          "value": "https://203.161.181.185/stable/*",
          "created_at": 1580914700,
          "status": "wont_fix"
        },
        {
          "type": "url",
          "value": "https://217.10.52.125/stable/*",
          "created_at": 1580914700,
          "status": "wont_fix"
        },
        {
          "type": "url",
          "value": "https://203.161.181.9/stable /*",
          "created_at": 1580914700,
          "status": "wont_fix"
        },
        {
          "type": "url",
          "value": "https://toolbox.gslb.infineon.com/stable/",
          "created_at": 1580914700,
          "status": "wont_fix"
        },
        {
          "type": "url",
          "value": "http://toolboxmuc.infineon.com/stable/*",
          "created_at": 1580914700,
          "status": "wont_fix"
        },
        {
          "type": "url",
          "value": "https://toolboxsin.infineon.com/stable//*",
          "created_at": 1580914700,
          "status": "wont_fix"
        }
      ]
    },
    {
      "categories": [
        "Information Disclosure",
        "Sensitive Client Information Disclosed"
      ],
      "exploitable_locations": [
        {
          "type": "url",
          "value": "https://design.infineon.com/tinademo/LICENSE.txt",
          "created_at": 1581612441,
          "status": "fixed"
        }
      ]
    },
    {
      "categories": [
        "Remote Execution",
        "Remote Code Execution"
      ],
      "exploitable_locations": [
        {
          "type": "url",
          "value": "https://design.infineon.com/tinademo/ajaxfuncsgwt.php",
          "assets_na": false,
          "assets_uids": [
            "9b0be4b2402b5a719742023a"
          ],
          "created_at": 1710442841,
          "status": "fixed"
        }
      ]
    },
    {
      "categories": [
        "Authorization/Permissions",
        "Server Side Request Forgery(SSRF)- Full"
      ],
      "exploitable_locations": [
        {
          "type": "url",
          "value": "https://design.infineon.com/tinademo/ajaxfuncsgwt.php",
          "assets_na": false,
          "assets_uids": [
            "9b0be4b2402b5a719742023a"
          ],
          "created_at": 1710462829,
          "status": "fixed"
        }
      ]
    },
    {
      "categories": [
        "Authorization/Permissions",
        "Path Traversal"
      ],
      "exploitable_locations": [
        {
          "type": "url",
          "value": "https://design.infineon.com/tinademo/ajaxfuncsgwt.php",
          "assets_na": false,
          "assets_uids": [
            "9b0be4b2402b5a719742023a"
          ],
          "created_at": 1710467884,
          "status": "fixed"
        }
      ]
    },
    {
      "categories": [
        "Remote Execution",
        "Remote Code Execution"
      ],
      "exploitable_locations": [
        {
          "type": "url",
          "value": "https://design.infineon.com/tinademo/ultsc.php",
          "assets_na": false,
          "assets_uids": [
            "9b0be4b2402b5a719742023a"
          ],
          "created_at": 1710644497,
          "status": "fixed"
        },
        {
          "type": "url",
          "value": "https://design.infineon.com/tinaui/ultsc.php",
          "assets_na": false,
          "assets_uids": [
            "9b0be4b2402b5a719742023a"
          ],
          "created_at": 1710644497,
          "status": "fixed"
        }
      ]
    },
    {
      "categories": [
        "Authentication/Session Management",
        "Default Credentials - Admin"
      ],
      "exploitable_locations": [
        {
          "type": "url",
          "value": "https://design.infineon.com/tinademo/library.php",
          "assets_na": false,
          "assets_uids": [
            "9b0be4b2402b5a719742023a"
          ],
          "created_at": 1710636527,
          "status": "fixed"
        }
      ]
    },
    {
      "categories": [
        "Authentication/Session Management",
        "Default Credentials - Admin"
      ],
      "exploitable_locations": [
        {
          "type": "url",
          "value": "https://design.infineon.com/tinademo/seo.php",
          "assets_na": false,
          "assets_uids": [
            "9b0be4b2402b5a719742023a"
          ],
          "created_at": 1710636725,
          "status": "fixed"
        }
      ]
    },
    {
      "categories": [
        "Authentication/Session Management",
        "Default Credentials Non-Admin"
      ],
      "exploitable_locations": [
        {
          "type": "url",
          "value": "https://design.infineon.com/tinaui/catalog.php",
          "assets_na": false,
          "assets_uids": [
            "9b0be4b2402b5a719742023a"
          ],
          "created_at": 1710708764,
          "status": "fixed"
        },
        {
          "type": "url",
          "value": "https://design.infineon.com/tinademo/catalog.php",
          "assets_na": false,
          "assets_uids": [
            "9b0be4b2402b5a719742023a"
          ],
          "created_at": 1710708764,
          "status": "fixed"
        }
      ]
    },
    {
      "categories": [
        "Authorization/Permissions",
        "Access Control Violation (Low Privileged Functions-Read Only)"
      ],
      "exploitable_locations": [
        {
          "type": "url",
          "value": "https://itoolspriv.infineon.com/itbhs/api/Packages/com.ifx.tb.tool.launcher/Versions/LATEST/Artifacts/infineon-toolbox-setup.exe",
          "assets_na": false,
          "assets_uids": [
            "35887f0eaaaa32f0dad75a17"
          ],
          "created_at": 1711082953,
          "status": "pending"
        }
      ]
    },
    {
      "categories": [
        "Authorization/Permissions",
        "Access Control Violation (Low Privileged Functions-Read/Write or Write Only)"
      ],
      "exploitable_locations": [
        {
          "type": "url",
          "value": "https://design.infineon.com/tinademo/ajaxfuncsgwt.php",
          "assets_na": false,
          "assets_uids": [
            "9b0be4b2402b5a719742023a",
            "65ae8ea0e100233d605686b6"
          ],
          "created_at": 1718500364,
          "status": "fixed"
        },
        {
          "type": "app-location",
          "value": "deleteCircuit getUserFolders getFolderFiles",
          "created_at": 1718500364,
          "status": "fixed"
        }
      ]
    },
    {
      "categories": [
        "Authorization/Permissions",
        "Path Traversal"
      ],
      "exploitable_locations": [
        {
          "type": "url",
          "value": "https://design.infineon.com/tinademo/ajaxfuncsgwt.php",
          "assets_na": false,
          "assets_uids": [
            "9b0be4b2402b5a719742023a"
          ],
          "created_at": 1718680814,
          "status": "fixed"
        }
      ]
    },
    {
      "categories": [
        "Information Disclosure",
        "Sensitive Client Information Disclosed"
      ],
      "exploitable_locations": [
        {
          "type": "url",
          "value": "https://design.infineon.com/tinademo/LICENSE.txt",
          "assets_na": false,
          "assets_uids": [
            "9b0be4b2402b5a719742023a"
          ],
          "created_at": 1718899849,
          "status": "fixed"
        }
      ]
    },
    {
      "categories": [
        "Authorization/Permissions",
        "Path Traversal"
      ],
      "exploitable_locations": [
        {
          "type": "url",
          "value": "https://design.infineon.com/tinademo/ajaxfuncsgwt.php",
          "assets_na": false,
          "assets_uids": [
            "9b0be4b2402b5a719742023a"
          ],
          "created_at": 1719247564,
          "status": "fixed"
        }
      ]
    },
    {
      "categories": [
        "Authorization/Permissions",
        "Path Traversal"
      ],
      "exploitable_locations": [
        {
          "type": "url",
          "value": "https://design.infineon.com/tinademo/ajaxfuncsgwt.php",
          "assets_na": false,
          "assets_uids": [
            "9b0be4b2402b5a719742023a"
          ],
          "created_at": 1719247573,
          "status": "fixed"
        }
      ]
    },
    {
      "categories": [
        "Remote Execution",
        "Remote Code Execution"
      ],
      "exploitable_locations": [
        {
          "type": "url",
          "value": "http://webupdate.chilsemi.com/WebUpdate/Update.asmx#UploadFileCompressed",
          "assets_na": false,
          "assets_uids": [
            "cefdebe7db7b5c4b8f1137b7"
          ],
          "created_at": 1725811913,
          "status": "fixed"
        },
        {
          "type": "other",
          "value": "SOAPAction: UploadFileCompressed",
          "assets_na": false,
          "assets_uids": [
            "cefdebe7db7b5c4b8f1137b7"
          ],
          "created_at": 1725811913,
          "status": "fixed"
        }
      ]
    },
    {
      "categories": [
        "Authorization/Permissions",
        "**Server-side Request Forgery (SSRF)**"
      ],
      "exploitable_locations": [
        {
          "type": "url",
          "value": "https://ishare.extra.infineon.com/_vti_bin/imaging.asmx",
          "created_at": 1581827173,
          "status": "fixed"
        }
      ]
    },
    {
      "categories": [
        "Authorization/Permissions",
        "File Inclusion (No execution)"
      ],
      "exploitable_locations": [
        {
          "type": "url",
          "value": "http://webupdate.chilsemi.com/WebUpdate/Update.asmx",
          "assets_na": false,
          "assets_uids": [
            "cefdebe7db7b5c4b8f1137b7"
          ],
          "created_at": 1725932185,
          "status": "fixed"
        },
        {
          "type": "app-location",
          "value": "GetFileCompressed",
          "assets_na": false,
          "assets_uids": [
            "cefdebe7db7b5c4b8f1137b7"
          ],
          "created_at": 1725932185,
          "status": "fixed"
        }
      ]
    },
    {
      "categories": [
        "Authorization/Permissions",
        "Server Side Request Forgery(SSRF)- Limited"
      ],
      "exploitable_locations": [
        {
          "type": "url",
          "value": "https://design.infineon.com/tinademo/google/example.php",
          "assets_na": false,
          "assets_uids": [
            "9b0be4b2402b5a719742023a"
          ],
          "created_at": 1729830624,
          "status": "pending"
        }
      ]
    },
    {
      "categories": [
        "Authorization/Permissions",
        "**Server-side Request Forgery (SSRF)**"
      ],
      "exploitable_locations": [
        {
          "type": "url",
          "value": "https://ishare.extra.infineon.com/_vti_bin/webs.asmx",
          "created_at": 1581827620,
          "status": "fixed"
        }
      ]
    },
    {
      "categories": [
        "Information Disclosure",
        "Unverifiable Credentials"
      ],
      "exploitable_locations": [
        {
          "type": "url",
          "value": "https://design.infineon.com/tinademo/Dumpdb.php",
          "assets_na": false,
          "assets_uids": [
            "9b0be4b2402b5a719742023a"
          ],
          "created_at": 1734463466,
          "status": "pending"
        }
      ]
    },
    {
      "categories": [
        "Remote Execution",
        "Remote Code Execution"
      ],
      "exploitable_locations": [
        {
          "type": "url",
          "value": "https://design.infineon.com/tinademo/ajaxfuncsgwt.php",
          "assets_na": false,
          "assets_uids": [
            "9b0be4b2402b5a719742023a"
          ],
          "created_at": 1736648478,
          "status": "pending"
        }
      ]
    },
    {
      "categories": [
        "Authorization/Permissions",
        "**Server-side Request Forgery (SSRF)**"
      ],
      "exploitable_locations": [
        {
          "type": "url",
          "value": "https://ishare.extra.infineon.com/_vti_bin/webs.asmx",
          "created_at": 1581828669,
          "status": "fixed"
        }
      ]
    },
    {
      "categories": [
        "Authorization/Permissions",
        "**Server-side Request Forgery (SSRF)**"
      ],
      "exploitable_locations": [
        {
          "type": "url",
          "value": "https://design.infineon.com/tinaui/proxy.php",
          "created_at": 1581976158,
          "status": "fixed"
        },
        {
          "type": "url",
          "value": "https://design.infineon.com/tinaui/proxy.php",
          "created_at": 1581976158,
          "status": "fixed"
        },
        {
          "type": "url",
          "value": "https://design.gslb.infineon.com/tinaui/proxy.php",
          "created_at": 1581976158,
          "status": "fixed"
        },
        {
          "type": "url",
          "value": "https://design.gslb.infineon.com/tinaui/proxy.php",
          "created_at": 1581976158,
          "status": "fixed"
        },
        {
          "value": "https://172.96.128.8/tinaui/proxy.php",
          "type": "url",
          "created_at": 1581976158,
          "status": "fixed"
        }
      ]
    },
    {
      "categories": [
        "Authentication/Session Management",
        "Default Credentials(OLD DNU)"
      ],
      "exploitable_locations": [
        {
          "type": "ip",
          "protocol": "tcp",
          "address": "211.40.143.238",
          "port": "23",
          "created_at": 1582273829,
          "status": "wont_fix"
        }
      ]
    },
    {
      "categories": [
        "Authorization/Permissions",
        "**Server-side Request Forgery (SSRF)**"
      ],
      "exploitable_locations": [
        {
          "type": "url",
          "value": "https://203.161.181.180/tinaui/proxy.php",
          "created_at": 1582286961,
          "status": "fixed"
        }
      ]
    },
    {
      "categories": [
        "Authorization/Permissions",
        "**Server-side Request Forgery (SSRF)**"
      ],
      "exploitable_locations": [
        {
          "type": "url",
          "value": "https://ishare.extra.infineon.com/_vti_bin/sites.asmx",
          "created_at": 1582317542,
          "status": "fixed"
        }
      ]
    },
    {
      "categories": [
        "Authorization/Permissions",
        "**Server-side Request Forgery (SSRF)**"
      ],
      "exploitable_locations": [
        {
          "type": "url",
          "value": "https://ishare.extra.infineon.com/_vti_bin/formsservices.asmx",
          "created_at": 1582320165,
          "status": "fixed"
        }
      ]
    },
    {
      "categories": [
        "Authorization/Permissions",
        "**Server-side Request Forgery (SSRF)**"
      ],
      "exploitable_locations": [
        {
          "type": "url",
          "value": "https://designmuc.infineon.com/tinaui/proxy.php",
          "created_at": 1582860767,
          "status": "fixed"
        },
        {
          "type": "ip",
          "protocol": "tcp",
          "address": "217.10.52.84",
          "port": "443",
          "created_at": 1582860767,
          "status": "fixed"
        },
        {
          "type": "url",
          "value": "https://designels.infineon.com/tinaui/proxy.php",
          "created_at": 1582860767,
          "status": "fixed"
        },
        {
          "type": "ip",
          "protocol": "tcp",
          "address": "172.96.128.8",
          "port": "443",
          "created_at": 1582860767,
          "status": "fixed"
        }
      ]
    },
    {
      "categories": [
        "Information Disclosure",
        "Sensitive Source Code"
      ],
      "exploitable_locations": [
        {
          "type": "ip",
          "protocol": "tcp",
          "address": "217.10.52.151",
          "port": "443",
          "created_at": 1594071681,
          "status": "fixed"
        }
      ]
    },
    {
      "categories": [
        "Authentication/Session Management",
        "Default Credentials(OLD DNU)"
      ],
      "exploitable_locations": [
        {
          "type": "url",
          "value": "https://biz-qualityext101.cypress.com:7779/dmz_dl/search.create_simple_search_page",
          "created_at": 1596055337,
          "status": "fixed"
        },
        {
          "type": "ip",
          "protocol": "tcp",
          "address": "12.110.209.140",
          "port": "7779",
          "created_at": 1596055337,
          "status": "fixed"
        }
      ]
    }
  ]
}