{
  "listing_id": "a2pr90ibvt",
  "type": "categories",
  "value": [
    {
      "categories": [
        "Authorization/Permissions",
        "Access/Privacy Control Violation"
      ],
      "exploitable_locations": [
        {
          "type": "url",
          "value": "https://falcon.crowdstrike.com/eam/en-US/app/",
          "outOfScope": null,
          "created_at": 1515127980,
          "status": "wont_fix"
        },
        {
          "value": "https://falcon.crowdstrike.com/eam/en-US/app/search/search",
          "type": "url",
          "created_at": 1515127980,
          "status": "wont_fix"
        }
      ]
    },
    {
      "categories": [
        "Information Disclosure",
        "Sensitive API Keys"
      ],
      "exploitable_locations": [
        {
          "type": "url",
          "value": "https://falcon.crowdstrike.com/api2/hybrid-analysis/api/scan/..%2F..%2F",
          "outOfScope": null,
          "created_at": 1521267467,
          "status": "fixed"
        }
      ]
    },
    {
      "categories": [
        "Authorization/Permissions",
        "Access/Privacy Control Violation"
      ],
      "exploitable_locations": [
        {
          "type": "url",
          "value": "https://falcon.eu-1.crowdstrike.com/api2/cspmregistration/settings/entities/policy/v2",
          "created_at": 1682579135,
          "status": "fixed"
        },
        {
          "type": "url",
          "value": "https://falcon.eu-1.crowdstrike.com/api2/cspmregistration/settings/entities/custom/policy/v1",
          "created_at": 1682579135,
          "status": "fixed"
        },
        {
          "type": "other",
          "value": "Create Custom Policies",
          "created_at": 1682579135,
          "status": "fixed"
        },
        {
          "type": "other",
          "value": "Delete Custom Policies",
          "created_at": 1682579135,
          "status": "fixed"
        }
      ]
    },
    {
      "categories": [
        "Authorization/Permissions",
        "Access/Privacy Control Violation"
      ],
      "exploitable_locations": [
        {
          "type": "url",
          "value": "https://falcon.eu-1.crowdstrike.com/cloud-security/compliance/custom-compliance",
          "created_at": 1682576414,
          "status": "fixed"
        },
        {
          "type": "url",
          "value": "https://falcon.eu-1.crowdstrike.com/api2/cspmregistration/compliance-settings/entities/custom-compliance/v1",
          "created_at": 1682576414,
          "status": "fixed"
        }
      ]
    },
    {
      "categories": [
        "Authorization/Permissions",
        "Insecure Direct Object Reference (Read & Write)"
      ],
      "exploitable_locations": [
        {
          "type": "url",
          "value": "https://falcon.eu-1.crowdstrike.com/api2/cspmregistration/cloud-connect-cspm-aws/entities/account/v1",
          "created_at": 1682627134,
          "status": "pending"
        },
        {
          "type": "other",
          "value": "Add AWS Account",
          "created_at": 1682627134,
          "status": "pending"
        },
        {
          "type": "other",
          "value": "Delete AWS Account",
          "created_at": 1682627134,
          "status": "pending"
        }
      ]
    },
    {
      "categories": [
        "Authorization/Permissions",
        "Access Control Violation (Low Privileged Functions-Read Only)"
      ],
      "exploitable_locations": [
        {
          "type": "url",
          "value": "https://falcon.eu-1.crowdstrike.com/api2/audit-logs/entities/audit-logs/v1",
          "assets_na": false,
          "assets_uids": [
            "6446b8aab20f21bd471d6cf2"
          ],
          "created_at": 1688749238,
          "status": "pending"
        }
      ]
    },
    {
      "categories": [
        "Functional/Business Logic",
        "Improper Input Validation"
      ],
      "exploitable_locations": [
        {
          "type": "url",
          "value": "https://falcon.crowdstrike.com/api2/installation-tokens/entities/tokens/v1",
          "assets_na": false,
          "assets_uids": [
            "651f04cd7f2b80f007e645e7"
          ],
          "created_at": 1696602524,
          "status": "pending"
        }
      ]
    },
    {
      "categories": [
        "Information Disclosure",
        "Sensitive Directory/File Contents Disclosed"
      ],
      "exploitable_locations": [
        {
          "type": "url",
          "value": "https://falcon.crowdstrike.com/content/cms-assets/falcon-complete/en-US/operating-model.pdf",
          "assets_na": false,
          "assets_uids": [
            "5cd061965a89df25ad2e5417",
            "65b14c3135ba53ba96549aa0"
          ],
          "created_at": 1707683442,
          "status": "fixed"
        }
      ]
    },
    {
      "categories": [
        "Authorization/Permissions",
        "Access/Privacy Control Violation"
      ],
      "exploitable_locations": [
        {
          "type": "url",
          "value": "https://falcon.crowdstrike.com/eam/en-US/manage%2572",
          "outOfScope": null,
          "created_at": 1521276347,
          "status": "fixed"
        }
      ]
    },
    {
      "categories": [
        "Authorization/Permissions",
        "Access Control Violation (High Privileged Functions - Read/Write or Write Only)"
      ],
      "exploitable_locations": [
        {
          "type": "url",
          "value": "https://falcon.crowdstrike.com/api2/customobjects/v1/collections/<collection>",
          "assets_na": false,
          "assets_uids": [
            "5cd061965a89df25ad2e5417"
          ],
          "created_at": 1707745027,
          "status": "fixed"
        },
        {
          "type": "url",
          "value": "https://falcon.crowdstrike.com/api2/customobjects/v1/collections/synacktest55/schemas",
          "assets_na": false,
          "assets_uids": [
            "5cd061965a89df25ad2e5417"
          ],
          "created_at": 1707745027,
          "status": "fixed"
        }
      ]
    },
    {
      "categories": [
        "Authorization/Permissions",
        "Access Control Violation (High Privileged Functions - Read/Write or Write Only)"
      ],
      "exploitable_locations": [
        {
          "type": "url",
          "value": "https://falcon.us-2.crowdstrike.com/api2/plugins/entities/api-spec-definitions/v1",
          "assets_na": false,
          "assets_uids": [
            "633da095b836090001dc3592"
          ],
          "created_at": 1707922255,
          "status": "pending"
        },
        {
          "type": "other",
          "value": "Create Integration",
          "assets_na": false,
          "assets_uids": [
            "633da095b836090001dc3592"
          ],
          "created_at": 1707922255,
          "status": "pending"
        },
        {
          "type": "other",
          "value": "Delete Integration",
          "assets_na": false,
          "assets_uids": [
            "633da095b836090001dc3592"
          ],
          "created_at": 1707922255,
          "status": "pending"
        },
        {
          "type": "url",
          "value": "https://falcon.us-2.crowdstrike.com/api2/plugins/entities/definitions/v1",
          "assets_na": false,
          "assets_uids": [
            "633da095b836090001dc3592"
          ],
          "created_at": 1707922255,
          "status": "pending"
        },
        {
          "type": "other",
          "value": "Edit Integration",
          "assets_na": false,
          "assets_uids": [
            "633da095b836090001dc3592"
          ],
          "created_at": 1707922255,
          "status": "pending"
        }
      ]
    },
    {
      "categories": [
        "Authorization/Permissions",
        "Access Control Violation (High Privileged Functions - Read/Write or Write Only)"
      ],
      "exploitable_locations": [
        {
          "type": "url",
          "value": "https://falcon.us-2.crowdstrike.com/api2/ui-dashboards/entities/dashboards/v1",
          "assets_na": false,
          "assets_uids": [
            "633da095b836090001dc3592"
          ],
          "created_at": 1707745037,
          "status": "pending"
        },
        {
          "type": "other",
          "value": "Create Dashboard",
          "assets_na": false,
          "assets_uids": [
            "633da095b836090001dc3592"
          ],
          "created_at": 1707745037,
          "status": "pending"
        },
        {
          "type": "other",
          "value": "Edit Dashboard",
          "assets_na": false,
          "assets_uids": [
            "633da095b836090001dc3592"
          ],
          "created_at": 1707745037,
          "status": "pending"
        },
        {
          "type": "other",
          "value": "Delete Dashboard",
          "assets_na": false,
          "assets_uids": [
            "633da095b836090001dc3592"
          ],
          "created_at": 1707745037,
          "status": "pending"
        },
        {
          "type": "url",
          "value": "https://falcon.us-2.crowdstrike.com/api2/ui-navigations/entities/navigations/v1",
          "assets_na": false,
          "assets_uids": [
            "633da095b836090001dc3592"
          ],
          "created_at": 1707745037,
          "status": "pending"
        },
        {
          "type": "other",
          "value": "Duplicate Dashboard",
          "assets_na": false,
          "assets_uids": [
            "633da095b836090001dc3592"
          ],
          "created_at": 1707745037,
          "status": "pending"
        },
        {
          "type": "url",
          "value": "https://falcon.us-2.crowdstrike.com/api2/loggingapi/entities/saved-searches/v1",
          "assets_na": false,
          "assets_uids": [
            "633da095b836090001dc3592"
          ],
          "created_at": 1707745037,
          "status": "pending"
        }
      ]
    },
    {
      "categories": [
        "Authorization/Permissions",
        "Access Control Violation (High Privileged Functions - Read/Write or Write Only)"
      ],
      "exploitable_locations": [
        {
          "type": "url",
          "value": "https://falcon.crowdstrike.com/api2/reports/entities/scheduled-reports/v1",
          "assets_na": false,
          "assets_uids": [
            "5cd061965a89df25ad2e5417"
          ],
          "created_at": 1707970618,
          "status": "wont_fix"
        }
      ]
    },
    {
      "categories": [
        "Authorization/Permissions",
        "Access Control Violation (High Privileged Functions - Read/Write or Write Only)"
      ],
      "exploitable_locations": [
        {
          "type": "url",
          "value": "https://falcon.crowdstrike.com/data-connectors/alerts",
          "assets_na": false,
          "assets_uids": [
            "5cd061965a89df25ad2e5417"
          ],
          "created_at": 1707987807,
          "status": "fixed"
        },
        {
          "type": "url",
          "value": "https://falcon.crowdstrike.com/api2/third-party/entities/alert-notifications/v1",
          "assets_na": false,
          "assets_uids": [
            "5cd061965a89df25ad2e5417"
          ],
          "created_at": 1707987807,
          "status": "fixed"
        },
        {
          "type": "url",
          "value": "https://falcon.crowdstrike.com/api2/third-party/entities/alert-definitions-preferences/v1",
          "assets_na": false,
          "assets_uids": [
            "5cd061965a89df25ad2e5417"
          ],
          "created_at": 1707987807,
          "status": "fixed"
        }
      ]
    },
    {
      "categories": [
        "Authorization/Permissions",
        "Access Control Violation (High Privileged Functions - Read/Write or Write Only)"
      ],
      "exploitable_locations": [
        {
          "type": "url",
          "value": "https://falcon.crowdstrike.com/api2/xdr-detections/entities/incidents/v1",
          "assets_na": false,
          "assets_uids": [
            "65b14c3135ba53ba96549aa0"
          ],
          "created_at": 1711529977,
          "status": "fixed"
        },
        {
          "type": "other",
          "value": "Create Incident",
          "assets_na": false,
          "assets_uids": [
            "65b14c3135ba53ba96549aa0"
          ],
          "created_at": 1711529977,
          "status": "fixed"
        }
      ]
    },
    {
      "categories": [
        "Authorization/Permissions",
        "Access Control Violation (High Privileged Functions - Read/Write or Write Only)"
      ],
      "exploitable_locations": [
        {
          "type": "url",
          "value": "https://falcon.crowdstrike.com/api2/user-configurations/entities/configs/v1",
          "assets_na": false,
          "assets_uids": [
            "65b14c3135ba53ba96549aa0"
          ],
          "created_at": 1713862180,
          "status": "fixed"
        },
        {
          "type": "other",
          "value": "Shared Table",
          "assets_na": false,
          "assets_uids": [
            "65b14c3135ba53ba96549aa0"
          ],
          "created_at": 1713862180,
          "status": "fixed"
        }
      ]
    },
    {
      "categories": [
        "Functional/Business Logic",
        "Client Side Validation"
      ],
      "exploitable_locations": [
        {
          "type": "url",
          "value": "https://falcon.crowdstrike.com/api2/user-management/entities/user-role-actions/v1",
          "assets_na": false,
          "assets_uids": [
            "65b14c3135ba53ba96549aa0"
          ],
          "created_at": 1716329913,
          "status": "pending"
        }
      ]
    },
    {
      "categories": [
        "Authorization/Permissions",
        "Access Control Violation (High Privileged Functions - Read/Write or Write Only)"
      ],
      "exploitable_locations": [
        {
          "type": "url",
          "value": "https://falcon.crowdstrike.com/api2/data-protection/entities/content-patterns/v1",
          "assets_na": false,
          "assets_uids": [
            "65b14c3135ba53ba96549aa0"
          ],
          "created_at": 1737671374,
          "status": "pending"
        },
        {
          "type": "other",
          "value": "Create Content-Pattern",
          "assets_na": false,
          "assets_uids": [
            "65b14c3135ba53ba96549aa0"
          ],
          "created_at": 1737671374,
          "status": "pending"
        },
        {
          "type": "other",
          "value": "Edit Content-Pattern",
          "assets_na": false,
          "assets_uids": [
            "65b14c3135ba53ba96549aa0"
          ],
          "created_at": 1737671374,
          "status": "pending"
        },
        {
          "type": "other",
          "value": "Duplicate Content-Pattern",
          "assets_na": false,
          "assets_uids": [
            "65b14c3135ba53ba96549aa0"
          ],
          "created_at": 1737671374,
          "status": "pending"
        },
        {
          "type": "other",
          "value": "Delete Content-Pattern",
          "assets_na": false,
          "assets_uids": [
            "65b14c3135ba53ba96549aa0"
          ],
          "created_at": 1737671374,
          "status": "pending"
        }
      ]
    },
    {
      "categories": [
        "Authorization/Permissions",
        "Access Control Violation (High Privileged Functions - Read/Write or Write Only)"
      ],
      "exploitable_locations": [
        {
          "type": "url",
          "value": "https://falcon.crowdstrike.com/api2/data-protection/entities/cloud-applications/v1",
          "assets_na": false,
          "assets_uids": [
            "5cd061965a89df25ad2e5417"
          ],
          "created_at": 1737671380,
          "status": "pending"
        },
        {
          "type": "other",
          "value": "Create Custom applications",
          "assets_na": false,
          "assets_uids": [
            "5cd061965a89df25ad2e5417"
          ],
          "created_at": 1737671380,
          "status": "pending"
        },
        {
          "type": "other",
          "value": "Edit Custom applications",
          "assets_na": false,
          "assets_uids": [
            "5cd061965a89df25ad2e5417"
          ],
          "created_at": 1737671380,
          "status": "pending"
        },
        {
          "type": "other",
          "value": "Delete Custom applications",
          "assets_na": false,
          "assets_uids": [
            "5cd061965a89df25ad2e5417"
          ],
          "created_at": 1737671380,
          "status": "pending"
        },
        {
          "type": "url",
          "value": "https://falcon.crowdstrike.com/api2/data-protection/entities/web-locations/v1",
          "assets_na": false,
          "assets_uids": [
            "65b14c3135ba53ba96549aa0"
          ],
          "created_at": 1737671380,
          "status": "pending"
        },
        {
          "type": "url",
          "value": "https://falcon.crowdstrike.com/api2/data-protection/entities/cloud-applications/v1",
          "assets_na": false,
          "assets_uids": [
            "65b14c3135ba53ba96549aa0"
          ],
          "created_at": 1737671380,
          "status": "pending"
        }
      ]
    },
    {
      "categories": [
        "Authorization/Permissions",
        "Access Control Violation (High Privileged Functions - Read/Write or Write Only)"
      ],
      "exploitable_locations": [
        {
          "type": "url",
          "value": "https://falcon.crowdstrike.com/api2/data-protection/combined/detects-config/v1",
          "assets_na": false,
          "assets_uids": [
            "65b14c3135ba53ba96549aa0"
          ],
          "created_at": 1738010407,
          "status": "pending"
        },
        {
          "type": "other",
          "value": "GET Detection Configurations",
          "assets_na": false,
          "assets_uids": [
            "65b14c3135ba53ba96549aa0"
          ],
          "created_at": 1738010407,
          "status": "pending"
        },
        {
          "type": "other",
          "value": "Update Detection Configurations",
          "assets_na": false,
          "assets_uids": [
            "65b14c3135ba53ba96549aa0"
          ],
          "created_at": 1738010407,
          "status": "pending"
        }
      ]
    },
    {
      "categories": [
        "Authorization/Permissions",
        "Access Control Violation (High Privileged Functions - Read/Write or Write Only)"
      ],
      "exploitable_locations": [
        {
          "type": "url",
          "value": "https://falcon.crowdstrike.com/api2/posture/entities/attack-path-policies/v1",
          "assets_na": false,
          "assets_uids": [
            "65b14c3135ba53ba96549aa0"
          ],
          "created_at": 1738010409,
          "status": "pending"
        },
        {
          "type": "other",
          "value": "Get attack-path-policies rules",
          "assets_na": false,
          "assets_uids": [
            "65b14c3135ba53ba96549aa0"
          ],
          "created_at": 1738010409,
          "status": "pending"
        },
        {
          "type": "other",
          "value": "Configure attack-path-policies rules",
          "assets_na": false,
          "assets_uids": [
            "65b14c3135ba53ba96549aa0"
          ],
          "created_at": 1738010409,
          "status": "pending"
        }
      ]
    },
    {
      "categories": [
        "Authorization/Permissions",
        "Access Control Violation (High Privileged Functions - Read/Write or Write Only)"
      ],
      "exploitable_locations": [
        {
          "type": "url",
          "value": "https://falcon.crowdstrike.com/api2/policies/entities/content-update/v1",
          "assets_na": false,
          "assets_uids": [
            "65b14c3135ba53ba96549aa0"
          ],
          "created_at": 1738010411,
          "status": "pending"
        },
        {
          "type": "other",
          "value": "Edit Content-update-policies",
          "assets_na": false,
          "assets_uids": [
            "65b14c3135ba53ba96549aa0"
          ],
          "created_at": 1738010411,
          "status": "pending"
        }
      ]
    },
    {
      "categories": [
        "Authorization/Permissions",
        "Access Control Violation (High Privileged Functions - Read/Write or Write Only)"
      ],
      "exploitable_locations": [
        {
          "type": "url",
          "value": "https://falcon.crowdstrike.com/api2/policies/entities/device-control-default-settings/v1",
          "assets_na": false,
          "assets_uids": [
            "65b14c3135ba53ba96549aa0"
          ],
          "created_at": 1738216866,
          "status": "pending"
        },
        {
          "type": "other",
          "value": "Edit device-control-default-settings",
          "assets_na": true,
          "assets_uids": [],
          "created_at": 1738216866,
          "status": "pending"
        }
      ]
    },
    {
      "categories": [
        "Authorization/Permissions",
        "Access Control Violation (High Privileged Functions - Read/Write or Write Only)"
      ],
      "exploitable_locations": [
        {
          "type": "url",
          "value": "https://falcon.crowdstrike.com/api2/data-protection/entities/labels/v1",
          "assets_na": false,
          "assets_uids": [
            "65b14c3135ba53ba96549aa0"
          ],
          "created_at": 1738220351,
          "status": "pending"
        },
        {
          "type": "other",
          "value": "Create Sensitivity labels",
          "assets_na": false,
          "assets_uids": [
            "65b14c3135ba53ba96549aa0"
          ],
          "created_at": 1738220351,
          "status": "pending"
        },
        {
          "type": "other",
          "value": "Delete Sensitivity labels",
          "assets_na": false,
          "assets_uids": [
            "65b14c3135ba53ba96549aa0"
          ],
          "created_at": 1738220351,
          "status": "pending"
        }
      ]
    },
    {
      "categories": [
        "Authorization/Permissions",
        "Access Control Violation (High Privileged Functions - Read/Write or Write Only)"
      ],
      "exploitable_locations": [
        {
          "type": "url",
          "value": "https://falcon.crowdstrike.com/id-protection/ui-api/config/subnets",
          "assets_na": false,
          "assets_uids": [
            "65b14c3135ba53ba96549aa0"
          ],
          "created_at": 1738260277,
          "status": "pending"
        },
        {
          "type": "url",
          "value": "https://falcon.crowdstrike.com/id-protection/ui-api/config/connectors/mfa",
          "assets_na": false,
          "assets_uids": [
            "65b14c3135ba53ba96549aa0"
          ],
          "created_at": 1738260277,
          "status": "pending"
        },
        {
          "type": "url",
          "value": "https://falcon.crowdstrike.com/id-protection/ui-api/config/password-assessment",
          "assets_na": false,
          "assets_uids": [
            "65b14c3135ba53ba96549aa0"
          ],
          "created_at": 1738260277,
          "status": "pending"
        },
        {
          "type": "other",
          "value": "GET Risk Configuration Compromised Password Detection",
          "assets_na": false,
          "assets_uids": [
            "65b14c3135ba53ba96549aa0"
          ],
          "created_at": 1738260277,
          "status": "pending"
        },
        {
          "type": "other",
          "value": "Edit Risk Configuration Compromised Password Detection",
          "assets_na": false,
          "assets_uids": [
            "65b14c3135ba53ba96549aa0"
          ],
          "created_at": 1738260277,
          "status": "pending"
        },
        {
          "type": "url",
          "value": "https://falcon.crowdstrike.com/id-protection/ui-api/config/password-assessment/dictionaries",
          "assets_na": false,
          "assets_uids": [
            "65b14c3135ba53ba96549aa0"
          ],
          "created_at": 1738260277,
          "status": "pending"
        },
        {
          "type": "other",
          "value": "GET Configuration Settings",
          "assets_na": false,
          "assets_uids": [
            "65b14c3135ba53ba96549aa0"
          ],
          "created_at": 1738260277,
          "status": "pending"
        },
        {
          "type": "other",
          "value": "Edit Configuration Settings",
          "assets_na": false,
          "assets_uids": [
            "65b14c3135ba53ba96549aa0"
          ],
          "created_at": 1738260277,
          "status": "pending"
        },
        {
          "type": "other",
          "value": "https://falcon.crowdstrike.com/id-protection/ui-api/config/risk-score",
          "assets_na": false,
          "assets_uids": [
            "65b14c3135ba53ba96549aa0"
          ],
          "created_at": 1738260277,
          "status": "pending"
        },
        {
          "type": "other",
          "value": "GET Risk Management",
          "assets_na": false,
          "assets_uids": [
            "65b14c3135ba53ba96549aa0"
          ],
          "created_at": 1738260277,
          "status": "pending"
        },
        {
          "type": "other",
          "value": "Edit Risk Management",
          "assets_na": false,
          "assets_uids": [
            "65b14c3135ba53ba96549aa0"
          ],
          "created_at": 1738260277,
          "status": "pending"
        },
        {
          "type": "url",
          "value": "https://falcon.crowdstrike.com/id-protection/ui-api/config/BusinessPrivilegesConfiguration",
          "assets_na": false,
          "assets_uids": [
            "65b14c3135ba53ba96549aa0"
          ],
          "created_at": 1738260277,
          "status": "pending"
        }
      ]
    },
    {
      "categories": [
        "Authorization/Permissions",
        "Access Control Violation (High Privileged Functions-Read Only)"
      ],
      "exploitable_locations": [
        {
          "type": "url",
          "value": "https://falcon.crowdstrike.com/api2/remote-response/queries/put-files/v1",
          "assets_na": false,
          "assets_uids": [
            "65b14c3135ba53ba96549aa0"
          ],
          "created_at": 1738698279,
          "status": "wont_fix"
        },
        {
          "type": "url",
          "value": "https://falcon.crowdstrike.com/api2/remote-response/entities/put-files/GET/v1",
          "assets_na": false,
          "assets_uids": [
            "65b14c3135ba53ba96549aa0"
          ],
          "created_at": 1738698279,
          "status": "wont_fix"
        },
        {
          "type": "other",
          "value": "GET \"put\" files",
          "assets_na": false,
          "assets_uids": [
            "65b14c3135ba53ba96549aa0"
          ],
          "created_at": 1738698279,
          "status": "wont_fix"
        }
      ]
    },
    {
      "categories": [
        "Authorization/Permissions",
        "Access Control Violation (Low Privileged Functions-Read/Write or Write Only)"
      ],
      "exploitable_locations": [
        {
          "type": "url",
          "value": "https://falcon.crowdstrike.com/api2/policies/entities/device-control/v2",
          "assets_na": false,
          "assets_uids": [
            "65b14c3135ba53ba96549aa0"
          ],
          "created_at": 1738948587,
          "status": "pending"
        },
        {
          "type": "other",
          "value": "Create Windows Devices Policies",
          "assets_na": false,
          "assets_uids": [
            "65b14c3135ba53ba96549aa0"
          ],
          "created_at": 1738948587,
          "status": "pending"
        },
        {
          "type": "other",
          "value": "Edit Windows Devices Policies",
          "assets_na": false,
          "assets_uids": [
            "65b14c3135ba53ba96549aa0"
          ],
          "created_at": 1738948587,
          "status": "pending"
        },
        {
          "type": "url",
          "value": "https://falcon.crowdstrike.com/api2/policies/entities/device-control-classes/v1",
          "assets_na": false,
          "assets_uids": [
            "65b14c3135ba53ba96549aa0"
          ],
          "created_at": 1738948587,
          "status": "pending"
        },
        {
          "type": "other",
          "value": "Edit USB devices exceptions",
          "assets_na": false,
          "assets_uids": [
            "65b14c3135ba53ba96549aa0"
          ],
          "created_at": 1738948587,
          "status": "pending"
        }
      ]
    },
    {
      "categories": [
        "Other",
        "Other - Please describe"
      ],
      "exploitable_locations": [
        {
          "type": "app-location",
          "value": "Falcon Agent",
          "created_at": 1521332080,
          "status": "wont_fix"
        }
      ]
    },
    {
      "categories": [
        "Other",
        "Other - Please describe"
      ],
      "exploitable_locations": [
        {
          "type": "app-location",
          "value": "Falcon Agent",
          "created_at": 1522517966,
          "status": "wont_fix"
        }
      ]
    },
    {
      "categories": [
        "Content Injection",
        "CSV Injection (OLD DNU)"
      ],
      "exploitable_locations": [
        {
          "type": "url",
          "value": "https://falcon.crowdstrike.com/eam/en-US/api/search/jobs/csuser__csuser__eam2__search18_1523396125.373696/results",
          "outOfScope": null,
          "created_at": 1523402441,
          "status": "wont_fix"
        }
      ]
    },
    {
      "categories": [
        "Information Disclosure",
        "Sensitive Directory/File Contents Disclosed"
      ],
      "exploitable_locations": [
        {
          "type": "file",
          "value": "https://assets-public.falcon.crowdstrike.com/login/assets/vendor-<id>.js",
          "created_at": 1525205322,
          "status": "fixed"
        }
      ]
    },
    {
      "categories": [
        "Authorization/Permissions",
        "Access/Privacy Control Violation"
      ],
      "exploitable_locations": [
        {
          "type": "url",
          "value": "https://falconapi.crowdstrike.com/api2/devices/queries/devices/v1",
          "created_at": 1526957332,
          "status": "wont_fix"
        }
      ]
    },
    {
      "categories": [
        "Authorization/Permissions",
        "Access/Privacy Control Violation"
      ],
      "exploitable_locations": [
        {
          "type": "url",
          "value": "https://falcon.crowdstrike.com/eam/en-US/app/eam2/<dashboard>",
          "created_at": 1527418269,
          "status": "wont_fix"
        }
      ]
    },
    {
      "categories": [
        "Cross-Site Scripting (XSS)",
        "**Persistent XSS**"
      ],
      "exploitable_locations": [
        {
          "type": "url",
          "value": "https://falcon.crowdstrike.com/eam/en-US/app/eam2/<dashboard>",
          "badURI": true,
          "outOfScope": null,
          "created_at": 1527620816,
          "status": "wont_fix"
        }
      ]
    },
    {
      "categories": [
        "Authorization/Permissions",
        "Access/Privacy Control Violation"
      ],
      "exploitable_locations": [
        {
          "type": "url",
          "value": "https://falcon.crowdstrike.com/srv/downloads",
          "created_at": 1530913564,
          "status": "fixed"
        },
        {
          "type": "url",
          "value": "https://falcon.crowdstrike.com/srv/download-package",
          "created_at": 1530913564,
          "status": "fixed"
        }
      ]
    },
    {
      "categories": [
        "Authorization/Permissions",
        "Access/Privacy Control Violation"
      ],
      "exploitable_locations": [
        {
          "type": "url",
          "value": "https://falcon.crowdstrike.com/api2/audit-logs/entities/audit-logs/v1",
          "created_at": 1530921696,
          "status": "wont_fix"
        },
        {
          "type": "url",
          "value": "https://falcon.crowdstrike.com/api2/audit-logs/queries/audit-logs/v1",
          "created_at": 1530921696,
          "status": "wont_fix"
        }
      ]
    },
    {
      "categories": [
        "Information Disclosure",
        "Sensitive Client Information Disclosed"
      ],
      "exploitable_locations": [
        {
          "type": "url",
          "value": "https://falcon.crowdstrike.com/investigate/events/en-US/app/eam2/search",
          "outOfScope": null,
          "created_at": 1531566176,
          "status": "wont_fix"
        },
        {
          "value": "https://falcon.crowdstrike.com/eam/en-US/splunkd/__raw/servicesNS/csuser/eam2/search/jobs",
          "type": "url",
          "created_at": 1531566176,
          "status": "wont_fix"
        }
      ]
    },
    {
      "categories": [
        "Authorization/Permissions",
        "Insecure Direct Object Reference"
      ],
      "exploitable_locations": [
        {
          "type": "url",
          "value": "https://falcon.crowdstrike.com/api2/devices/entities/groups/v1",
          "created_at": 1532041815,
          "status": "fixed"
        }
      ]
    },
    {
      "categories": [
        "Authorization/Permissions",
        "Access/Privacy Control Violation"
      ],
      "exploitable_locations": [
        {
          "type": "url",
          "value": "https://falcon.crowdstrike.com/api2/policies/entities/customer-configuration/v1",
          "created_at": 1532123659,
          "status": "fixed"
        }
      ]
    },
    {
      "categories": [
        "Authorization/Permissions",
        "Insecure Direct Object Reference"
      ],
      "exploitable_locations": [
        {
          "type": "url",
          "value": "https://falcon.crowdstrike.com/api2/remote-response/entities/file/v1",
          "created_at": 1532166283,
          "status": "fixed"
        },
        {
          "type": "url",
          "value": "https://falcon.crowdstrike.com/api2/remote-response/entities/command/v1",
          "created_at": 1532166283,
          "status": "fixed"
        }
      ]
    },
    {
      "categories": [
        "Functional/Business Logic",
        "Improper Input Validation"
      ],
      "exploitable_locations": [
        {
          "type": "url",
          "value": "https://falcon.crowdstrike.com/api2/policies/entities/prevention-actions/v1",
          "outOfScope": null,
          "created_at": 1538599562,
          "status": "wont_fix"
        }
      ]
    },
    {
      "categories": [
        "Authorization/Permissions",
        "Access/Privacy Control Violation"
      ],
      "exploitable_locations": [
        {
          "type": "url",
          "value": "https://falcon.crowdstrike.com/api2/auth/verify",
          "created_at": 1539291203,
          "status": "fixed"
        },
        {
          "type": "url",
          "value": "https://falcon.crowdstrike.com/api2/overlay/api/users/v2",
          "created_at": 1539291203,
          "status": "fixed"
        }
      ]
    },
    {
      "categories": [
        "Authorization/Permissions",
        "Access/Privacy Control Violation"
      ],
      "exploitable_locations": [
        {
          "type": "url",
          "value": "https://falcon.crowdstrike.com/api2/overlay/api/users/v2",
          "outOfScope": null,
          "created_at": 1546134652,
          "status": "wont_fix"
        }
      ]
    },
    {
      "categories": [
        "Cross-site Request Forgery (CSRF)",
        "**CSRF Protection Missing**"
      ],
      "exploitable_locations": [
        {
          "type": "url",
          "value": "https://falcon.crowdstrike.com/investigate/events/en-US/app/eam2/cd_successfuladd",
          "outOfScope": null,
          "created_at": 1549441077,
          "status": "fixed"
        }
      ]
    },
    {
      "categories": [
        "Information Disclosure",
        "Sensitive Client Information Disclosed"
      ],
      "exploitable_locations": [
        {
          "type": "url",
          "value": "https://falcon.crowdstrike.com/eam/servicesNS/csuser/eam2_global/",
          "outOfScope": null,
          "created_at": 1515279284,
          "status": "wont_fix"
        },
        {
          "type": "url",
          "value": "https://falcon.crowdstrike.com/eam/en-US/splunkd/__raw/servicesNS/csuser/",
          "outOfScope": null,
          "created_at": 1515279284,
          "status": "wont_fix"
        },
        {
          "type": "url",
          "value": "https://falcon.crowdstrike.com/eam/en-US/splunkd/__raw/servicesNS/nobody/",
          "outOfScope": null,
          "created_at": 1515279284,
          "status": "wont_fix"
        },
        {
          "type": "url",
          "value": "https://falcon.crowdstrike.com/eam/en-US/splunkd/__raw/servicesNS/nobody/system/configs/conf-searchbnf/",
          "outOfScope": null,
          "created_at": 1515279284,
          "status": "wont_fix"
        },
        {
          "type": "url",
          "value": "https://falcon.crowdstrike.com/eam/en-US/splunkd/__raw/servicesNS/csuser/system/configs/conf-searchbnf/",
          "outOfScope": null,
          "created_at": 1515279284,
          "status": "wont_fix"
        }
      ]
    },
    {
      "categories": [
        "Functional/Business Logic",
        "Functionality Abuse with Malicious Impact"
      ],
      "exploitable_locations": [
        {
          "type": "app-location",
          "value": "Falcon Agent",
          "created_at": 1557435109,
          "status": "wont_fix"
        }
      ]
    },
    {
      "categories": [
        "Authorization/Permissions",
        "Access/Privacy Control Violation"
      ],
      "exploitable_locations": [
        {
          "type": "url",
          "value": "https://falcon.crowdstrike.com/api2/audit-logs/aggregates/audit-logs/GET/v1",
          "created_at": 1576858826,
          "status": "wont_fix"
        }
      ]
    },
    {
      "categories": [
        "Authorization/Permissions",
        "Access/Privacy Control Violation"
      ],
      "exploitable_locations": [
        {
          "type": "url",
          "value": "https://falcon.crowdstrike.com/api2/policies/entities/device-control/v1",
          "created_at": 1577345129,
          "status": "fixed"
        },
        {
          "type": "url",
          "value": "https://falcon.crowdstrike.com/api2/policies/entities/device-control/v1",
          "created_at": 1577345129,
          "status": "fixed"
        },
        {
          "type": "url",
          "value": "https://falcon.crowdstrike.com/api2/policies/entities/device-control-precedence/v1",
          "created_at": 1577345129,
          "status": "fixed"
        },
        {
          "type": "url",
          "value": "https://falcon.crowdstrike.com/api2/policies/entities/device-control-actions/v1",
          "created_at": 1577345129,
          "status": "fixed"
        },
        {
          "type": "url",
          "value": "https://falcon.crowdstrike.com/api2/policies/entities/device-control-actions/v1",
          "created_at": 1577345129,
          "status": "fixed"
        }
      ]
    },
    {
      "categories": [
        "Cross-Site Scripting (XSS)",
        "Persistent Blind XSS"
      ],
      "exploitable_locations": [
        {
          "type": "url",
          "value": "https://unity.cs.sys/cid/CUSTOMERID",
          "created_at": 1578425179,
          "status": "fixed"
        }
      ]
    },
    {
      "categories": [
        "Functional/Business Logic",
        "Functionality Abuse with Malicious Impact"
      ],
      "exploitable_locations": [
        {
          "type": "other",
          "value": "Detection Engine / Logic Parsing",
          "created_at": 1581282820,
          "status": "wont_fix"
        }
      ]
    },
    {
      "categories": [
        "Information Disclosure",
        "Sensitive Directory/File Contents Disclosed"
      ],
      "exploitable_locations": [
        {
          "type": "url",
          "value": "https://falcon.crowdstrike.com/eam/en-US/splunkd/__raw/services/server/info/server-info",
          "created_at": 1515289364,
          "status": "fixed"
        },
        {
          "type": "url",
          "value": "https://falcon.crowdstrike.com/eam/en-US/splunkd/__raw/services/configs/conf-web/settings",
          "created_at": 1515289364,
          "status": "fixed"
        }
      ]
    },
    {
      "categories": [
        "Cross-Site Scripting (XSS)",
        "**Reflected XSS (OLD DNU)**"
      ],
      "exploitable_locations": [
        {
          "type": "url",
          "value": "https://assets.falcon.crowdstrike.com/support/api/swagger.html",
          "created_at": 1602211943,
          "status": "fixed"
        }
      ]
    },
    {
      "categories": [
        "Functional/Business Logic",
        "**Unvalidated Redirect Bypass**(OLD DNU)"
      ],
      "exploitable_locations": [
        {
          "type": "url",
          "value": "https://falcon.crowdstrike.com/login/",
          "created_at": 1628803429,
          "status": "fixed"
        }
      ]
    },
    {
      "categories": [
        "Authorization/Permissions",
        "Access/Privacy Control Violation"
      ],
      "exploitable_locations": [
        {
          "type": "url",
          "value": "https://falcon.us-2.crowdstrike.com/api2/policies/entities/identity-protection/v1",
          "created_at": 1650638972,
          "status": "wont_fix"
        },
        {
          "type": "other",
          "value": "METHOD=GET",
          "created_at": 1650638972,
          "status": "wont_fix"
        },
        {
          "type": "other",
          "value": "METHOD=POST",
          "created_at": 1650638972,
          "status": "wont_fix"
        },
        {
          "type": "other",
          "value": "METHOD=PATCH",
          "created_at": 1650638972,
          "status": "wont_fix"
        },
        {
          "type": "other",
          "value": "METHOD=DELETE",
          "created_at": 1650638972,
          "status": "wont_fix"
        },
        {
          "type": "url",
          "value": "https://falcon.us-2.crowdstrike.com/api2/policies/entities/identity-protection-precedence/v1",
          "created_at": 1650638972,
          "status": "wont_fix"
        }
      ]
    },
    {
      "categories": [
        "Authorization/Permissions",
        "Access/Privacy Control Violation"
      ],
      "exploitable_locations": [
        {
          "type": "url",
          "value": "https://falcon.us-2.crowdstrike.com/api2/users/entities/user-details-report/v1",
          "created_at": 1650641309,
          "status": "wont_fix"
        }
      ]
    },
    {
      "categories": [
        "Authorization/Permissions",
        "Access/Privacy Control Violation"
      ],
      "exploitable_locations": [
        {
          "type": "url",
          "value": "https://falcon.us-2.crowdstrike.com/api2/saved-filters/entities/filters/v1",
          "created_at": 1651134188,
          "status": "fixed"
        },
        {
          "type": "other",
          "value": "method = POST",
          "created_at": 1651134188,
          "status": "fixed"
        },
        {
          "type": "other",
          "value": "method = GET",
          "created_at": 1651134188,
          "status": "fixed"
        },
        {
          "type": "other",
          "value": "method = DELETE",
          "created_at": 1651134188,
          "status": "fixed"
        }
      ]
    },
    {
      "categories": [
        "Authorization/Permissions",
        "Access/Privacy Control Violation"
      ],
      "exploitable_locations": [
        {
          "type": "url",
          "value": "https://falcon.us-2.crowdstrike.com/api2/pivots/auto-complete/v1",
          "created_at": 1652198259,
          "status": "fixed"
        }
      ]
    },
    {
      "categories": [
        "Authorization/Permissions",
        "Insecure Direct Object Reference (Read-Only)"
      ],
      "exploitable_locations": [
        {
          "type": "url",
          "value": "https://falcon.us-2.crowdstrike.com//api2/policies/queries/firewall/v1",
          "created_at": 1652613626,
          "status": "fixed"
        },
        {
          "type": "url",
          "value": "https://falcon.us-2.crowdstrike.com/api2/policies/entities/firewall/v1",
          "created_at": 1652613626,
          "status": "fixed"
        }
      ]
    },
    {
      "categories": [
        "Authorization/Permissions",
        "Access/Privacy Control Violation"
      ],
      "exploitable_locations": [
        {
          "type": "url",
          "value": "https://falcon.us-2.crowdstrike.com/eam/en-US/splunkd/__raw/services/search/jobs/csuser__csuser__eam2__search10_1652513469.5867/results_preview",
          "created_at": 1652816462,
          "status": "wont_fix"
        }
      ]
    },
    {
      "categories": [
        "Authorization/Permissions",
        "Access/Privacy Control Violation"
      ],
      "exploitable_locations": [
        {
          "type": "url",
          "value": "https://falcon.eu-1.crowdstrike.com/api2/policies/entities/jumpcloud/v1",
          "created_at": 1656352020,
          "status": "fixed"
        },
        {
          "type": "other",
          "value": "method = GET",
          "created_at": 1656352020,
          "status": "fixed"
        },
        {
          "type": "other",
          "value": "method = POST",
          "created_at": 1656352020,
          "status": "fixed"
        },
        {
          "type": "other",
          "value": "method = PATCH",
          "created_at": 1656352020,
          "status": "fixed"
        },
        {
          "type": "other",
          "value": "method = DELETE",
          "created_at": 1656352020,
          "status": "fixed"
        },
        {
          "type": "url",
          "value": "https://falcon.eu-1.crowdstrike.com/api2/policies/entities/jumpcloud-precedence/v1",
          "created_at": 1656352020,
          "status": "fixed"
        }
      ]
    },
    {
      "categories": [
        "Functional/Business Logic",
        "Client Side Validation"
      ],
      "exploitable_locations": [
        {
          "type": "url",
          "value": "https://falcon.eu-1.crowdstrike.com/api2/customers/entities/userprefs/v1",
          "created_at": 1660583715,
          "status": "fixed"
        }
      ]
    },
    {
      "categories": [
        "Authorization/Permissions",
        "Access/Privacy Control Violation"
      ],
      "exploitable_locations": [
        {
          "type": "url",
          "value": "https://falcon.eu-1.crowdstrike.com/api2/enrollments/entities/enrollment/v1",
          "created_at": 1660642849,
          "status": "fixed"
        }
      ]
    },
    {
      "categories": [
        "Authorization/Permissions",
        "Insecure Direct Object Reference (Read & Write)"
      ],
      "exploitable_locations": [
        {
          "type": "url",
          "value": "https://falcon.us-2.crowdstrike.com/api2/intel/rules/entities/rules/v2",
          "created_at": 1660547859,
          "status": "wont_fix"
        }
      ]
    },
    {
      "categories": [
        "Authorization/Permissions",
        "Access/Privacy Control Violation"
      ],
      "exploitable_locations": [
        {
          "type": "url",
          "value": "https://falcon.crowdstrike.com/eam/en-US/splunkd/__raw/servicesNS/csuser/eam2/search/jobs/csuser__csuser__eam2__search[sequential number]/search.log",
          "created_at": 1515301264,
          "status": "wont_fix"
        }
      ]
    },
    {
      "categories": [
        "Authorization/Permissions",
        "Server Side Request Forgery(SSRF)- Limited"
      ],
      "exploitable_locations": [
        {
          "type": "url",
          "value": "https://falcon.crowdstrike.com/eam/en-US/splunkd/__raw/servicesNS/<user>/eam2/search/jobs",
          "created_at": 1665093512,
          "status": "fixed"
        }
      ]
    },
    {
      "categories": [
        "Information Disclosure",
        "Leaked Credentials (Low Privilege)"
      ],
      "exploitable_locations": [
        {
          "type": "url",
          "value": "https://falcon.crowdstrike.com/login/",
          "created_at": 1665165940,
          "status": "wont_fix"
        }
      ]
    },
    {
      "categories": [
        "Functional/Business Logic",
        "Functionality Abuse with Malicious Impact"
      ],
      "exploitable_locations": [
        {
          "type": "url",
          "value": "https://falcon.crowdstrike.com/eam/en-US/splunkd/__raw/servicesNS/<user>/eam2/search/jobs",
          "created_at": 1665275202,
          "status": "fixed"
        }
      ]
    },
    {
      "categories": [
        "Information Disclosure",
        "Sensitive Client Information Disclosed"
      ],
      "exploitable_locations": [
        {
          "type": "url",
          "value": "https://falcon.crowdstrike.com/eam/en-US/splunkd/__raw/servicesNS/<user>/eam2/search/jobs",
          "created_at": 1665293641,
          "status": "pending"
        }
      ]
    },
    {
      "categories": [
        "Information Disclosure",
        "Sensitive Client Information Disclosed"
      ],
      "exploitable_locations": [
        {
          "type": "url",
          "value": "https://falcon.crowdstrike.com/eam/en-US/splunkd/__raw/servicesNS/<user>/eam2/search/jobs",
          "created_at": 1665293643,
          "status": "pending"
        }
      ]
    },
    {
      "categories": [
        "Information Disclosure",
        "Sensitive Client Information Disclosed"
      ],
      "exploitable_locations": [
        {
          "type": "url",
          "value": "https://falcon.crowdstrike.com/eam/en-US/splunkd/__raw/servicesNS/<user>/eam2/search/jobs",
          "created_at": 1665293646,
          "status": "pending"
        }
      ]
    },
    {
      "categories": [
        "Functional/Business Logic",
        "Client Side Validation"
      ],
      "exploitable_locations": [
        {
          "type": "url",
          "value": "https://falcon.crowdstrike.com/eam/en-US/splunkd/__raw/servicesNS/<user>/eam2/search/jobs",
          "created_at": 1665838462,
          "status": "pending"
        }
      ]
    },
    {
      "categories": [
        "Authorization/Permissions",
        "Server Side Request Forgery(SSRF)- Limited"
      ],
      "exploitable_locations": [
        {
          "type": "url",
          "value": "https://falcon.crowdstrike.com/eam/en-US/splunkd/__raw/servicesNS/<user>/eam2/search/jobs",
          "created_at": 1667579834,
          "status": "pending"
        }
      ]
    },
    {
      "categories": [
        "Cross-Site Scripting (XSS)",
        "Reflected XSS"
      ],
      "exploitable_locations": [
        {
          "type": "url",
          "value": "https://falcon.us-2.crowdstrike.com/saml/bind",
          "created_at": 1674649377,
          "status": "wont_fix"
        }
      ]
    },
    {
      "categories": [
        "Authorization/Permissions",
        "Access/Privacy Control Violation"
      ],
      "exploitable_locations": [
        {
          "type": "url",
          "value": "https://falcon.us-2.crowdstrike.com/api2/humio/graphql",
          "created_at": 1675317815,
          "status": "fixed"
        }
      ]
    },
    {
      "categories": [
        "Authorization/Permissions",
        "Access/Privacy Control Violation"
      ],
      "exploitable_locations": [
        {
          "type": "url",
          "value": "https://falcon.us-2.crowdstrike.com/api2/falconx/queries/submissions/v1",
          "created_at": 1675761978,
          "status": "wont_fix"
        },
        {
          "type": "url",
          "value": "https://falcon.us-2.crowdstrike.com/api2/falconx/entities/submissions/v1",
          "created_at": 1675761978,
          "status": "wont_fix"
        }
      ]
    },
    {
      "categories": [
        "Authorization/Permissions",
        "Access/Privacy Control Violation"
      ],
      "exploitable_locations": [
        {
          "type": "url",
          "value": "https://falcon.us-2.crowdstrike.com/api2/policies/queries/admission-control/v1",
          "created_at": 1676447681,
          "status": "fixed"
        },
        {
          "type": "url",
          "value": "https://falcon.us-2.crowdstrike.com/api2/policies/entities/admission-control/v1",
          "created_at": 1676447681,
          "status": "fixed"
        },
        {
          "type": "other",
          "value": "method= GET, PATCH, POST, DELETE",
          "created_at": 1676447681,
          "status": "fixed"
        },
        {
          "type": "url",
          "value": "https://falcon.us-2.crowdstrike.com/api2/policies/entities/admission-control-precedence/v1",
          "created_at": 1676447681,
          "status": "fixed"
        },
        {
          "type": "url",
          "value": "https://falcon.us-2.crowdstrike.com/api2/policies/entities/admission-control/resource-group/v1",
          "created_at": 1676447681,
          "status": "fixed"
        },
        {
          "type": "other",
          "value": "method= GET, PATCH, POST, DELETE",
          "created_at": 1676447681,
          "status": "fixed"
        }
      ]
    },
    {
      "categories": [
        "Authorization/Permissions",
        "Access/Privacy Control Violation"
      ],
      "exploitable_locations": [
        {
          "type": "url",
          "value": "https://falcon.us-2.crowdstrike.com/api2/policies/entities/default-device-control/v1",
          "created_at": 1676987571,
          "status": "fixed"
        },
        {
          "type": "other",
          "value": "method = GET,PATCH",
          "created_at": 1676987571,
          "status": "fixed"
        }
      ]
    },
    {
      "categories": [
        "Authorization/Permissions",
        "Access/Privacy Control Violation"
      ],
      "exploitable_locations": [
        {
          "type": "url",
          "value": "https://falcon.us-2.crowdstrike.com/api2/policies/queries/ztl/v1",
          "created_at": 1678082311,
          "status": "fixed"
        },
        {
          "type": "url",
          "value": "https://falcon.us-2.crowdstrike.com/api2/policies/entities/ztl/v1",
          "created_at": 1678082311,
          "status": "fixed"
        }
      ]
    },
    {
      "categories": [
        "Authorization/Permissions",
        "Access/Privacy Control Violation"
      ],
      "exploitable_locations": [
        {
          "type": "url",
          "value": "https://falcon.us-2.crowdstrike.com/api2/policies/entities/system-tray/v1",
          "created_at": 1678689640,
          "status": "wont_fix"
        }
      ]
    },
    {
      "categories": [
        "Functional/Business Logic",
        "Improper Input Validation"
      ],
      "exploitable_locations": [
        {
          "type": "url",
          "value": "https://falcon.us-2.crowdstrike.com/api2/reports/entities/scheduled-reports/v1",
          "created_at": 1678801412,
          "status": "fixed"
        }
      ]
    },
    {
      "categories": [
        "Authorization/Permissions",
        "Access/Privacy Control Violation"
      ],
      "exploitable_locations": [
        {
          "type": "url",
          "value": "https://falcon.us-2.crowdstrike.com/overwatch/submissions/malware",
          "created_at": 1679577211,
          "status": "wont_fix"
        },
        {
          "type": "url",
          "value": "https://falcon.us-2.crowdstrike.com/api2/samples/entities/samples/v2",
          "created_at": 1679577211,
          "status": "wont_fix"
        },
        {
          "type": "url",
          "value": "https://falcon.us-2.crowdstrike.com/support/api-clients-and-keys",
          "created_at": 1679577211,
          "status": "wont_fix"
        },
        {
          "type": "url",
          "value": "https://falcon.us-2.crowdstrike.com/billing/usage/annual",
          "created_at": 1679577211,
          "status": "wont_fix"
        },
        {
          "type": "url",
          "value": "https://falcon.us-2.crowdstrike.com/hosts/verification-codes",
          "created_at": 1679577211,
          "status": "wont_fix"
        },
        {
          "type": "url",
          "value": "https://falcon.us-2.crowdstrike.com/investigate/events/en-us/app/eam2/search",
          "created_at": 1679577211,
          "status": "wont_fix"
        },
        {
          "type": "url",
          "value": "https://falcon.us-2.crowdstrike.com/investigate/events/en-us/app/eam2/search",
          "created_at": 1679577211,
          "status": "wont_fix"
        },
        {
          "type": "url",
          "value": "https://falcon.us-2.crowdstrike.com/investigate/events/en-us/app/eam2/search",
          "created_at": 1679577211,
          "status": "wont_fix"
        },
        {
          "type": "url",
          "value": "https://falcon.us-2.crowdstrike.com/mobile/detections/ded1ace4095a43ce931cffdb4f44cb5c:ind:f896bf7cefa84d8eacf781befe5ebb6a:41128%7C27",
          "created_at": 1679577211,
          "status": "wont_fix"
        },
        {
          "type": "url",
          "value": "https://falcon.us-2.crowdstrike.com/mobile/detections",
          "created_at": 1679577211,
          "status": "wont_fix"
        }
      ]
    },
    {
      "categories": [
        "Authorization/Permissions",
        "Access/Privacy Control Violation"
      ],
      "exploitable_locations": [
        {
          "type": "url",
          "value": "https://falcon.us-2.crowdstrike.com/api2/discover/queries/passive-discovery-rules/v1",
          "created_at": 1680620679,
          "status": "wont_fix"
        }
      ]
    },
    {
      "categories": [
        "Authorization/Permissions",
        "Access/Privacy Control Violation"
      ],
      "exploitable_locations": [
        {
          "type": "url",
          "value": "https://falcon.us-2.crowdstrike.com/api2/cspmregistration/cloud-connect-cspm-aws/entities/account/v1",
          "created_at": 1682339981,
          "status": "fixed"
        },
        {
          "type": "url",
          "value": "https://falcon.us-2.crowdstrike.com/api2/cspmregistration/provision/aws/inventory-filter/v1",
          "created_at": 1682339981,
          "status": "fixed"
        },
        {
          "type": "url",
          "value": "https://falcon.us-2.crowdstrike.com/api2/cspmregistration/cloud-connect-aws/entities/account/v2",
          "created_at": 1682339981,
          "status": "fixed"
        },
        {
          "type": "url",
          "value": "https://falcon.us-2.crowdstrike.com/api2/cspmregistration/settings/scan-schedule/v1",
          "created_at": 1682339981,
          "status": "fixed"
        },
        {
          "type": "url",
          "value": "https://falcon.us-2.crowdstrike.com/api2/cspmregistration/provision/aws/services/v1",
          "created_at": 1682339981,
          "status": "fixed"
        },
        {
          "type": "other",
          "value": "Update Scan-schedule",
          "created_at": 1682339981,
          "status": "fixed"
        },
        {
          "type": "other",
          "value": "Read Scan-schedule",
          "created_at": 1682339981,
          "status": "fixed"
        }
      ]
    },
    {
      "categories": [
        "Authorization/Permissions",
        "Access/Privacy Control Violation"
      ],
      "exploitable_locations": [
        {
          "type": "url",
          "value": "https://falcon.eu-1.crowdstrike.com/investigate/events/en-US/app/launcher/home",
          "created_at": 1580445241,
          "status": "wont_fix"
        },
        {
          "type": "url",
          "value": "https://falcon.eu-1.crowdstrike.com/eam/en-US/app/eam2/search",
          "created_at": 1580445241,
          "status": "wont_fix"
        },
        {
          "type": "url",
          "value": "https://falcon.eu-1.crowdstrike.com/eam/en-US/splunkd/__raw/servicesNS/csuser/eam2/data/ui/views/investigate__computer",
          "created_at": 1580445241,
          "status": "wont_fix"
        }
      ]
    },
    {
      "categories": [
        "Authorization/Permissions",
        "Insecure Direct Object Reference"
      ],
      "exploitable_locations": [
        {
          "type": "url",
          "value": "https://falcon.eu-1.crowdstrike.com/api2/policies/entities/device-control/v1",
          "created_at": 1581105302,
          "status": "fixed"
        },
        {
          "type": "url",
          "value": "https://falcon.eu-1.crowdstrike.com/api2/policies/entities/device-control-precedence/v1",
          "created_at": 1581105302,
          "status": "fixed"
        },
        {
          "type": "url",
          "value": "https://falcon.eu-1.crowdstrike.com/api2/policies/entities/device-control-actions/v1",
          "created_at": 1581105302,
          "status": "fixed"
        },
        {
          "type": "url",
          "value": "https://falcon.eu-1.crowdstrike.com/api2/policies/entities/device-control-actions/v1",
          "created_at": 1581105302,
          "status": "fixed"
        },
        {
          "type": "url",
          "value": "https://falcon.eu-1.crowdstrike.com/api2/policies/entities/device-control/v1",
          "created_at": 1581105302,
          "status": "fixed"
        }
      ]
    },
    {
      "categories": [
        "Functional/Business Logic",
        "Functionality Abuse with Malicious Impact"
      ],
      "exploitable_locations": [
        {
          "type": "url",
          "value": "https://api.eu-1.crowdstrike.com/users/entities/users/v1",
          "created_at": 1580519961,
          "status": "fixed"
        }
      ]
    },
    {
      "categories": [
        "Functional/Business Logic",
        "Improper Input Validation"
      ],
      "exploitable_locations": [
        {
          "type": "url",
          "value": "https://falcon.eu-1.crowdstrike.com/api2/policies/entities/prevention-actions/v1",
          "created_at": 1580520758,
          "status": "wont_fix"
        }
      ]
    },
    {
      "categories": [
        "Authorization/Permissions",
        "Access/Privacy Control Violation"
      ],
      "exploitable_locations": [
        {
          "type": "url",
          "value": "https://falcon.eu-1.crowdstrike.com/investigate/events/en-US/app/eam2/dashboards",
          "created_at": 1580753730,
          "status": "wont_fix"
        }
      ]
    },
    {
      "categories": [
        "Authentication/Session Management",
        "2FA Authentication Bypass"
      ],
      "exploitable_locations": [
        {
          "type": "app-location",
          "value": "https://falcon.eu-1.crowdstrike.com/api2/api-clients/*",
          "created_at": 1580807157,
          "status": "fixed"
        }
      ]
    },
    {
      "categories": [
        "Authorization/Permissions",
        "Access/Privacy Control Violation"
      ],
      "exploitable_locations": [
        {
          "type": "url",
          "value": "https://falcon.eu-1.crowdstrike.com/api2/overlay/api/users/v2",
          "created_at": 1580852353,
          "status": "wont_fix"
        }
      ]
    },
    {
      "categories": [
        "Cross-Site Scripting (XSS)",
        "**Persistent XSS**"
      ],
      "exploitable_locations": [
        {
          "type": "url",
          "value": "https://falcon.eu-1.crowdstrike.com/investigate/events/en-US/app/eam2/audit_app",
          "created_at": 1581004528,
          "status": "wont_fix"
        },
        {
          "type": "url",
          "value": "https://falcon.eu-1.crowdstrike.com/investigate/events/en-US/app/eam2/payg_usage",
          "created_at": 1581004528,
          "status": "wont_fix"
        }
      ]
    },
    {
      "categories": [
        "Authorization/Permissions",
        "Access/Privacy Control Violation"
      ],
      "exploitable_locations": [
        {
          "type": "url",
          "value": "https://api.eu-1.crowdstrike.com/user-roles/entities/user-roles/v1",
          "created_at": 1581036532,
          "status": "fixed"
        }
      ]
    },
    {
      "categories": [
        "Authorization/Permissions",
        "Access/Privacy Control Violation"
      ],
      "exploitable_locations": [
        {
          "type": "url",
          "value": "https://falcon.crowdstrike.com/api2/store/entities/app-actions/v1",
          "outOfScope": null,
          "created_at": 1558565715,
          "status": "fixed"
        }
      ]
    },
    {
      "categories": [
        "Information Disclosure",
        "Sensitive API Keys"
      ],
      "exploitable_locations": [
        {
          "type": "url",
          "value": "https://falcon.crowdstrike.com/investigate/events/en-US/app/eam2/search",
          "outOfScope": null,
          "created_at": 1532231972,
          "status": "fixed"
        },
        {
          "value": "https://falcon.crowdstrike.com/eam/en-US/splunkd/__raw/servicesNS/csuser/eam2/search/jobs",
          "type": "url",
          "outOfScope": null,
          "created_at": 1532231972,
          "status": "fixed"
        }
      ]
    },
    {
      "categories": [
        "Remote Execution",
        "**OS Command Injection**"
      ],
      "exploitable_locations": [
        {
          "type": "url",
          "value": "https://falcon.crowdstrike.com/activity/real-time-response/console/",
          "created_at": 1596427946,
          "status": "wont_fix"
        }
      ]
    },
    {
      "categories": [
        "Remote Execution",
        "**Code Injection (Server-Side)**"
      ],
      "exploitable_locations": [
        {
          "type": "url",
          "value": "https://falcon.crowdstrike.com/api2/remote-response/entities/command/v1",
          "created_at": 1613002981,
          "status": "fixed"
        }
      ]
    },
    {
      "categories": [
        "Authorization/Permissions",
        "Access/Privacy Control Violation"
      ],
      "exploitable_locations": [
        {
          "type": "url",
          "value": "https://falcon.crowdstrike.com/api2/binserv/extracted-files/entities/extracted-file-contents-rr/v1",
          "created_at": 1613026080,
          "status": "fixed"
        }
      ]
    },
    {
      "categories": [
        "Information Disclosure",
        "Sensitive Client Information Disclosed"
      ],
      "exploitable_locations": [
        {
          "type": "url",
          "value": "https://falcon.crowdstrike.com/eam/en-US/app/",
          "outOfScope": null,
          "created_at": 1507694346,
          "status": "wont_fix"
        },
        {
          "type": "url",
          "value": "https://falcon.crowdstrike.com/investigate/events/en-US/app/eam1/investigate__domain_bulk",
          "outOfScope": null,
          "created_at": 1507694346,
          "status": "wont_fix"
        }
      ]
    },
    {
      "categories": [
        "Information Disclosure",
        "Identity of Software Architecture"
      ],
      "exploitable_locations": [
        {
          "type": "url",
          "value": "https://falcon.crowdstrike.com/api2/quarantine/aggregates/action-update-count/v1",
          "outOfScope": null,
          "created_at": 1507699866,
          "status": "fixed"
        },
        {
          "value": "https://falcon.crowdstrike.com/api2/quarantine/aggregates/quarantined-files/GET/v1",
          "type": "url",
          "outOfScope": null,
          "created_at": 1507699866,
          "status": "fixed"
        }
      ]
    },
    {
      "categories": [
        "Authorization/Permissions",
        "Access/Privacy Control Violation"
      ],
      "exploitable_locations": [
        {
          "type": "url",
          "value": "https://falcon.crowdstrike.com/api2/overlay/api/user/customer/v2",
          "outOfScope": null,
          "created_at": 1504025999,
          "status": "wont_fix"
        }
      ]
    },
    {
      "categories": [
        "Content Injection",
        "CSV Injection (OLD DNU)"
      ],
      "exploitable_locations": [
        {
          "type": "url",
          "value": "https://falcon.crowdstrike.com/users/",
          "outOfScope": null,
          "created_at": 1504028240,
          "status": "fixed"
        }
      ]
    },
    {
      "categories": [
        "Authorization/Permissions",
        "Insecure Direct Object Reference"
      ],
      "exploitable_locations": [
        {
          "type": "url",
          "value": "https://falcon.crowdstrike.com/api2/overlay/api/users/v2",
          "outOfScope": null,
          "created_at": 1504033608,
          "status": "fixed"
        },
        {
          "type": "url",
          "value": "https://falcon.crowdstrike.com/api2/auth/queries/user-roles/v1",
          "outOfScope": null,
          "created_at": 1504033608,
          "status": "fixed"
        },
        {
          "type": "url",
          "value": "https://falcon.crowdstrike.com/api2/auth/entities/roles/v1",
          "outOfScope": null,
          "created_at": 1504033608,
          "status": "fixed"
        }
      ]
    },
    {
      "categories": [
        "Functional/Business Logic",
        "Improper Input Validation"
      ],
      "exploitable_locations": [
        {
          "type": "url",
          "value": "https://falcon.crowdstrike.com/api2/audit-logs/entities/audit-logs/v1",
          "outOfScope": null,
          "created_at": 1504087147,
          "status": "fixed"
        }
      ]
    },
    {
      "categories": [
        "Functional/Business Logic",
        "Client Side Validation"
      ],
      "exploitable_locations": [
        {
          "type": "url",
          "value": "https://falcon.crowdstrike.com/api2/overlay/api/user/password/v2",
          "created_at": 1647291744,
          "status": "wont_fix"
        },
        {
          "type": "url",
          "value": "https://falcon.crowdstrike.com/support/profile",
          "created_at": 1647291744,
          "status": "wont_fix"
        }
      ]
    },
    {
      "categories": [
        "Authorization/Permissions",
        "Access/Privacy Control Violation"
      ],
      "exploitable_locations": [
        {
          "type": "url",
          "value": "https://falcon.eu-1.crowdstrike.com/api2/users/entities/user-details-report/v1",
          "created_at": 1649841206,
          "status": "fixed"
        }
      ]
    },
    {
      "categories": [
        "Authorization/Permissions",
        "Access/Privacy Control Violation"
      ],
      "exploitable_locations": [
        {
          "type": "url",
          "value": "https://falcon.eu-1.crowdstrike.com/dashboards-v2/scheduled-reports/new",
          "created_at": 1649844632,
          "status": "wont_fix"
        },
        {
          "type": "url",
          "value": "https://falcon.eu-1.crowdstrike.com/dashboards-v2/scheduled-reports",
          "created_at": 1649844632,
          "status": "wont_fix"
        }
      ]
    },
    {
      "categories": [
        "Authorization/Permissions",
        "Access/Privacy Control Violation"
      ],
      "exploitable_locations": [
        {
          "type": "url",
          "value": "https://falcon.eu-1.crowdstrike.com/api2/policies/entities/mobile-config/v1",
          "created_at": 1649848305,
          "status": "wont_fix"
        }
      ]
    },
    {
      "categories": [
        "Authorization/Permissions",
        "Access/Privacy Control Violation"
      ],
      "exploitable_locations": [
        {
          "type": "other",
          "value": "https://falcon.eu-1.crowdstrike.com/api2/policies/entities/identity-protection/v1",
          "created_at": 1650292675,
          "status": "fixed"
        },
        {
          "type": "other",
          "value": "Method = GET",
          "created_at": 1650292675,
          "status": "fixed"
        },
        {
          "type": "other",
          "value": "Method = PATCH",
          "created_at": 1650292675,
          "status": "fixed"
        },
        {
          "type": "other",
          "value": "Method = DELETE",
          "created_at": 1650292675,
          "status": "fixed"
        },
        {
          "type": "other",
          "value": "Method = POST",
          "created_at": 1650292675,
          "status": "fixed"
        },
        {
          "type": "url",
          "value": "https://falcon.eu-1.crowdstrike.com/api2/policies/entities/identity-protection-precedence/v1",
          "created_at": 1650292675,
          "status": "fixed"
        }
      ]
    },
    {
      "categories": [
        "Authorization/Permissions",
        "Insecure Direct Object Reference (Read-Only)"
      ],
      "exploitable_locations": [
        {
          "type": "url",
          "value": "https://falcon.us-2.crowdstrike.com/api2/audit-logs/queries/audit-logs/v1",
          "created_at": 1652462307,
          "status": "pending"
        }
      ]
    },
    {
      "categories": [
        "Authorization/Permissions",
        "Access/Privacy Control Violation"
      ],
      "exploitable_locations": [
        {
          "type": "url",
          "value": "https://falcon.us-2.crowdstrike.com/api2/overlay/api/users/v2",
          "created_at": 1652466893,
          "status": "wont_fix"
        }
      ]
    },
    {
      "categories": [
        "Authorization/Permissions",
        "Access/Privacy Control Violation"
      ],
      "exploitable_locations": [
        {
          "type": "url",
          "value": "https://falcon.us-2.crowdstrike.com/api2/investigate/entities/search/v1",
          "created_at": 1652473760,
          "status": "wont_fix"
        },
        {
          "type": "url",
          "value": "https://assets.falcon.us-2.crowdstrike.com/crowdscore/assets/vendor-cb99b93e1fdf59dce5d6dbbc17d30e5d.js",
          "created_at": 1652473760,
          "status": "wont_fix"
        },
        {
          "type": "url",
          "value": "https://falcon.us-2.crowdstrike.com/api2/investigate/entities/search-status/v1",
          "created_at": 1652473760,
          "status": "wont_fix"
        }
      ]
    },
    {
      "categories": [
        "Authorization/Permissions",
        "Access/Privacy Control Violation"
      ],
      "exploitable_locations": [
        {
          "type": "url",
          "value": "https://falcon.us-2.crowdstrike.com/eam/en-US/splunkd/__raw/services/search/jobs/csuser__csuser__eam2__search10_1652513469.5867/results_preview",
          "created_at": 1652514501,
          "status": "wont_fix"
        }
      ]
    },
    {
      "categories": [
        "Authorization/Permissions",
        "Access/Privacy Control Violation"
      ],
      "exploitable_locations": [
        {
          "type": "url",
          "value": "https://falcon.us-2.crowdstrike.com/api2/audit-logs/queries/audit-logs/v1",
          "created_at": 1660551405,
          "status": "pending"
        },
        {
          "type": "url",
          "value": "https://falcon.us-2.crowdstrike.com/api2/audit-logs/entities/audit-logs/v1",
          "created_at": 1660551405,
          "status": "pending"
        }
      ]
    },
    {
      "categories": [
        "Authorization/Permissions",
        "Server Side Request Forgery(SSRF)- Full"
      ],
      "exploitable_locations": [
        {
          "type": "url",
          "value": "https://falcon.us-2.crowdstrike.com/api2/store/entities/app-configuration/v1",
          "created_at": 1666724822,
          "status": "fixed"
        }
      ]
    },
    {
      "categories": [
        "Authorization/Permissions",
        "Access/Privacy Control Violation"
      ],
      "exploitable_locations": [
        {
          "type": "url",
          "value": "https://falcon.us-2.crowdstrike.com/api2/humio/api/v1/repositories/xdr/queryjobs/P6-4DlDHyAickUfgbgKCH3yQZNC",
          "created_at": 1667820092,
          "status": "fixed"
        },
        {
          "type": "url",
          "value": "https://falcon.us-2.crowdstrike.com/api2/humio/api/v1/repositories/xdr/queryjobs",
          "created_at": 1667820092,
          "status": "fixed"
        }
      ]
    },
    {
      "categories": [
        "Authorization/Permissions",
        "Access/Privacy Control Violation"
      ],
      "exploitable_locations": [
        {
          "type": "url",
          "value": "https://falcon.crowdstrike.com/saml/bind",
          "created_at": 1675807237,
          "status": "wont_fix"
        }
      ]
    },
    {
      "categories": [
        "Authorization/Permissions",
        "Access/Privacy Control Violation"
      ],
      "exploitable_locations": [
        {
          "type": "url",
          "value": "https://falcon.crowdstrike.com/investigate-search/hash",
          "created_at": 1679324728,
          "status": "wont_fix"
        },
        {
          "type": "url",
          "value": "https://falcon.crowdstrike.com/investigate-search/ip",
          "created_at": 1679324728,
          "status": "wont_fix"
        },
        {
          "type": "url",
          "value": "https://falcon.crowdstrike.com/investigate-search/domain",
          "created_at": 1679324728,
          "status": "wont_fix"
        }
      ]
    },
    {
      "categories": [
        "Authorization/Permissions",
        "Access/Privacy Control Violation"
      ],
      "exploitable_locations": [
        {
          "type": "url",
          "value": "https://falcon.crowdstrike.com/activity-v2/file-submissions",
          "created_at": 1679324735,
          "status": "wont_fix"
        },
        {
          "type": "url",
          "value": "https://falcon.crowdstrike.com/api2/samples/entities/samples/v2",
          "created_at": 1679324735,
          "status": "wont_fix"
        }
      ]
    },
    {
      "categories": [
        "Authorization/Permissions",
        "Access/Privacy Control Violation"
      ],
      "exploitable_locations": [
        {
          "type": "url",
          "value": "https://falcon.crowdstrike.com/surface/sso",
          "created_at": 1678799827,
          "status": "fixed"
        }
      ]
    }
  ]
}