{
  "listing_id": "a5v9ah0bhh",
  "type": "categories",
  "value": [
    {
      "categories": [
        "Cross-Site Scripting (XSS)",
        "**Persistent XSS**"
      ],
      "exploitable_locations": [
        {
          "type": "url",
          "value": "https://dlws.mayo.edu/Autodiscover/XFrame/Scripts/jquery-1.7.2.min.js",
          "created_at": 1610266703,
          "status": "pending"
        }
      ]
    },
    {
      "categories": [
        "Content Injection",
        "LDAP Injection"
      ],
      "exploitable_locations": [
        {
          "type": "url",
          "value": "http://129.176.3.61/solr/admin/collections",
          "created_at": 1641468498,
          "status": "pending"
        }
      ]
    },
    {
      "categories": [
        "Content Injection",
        "LDAP Injection"
      ],
      "exploitable_locations": [
        {
          "type": "url",
          "value": "https://sp.mmlaccess.com/",
          "created_at": 1642176240,
          "status": "pending"
        },
        {
          "type": "ip",
          "protocol": "tcp",
          "address": "129.176.0.29",
          "port": "443",
          "created_at": 1642176240,
          "status": "pending"
        }
      ]
    },
    {
      "categories": [
        "Information Disclosure",
        "Sensitive Client Information Disclosed"
      ],
      "exploitable_locations": [
        {
          "type": "url",
          "value": "https://sp.mmlaccess.com/LICENSE.txt",
          "created_at": 1642180968,
          "status": "pending"
        }
      ]
    },
    {
      "categories": [
        "Information Disclosure",
        "Directory Structure Enumeration"
      ],
      "exploitable_locations": [
        {
          "type": "url",
          "value": "https://sp.mmlaccess.com/view.html",
          "created_at": 1642182027,
          "status": "pending"
        }
      ]
    },
    {
      "categories": [
        "Information Disclosure",
        "Sensitive Information Leak to third-parties"
      ],
      "exploitable_locations": [
        {
          "type": "url",
          "value": "http://34.68.72.137:6764/actuator/prometheus",
          "created_at": 1642704540,
          "status": "pending"
        },
        {
          "type": "url",
          "value": "http://34.68.72.137:6764/actuator/mappings",
          "created_at": 1642704540,
          "status": "pending"
        }
      ]
    },
    {
      "categories": [
        "Other",
        "Other - Please describe"
      ],
      "exploitable_locations": [
        {
          "type": "url",
          "value": "https://pkd.mayo.edu/cgi-bin/v2_credits.cgi",
          "created_at": 1610360803,
          "status": "pending"
        }
      ]
    },
    {
      "categories": [
        "Information Disclosure",
        "Sensitive Source Code"
      ],
      "exploitable_locations": [
        {
          "type": "url",
          "value": "http://35.192.203.69/mail.php",
          "created_at": 1642963931,
          "status": "pending"
        }
      ]
    },
    {
      "categories": [
        "Information Disclosure",
        "Leaked Credentials (High Privilege)"
      ],
      "exploitable_locations": [
        {
          "type": "url",
          "value": "http://35.192.203.69/static/js/main.5a9eee45.chunk.js",
          "created_at": 1642968749,
          "status": "pending"
        },
        {
          "type": "ip",
          "protocol": "tcp",
          "address": "35.192.203.69",
          "port": "443",
          "created_at": 1642968749,
          "status": "pending"
        },
        {
          "type": "ip",
          "protocol": "tcp",
          "address": "34.68.72.137",
          "port": "6764",
          "created_at": 1642968749,
          "status": "pending"
        }
      ]
    },
    {
      "categories": [
        "Authorization/Permissions",
        "Access/Privacy Control Violation"
      ],
      "exploitable_locations": [
        {
          "type": "url",
          "value": "https://35.190.26.150/getdoctor/",
          "created_at": 1643044623,
          "status": "pending"
        }
      ]
    },
    {
      "categories": [
        "Insufficient Transport Layer Protection/SSL",
        "Best Practices Not Enforced"
      ],
      "exploitable_locations": [
        {
          "type": "ip",
          "protocol": "tcp",
          "address": "129.176.1.171",
          "port": "443",
          "created_at": 1644127921,
          "status": "pending"
        }
      ]
    },
    {
      "categories": [
        "Authorization/Permissions",
        "Server Side Request Forgery(SSRF)- Limited"
      ],
      "exploitable_locations": [
        {
          "type": "url",
          "value": "https://dev.dtapi.mayoclinic.org/swagger/ui/index",
          "created_at": 1644142658,
          "status": "pending"
        }
      ]
    },
    {
      "categories": [
        "Information Disclosure",
        "Directory Contents Disclosed"
      ],
      "exploitable_locations": [
        {
          "type": "url",
          "value": "https://129.176.0.167/assets/",
          "created_at": 1644292902,
          "status": "pending"
        },
        {
          "type": "url",
          "value": "https://129.176.0.167/assets/3d2e1937/",
          "created_at": 1644292902,
          "status": "pending"
        },
        {
          "type": "url",
          "value": "https://129.176.0.167/assets/6ff08a9/",
          "created_at": 1644292902,
          "status": "pending"
        },
        {
          "type": "url",
          "value": "https://129.176.0.167/assets/a7a3600f/",
          "created_at": 1644292902,
          "status": "pending"
        },
        {
          "type": "url",
          "value": "https://129.176.0.167/assets/a7a3600f/js/",
          "created_at": 1644292902,
          "status": "pending"
        }
      ]
    },
    {
      "categories": [
        "Information Disclosure",
        "Sensitive Information Leak to third-parties"
      ],
      "exploitable_locations": [
        {
          "type": "ip",
          "protocol": "tcp",
          "address": "34.117.231.65",
          "port": "80",
          "created_at": 1653203169,
          "status": "pending"
        },
        {
          "type": "url",
          "value": "http://34.117.231.65/",
          "created_at": 1653203169,
          "status": "pending"
        }
      ]
    },
    {
      "categories": [
        "Other",
        "Other - Please describe"
      ],
      "exploitable_locations": [
        {
          "type": "url",
          "value": "https://qualityanalytics.mayocliniclabs.com/en/embeddedAuthRedirect.html",
          "created_at": 1610418472,
          "status": "pending"
        },
        {
          "type": "url",
          "value": "https://qualityanalytics.mayocliniclabs.com/fr/embeddedAuthRedirect.html",
          "created_at": 1610418472,
          "status": "pending"
        },
        {
          "type": "url",
          "value": "https://qualityanalytics.mayocliniclabs.com/de/embeddedAuthRedirect.html",
          "created_at": 1610418472,
          "status": "pending"
        }
      ]
    },
    {
      "categories": [
        "Authorization/Permissions",
        "Access/Privacy Control Violation"
      ],
      "exploitable_locations": [
        {
          "type": "url",
          "value": "https://129.176.1.106/AMC/ss/../RegistrationForm/Public/Registration/RemoveRegistration",
          "created_at": 1653389605,
          "status": "pending"
        },
        {
          "type": "ip",
          "protocol": "tcp",
          "address": "129.176.1.106",
          "port": "443",
          "created_at": 1653389605,
          "status": "pending"
        }
      ]
    },
    {
      "categories": [
        "SQL Injection",
        "**Blind**"
      ],
      "exploitable_locations": [
        {
          "type": "url",
          "value": "https://pkd.mayo.edu/cgi-bin/v2_display_mutations.cgi",
          "created_at": 1610898017,
          "status": "pending"
        }
      ]
    },
    {
      "categories": [
        "SQL Injection",
        "SQL Injection- Full"
      ],
      "exploitable_locations": [
        {
          "type": "url",
          "value": "https://redcap2.mayo.edu/redcap/index.php",
          "created_at": 1682069837,
          "status": "pending"
        }
      ]
    },
    {
      "categories": [
        "Server/Application Misconfiguration",
        "Open Mail Relay"
      ],
      "exploitable_locations": [
        {
          "type": "ip",
          "protocol": "tcp",
          "address": "129.176.112.102",
          "port": "25",
          "created_at": 1682092978,
          "status": "pending"
        }
      ]
    },
    {
      "categories": [
        "Server/Application Misconfiguration",
        "Open Mail Relay"
      ],
      "exploitable_locations": [
        {
          "type": "ip",
          "protocol": "tcp",
          "address": "129.176.113.113",
          "port": "25",
          "created_at": 1682093716,
          "status": "pending"
        }
      ]
    },
    {
      "categories": [
        "Server/Application Misconfiguration",
        "Open Mail Relay"
      ],
      "exploitable_locations": [
        {
          "type": "ip",
          "protocol": "tcp",
          "address": "129.176.114.104",
          "port": "25",
          "created_at": 1682094323,
          "status": "pending"
        }
      ]
    },
    {
      "categories": [
        "Server/Application Misconfiguration",
        "Open Mail Relay"
      ],
      "exploitable_locations": [
        {
          "type": "ip",
          "protocol": "tcp",
          "address": "129.176.115.5",
          "port": "25",
          "created_at": 1682094864,
          "status": "pending"
        }
      ]
    },
    {
      "categories": [
        "Information Disclosure",
        "Sensitive Directory/File Contents Disclosed"
      ],
      "exploitable_locations": [
        {
          "type": "url",
          "value": "https://gf.cuadra2-ext.mayo.edu/starweb/l.skca-catalog/skcacatalog.web",
          "created_at": 1682180394,
          "status": "pending"
        },
        {
          "type": "ip",
          "protocol": "tcp",
          "address": "129.176.2.42",
          "port": "443",
          "created_at": 1682180394,
          "status": "pending"
        }
      ]
    },
    {
      "categories": [
        "Information Disclosure",
        "Sensitive Directory/File Contents Disclosed"
      ],
      "exploitable_locations": [
        {
          "type": "url",
          "value": "https://gf.cuadra2-ext.mayo.edu/starweb/l.skca-staff/skcastaff.web",
          "created_at": 1682180429,
          "status": "pending"
        }
      ]
    },
    {
      "categories": [
        "Information Disclosure",
        "Leaked Credentials (Low Privilege)"
      ],
      "exploitable_locations": [
        {
          "type": "url",
          "value": "https://gf.cuadra2-ext.mayo.edu/starweb/l.skca-catalog/skcacatalog.web",
          "created_at": 1682271085,
          "status": "pending"
        },
        {
          "type": "ip",
          "protocol": "tcp",
          "address": "129.176.2.42",
          "port": "443",
          "created_at": 1682271085,
          "status": "pending"
        },
        {
          "type": "url",
          "value": "https://gf.cuadra2-ext.mayo.edu/star/skca-login.html",
          "created_at": 1682271085,
          "status": "pending"
        }
      ]
    },
    {
      "categories": [
        "Cross-Site Scripting (XSS)",
        "**Persistent XSS**"
      ],
      "exploitable_locations": [
        {
          "type": "url",
          "value": "https://pkd.mayo.edu/cgi-bin/v2_desig_display.cgi",
          "created_at": 1610903999,
          "status": "pending"
        }
      ]
    },
    {
      "categories": [
        "Information Disclosure",
        "Sensitive Directory/File Contents Disclosed"
      ],
      "exploitable_locations": [
        {
          "type": "url",
          "value": "https://cuadra2-ext.mayo.edu/starweb/m.skca-staff/skcastaff.web",
          "created_at": 1682303816,
          "status": "pending"
        }
      ]
    },
    {
      "categories": [
        "Information Disclosure",
        "Sensitive Directory/File Contents Disclosed"
      ],
      "exploitable_locations": [
        {
          "type": "url",
          "value": "http://cuadra2-ext.mayo.edu/starweb/m.skca-catalog/skcacatalog.web",
          "created_at": 1682303845,
          "status": "pending"
        }
      ]
    },
    {
      "categories": [
        "Information Disclosure",
        "Sensitive Directory/File Contents Disclosed"
      ],
      "exploitable_locations": [
        {
          "type": "url",
          "value": "https://gf.cuadra2-ext.mayo.edu/starweb/m.skca-staff/skcastaff.web",
          "created_at": 1682303863,
          "status": "pending"
        }
      ]
    },
    {
      "categories": [
        "Information Disclosure",
        "Sensitive Directory/File Contents Disclosed"
      ],
      "exploitable_locations": [
        {
          "type": "url",
          "value": "https://gf.cuadra2-ext.mayo.edu/starweb/m.skca-catalog/skcacatalog.web",
          "created_at": 1682303881,
          "status": "pending"
        }
      ]
    },
    {
      "categories": [
        "Cross-Site Scripting (XSS)",
        "**Persistent XSS**"
      ],
      "exploitable_locations": [
        {
          "type": "url",
          "value": "https://pkdb.mayo.edu/cgi-bin/v2_desig_display.cgi",
          "created_at": 1610904579,
          "status": "pending"
        }
      ]
    },
    {
      "categories": [
        "Authorization/Permissions",
        "Path Traversal"
      ],
      "exploitable_locations": [
        {
          "type": "url",
          "value": "https://origin.mayocliniclabs.com/api/sitecore/Sitecore.Mvc.DeviceSimulator.Controllers.SimulatorController,Sitecore.Mvc.DeviceSimulator.dll/Preview",
          "assets_na": true,
          "assets_uids": [],
          "created_at": 1689030921,
          "status": "pending"
        },
        {
          "type": "url",
          "value": "https://test.mayocliniclabs.com/api/sitecore/Sitecore.Mvc.DeviceSimulator.Controllers.SimulatorController,Sitecore.Mvc.DeviceSimulator.dll/Preview",
          "assets_na": true,
          "assets_uids": [],
          "created_at": 1689030921,
          "status": "pending"
        }
      ]
    },
    {
      "categories": [
        "Information Disclosure",
        "Unverifiable Credentials"
      ],
      "exploitable_locations": [
        {
          "type": "url",
          "value": "https://redcap1.mayo.edu/redcap/redcap_v13.1.30/.circleci/config.yml",
          "assets_na": false,
          "assets_uids": [
            "b1d29afe1aa12661cbe6a5a3"
          ],
          "created_at": 1691327610,
          "status": "pending"
        },
        {
          "type": "url",
          "value": "https://redcap1.mayo.edu/redcap/redcap_v13.1.37/.circleci/config.yml",
          "assets_na": false,
          "assets_uids": [
            "b1d29afe1aa12661cbe6a5a3"
          ],
          "created_at": 1691327610,
          "status": "pending"
        },
        {
          "type": "url",
          "value": "https://redcap1.mayo.edu/redcap/redcap_v13.1.25/.circleci/config.yml",
          "assets_na": false,
          "assets_uids": [
            "b1d29afe1aa12661cbe6a5a3"
          ],
          "created_at": 1691327610,
          "status": "pending"
        },
        {
          "type": "url",
          "value": "https://redcap1.mayo.edu/redcap/redcap_v13.1.26/.circleci/config.yml",
          "assets_na": false,
          "assets_uids": [
            "b1d29afe1aa12661cbe6a5a3"
          ],
          "created_at": 1691327610,
          "status": "pending"
        },
        {
          "type": "url",
          "value": "https://redcap1.mayo.edu/redcap/redcap_v13.1.27/.circleci/config.yml",
          "assets_na": false,
          "assets_uids": [
            "b1d29afe1aa12661cbe6a5a3"
          ],
          "created_at": 1691327610,
          "status": "pending"
        },
        {
          "type": "url",
          "value": "https://redcap1.mayo.edu/redcap/redcap_v13.1.28/.circleci/config.yml",
          "assets_na": false,
          "assets_uids": [
            "b1d29afe1aa12661cbe6a5a3"
          ],
          "created_at": 1691327610,
          "status": "pending"
        },
        {
          "type": "url",
          "value": "https://redcap1.mayo.edu/redcap/redcap_v13.1.36/.circleci/config.yml",
          "assets_na": false,
          "assets_uids": [
            "b1d29afe1aa12661cbe6a5a3"
          ],
          "created_at": 1691327610,
          "status": "pending"
        }
      ]
    },
    {
      "categories": [
        "Cross-Site Scripting (XSS)",
        "**Persistent XSS**"
      ],
      "exploitable_locations": [
        {
          "type": "url",
          "value": "https://129.176.2.138/cgi-bin/v2_desig_display.cgi",
          "created_at": 1610905344,
          "status": "pending"
        }
      ]
    },
    {
      "categories": [
        "Authorization/Permissions",
        "Access Control Violation (High Privileged Functions - Read/Write or Write Only)"
      ],
      "exploitable_locations": [
        {
          "type": "url",
          "value": "https://34.102.196.22/api/Referrals",
          "assets_na": false,
          "assets_uids": [
            "63a004eb21349d2840c6f700"
          ],
          "created_at": 1694177679,
          "status": "pending"
        },
        {
          "type": "url",
          "value": "https://api.mentalhealthadvisor.mayoclinic.org/api/Referrals",
          "assets_na": false,
          "assets_uids": [
            "63f63a412e7021a3f1c9cdad"
          ],
          "created_at": 1694177679,
          "status": "pending"
        }
      ]
    },
    {
      "categories": [
        "Authorization/Permissions",
        "Access Control Violation (High Privileged Functions - Read/Write or Write Only)"
      ],
      "exploitable_locations": [
        {
          "type": "url",
          "value": "https://dev.api.mentalhealthadvisor.mayoclinic.org/api/Referrals",
          "assets_na": false,
          "assets_uids": [
            "0417559cb041871d026d8f6c"
          ],
          "created_at": 1694179692,
          "status": "pending"
        }
      ]
    },
    {
      "categories": [
        "Authorization/Permissions",
        "Access Control Violation (High Privileged Functions-Read Only)"
      ],
      "exploitable_locations": [
        {
          "type": "url",
          "value": "https://34.160.239.34/index.html",
          "assets_na": false,
          "assets_uids": [
            "649650e94e7e23c2cae7aa45"
          ],
          "created_at": 1694190002,
          "status": "pending"
        },
        {
          "type": "url",
          "value": "https://34.160.239.34/all-env/",
          "assets_na": false,
          "assets_uids": [
            "649650e94e7e23c2cae7aa45"
          ],
          "created_at": 1694190002,
          "status": "pending"
        },
        {
          "type": "url",
          "value": "https://cdh-prod.mayo.edu/care-everywhere/index.html",
          "assets_na": false,
          "assets_uids": [
            "649650e94e7e23c2cae7aa45"
          ],
          "created_at": 1694190002,
          "status": "pending"
        },
        {
          "type": "url",
          "value": "https://cdh-prod.mayo.edu/audit-log/",
          "assets_na": false,
          "assets_uids": [
            "649650e94e7e23c2cae7aa45"
          ],
          "created_at": 1694190002,
          "status": "pending"
        }
      ]
    },
    {
      "categories": [
        "Information Disclosure",
        "Identity of Software Architecture"
      ],
      "exploitable_locations": [
        {
          "type": "url",
          "value": "https://cdh-prod.mayo.edu/care-everywhere/index.html#",
          "assets_na": false,
          "assets_uids": [
            "649650f536fa11797d81eca6"
          ],
          "created_at": 1694265546,
          "status": "pending"
        }
      ]
    },
    {
      "categories": [
        "Authorization/Permissions",
        "Access Control Violation (High Privileged Functions - Read/Write or Write Only)"
      ],
      "exploitable_locations": [
        {
          "type": "ip",
          "protocol": "tcp",
          "address": "34.120.132.62",
          "port": "443",
          "assets_na": false,
          "assets_uids": [
            "646ef2115653e2e6b3ab3477"
          ],
          "created_at": 1695322652,
          "status": "pending"
        },
        {
          "type": "url",
          "value": "https://34.120.132.62/conversations/{conversation_id}/tracker",
          "assets_na": false,
          "assets_uids": [
            "646ef2115653e2e6b3ab3477"
          ],
          "created_at": 1695322652,
          "status": "pending"
        },
        {
          "type": "url",
          "value": "https://34.120.132.62/conversations/{conversation_id}/tracker/events",
          "assets_na": false,
          "assets_uids": [
            "646ef2115653e2e6b3ab3477"
          ],
          "created_at": 1695322652,
          "status": "pending"
        },
        {
          "type": "url",
          "value": "https://34.120.132.62/conversations/{conversation_id}/trigger_intent",
          "assets_na": false,
          "assets_uids": [
            "646ef2115653e2e6b3ab3477"
          ],
          "created_at": 1695322652,
          "status": "pending"
        },
        {
          "type": "url",
          "value": "https://34.120.132.62/conversations/{conversation_id}/messages",
          "assets_na": false,
          "assets_uids": [
            "646ef2115653e2e6b3ab3477"
          ],
          "created_at": 1695322652,
          "status": "pending"
        },
        {
          "type": "url",
          "value": "https://34.120.132.62/conversations/{conversation_id}/story",
          "assets_na": false,
          "assets_uids": [
            "646ef2115653e2e6b3ab3477"
          ],
          "created_at": 1695322652,
          "status": "pending"
        }
      ]
    },
    {
      "categories": [
        "Authorization/Permissions",
        "Access Control Violation (High Privileged Functions - Read/Write or Write Only)"
      ],
      "exploitable_locations": [
        {
          "type": "ip",
          "protocol": "tcp",
          "address": "34.120.132.62",
          "port": "443",
          "assets_na": false,
          "assets_uids": [
            "646ef2115653e2e6b3ab3477"
          ],
          "created_at": 1695322670,
          "status": "pending"
        },
        {
          "type": "url",
          "value": "https://34.120.132.62/model",
          "assets_na": false,
          "assets_uids": [
            "646ef2115653e2e6b3ab3477"
          ],
          "created_at": 1695322670,
          "status": "pending"
        }
      ]
    },
    {
      "categories": [
        "Cross-Site Scripting (XSS)",
        "Reflected XSS"
      ],
      "exploitable_locations": [
        {
          "type": "url",
          "value": "https://fasttest.mayoclinic.org/testing/pr/20/2",
          "assets_na": false,
          "assets_uids": [
            "63a6acac82d0ee3fc7fa5de1"
          ],
          "created_at": 1695785024,
          "status": "pending"
        }
      ]
    },
    {
      "categories": [
        "SQL Injection",
        "SQL Injection- Full"
      ],
      "exploitable_locations": [
        {
          "type": "url",
          "value": "https://admin.basicmed.mayo.edu/pdf/pdf.aspx",
          "assets_na": true,
          "assets_uids": [],
          "created_at": 1695832611,
          "status": "pending"
        }
      ]
    },
    {
      "categories": [
        "Information Disclosure",
        "Leaked Credentials (High Privilege)"
      ],
      "exploitable_locations": [
        {
          "type": "url",
          "value": "https://origin.mayocliniclabs.com/sitecore_xaml.ashx/-/xaml/Sitecore.Xaml.Tutorials.Styles.Index",
          "assets_na": false,
          "assets_uids": [
            "64db96e53cb01261fef98ccd"
          ],
          "created_at": 1695912102,
          "status": "pending"
        }
      ]
    },
    {
      "categories": [
        "Authorization/Permissions",
        "File Inclusion (No execution)"
      ],
      "exploitable_locations": [
        {
          "type": "url",
          "value": "https://origin.mayocliniclabs.com/api/sitecore/Sitecore.Mvc.DeviceSimulator.Controllers.SimulatorController,Sitecore.Mvc.DeviceSimulator.dll/Preview",
          "assets_na": false,
          "assets_uids": [
            "64db96e53cb01261fef98ccd"
          ],
          "created_at": 1695913794,
          "status": "pending"
        }
      ]
    },
    {
      "categories": [
        "Information Disclosure",
        "Unverifiable Credentials"
      ],
      "exploitable_locations": [
        {
          "type": "url",
          "value": "https://redcap1.mayo.edu/redcap/redcap_v13.7.18/.github/workflows/main.yml",
          "assets_na": true,
          "assets_uids": [],
          "created_at": 1697743969,
          "status": "pending"
        },
        {
          "type": "url",
          "value": "https://redcap2.mayo.edu/redcap/redcap_v13.7.18/.github/workflows/main.yml",
          "assets_na": true,
          "assets_uids": [],
          "created_at": 1697743969,
          "status": "pending"
        },
        {
          "type": "url",
          "value": "https://redcap3.mayo.edu/redcap/redcap_v13.7.18/.github/workflows/main.yml",
          "assets_na": true,
          "assets_uids": [],
          "created_at": 1697743969,
          "status": "pending"
        }
      ]
    },
    {
      "categories": [
        "Information Disclosure",
        "Service Version Disclosed"
      ],
      "exploitable_locations": [
        {
          "type": "url",
          "value": "https://redcap2.mayo.edu/redcap/redcap_v13.7.25/Authentication/password_reset.php",
          "assets_na": false,
          "assets_uids": [
            "b1d29afe1aa12661cbe6a5a3"
          ],
          "created_at": 1704683710,
          "status": "pending"
        }
      ]
    },
    {
      "categories": [
        "Information Disclosure",
        "Sensitive Source Code"
      ],
      "exploitable_locations": [
        {
          "type": "url",
          "value": "https://129.176.0.171/@vite/client",
          "assets_na": false,
          "assets_uids": [
            "6580e9ca1da414eb1dd1469d"
          ],
          "created_at": 1704725819,
          "status": "pending"
        }
      ]
    },
    {
      "categories": [
        "Authorization/Permissions",
        "Access Control Violation (High Privileged Functions-Read Only)"
      ],
      "exploitable_locations": [
        {
          "type": "url",
          "value": "https://test.orstretch.mayoclinic.org:8082/api/users/export",
          "assets_na": false,
          "assets_uids": [
            "6580e9ca1da414eb1dd1469d"
          ],
          "created_at": 1705218966,
          "status": "pending"
        }
      ]
    },
    {
      "categories": [
        "Server/Application Misconfiguration",
        "DNS Zone/Subdomain Takeover"
      ],
      "exploitable_locations": [
        {
          "type": "url",
          "value": "http://development-comm.mayoclinic.org",
          "assets_na": true,
          "assets_uids": [],
          "created_at": 1719930532,
          "status": "pending"
        }
      ]
    },
    {
      "categories": [
        "Information Disclosure",
        "Identity of Software Architecture"
      ],
      "exploitable_locations": [
        {
          "type": "url",
          "value": "https://origin.mayocliniclabs.com/search",
          "assets_na": false,
          "assets_uids": [
            "64db96e53cb01261fef98ccd"
          ],
          "created_at": 1723602020,
          "status": "pending"
        }
      ]
    },
    {
      "categories": [
        "Server/Application Misconfiguration",
        "Using Known Vulnerable Software"
      ],
      "exploitable_locations": [
        {
          "type": "ip",
          "protocol": "tcp",
          "address": "35.223.61.163",
          "port": "22",
          "assets_na": false,
          "assets_uids": [
            "668ff2afbc3abb2bd068628b"
          ],
          "created_at": 1735159356,
          "status": "pending"
        },
        {
          "type": "ip",
          "protocol": "tcp",
          "address": "34.170.17.102",
          "port": "22",
          "assets_na": false,
          "assets_uids": [
            "67166b8227f800b572931bd5"
          ],
          "created_at": 1735159356,
          "status": "pending"
        },
        {
          "type": "ip",
          "protocol": "tcp",
          "address": "34.173.237.68",
          "port": "22",
          "assets_na": false,
          "assets_uids": [
            "66ba5e4f6fe12fbf7f8c20c0"
          ],
          "created_at": 1735159356,
          "status": "pending"
        },
        {
          "type": "ip",
          "protocol": "tcp",
          "address": "34.46.204.159",
          "port": "22",
          "assets_na": false,
          "assets_uids": [
            "67166b8a27f800b572931c0c"
          ],
          "created_at": 1735159356,
          "status": "pending"
        },
        {
          "type": "ip",
          "protocol": "tcp",
          "address": "34.31.29.224",
          "port": "22",
          "assets_na": false,
          "assets_uids": [
            "668ff2a1bc3abb2bd06861e8"
          ],
          "created_at": 1735159356,
          "status": "pending"
        }
      ]
    },
    {
      "categories": [
        "Dependency Confusion",
        "Dependency Confusion"
      ],
      "exploitable_locations": [
        {
          "type": "url",
          "value": "https://34.49.168.53/package.json",
          "assets_na": false,
          "assets_uids": [
            "66ba5e576fe12fbf7f8c2133"
          ],
          "created_at": 1736703484,
          "status": "pending"
        }
      ]
    },
    {
      "categories": [
        "Authentication/Session Management",
        "Default Credentials(OLD DNU)"
      ],
      "exploitable_locations": [
        {
          "type": "ip",
          "protocol": "tcp",
          "address": "129.176.2.23",
          "port": "21",
          "created_at": 1612633480,
          "status": "pending"
        }
      ]
    },
    {
      "categories": [
        "Cross-Site Scripting (XSS)",
        "**Persistent XSS**"
      ],
      "exploitable_locations": [
        {
          "type": "url",
          "value": "https://129.176.2.138/",
          "created_at": 1618025578,
          "status": "pending"
        }
      ]
    },
    {
      "categories": [
        "Cross-Site Scripting (XSS)",
        "**Persistent XSS**"
      ],
      "exploitable_locations": [
        {
          "type": "url",
          "value": "https://129.176.2.138/",
          "created_at": 1618026146,
          "status": "pending"
        }
      ]
    },
    {
      "categories": [
        "Cross-Site Scripting (XSS)",
        "**Persistent XSS**"
      ],
      "exploitable_locations": [
        {
          "type": "url",
          "value": "https://129.176.2.138/",
          "created_at": 1618026578,
          "status": "pending"
        }
      ]
    },
    {
      "categories": [
        "Cross-Site Scripting (XSS)",
        "**Persistent XSS**"
      ],
      "exploitable_locations": [
        {
          "type": "url",
          "value": "https://129.176.2.138/",
          "created_at": 1618026916,
          "status": "pending"
        }
      ]
    },
    {
      "categories": [
        "Cross-Site Scripting (XSS)",
        "**Persistent XSS**"
      ],
      "exploitable_locations": [
        {
          "type": "url",
          "value": "https://129.176.2.138/",
          "created_at": 1618027166,
          "status": "pending"
        }
      ]
    },
    {
      "categories": [
        "Cross-Site Scripting (XSS)",
        "**Persistent XSS**"
      ],
      "exploitable_locations": [
        {
          "type": "url",
          "value": "https://129.176.2.138/",
          "created_at": 1618027439,
          "status": "pending"
        }
      ]
    },
    {
      "categories": [
        "Cross-Site Scripting (XSS)",
        "**Persistent XSS**"
      ],
      "exploitable_locations": [
        {
          "type": "url",
          "value": "https://129.176.2.138/",
          "created_at": 1618027705,
          "status": "pending"
        }
      ]
    },
    {
      "categories": [
        "Cross-Site Scripting (XSS)",
        "**Persistent XSS**"
      ],
      "exploitable_locations": [
        {
          "type": "url",
          "value": "https://129.176.2.138/",
          "created_at": 1618028002,
          "status": "pending"
        }
      ]
    },
    {
      "categories": [
        "Authentication/Session Management",
        "Default Credentials(OLD DNU)"
      ],
      "exploitable_locations": [
        {
          "type": "ip",
          "protocol": "tcp",
          "address": "129.176.2.23",
          "port": "21",
          "created_at": 1607410214,
          "status": "pending"
        }
      ]
    },
    {
      "categories": [
        "Cross-Site Scripting (XSS)",
        "**Persistent XSS**"
      ],
      "exploitable_locations": [
        {
          "type": "url",
          "value": "https://129.176.2.138/",
          "created_at": 1618028287,
          "status": "pending"
        }
      ]
    },
    {
      "categories": [
        "Cross-Site Scripting (XSS)",
        "**Persistent XSS**"
      ],
      "exploitable_locations": [
        {
          "type": "url",
          "value": "https://129.176.2.138/",
          "created_at": 1618028825,
          "status": "pending"
        }
      ]
    },
    {
      "categories": [
        "Cross-Site Scripting (XSS)",
        "**Persistent XSS**"
      ],
      "exploitable_locations": [
        {
          "type": "url",
          "value": "https://129.176.2.138/",
          "created_at": 1618029045,
          "status": "pending"
        }
      ]
    },
    {
      "categories": [
        "Cross-Site Scripting (XSS)",
        "**Persistent XSS**"
      ],
      "exploitable_locations": [
        {
          "type": "url",
          "value": "https://129.176.2.138/",
          "created_at": 1618029456,
          "status": "pending"
        }
      ]
    },
    {
      "categories": [
        "Cross-Site Scripting (XSS)",
        "**Persistent XSS**"
      ],
      "exploitable_locations": [
        {
          "type": "url",
          "value": "https://129.176.2.138/",
          "created_at": 1618029682,
          "status": "pending"
        }
      ]
    },
    {
      "categories": [
        "Cross-Site Scripting (XSS)",
        "**Persistent XSS**"
      ],
      "exploitable_locations": [
        {
          "type": "url",
          "value": "https://129.176.2.138/",
          "created_at": 1618029923,
          "status": "pending"
        }
      ]
    },
    {
      "categories": [
        "Information Disclosure",
        "Sensitive Directory/File Contents Disclosed"
      ],
      "exploitable_locations": [
        {
          "type": "url",
          "value": "http://35.232.23.179/images",
          "created_at": 1618042992,
          "status": "pending"
        }
      ]
    },
    {
      "categories": [
        "Information Disclosure",
        "Sensitive Directory/File Contents Disclosed"
      ],
      "exploitable_locations": [
        {
          "type": "url",
          "value": "http://35.232.23.179/languages",
          "created_at": 1618044068,
          "status": "pending"
        }
      ]
    },
    {
      "categories": [
        "SQL Injection",
        "**Blind**"
      ],
      "exploitable_locations": [
        {
          "type": "url",
          "value": "https://129.176.2.138/cgi-bin/v2_display_mutations.cgi",
          "created_at": 1618386351,
          "status": "pending"
        }
      ]
    },
    {
      "categories": [
        "Information Disclosure",
        "Directory Contents Disclosed"
      ],
      "exploitable_locations": [
        {
          "type": "other",
          "value": "ftp://129.176.2.23/",
          "created_at": 1607765318,
          "status": "pending"
        }
      ]
    },
    {
      "categories": [
        "Other",
        "Other - Please describe"
      ],
      "exploitable_locations": [
        {
          "type": "url",
          "value": "https://129.176.1.171/examples/servlets/servlet/CookieExample",
          "created_at": 1627413865,
          "status": "pending"
        }
      ]
    },
    {
      "categories": [
        "Other",
        "Other - Please describe"
      ],
      "exploitable_locations": [
        {
          "type": "url",
          "value": "https://129.176.2.138/cgi-bin/v2_display_mutations.cgi",
          "created_at": 1629678499,
          "status": "pending"
        },
        {
          "type": "url",
          "value": "https://129.176.2.138/cgi-bin/v2_desig_display.cgi",
          "created_at": 1629678499,
          "status": "pending"
        },
        {
          "type": "url",
          "value": "https://129.176.2.138/cgi-bin/v2_desig_display.cgi",
          "created_at": 1629678499,
          "status": "pending"
        }
      ]
    },
    {
      "categories": [
        "Cross-Site Scripting (XSS)",
        "Persistent Blind XSS"
      ],
      "exploitable_locations": [
        {
          "type": "url",
          "value": "https://129.176.2.138/cgi-bin/v2_desig_display.cgi",
          "created_at": 1629725389,
          "status": "pending"
        }
      ]
    },
    {
      "categories": [
        "Functional/Business Logic",
        "Improper Input Validation"
      ],
      "exploitable_locations": [
        {
          "type": "url",
          "value": "https://pkdb.mayo.edu/cgi-bin/v2_desig_display.cgi",
          "created_at": 1630098264,
          "status": "pending"
        },
        {
          "type": "url",
          "value": "https://pkdb.mayo.edu/cgi-bin/v2_desig_display.cgi",
          "created_at": 1630098264,
          "status": "pending"
        },
        {
          "type": "url",
          "value": "https://pkdb.mayo.edu/cgi-bin/v2_desig_display.cgi",
          "created_at": 1630098264,
          "status": "pending"
        },
        {
          "type": "url",
          "value": "https://pkdb.mayo.edu/cgi-bin/v2_display_mutations.cgi",
          "created_at": 1630098264,
          "status": "pending"
        },
        {
          "type": "url",
          "value": "https://pkdb.mayo.edu/cgi-bin/v2_contact.cgi",
          "created_at": 1630098264,
          "status": "pending"
        },
        {
          "type": "url",
          "value": "https://pkdb.mayo.edu/cgi-bin/v2_submission.cgi",
          "created_at": 1630098264,
          "status": "pending"
        },
        {
          "type": "url",
          "value": "https://pkdb.mayo.edu/cgi-bin/v2_credits.cgi",
          "created_at": 1630098264,
          "status": "pending"
        }
      ]
    },
    {
      "categories": [
        "Authorization/Permissions",
        "Access/Privacy Control Violation"
      ],
      "exploitable_locations": [
        {
          "type": "ip",
          "protocol": "tcp",
          "address": "129.176.1.170",
          "port": "443",
          "created_at": 1630261021,
          "status": "pending"
        }
      ]
    },
    {
      "categories": [
        "Server/Application Misconfiguration",
        "Application Level Protection"
      ],
      "exploitable_locations": [
        {
          "type": "ip",
          "protocol": "tcp",
          "address": "129.176.1.170",
          "port": "443",
          "created_at": 1630261026,
          "status": "pending"
        }
      ]
    },
    {
      "categories": [
        "Functional/Business Logic",
        "Improper Input Validation"
      ],
      "exploitable_locations": [
        {
          "type": "url",
          "value": "https://pkd.mayo.edu/cgi-bin/v2_credits.cgi",
          "created_at": 1607888076,
          "status": "pending"
        },
        {
          "type": "url",
          "value": "https://pkd.mayo.edu/cgi-bin/contact.cgi",
          "created_at": 1607888076,
          "status": "pending"
        },
        {
          "type": "url",
          "value": "https://pkd.mayo.edu/cgi-bin/v2_desig_display.cgi",
          "created_at": 1607888076,
          "status": "pending"
        },
        {
          "type": "url",
          "value": "https://pkd.mayo.edu/cgi-bin/v2_display_mutations.cgi",
          "created_at": 1607888076,
          "status": "pending"
        },
        {
          "type": "url",
          "value": "https://pkd.mayo.edu/cgi-bin/v2_submissions.cgi",
          "created_at": 1607888076,
          "status": "pending"
        }
      ]
    },
    {
      "categories": [
        "Server/Application Misconfiguration",
        "Application Level Protection"
      ],
      "exploitable_locations": [
        {
          "type": "ip",
          "protocol": "tcp",
          "address": "129.176.1.170",
          "port": "443",
          "created_at": 1630261071,
          "status": "pending"
        }
      ]
    },
    {
      "categories": [
        "Information Disclosure",
        "Sensitive Directory/File Contents Disclosed"
      ],
      "exploitable_locations": [
        {
          "type": "ip",
          "protocol": "tcp",
          "address": "129.176.1.170",
          "port": "443",
          "created_at": 1630334043,
          "status": "pending"
        }
      ]
    },
    {
      "categories": [
        "Authorization/Permissions",
        "Access/Privacy Control Violation"
      ],
      "exploitable_locations": [
        {
          "type": "url",
          "value": "https://129.176.2.55:8885/swagger/",
          "created_at": 1630554600,
          "status": "pending"
        }
      ]
    },
    {
      "categories": [
        "Brute Force",
        "User Login Credentials"
      ],
      "exploitable_locations": [
        {
          "type": "url",
          "value": "https://129.176.0.29/authenticate.php",
          "created_at": 1630583079,
          "status": "pending"
        }
      ]
    },
    {
      "categories": [
        "Other",
        "Other - Please describe"
      ],
      "exploitable_locations": [
        {
          "type": "url",
          "value": "https://129.176.0.29/masthead.php",
          "created_at": 1630971823,
          "status": "pending"
        }
      ]
    },
    {
      "categories": [
        "Information Disclosure",
        "Sensitive Directory/File Contents Disclosed"
      ],
      "exploitable_locations": [
        {
          "type": "url",
          "value": "https://129.176.0.29/viewer/package.json",
          "created_at": 1631262525,
          "status": "pending"
        },
        {
          "type": "url",
          "value": "https://129.176.0.29/viewer/config.js",
          "created_at": 1631262525,
          "status": "pending"
        }
      ]
    },
    {
      "categories": [
        "Information Disclosure",
        "Sensitive Client Information Disclosed"
      ],
      "exploitable_locations": [
        {
          "type": "url",
          "value": "http://cuadra1-ext.mayo.edu/starweb/l.skca-catalog/skcacatalog.web",
          "created_at": 1631387542,
          "status": "pending"
        },
        {
          "type": "url",
          "value": "http://cuadra1-ext.mayo.edu/starweb/l.skca-staff/skcastaff.web",
          "created_at": 1631387542,
          "status": "pending"
        },
        {
          "type": "url",
          "value": "http://cuadra1-ext.mayo.edu/starweb/m.skca-staffmini/skcastaffmini.web",
          "created_at": 1631387542,
          "status": "pending"
        },
        {
          "type": "ip",
          "protocol": "tcp",
          "address": "129.176.2.42",
          "port": "80",
          "created_at": 1631387542,
          "status": "pending"
        }
      ]
    },
    {
      "categories": [
        "Information Disclosure",
        "Sensitive Client Information Disclosed"
      ],
      "exploitable_locations": [
        {
          "type": "ip",
          "protocol": "tcp",
          "address": "129.176.0.231",
          "port": "52311",
          "created_at": 1608089050,
          "status": "pending"
        }
      ]
    },
    {
      "categories": [
        "Cross-Site Scripting (XSS)",
        "Persistent XSS"
      ],
      "exploitable_locations": [
        {
          "type": "url",
          "value": "https://test.researchclientportal.mayo.edu/Mayo/accessRequest/save",
          "created_at": 1631404810,
          "status": "pending"
        },
        {
          "type": "ip",
          "protocol": "tcp",
          "address": "129.176.1.170",
          "port": "443",
          "created_at": 1631404810,
          "status": "pending"
        }
      ]
    },
    {
      "categories": [
        "Authentication/Session Management",
        "Login Authentication Bypass"
      ],
      "exploitable_locations": [
        {
          "type": "url",
          "value": "https://129.176.1.170/Mayo/accessRequest",
          "created_at": 1631461437,
          "status": "pending"
        },
        {
          "type": "url",
          "value": "https://129.176.1.170/Mayo/accessRequest/request",
          "created_at": 1631461437,
          "status": "pending"
        }
      ]
    },
    {
      "categories": [
        "Authentication/Session Management",
        "Default Credentials Non-Admin"
      ],
      "exploitable_locations": [
        {
          "type": "url",
          "value": "http://129.176.2.42/star/star.html",
          "created_at": 1631516976,
          "status": "pending"
        },
        {
          "type": "url",
          "value": "https://cuadra2-ext.mayo.edu/cgi-bin/starfinder/0",
          "created_at": 1631516976,
          "status": "pending"
        }
      ]
    },
    {
      "categories": [
        "Other",
        "Other - Please describe"
      ],
      "exploitable_locations": [
        {
          "type": "url",
          "value": "https://129.176.0.29/masthead.php",
          "created_at": 1632948482,
          "status": "pending"
        }
      ]
    },
    {
      "categories": [
        "Information Disclosure",
        "Sensitive Client Information Disclosed"
      ],
      "exploitable_locations": [
        {
          "type": "url",
          "value": "https://129.176.1.106/amc/authentication/log.txt",
          "created_at": 1634378677,
          "status": "pending"
        }
      ]
    },
    {
      "categories": [
        "Information Disclosure",
        "Identity of Software Architecture"
      ],
      "exploitable_locations": [
        {
          "type": "url",
          "value": "http://129.176.3.57/*",
          "created_at": 1636920119,
          "status": "pending"
        },
        {
          "type": "url",
          "value": "http://129.176.3.58/*",
          "created_at": 1636920119,
          "status": "pending"
        },
        {
          "type": "url",
          "value": "http://129.176.3.59/*",
          "created_at": 1636920119,
          "status": "pending"
        },
        {
          "type": "url",
          "value": "http://129.176.3.60/*",
          "created_at": 1636920119,
          "status": "pending"
        },
        {
          "type": "url",
          "value": "http://129.176.3.61/*",
          "created_at": 1636920119,
          "status": "pending"
        },
        {
          "type": "url",
          "value": "http://129.176.3.62/*",
          "created_at": 1636920119,
          "status": "pending"
        }
      ]
    },
    {
      "categories": [
        "Authorization/Permissions",
        "Access/Privacy Control Violation"
      ],
      "exploitable_locations": [
        {
          "type": "ip",
          "protocol": "tcp",
          "address": "104.154.117.86",
          "port": "80",
          "created_at": 1636953388,
          "status": "pending"
        }
      ]
    },
    {
      "categories": [
        "Authorization/Permissions",
        "Access/Privacy Control Violation"
      ],
      "exploitable_locations": [
        {
          "type": "url",
          "value": "http://104.154.117.86/getHomePageDetails",
          "created_at": 1636956397,
          "status": "pending"
        },
        {
          "type": "url",
          "value": "http://104.154.117.86/getAdminPageDetails",
          "created_at": 1636956397,
          "status": "pending"
        },
        {
          "type": "ip",
          "protocol": "tcp",
          "address": "104.154.117.86",
          "port": "80",
          "created_at": 1636956397,
          "status": "pending"
        }
      ]
    },
    {
      "categories": [
        "Authentication/Session Management",
        "Login Authentication Bypass"
      ],
      "exploitable_locations": [
        {
          "type": "url",
          "value": "https://129.176.1.59/Admin/User/Logon",
          "created_at": 1637050166,
          "status": "pending"
        }
      ]
    },
    {
      "categories": [
        "Authorization/Permissions",
        "File Inclusion (No execution)"
      ],
      "exploitable_locations": [
        {
          "type": "url",
          "value": "http://129.176.1.87",
          "created_at": 1608321907,
          "status": "pending"
        }
      ]
    },
    {
      "categories": [
        "Functional/Business Logic",
        "Improper Input Validation"
      ],
      "exploitable_locations": [
        {
          "type": "url",
          "value": "https://philanthropy.mayoclinic.org/WebApi/ADFCheckout/Create",
          "created_at": 1637207607,
          "status": "pending"
        },
        {
          "type": "ip",
          "protocol": "tcp",
          "address": "129.176.3.107",
          "port": "443",
          "created_at": 1637207607,
          "status": "pending"
        }
      ]
    },
    {
      "categories": [
        "Server/Application Misconfiguration",
        "Application Level Protection"
      ],
      "exploitable_locations": [
        {
          "type": "url",
          "value": "https://129.176.1.170/Mayo/idp/index.php",
          "created_at": 1637447225,
          "status": "pending"
        },
        {
          "type": "url",
          "value": "https://129.176.1.170/Mayo/idp/show",
          "created_at": 1637447225,
          "status": "pending"
        },
        {
          "type": "url",
          "value": "https://129.176.1.170/Mayo/idp/add",
          "created_at": 1637447225,
          "status": "pending"
        },
        {
          "type": "url",
          "value": "https://129.176.1.170/Mayo/idp/list",
          "created_at": 1637447225,
          "status": "pending"
        },
        {
          "type": "url",
          "value": "https://129.176.1.170/Mayo/idp/create",
          "created_at": 1637447225,
          "status": "pending"
        }
      ]
    },
    {
      "categories": [
        "Authorization/Permissions",
        "Access/Privacy Control Violation"
      ],
      "exploitable_locations": [
        {
          "type": "url",
          "value": "https://dev.dtapi.mayoclinic.org/swagger/ui/index#/Traversal",
          "created_at": 1637522732,
          "status": "pending"
        },
        {
          "type": "url",
          "value": "https://test.dtapi.mayoclinic.org/swagger/ui/index",
          "created_at": 1637522732,
          "status": "pending"
        },
        {
          "type": "url",
          "value": "https://int.dtapi.mayoclinic.org",
          "created_at": 1637522732,
          "status": "pending"
        }
      ]
    },
    {
      "categories": [
        "Information Disclosure",
        "Sensitive Source Code"
      ],
      "exploitable_locations": [
        {
          "type": "ip",
          "protocol": "tcp",
          "address": "129.176.2.42",
          "port": "443",
          "created_at": 1637557288,
          "status": "pending"
        }
      ]
    },
    {
      "categories": [
        "Denial-of-service (DoS)",
        "Unintended DoS Downtime Report"
      ],
      "exploitable_locations": [
        {
          "type": "ip",
          "protocol": "tcp",
          "address": "129.176.2.55",
          "port": "62078",
          "created_at": 1637584848,
          "status": "pending"
        }
      ]
    },
    {
      "categories": [
        "Functional/Business Logic",
        "Improper Input Validation"
      ],
      "exploitable_locations": [
        {
          "type": "url",
          "value": "https://philanthropy.mayoclinic.org/",
          "created_at": 1637611746,
          "status": "pending"
        },
        {
          "type": "ip",
          "protocol": "tcp",
          "address": "129.176.3.107",
          "port": "443",
          "created_at": 1637611746,
          "status": "pending"
        },
        {
          "type": "url",
          "value": "https://philanthropy.mayoclinic.org/api/Checkout",
          "created_at": 1637611746,
          "status": "pending"
        },
        {
          "type": "url",
          "value": "https://philanthropy.mayoclinic.org/WebApi/2738/Donation/ValidateDonationRequest",
          "created_at": 1637611746,
          "status": "pending"
        }
      ]
    },
    {
      "categories": [
        "Server/Application Misconfiguration",
        "Using Known Vulnerable Software"
      ],
      "exploitable_locations": [
        {
          "type": "other",
          "value": "Multiple IP Addresses in the subnet 129.176.0.0/22",
          "created_at": 1637744926,
          "status": "pending"
        }
      ]
    },
    {
      "categories": [
        "Brute Force",
        "Lack of Rate Limiting Protections  (i.e. CAPTCHA)"
      ],
      "exploitable_locations": [
        {
          "type": "ip",
          "protocol": "tcp",
          "address": "129.176.1.204",
          "port": "22",
          "created_at": 1637920722,
          "status": "pending"
        },
        {
          "type": "ip",
          "protocol": "tcp",
          "address": "129.176.1.205",
          "port": "22",
          "created_at": 1637920722,
          "status": "pending"
        }
      ]
    },
    {
      "categories": [
        "Server/Application Misconfiguration",
        "Application Level Protection"
      ],
      "exploitable_locations": [
        {
          "type": "url",
          "value": "http://35.231.89.194:7000/",
          "created_at": 1637938981,
          "status": "pending"
        }
      ]
    },
    {
      "categories": [
        "Other",
        "Other - Please describe"
      ],
      "exploitable_locations": [
        {
          "type": "ip",
          "protocol": "tcp",
          "address": "34.117.231.65",
          "port": "9100",
          "created_at": 1638025044,
          "status": "pending"
        },
        {
          "type": "ip",
          "protocol": "tcp",
          "address": "34.102.212.254",
          "port": "9100",
          "created_at": 1638025044,
          "status": "pending"
        },
        {
          "type": "ip",
          "protocol": "tcp",
          "address": "34.107.213.253",
          "port": "9100",
          "created_at": 1638025044,
          "status": "pending"
        },
        {
          "type": "ip",
          "protocol": "tcp",
          "address": "34.117.182.43",
          "port": "9100",
          "created_at": 1638025044,
          "status": "pending"
        },
        {
          "type": "ip",
          "protocol": "tcp",
          "address": "34.117.211.41",
          "port": "9100",
          "created_at": 1638025044,
          "status": "pending"
        },
        {
          "type": "ip",
          "protocol": "tcp",
          "address": "34.117.69.19",
          "port": "9100",
          "created_at": 1638025044,
          "status": "pending"
        },
        {
          "type": "ip",
          "protocol": "tcp",
          "address": "34.120.241.198",
          "port": "9100",
          "created_at": 1638025044,
          "status": "pending"
        },
        {
          "type": "ip",
          "protocol": "tcp",
          "address": "34.120.78.40",
          "port": "9100",
          "created_at": 1638025044,
          "status": "pending"
        },
        {
          "type": "ip",
          "protocol": "tcp",
          "address": "34.149.57.239",
          "port": "9100",
          "created_at": 1638025044,
          "status": "pending"
        },
        {
          "type": "ip",
          "protocol": "tcp",
          "address": "34.95.124.10",
          "port": "9100",
          "created_at": 1638025044,
          "status": "pending"
        }
      ]
    },
    {
      "categories": [
        "Authorization/Permissions",
        "Access/Privacy Control Violation"
      ],
      "exploitable_locations": [
        {
          "type": "url",
          "value": "https://rtools.mayo.edu/*",
          "created_at": 1638027338,
          "status": "pending"
        },
        {
          "type": "url",
          "value": "https://rtools.mayo.edu/LIMQC/",
          "created_at": 1638027338,
          "status": "pending"
        },
        {
          "type": "url",
          "value": "https://129.176.0.87/LIMQC/",
          "created_at": 1638027338,
          "status": "pending"
        }
      ]
    },
    {
      "categories": [
        "Functional/Business Logic",
        "Unrestricted File Upload (No Execution Server-Side)"
      ],
      "exploitable_locations": [
        {
          "type": "url",
          "value": "https://rtools.mayo.edu/data_exploration/",
          "created_at": 1638030384,
          "status": "pending"
        }
      ]
    },
    {
      "categories": [
        "Authorization/Permissions",
        "Access/Privacy Control Violation"
      ],
      "exploitable_locations": [
        {
          "type": "url",
          "value": "https://129.176.1.106/amc/authentication/log.txt",
          "created_at": 1638165030,
          "status": "pending"
        }
      ]
    },
    {
      "categories": [
        "Information Disclosure",
        "Sensitive Directory/File Contents Disclosed"
      ],
      "exploitable_locations": [
        {
          "type": "ip",
          "protocol": "tcp",
          "address": "129.176.1.170",
          "port": "443",
          "created_at": 1638180719,
          "status": "pending"
        }
      ]
    },
    {
      "categories": [
        "Authentication/Session Management",
        "Login Authentication Bypass"
      ],
      "exploitable_locations": [
        {
          "type": "url",
          "value": "http://104.154.117.86/archival-initiation",
          "created_at": 1638379552,
          "status": "pending"
        }
      ]
    },
    {
      "categories": [
        "Information Disclosure",
        "Directory Structure Enumeration"
      ],
      "exploitable_locations": [
        {
          "type": "url",
          "value": "https://pepbeta.api.mayo.edu/metadata/",
          "created_at": 1639060434,
          "status": "pending"
        },
        {
          "type": "url",
          "value": "https://129.176.1.251/metadata/",
          "created_at": 1639060434,
          "status": "pending"
        }
      ]
    },
    {
      "categories": [
        "Information Disclosure",
        "Directory Structure Enumeration"
      ],
      "exploitable_locations": [
        {
          "type": "url",
          "value": "https://pep.api.mayo.edu/metadata/",
          "created_at": 1639060678,
          "status": "pending"
        }
      ]
    },
    {
      "categories": [
        "Server/Application Misconfiguration",
        "Application Level Protection"
      ],
      "exploitable_locations": [
        {
          "type": "url",
          "value": "https://129.176.0.71/redcap/install.php",
          "created_at": 1639756370,
          "status": "pending"
        }
      ]
    },
    {
      "categories": [
        "Other",
        "Other - Please describe"
      ],
      "exploitable_locations": [
        {
          "type": "url",
          "value": "https://129.176.1.170/examples/",
          "created_at": 1639952970,
          "status": "pending"
        },
        {
          "type": "url",
          "value": "https://129.176.1.170/examples/servlets/servlet/CookieExample",
          "created_at": 1639952970,
          "status": "pending"
        },
        {
          "type": "url",
          "value": "https://129.176.1.171/examples/",
          "created_at": 1639952970,
          "status": "pending"
        },
        {
          "type": "url",
          "value": "https://129.176.1.170/examples/servlets/servlet/CookieExample",
          "created_at": 1639952970,
          "status": "pending"
        }
      ]
    },
    {
      "categories": [
        "Information Disclosure",
        "Sensitive Source Code"
      ],
      "exploitable_locations": [
        {
          "type": "url",
          "value": "http://cuadra1-ext.mayo.edu/starweb/l.skca-catalog/skcacatalog.web",
          "created_at": 1640521218,
          "status": "pending"
        },
        {
          "type": "ip",
          "protocol": "tcp",
          "address": "129.176.2.42",
          "port": "80",
          "created_at": 1640521218,
          "status": "pending"
        }
      ]
    },
    {
      "categories": [
        "Cross-Site Scripting (XSS)",
        "Persistent XSS"
      ],
      "exploitable_locations": [
        {
          "type": "url",
          "value": "https://cuadra2-ext.mayo.edu/cgi-bin/sfsimport-file.exe",
          "created_at": 1641206119,
          "status": "pending"
        }
      ]
    }
  ]
}