{
  "listing_id": "a75kerdra0",
  "type": "categories",
  "value": [
    {
      "categories": [
        "Authorization/Permissions",
        "Server Side Request Forgery(SSRF)- Limited"
      ],
      "exploitable_locations": [
        {
          "type": "url",
          "value": "https://rucompass.abbott.com/_vti_bin/sites.asmx",
          "assets_na": true,
          "assets_uids": [],
          "created_at": 1739704542,
          "status": "pending"
        }
      ]
    },
    {
      "categories": [
        "Authorization/Permissions",
        "Server Side Request Forgery(SSRF)- Limited"
      ],
      "exploitable_locations": [
        {
          "type": "url",
          "value": "https://rucompass.abbott.com/_vti_bin/imaging.asmx",
          "assets_na": true,
          "assets_uids": [],
          "created_at": 1739704738,
          "status": "pending"
        }
      ]
    }
  ]
}