{
  "listing_id": "agrbnfdzf5",
  "type": "categories",
  "value": [
    {
      "categories": [
        "Authorization/Permissions",
        "Insecure Direct Object Reference (Read-Only)"
      ],
      "exploitable_locations": [
        {
          "type": "url",
          "value": "https://cooking.nytimes.com/api/v2/users/<UserID>/collections",
          "created_at": 1652798820,
          "status": "pending"
        }
      ]
    },
    {
      "categories": [
        "Information Disclosure",
        "Sensitive API Keys"
      ],
      "exploitable_locations": [
        {
          "type": "url",
          "value": "http://js.nyt.com/js/app/twittertool/twittertool.js",
          "created_at": 1652835722,
          "status": "pending"
        },
        {
          "type": "other",
          "value": "apiKey=R_554ad67f3555db8156cc911a4c8e37b0",
          "created_at": 1652835722,
          "status": "pending"
        }
      ]
    },
    {
      "categories": [
        "Authorization/Permissions",
        "Insecure Direct Object Reference (Read-Only)"
      ],
      "exploitable_locations": [
        {
          "type": "url",
          "value": "https://cooking.nytimes.com/api/v2/users/<UserID>/collections",
          "created_at": 1652857777,
          "status": "pending"
        }
      ]
    },
    {
      "categories": [
        "Information Disclosure",
        "Sensitive Client Information Disclosed"
      ],
      "exploitable_locations": [
        {
          "type": "url",
          "value": "https://jira-stg.nyt.net/secure/QueryComponent!Default.jspa",
          "created_at": 1653078739,
          "status": "pending"
        }
      ]
    },
    {
      "categories": [
        "Information Disclosure",
        "Sensitive Client Information Disclosed"
      ],
      "exploitable_locations": [
        {
          "type": "url",
          "value": "https://jira.nyt.net/secure/QueryComponent!Default.jspa",
          "created_at": 1653089267,
          "status": "pending"
        }
      ]
    },
    {
      "categories": [
        "Authentication/Session Management",
        "Login Authentication Bypass"
      ],
      "exploitable_locations": [
        {
          "type": "other",
          "value": "Source Code",
          "created_at": 1654774713,
          "status": "pending"
        }
      ]
    },
    {
      "categories": [
        "Information Disclosure",
        "Sensitive API Keys"
      ],
      "exploitable_locations": [
        {
          "type": "url",
          "value": "https://www.nytimes.com/",
          "created_at": 1654776976,
          "status": "pending"
        }
      ]
    },
    {
      "categories": [
        "Remote Execution",
        "Remote Code Execution"
      ],
      "exploitable_locations": [
        {
          "type": "url",
          "value": "http://cms-sentry.nyt.net:10255/",
          "created_at": 1655903104,
          "status": "pending"
        }
      ]
    },
    {
      "categories": [
        "Authorization/Permissions",
        "Access/Privacy Control Violation"
      ],
      "exploitable_locations": [
        {
          "type": "url",
          "value": "https://ad-assets.nytimes.com/",
          "created_at": 1649942710,
          "status": "pending"
        },
        {
          "type": "url",
          "value": "https://paidpost-assets.nyt.com/",
          "created_at": 1649942710,
          "status": "pending"
        }
      ]
    },
    {
      "categories": [
        "Information Disclosure",
        "Sensitive Client Information Disclosed"
      ],
      "exploitable_locations": [
        {
          "type": "url",
          "value": "https://timeswire.nyt.net/node_modules/jquery/AUTHORS.txt",
          "created_at": 1658451006,
          "status": "pending"
        }
      ]
    },
    {
      "categories": [
        "Functional/Business Logic",
        "Unvalidated Redirects"
      ],
      "exploitable_locations": [
        {
          "type": "url",
          "value": "https://go.thewirecutter.com/",
          "created_at": 1660333775,
          "status": "pending"
        }
      ]
    },
    {
      "categories": [
        "Information Disclosure",
        "Leaked Credentials (High Privilege)"
      ],
      "exploitable_locations": [
        {
          "type": "url",
          "value": "https://ppd-dev.nytimes.com/actuator/env",
          "created_at": 1663089393,
          "status": "pending"
        }
      ]
    },
    {
      "categories": [
        "Information Disclosure",
        "Sensitive Client Information Disclosed"
      ],
      "exploitable_locations": [
        {
          "type": "url",
          "value": "http://kibana.pho.prd.nyt.net/",
          "created_at": 1664232115,
          "status": "pending"
        }
      ]
    },
    {
      "categories": [
        "Information Disclosure",
        "Sensitive Directory/File Contents Disclosed"
      ],
      "exploitable_locations": [
        {
          "type": "url",
          "value": "https://helix-send-compiler.nyt.net/debug/pprof/",
          "created_at": 1670436437,
          "status": "pending"
        },
        {
          "type": "url",
          "value": "https://helix-send-compiler-dev.nyt.net:443/debug/pprof/",
          "created_at": 1670436437,
          "status": "pending"
        },
        {
          "type": "url",
          "value": "https://helix-send-compiler-stg.nyt.net:443/debug/pprof/",
          "created_at": 1670436437,
          "status": "pending"
        },
        {
          "type": "url",
          "value": "https://sa-link-share-api-dev.nyt.net:443/debug/pprof/",
          "created_at": 1670436437,
          "status": "pending"
        }
      ]
    },
    {
      "categories": [
        "Authorization/Permissions",
        "Access/Privacy Control Violation"
      ],
      "exploitable_locations": [
        {
          "type": "url",
          "value": "https://state.games.prd.nyt.net/",
          "created_at": 1673706933,
          "status": "pending"
        },
        {
          "type": "url",
          "value": "https://nyt-games-prd-default-null-backend.s3.amazonaws.com/ ",
          "created_at": 1673706933,
          "status": "pending"
        }
      ]
    },
    {
      "categories": [
        "Information Disclosure",
        "Sensitive Client Information Disclosed"
      ],
      "exploitable_locations": [
        {
          "type": "url",
          "value": "https://echo.infosec.nyti.dev.nyt.net/users",
          "created_at": 1673725366,
          "status": "pending"
        },
        {
          "type": "url",
          "value": "https://echo.infosec.nyti.dev.nyt.net/db",
          "created_at": 1673725366,
          "status": "pending"
        },
        {
          "type": "url",
          "value": "https://echo.infosec.nyti.dev.nyt.net/albums",
          "created_at": 1673725366,
          "status": "pending"
        }
      ]
    },
    {
      "categories": [
        "Information Disclosure",
        "Sensitive API Keys"
      ],
      "exploitable_locations": [
        {
          "type": "url",
          "value": "https://dev.beam.nyt.net/static/js/main.c4094b4e.chunk.js",
          "created_at": 1673734901,
          "status": "pending"
        }
      ]
    },
    {
      "categories": [
        "Cross-site Request Forgery (CSRF)",
        "CSRF-High"
      ],
      "exploitable_locations": [
        {
          "type": "url",
          "value": "https://myaccount.nytimes.com/auth/link-facebook-account",
          "created_at": 1673744009,
          "status": "pending"
        }
      ]
    },
    {
      "categories": [
        "Information Disclosure",
        "Sensitive API Keys"
      ],
      "exploitable_locations": [
        {
          "type": "url",
          "value": "https://beam.rd.nyt.net/static/js/main.9f690da5.chunk.js ",
          "created_at": 1673757374,
          "status": "pending"
        }
      ]
    },
    {
      "categories": [
        "Information Disclosure",
        "Sensitive API Keys"
      ],
      "exploitable_locations": [
        {
          "type": "url",
          "value": "https://dev.guide.beam.rd.nyt.net/__/firebase/init.json ",
          "created_at": 1673761011,
          "status": "pending"
        }
      ]
    },
    {
      "categories": [
        "Information Disclosure",
        "Sensitive Client Information Disclosed"
      ],
      "exploitable_locations": [
        {
          "type": "url",
          "value": "https://eshape.nyt.net/json/common/about.json",
          "created_at": 1673767088,
          "status": "pending"
        }
      ]
    },
    {
      "categories": [
        "Functional/Business Logic",
        "Unvalidated Redirect Bypass"
      ],
      "exploitable_locations": [
        {
          "type": "url",
          "value": "https://jobs.nytimes.com/employerinterimpage.aspx",
          "created_at": 1673820903,
          "status": "pending"
        }
      ]
    },
    {
      "categories": [
        "Cross-Site Scripting (XSS)",
        "Reflected DOM-Based XSS"
      ],
      "exploitable_locations": [
        {
          "type": "url",
          "value": "https://myaccount.nytimes.com/auth/logout",
          "created_at": 1673823395,
          "status": "pending"
        },
        {
          "type": "url",
          "value": "https://ezmyaccount.nytimes.com/auth/logout",
          "created_at": 1673823395,
          "status": "pending"
        }
      ]
    },
    {
      "categories": [
        "Information Disclosure",
        "Sensitive Source Code"
      ],
      "exploitable_locations": [
        {
          "type": "url",
          "value": "http://per.api.dev.nytimes.com/",
          "created_at": 1674045903,
          "status": "pending"
        }
      ]
    },
    {
      "categories": [
        "Authorization/Permissions",
        "Insecure Direct Object Reference (Read & Write)"
      ],
      "exploitable_locations": [
        {
          "type": "url",
          "value": "https://svc.pressreader.com/se2skyservices/topics/<ID>/",
          "created_at": 1674087566,
          "status": "pending"
        }
      ]
    },
    {
      "categories": [
        "Cross-Site Scripting (XSS)",
        "Persistent XSS"
      ],
      "exploitable_locations": [
        {
          "type": "url",
          "value": "https://svc.pressreader.com/se2skyservices/topics/<ID>/",
          "created_at": 1674088808,
          "status": "pending"
        }
      ]
    },
    {
      "categories": [
        "Authorization/Permissions",
        "Access/Privacy Control Violation"
      ],
      "exploitable_locations": [
        {
          "type": "url",
          "value": "https://cooking.nytimes.com/api/v2/users/<ID>/collections",
          "created_at": 1674119113,
          "status": "pending"
        }
      ]
    },
    {
      "categories": [
        "Authorization/Permissions",
        "Insecure Direct Object Reference (Read & Write)"
      ],
      "exploitable_locations": [
        {
          "type": "url",
          "value": "https://svc.pressreader.com/se2skyservices/topics/<ID>/",
          "created_at": 1674240686,
          "status": "pending"
        }
      ]
    },
    {
      "categories": [
        "Authorization/Permissions",
        "Server Side Request Forgery(SSRF)- Limited"
      ],
      "exploitable_locations": [
        {
          "type": "url",
          "value": "https://www.nytco.com/",
          "created_at": 1674291951,
          "status": "pending"
        }
      ]
    },
    {
      "categories": [
        "Information Disclosure",
        "Sensitive API Keys"
      ],
      "exploitable_locations": [
        {
          "type": "url",
          "value": "https://scout.guides.stg.nyt.net/admin",
          "created_at": 1674779611,
          "status": "pending"
        }
      ]
    },
    {
      "categories": [
        "Information Disclosure",
        "Sensitive Client Information Disclosed"
      ],
      "exploitable_locations": [
        {
          "type": "url",
          "value": "https://static01.nyt.com/packages/pdf/nyregion/empire_zone/20070118_discretionary_list.xls",
          "created_at": 1674933269,
          "status": "pending"
        }
      ]
    },
    {
      "categories": [
        "Cross-Site Scripting (XSS)",
        "DOM-based XSS"
      ],
      "exploitable_locations": [
        {
          "type": "url",
          "value": "https://spinnaker.dv.nyt.net/#elementor-action:action=lightbox&settings=eyJ0eXBlIjoibnVsbCIsImh0bWwiOiI8c2NyaXB0PmFsZXJ0KCd4c3MnKTwvc2NyaXB0PiJ9",
          "created_at": 1649951595,
          "status": "pending"
        }
      ]
    },
    {
      "categories": [
        "Functional/Business Logic",
        "Unvalidated Redirect Bypass"
      ],
      "exploitable_locations": [
        {
          "type": "url",
          "value": "https://www.nytimes.com/subscription/multiproduct/lp8KQUS.html",
          "created_at": 1675009647,
          "status": "pending"
        }
      ]
    },
    {
      "categories": [
        "Functional/Business Logic",
        "Unvalidated Redirect Bypass"
      ],
      "exploitable_locations": [
        {
          "type": "url",
          "value": "https://www.nytimes.com/subscription/multiproduct/lp8KQUS/variants/variant-0",
          "created_at": 1675009756,
          "status": "pending"
        }
      ]
    },
    {
      "categories": [
        "Information Disclosure",
        "Sensitive API Keys"
      ],
      "exploitable_locations": [
        {
          "type": "url",
          "value": "https://int.nyt.com/applications/elections/2018/widget/map/2018-11-06",
          "created_at": 1675098913,
          "status": "pending"
        }
      ]
    },
    {
      "categories": [
        "Cross-Site Scripting (XSS)",
        "DOM-based XSS"
      ],
      "exploitable_locations": [
        {
          "type": "url",
          "value": "https://1-800.nytimes.com/feedroom/nytc3/shell.html",
          "created_at": 1675305163,
          "status": "pending"
        }
      ]
    },
    {
      "categories": [
        "Information Disclosure",
        "Sensitive Client Information Disclosed"
      ],
      "exploitable_locations": [
        {
          "type": "url",
          "value": "https://newsreader-911.vi.nyt.net/metrics",
          "created_at": 1676584397,
          "status": "pending"
        }
      ]
    },
    {
      "categories": [
        "Information Disclosure",
        "Sensitive Information Leak to third-parties"
      ],
      "exploitable_locations": [
        {
          "type": "url",
          "value": "https://svc.pressreader.com/se2skyservices/*",
          "created_at": 1677011707,
          "status": "pending"
        },
        {
          "type": "url",
          "value": "https://svc.pressreader.com/services/*",
          "created_at": 1677011707,
          "status": "pending"
        },
        {
          "type": "url",
          "value": "https://svc.pressreader.com/se2skyservices/auth/",
          "created_at": 1677011707,
          "status": "pending"
        }
      ]
    },
    {
      "categories": [
        "Authentication/Session Management",
        "Login Authentication Bypass"
      ],
      "exploitable_locations": [
        {
          "type": "url",
          "value": "https://nytimesnie.pressreader.com/the-new-york-times-1050",
          "created_at": 1677612827,
          "status": "pending"
        }
      ]
    },
    {
      "categories": [
        "Information Disclosure",
        "Sensitive Client Information Disclosed"
      ],
      "exploitable_locations": [
        {
          "type": "url",
          "value": "https://store.nytimes.com/payments/config",
          "created_at": 1678269922,
          "status": "pending"
        }
      ]
    },
    {
      "categories": [
        "Authorization/Permissions",
        "Access/Privacy Control Violation"
      ],
      "exploitable_locations": [
        {
          "type": "url",
          "value": "https://adtech-memorystore-browser.dev.nyt.net/",
          "created_at": 1678297029,
          "status": "pending"
        }
      ]
    },
    {
      "categories": [
        "Cross-Site Scripting (XSS)",
        "DOM-based XSS"
      ],
      "exploitable_locations": [
        {
          "type": "url",
          "value": "https://subscribe-uat.spg-circa-dev.awsma.nyt.net/api/swagger-ui.html",
          "created_at": 1680037586,
          "status": "pending"
        }
      ]
    },
    {
      "categories": [
        "Cross-Site Scripting (XSS)",
        "Reflected XSS"
      ],
      "exploitable_locations": [
        {
          "type": "url",
          "value": "https://cms01-realestate-gcp.stg.nytimes.com/clinics/7/schedules",
          "created_at": 1680126403,
          "status": "pending"
        }
      ]
    },
    {
      "categories": [
        "Content Injection",
        "HTTP Response Splitting (CRLF Injection)"
      ],
      "exploitable_locations": [
        {
          "type": "url",
          "value": "https://a.et.nytimes.com/svc/nyt/v2/data-layer",
          "created_at": 1680239984,
          "status": "pending"
        }
      ]
    },
    {
      "categories": [
        "Cross-Site Scripting (XSS)",
        "Reflected XSS"
      ],
      "exploitable_locations": [
        {
          "type": "url",
          "value": "https://ws-dev.limbo-dev.awsma.nyt.net/",
          "created_at": 1681670419,
          "status": "pending"
        }
      ]
    },
    {
      "categories": [
        "Information Disclosure",
        "Sensitive API Keys"
      ],
      "exploitable_locations": [
        {
          "type": "url",
          "value": "https://account-int.dev.nytimes.com/api/calculate",
          "created_at": 1649932486,
          "status": "pending"
        }
      ]
    },
    {
      "categories": [
        "Information Disclosure",
        "Sensitive Client Information Disclosed"
      ],
      "exploitable_locations": [
        {
          "type": "url",
          "value": "https://account-int.dev.nytimes.com/api/auth",
          "created_at": 1681745637,
          "status": "pending"
        }
      ]
    },
    {
      "categories": [
        "Content Injection",
        "Spoof HTML Content"
      ],
      "exploitable_locations": [
        {
          "type": "url",
          "value": "https://nytimes.pressreader.com/accounting/signup/",
          "created_at": 1682361924,
          "status": "pending"
        }
      ]
    },
    {
      "categories": [
        "Server/Application Misconfiguration",
        "Unclaimed Domain In Use"
      ],
      "exploitable_locations": [
        {
          "type": "url",
          "value": "https://prescriptions.blogs.nytimes.com/",
          "created_at": 1649961966,
          "status": "pending"
        }
      ]
    },
    {
      "categories": [
        "Cross-Site Scripting (XSS)",
        "Reflected XSS"
      ],
      "exploitable_locations": [
        {
          "type": "url",
          "value": "https://nytimesineducation.com/subjects/biology",
          "created_at": 1682377472,
          "status": "pending"
        }
      ]
    },
    {
      "categories": [
        "Cross-Site Scripting (XSS)",
        "Reflected XSS"
      ],
      "exploitable_locations": [
        {
          "type": "url",
          "value": "https://nytimesineducation.com/",
          "created_at": 1682378259,
          "status": "pending"
        }
      ]
    },
    {
      "categories": [
        "Cross-Site Scripting (XSS)",
        "Reflected XSS"
      ],
      "exploitable_locations": [
        {
          "type": "url",
          "value": "https://nytimesineducation.com/",
          "created_at": 1682409682,
          "status": "pending"
        }
      ]
    },
    {
      "categories": [
        "Cross-Site Scripting (XSS)",
        "Reflected XSS"
      ],
      "exploitable_locations": [
        {
          "type": "url",
          "value": "https://nytimesineducation.com/",
          "created_at": 1682411002,
          "status": "pending"
        }
      ]
    },
    {
      "categories": [
        "Cross-Site Scripting (XSS)",
        "Persistent XSS"
      ],
      "exploitable_locations": [
        {
          "type": "url",
          "value": "https://svc.pressreader.com/se2skyservices/collections/id",
          "created_at": 1682416920,
          "status": "pending"
        }
      ]
    },
    {
      "categories": [
        "Cross-Site Scripting (XSS)",
        "Reflected XSS"
      ],
      "exploitable_locations": [
        {
          "type": "url",
          "value": "https://nytimesineducation.com/login",
          "created_at": 1682429880,
          "status": "pending"
        }
      ]
    },
    {
      "categories": [
        "Cross-Site Scripting (XSS)",
        "Reflected XSS"
      ],
      "exploitable_locations": [
        {
          "type": "url",
          "value": "https://nytimesineducation.com/",
          "created_at": 1682438678,
          "status": "pending"
        }
      ]
    },
    {
      "categories": [
        "Cross-Site Scripting (XSS)",
        "Reflected XSS"
      ],
      "exploitable_locations": [
        {
          "type": "url",
          "value": "https://nytimesineducation.com/login",
          "created_at": 1682440042,
          "status": "pending"
        }
      ]
    },
    {
      "categories": [
        "Cross-Site Scripting (XSS)",
        "Reflected XSS"
      ],
      "exploitable_locations": [
        {
          "type": "url",
          "value": "https://nytimesineducation.com/register/",
          "created_at": 1682441781,
          "status": "pending"
        }
      ]
    },
    {
      "categories": [
        "Cross-site Request Forgery (CSRF)",
        "CSRF-High"
      ],
      "exploitable_locations": [
        {
          "type": "url",
          "value": "https://nytimesineducation.com/wp-admin/admin-ajax.php",
          "created_at": 1682444159,
          "status": "pending"
        }
      ]
    },
    {
      "categories": [
        "Cross-site Request Forgery (CSRF)",
        "CSRF-High"
      ],
      "exploitable_locations": [
        {
          "type": "url",
          "value": "https://www.nytimes.com/svc/community/V3/requestHandler",
          "created_at": 1682689627,
          "status": "pending"
        }
      ]
    },
    {
      "categories": [
        "Cross-Site Scripting (XSS)",
        "Reflected XSS"
      ],
      "exploitable_locations": [
        {
          "type": "url",
          "value": "https://nytimes.xovr.nyt.net/international/",
          "created_at": 1682925580,
          "status": "pending"
        },
        {
          "type": "url",
          "value": "https://nytimes.xovr.nyt.net/ca/",
          "created_at": 1682925580,
          "status": "pending"
        }
      ]
    },
    {
      "categories": [
        "Cross-Site Scripting (XSS)",
        "Reflected XSS"
      ],
      "exploitable_locations": [
        {
          "type": "url",
          "value": "https://timesmachine.nytimes.com/timesmachine/1896/09/06/issue.html",
          "created_at": 1683642534,
          "status": "pending"
        }
      ]
    },
    {
      "categories": [
        "Cross-Site Scripting (XSS)",
        "Reflected XSS"
      ],
      "exploitable_locations": [
        {
          "type": "url",
          "value": "https://nytimesaccess.com/",
          "created_at": 1684510678,
          "status": "pending"
        }
      ]
    },
    {
      "categories": [
        "Authorization/Permissions",
        "Insecure Direct Object Reference (Read & Write)"
      ],
      "exploitable_locations": [
        {
          "type": "url",
          "value": "https://nytlicensing.com/saved-search/",
          "created_at": 1684517264,
          "status": "pending"
        }
      ]
    },
    {
      "categories": [
        "Cross-Site Scripting (XSS)",
        "Persistent XSS"
      ],
      "exploitable_locations": [
        {
          "type": "url",
          "value": "https://nytlicensing.com/search/",
          "created_at": 1684529912,
          "status": "pending"
        }
      ]
    },
    {
      "categories": [
        "Cross-Site Scripting (XSS)",
        "Reflected XSS"
      ],
      "exploitable_locations": [
        {
          "type": "url",
          "value": "https://nytimes.stats.com/today.js.asp",
          "created_at": 1684579280,
          "status": "pending"
        }
      ]
    },
    {
      "categories": [
        "Authorization/Permissions",
        "Path Traversal"
      ],
      "exploitable_locations": [
        {
          "type": "url",
          "value": "https://bestsellers.dev.nytimes.com/bower_components/bootstrap/dist/package-lock.json",
          "created_at": 1684603556,
          "status": "pending"
        }
      ]
    },
    {
      "categories": [
        "Content Injection",
        "Spoof HTML Content"
      ],
      "exploitable_locations": [
        {
          "type": "url",
          "value": "https://nytimesineducation.com/",
          "created_at": 1684679179,
          "status": "pending"
        }
      ]
    },
    {
      "categories": [
        "Brute Force",
        "Lack of Rate Limiting Protections (i.e. CAPTCHA)"
      ],
      "exploitable_locations": [
        {
          "type": "url",
          "value": "https://nytimesineducation.com/login",
          "created_at": 1684691673,
          "status": "pending"
        }
      ]
    },
    {
      "categories": [
        "Cross-Site Scripting (XSS)",
        "Reflected XSS"
      ],
      "exploitable_locations": [
        {
          "type": "url",
          "value": "https://nytimesaccess.com/dsgdwc/",
          "created_at": 1684726209,
          "status": "pending"
        }
      ]
    },
    {
      "categories": [
        "Cross-Site Scripting (XSS)",
        "Persistent XSS"
      ],
      "exploitable_locations": [
        {
          "type": "url",
          "value": "https://ugc-personas.api.nytimes.com/v1/current/user.json",
          "created_at": 1649968935,
          "status": "pending"
        }
      ]
    },
    {
      "categories": [
        "Brute Force",
        "Bypass of Rate Limiting Protections (i.e. CAPTCHA)"
      ],
      "exploitable_locations": [
        {
          "type": "url",
          "value": "https://nytimesineducation.com/wp-login.php",
          "created_at": 1684872549,
          "status": "pending"
        }
      ]
    },
    {
      "categories": [
        "Cross-Site Scripting (XSS)",
        "Reflected XSS"
      ],
      "exploitable_locations": [
        {
          "type": "url",
          "value": "https://nytimes.stats.com/racing/index.asp",
          "created_at": 1684957100,
          "status": "pending"
        }
      ]
    },
    {
      "categories": [
        "Cross-Site Scripting (XSS)",
        "Reflected XSS"
      ],
      "exploitable_locations": [
        {
          "type": "url",
          "value": "https://nytimesineducation.com/",
          "assets_na": false,
          "assets_uids": [
            "6446ad3981c3b7e1fcdcc31e"
          ],
          "created_at": 1686111788,
          "status": "pending"
        }
      ]
    },
    {
      "categories": [
        "Cross-Site Scripting (XSS)",
        "Persistent XSS"
      ],
      "exploitable_locations": [
        {
          "type": "url",
          "value": "https://nytlicensing.com/search/",
          "assets_na": false,
          "assets_uids": [
            "646740a9bfe02d413a3d1336"
          ],
          "created_at": 1686114570,
          "status": "pending"
        },
        {
          "type": "url",
          "value": "https://nytlicensing.com/saved-search/",
          "assets_na": false,
          "assets_uids": [
            "646740a9bfe02d413a3d1336"
          ],
          "created_at": 1686114570,
          "status": "pending"
        }
      ]
    },
    {
      "categories": [
        "Cross-Site Scripting (XSS)",
        "Persistent XSS"
      ],
      "exploitable_locations": [
        {
          "type": "url",
          "value": "https://prod.nytlicensing.com/saved-search/",
          "assets_na": false,
          "assets_uids": [
            "646740a9bfe02d413a3d1336"
          ],
          "created_at": 1687546264,
          "status": "pending"
        },
        {
          "type": "url",
          "value": "https://prod.nytlicensing.com/search/",
          "assets_na": false,
          "assets_uids": [
            "646740a9bfe02d413a3d1336"
          ],
          "created_at": 1687546264,
          "status": "pending"
        }
      ]
    },
    {
      "categories": [
        "Cross-Site Scripting (XSS)",
        "Persistent XSS"
      ],
      "exploitable_locations": [
        {
          "type": "url",
          "value": "https://nytimesaccess.com/",
          "assets_na": false,
          "assets_uids": [
            "6467409fbfe02d413a3d1332"
          ],
          "created_at": 1688488583,
          "status": "pending"
        }
      ]
    },
    {
      "categories": [
        "Cross-Site Scripting (XSS)",
        "Reflected XSS"
      ],
      "exploitable_locations": [
        {
          "type": "url",
          "value": "https://nytimesineducation.com/login/",
          "assets_na": false,
          "assets_uids": [
            "6446ad3981c3b7e1fcdcc31e"
          ],
          "created_at": 1688561437,
          "status": "pending"
        }
      ]
    },
    {
      "categories": [
        "Authorization/Permissions",
        "Access Control Violation (High Privileged Functions - Read/Write or Write Only)"
      ],
      "exploitable_locations": [
        {
          "type": "url",
          "value": "https://nytlicensing.com/",
          "assets_na": false,
          "assets_uids": [
            "646740a9bfe02d413a3d1336"
          ],
          "created_at": 1689266209,
          "status": "pending"
        }
      ]
    },
    {
      "categories": [
        "Authorization/Permissions",
        "Access Control Violation (High Privileged Functions - Read/Write or Write Only)"
      ],
      "exploitable_locations": [
        {
          "type": "url",
          "value": "https://nytlicensing.com/invite/",
          "assets_na": false,
          "assets_uids": [
            "646740a9bfe02d413a3d1336"
          ],
          "created_at": 1689609760,
          "status": "pending"
        }
      ]
    },
    {
      "categories": [
        "Cross-Site Scripting (XSS)",
        "Reflected XSS"
      ],
      "exploitable_locations": [
        {
          "type": "url",
          "value": "https://nytimesaccess.com/",
          "assets_na": false,
          "assets_uids": [
            "6467409fbfe02d413a3d1332"
          ],
          "created_at": 1689879490,
          "status": "pending"
        }
      ]
    },
    {
      "categories": [
        "Information Disclosure",
        "Sensitive Client Information Disclosed"
      ],
      "exploitable_locations": [
        {
          "type": "url",
          "value": "https://static01.nyt.com/2010/06/24/world/Dale_Petition_to_UNWGAD_2010_06_25_FINAL_updated_redacted.pdf",
          "assets_na": false,
          "assets_uids": [
            "624ca6614c8c4b0001ed6103"
          ],
          "created_at": 1690318811,
          "status": "pending"
        }
      ]
    },
    {
      "categories": [
        "Information Disclosure",
        "Sensitive Directory/File Contents Disclosed"
      ],
      "exploitable_locations": [
        {
          "type": "url",
          "value": "https://static01.nyt.com/packages/pdf/nyregion/NYPD/",
          "assets_na": false,
          "assets_uids": [
            "624ca6614c8c4b0001ed6103"
          ],
          "created_at": 1690320568,
          "status": "pending"
        }
      ]
    },
    {
      "categories": [
        "Cross-Site Scripting (XSS)",
        "DOM-based XSS"
      ],
      "exploitable_locations": [
        {
          "type": "url",
          "value": "https://feeds1.nytimes.com/export_html/common/new_article_post.html",
          "assets_na": false,
          "assets_uids": [
            "624ca5d9c666cf00011c51e0"
          ],
          "created_at": 1690528122,
          "status": "pending"
        },
        {
          "type": "url",
          "value": "https://feeds.nytimes.com/export_html/common/new_article_post.html",
          "assets_na": false,
          "assets_uids": [
            "624ca5d9c666cf00011c51e0"
          ],
          "created_at": 1690528122,
          "status": "pending"
        },
        {
          "type": "url",
          "value": "https://greathomes.nytimes.com/export_html/common/new_article_post.html",
          "assets_na": false,
          "assets_uids": [
            "624ca5d9c666cf00011c51e0"
          ],
          "created_at": 1690528122,
          "status": "pending"
        },
        {
          "type": "url",
          "value": "https://hdqa.nytimes.com/export_html/common/new_article_post.html",
          "assets_na": false,
          "assets_uids": [
            "624ca5d9c666cf00011c51e0"
          ],
          "created_at": 1690528122,
          "status": "pending"
        },
        {
          "type": "url",
          "value": "https://iht.nytimes.com/export_html/common/new_article_post.html",
          "assets_na": false,
          "assets_uids": [
            "624ca5d9c666cf00011c51e0"
          ],
          "created_at": 1690528122,
          "status": "pending"
        },
        {
          "type": "url",
          "value": "https://int.prd.map.nytimes.com/export_html/common/new_article_post.html",
          "assets_na": false,
          "assets_uids": [
            "624ca5d9c666cf00011c51e0"
          ],
          "created_at": 1690528122,
          "status": "pending"
        },
        {
          "type": "url",
          "value": "https://intfeeds.nytimes.com/export_html/common/new_article_post.html",
          "assets_na": false,
          "assets_uids": [
            "624ca5d9c666cf00011c51e0"
          ],
          "created_at": 1690528122,
          "status": "pending"
        },
        {
          "type": "url",
          "value": "https://iphone.nytimes.com/export_html/common/new_article_post.html",
          "assets_na": false,
          "assets_uids": [
            "624ca5d9c666cf00011c51e0"
          ],
          "created_at": 1690528122,
          "status": "pending"
        },
        {
          "type": "url",
          "value": "https://mktg-services.nytimes.com/export_html/common/new_article_post.html",
          "assets_na": false,
          "assets_uids": [
            "624ca5d9c666cf00011c51e0"
          ],
          "created_at": 1690528122,
          "status": "pending"
        },
        {
          "type": "url",
          "value": "https://nyt5-assets.prd.map.nytimes.com/export_html/common/new_article_post.html",
          "assets_na": false,
          "assets_uids": [
            "624ca5d9c666cf00011c51e0"
          ],
          "created_at": 1690528122,
          "status": "pending"
        },
        {
          "type": "url",
          "value": "https://platforms.nytimes.com/export_html/common/new_article_post.html",
          "assets_na": false,
          "assets_uids": [
            "624ca5d9c666cf00011c51e0"
          ],
          "created_at": 1690528122,
          "status": "pending"
        },
        {
          "type": "url",
          "value": "https://samizdat.prd.map.nytimes.com/export_html/common/new_article_post.html",
          "assets_na": false,
          "assets_uids": [
            "624ca5d9c666cf00011c51e0"
          ],
          "created_at": 1690528122,
          "status": "pending"
        },
        {
          "type": "url",
          "value": "https://timeselect.nytimes.com/export_html/common/new_article_post.html",
          "assets_na": false,
          "assets_uids": [
            "624ca5d9c666cf00011c51e0"
          ],
          "created_at": 1690528122,
          "status": "pending"
        }
      ]
    },
    {
      "categories": [
        "Authorization/Permissions",
        "Access Control Violation (Low Privileged Functions-Read Only)"
      ],
      "exploitable_locations": [
        {
          "type": "url",
          "value": "https://nytlicensing.com/asset/story/",
          "assets_na": false,
          "assets_uids": [
            "646740a9bfe02d413a3d1336"
          ],
          "created_at": 1691067529,
          "status": "pending"
        },
        {
          "type": "url",
          "value": "https://nytlicensing.com/populate-related/",
          "assets_na": false,
          "assets_uids": [
            "646740a9bfe02d413a3d1336"
          ],
          "created_at": 1691067529,
          "status": "pending"
        }
      ]
    },
    {
      "categories": [
        "Functional/Business Logic",
        "Client Side Validation"
      ],
      "exploitable_locations": [
        {
          "type": "url",
          "value": "https://static02.nyt.com/packages/pdf/national/20090626_LICENSE/FAA_CERTIFIED_AIRMEN_REGISTRY_FINAL.pdf",
          "assets_na": false,
          "assets_uids": [
            "624ca6614c8c4b0001ed6103"
          ],
          "created_at": 1696059296,
          "status": "pending"
        },
        {
          "type": "url",
          "value": "https://static02.nyt.com/packages/pdf/20lede_nozette.pdf",
          "assets_na": false,
          "assets_uids": [
            "624ca6614c8c4b0001ed6103"
          ],
          "created_at": 1696059296,
          "status": "pending"
        }
      ]
    },
    {
      "categories": [
        "Brute Force",
        "Bypass of Rate Limiting Protections (i.e. CAPTCHA)"
      ],
      "exploitable_locations": [
        {
          "type": "url",
          "value": "https://advertising.nytimes.com/newsletter-signup/",
          "assets_na": false,
          "assets_uids": [
            "624ca5d9c666cf00011c51e0"
          ],
          "created_at": 1696185750,
          "status": "pending"
        }
      ]
    },
    {
      "categories": [
        "Server/Application Misconfiguration",
        "Unclaimed Domain In Use"
      ],
      "exploitable_locations": [
        {
          "type": "url",
          "value": "https://archive.nytimes.com/prescriptions.blogs.nytimes.com/",
          "assets_na": false,
          "assets_uids": [
            "624ca5d9c666cf00011c51e0"
          ],
          "created_at": 1696886828,
          "status": "pending"
        },
        {
          "type": "url",
          "value": "https://schott.blogs.nytimes.com/",
          "assets_na": false,
          "assets_uids": [
            "624ca5d9c666cf00011c51e0"
          ],
          "created_at": 1696886828,
          "status": "pending"
        },
        {
          "type": "url",
          "value": "https://archive.nytimes.com/economix.blogs.nytimes.com/2009/09/09/teacher-pay-around-the-world/",
          "assets_na": false,
          "assets_uids": [
            "624ca5d9c666cf00011c51e0"
          ],
          "created_at": 1696886828,
          "status": "pending"
        }
      ]
    },
    {
      "categories": [
        "Server/Application Misconfiguration",
        "Unclaimed Domain In Use"
      ],
      "exploitable_locations": [
        {
          "type": "url",
          "value": "https://archive.nytimes.com/wheels.blogs.nytimes.com/2008/11/04/meet-todays-most-irrelevant-truck/",
          "assets_na": false,
          "assets_uids": [
            "624ca5d9c666cf00011c51e0"
          ],
          "created_at": 1696886892,
          "status": "pending"
        },
        {
          "type": "url",
          "value": "https://archive.nytimes.com/mediadecoder.blogs.nytimes.com/2013/01/09/controversial-puppeteer-resigns-in-puerto-rico/",
          "assets_na": false,
          "assets_uids": [
            "624ca5d9c666cf00011c51e0"
          ],
          "created_at": 1696886892,
          "status": "pending"
        }
      ]
    },
    {
      "categories": [
        "Information Disclosure",
        "Sensitive Client Information Disclosed"
      ],
      "exploitable_locations": [
        {
          "type": "url",
          "value": "https://int.nyt.com/*",
          "assets_na": false,
          "assets_uids": [
            "624ca667c175930001a7ac88"
          ],
          "created_at": 1696976843,
          "status": "pending"
        }
      ]
    },
    {
      "categories": [
        "Information Disclosure",
        "Sensitive Client Information Disclosed"
      ],
      "exploitable_locations": [
        {
          "type": "url",
          "value": "https://int.nyt.com/data/documenttools/*",
          "assets_na": false,
          "assets_uids": [
            "624ca667c175930001a7ac88"
          ],
          "created_at": 1697008522,
          "status": "pending"
        },
        {
          "type": "url",
          "value": "http://int.nyt.com/applications/congress/*",
          "assets_na": false,
          "assets_uids": [
            "624ca667c175930001a7ac88"
          ],
          "created_at": 1697008522,
          "status": "pending"
        },
        {
          "type": "url",
          "value": "https://int.nyt.com/data/covid-19/cdc/vaccinations/timeseries/USA.tsv",
          "assets_na": false,
          "assets_uids": [
            "624ca667c175930001a7ac88"
          ],
          "created_at": 1697008522,
          "status": "pending"
        }
      ]
    },
    {
      "categories": [
        "Brute Force",
        "Bypass of Rate Limiting Protections (i.e. CAPTCHA)"
      ],
      "exploitable_locations": [
        {
          "type": "url",
          "value": "https://webto.salesforce.com/servlet/servlet.WebToLead",
          "assets_na": false,
          "assets_uids": [
            "624ca5d9c666cf00011c51e0"
          ],
          "created_at": 1697042674,
          "status": "pending"
        }
      ]
    },
    {
      "categories": [
        "Information Disclosure",
        "Sensitive Information Leak to third-parties"
      ],
      "exploitable_locations": [
        {
          "type": "url",
          "value": "https://api.nytimes.com/svc/search/v2/articlesearch.json",
          "assets_na": false,
          "assets_uids": [
            "624ca5d9c666cf00011c51e0"
          ],
          "created_at": 1697233615,
          "status": "pending"
        }
      ]
    },
    {
      "categories": [
        "Content Injection",
        "Spoof HTML Content"
      ],
      "exploitable_locations": [
        {
          "type": "url",
          "value": "https://nytimesineducation.com/register",
          "assets_na": false,
          "assets_uids": [
            "6446ad3981c3b7e1fcdcc31e"
          ],
          "created_at": 1704390998,
          "status": "pending"
        }
      ]
    },
    {
      "categories": [
        "Cross-Site Scripting (XSS)",
        "Reflected XSS"
      ],
      "exploitable_locations": [
        {
          "type": "url",
          "value": "https://store.nytimes.com/",
          "created_at": 1649936019,
          "status": "pending"
        }
      ]
    },
    {
      "categories": [
        "Content Injection",
        "Spoof HTML Content"
      ],
      "exploitable_locations": [
        {
          "type": "url",
          "value": "https://jobs.nytimes.com/CutResume.aspx",
          "created_at": 1649984047,
          "status": "pending"
        }
      ]
    },
    {
      "categories": [
        "Information Disclosure",
        "Sensitive Client Information Disclosed"
      ],
      "exploitable_locations": [
        {
          "type": "url",
          "value": "https://nyt5-assets.prd.map.nytimes.com/packages/flash/world/20100114-haiti-photo-wall/data.xml",
          "assets_na": false,
          "assets_uids": [
            "624ca5d9c666cf00011c51e0"
          ],
          "created_at": 1704460704,
          "status": "pending"
        }
      ]
    },
    {
      "categories": [
        "Information Disclosure",
        "Sensitive Client Information Disclosed"
      ],
      "exploitable_locations": [
        {
          "type": "url",
          "value": "https://nyt5-assets.prd.map.nytimes.com/packages/flash/multimedia/TEMPLATES/PuffyPhotoWall/data/vintage.txt",
          "assets_na": false,
          "assets_uids": [
            "624ca5d9c666cf00011c51e0"
          ],
          "created_at": 1704460998,
          "status": "pending"
        }
      ]
    },
    {
      "categories": [
        "Cross-site Request Forgery (CSRF)",
        "CSRF-High"
      ],
      "exploitable_locations": [
        {
          "type": "url",
          "value": "https://nytimesineducation.com/wp-admin/admin-ajax.php",
          "assets_na": false,
          "assets_uids": [
            "6446ad3981c3b7e1fcdcc31e"
          ],
          "created_at": 1704555531,
          "status": "pending"
        }
      ]
    },
    {
      "categories": [
        "Functional/Business Logic",
        "Unvalidated Redirect Bypass"
      ],
      "exploitable_locations": [
        {
          "type": "url",
          "value": "https://nytlicensing.com",
          "assets_na": false,
          "assets_uids": [
            "646740a9bfe02d413a3d1336"
          ],
          "created_at": 1705439061,
          "status": "pending"
        }
      ]
    },
    {
      "categories": [
        "Authorization/Permissions",
        "Access Control Violation (High Privileged Functions - Read/Write or Write Only)"
      ],
      "exploitable_locations": [
        {
          "type": "url",
          "value": "https://cooking.nytimes.com/api/v5/users/me/collections",
          "assets_na": false,
          "assets_uids": [
            "624ca5d9c666cf00011c51e0"
          ],
          "created_at": 1705789952,
          "status": "pending"
        }
      ]
    },
    {
      "categories": [
        "Content Injection",
        "Spoof HTML Content"
      ],
      "exploitable_locations": [
        {
          "type": "url",
          "value": "https://nytimesineducation.com/",
          "assets_na": false,
          "assets_uids": [
            "6446ad3981c3b7e1fcdcc31e"
          ],
          "created_at": 1706062908,
          "status": "pending"
        }
      ]
    },
    {
      "categories": [
        "Authorization/Permissions",
        "Access Control Violation (Low Privileged Functions-Read/Write or Write Only)"
      ],
      "exploitable_locations": [
        {
          "type": "url",
          "value": "https://cooking.nytimes.com/api/v5/users/me/collections",
          "assets_na": false,
          "assets_uids": [
            "624ca5d9c666cf00011c51e0"
          ],
          "created_at": 1706221489,
          "status": "pending"
        }
      ]
    },
    {
      "categories": [
        "Content Injection",
        "Spoof HTML Content"
      ],
      "exploitable_locations": [
        {
          "type": "url",
          "value": "https://cooking.nytimes.com/recipe-box",
          "assets_na": false,
          "assets_uids": [
            "624ca5d9c666cf00011c51e0"
          ],
          "created_at": 1706504756,
          "status": "pending"
        }
      ]
    },
    {
      "categories": [
        "Server/Application Misconfiguration",
        "Cross-Origin Resource Sharing (CORS)"
      ],
      "exploitable_locations": [
        {
          "type": "url",
          "value": "https://mwcm.nytimes.com",
          "assets_na": false,
          "assets_uids": [
            "624ca5d9c666cf00011c51e0"
          ],
          "created_at": 1706646139,
          "status": "pending"
        }
      ]
    },
    {
      "categories": [
        "Content Injection",
        "Spoof HTML Content"
      ],
      "exploitable_locations": [
        {
          "type": "url",
          "value": "https://cooking.nytimes.com/recipe-box",
          "assets_na": false,
          "assets_uids": [
            "624ca5d9c666cf00011c51e0"
          ],
          "created_at": 1706685546,
          "status": "pending"
        }
      ]
    },
    {
      "categories": [
        "Server/Application Misconfiguration",
        "Cross-Origin Resource Sharing (CORS)"
      ],
      "exploitable_locations": [
        {
          "type": "url",
          "value": "https://mwcm.nytimes.com",
          "assets_na": false,
          "assets_uids": [
            "624ca5d9c666cf00011c51e0"
          ],
          "created_at": 1706699285,
          "status": "pending"
        }
      ]
    },
    {
      "categories": [
        "Authorization/Permissions",
        "Access Control Violation (High Privileged Functions - Read/Write or Write Only)"
      ],
      "exploitable_locations": [
        {
          "type": "url",
          "value": "https://messaging-dashboard.dev.nyt.net",
          "assets_na": false,
          "assets_uids": [
            "624ca667c175930001a7ac88"
          ],
          "created_at": 1713809015,
          "status": "pending"
        }
      ]
    },
    {
      "categories": [
        "Content Injection",
        "Spoof HTML Content"
      ],
      "exploitable_locations": [
        {
          "type": "url",
          "value": "https://cooking.nytimes.com/search",
          "assets_na": false,
          "assets_uids": [
            "624ca5d9c666cf00011c51e0"
          ],
          "created_at": 1714665617,
          "status": "pending"
        }
      ]
    },
    {
      "categories": [
        "Information Disclosure",
        "Sensitive Client Information Disclosed"
      ],
      "exploitable_locations": [
        {
          "type": "url",
          "value": "https://graphics8.nytimes.com/2010/04/13/business/1283_001.pdf",
          "assets_na": false,
          "assets_uids": [
            "624ca5d9c666cf00011c51e0"
          ],
          "created_at": 1715112127,
          "status": "pending"
        },
        {
          "type": "url",
          "value": "https://graphics8.nytimes.com/packages/pdf/national/spillbills/0602Spill-Bill-2.pdf",
          "assets_na": false,
          "assets_uids": [
            "624ca5d9c666cf00011c51e0"
          ],
          "created_at": 1715112127,
          "status": "pending"
        }
      ]
    },
    {
      "categories": [
        "Cross-Site Scripting (XSS)",
        "DOM-based XSS"
      ],
      "exploitable_locations": [
        {
          "type": "url",
          "value": "https://www.nytimes.com/subscription/cooking-onboarding-offer",
          "assets_na": false,
          "assets_uids": [
            "624ca5d9c666cf00011c51e0"
          ],
          "created_at": 1716535450,
          "status": "pending"
        }
      ]
    },
    {
      "categories": [
        "Cross-Site Scripting (XSS)",
        "Persistent XSS"
      ],
      "exploitable_locations": [
        {
          "type": "url",
          "value": "https://jobs.nytimes.com/MyProfileEducation.aspx",
          "created_at": 1649987653,
          "status": "pending"
        }
      ]
    },
    {
      "categories": [
        "Authentication/Session Management",
        "Login Authentication Bypass"
      ],
      "exploitable_locations": [
        {
          "type": "url",
          "value": "https://admin.nytlicensing.com",
          "assets_na": false,
          "assets_uids": [
            "646740a9bfe02d413a3d1336"
          ],
          "created_at": 1717136386,
          "status": "pending"
        }
      ]
    },
    {
      "categories": [
        "Cross-Site Scripting (XSS)",
        "DOM-based XSS"
      ],
      "exploitable_locations": [
        {
          "type": "url",
          "value": "https://paidpost-assets.nyt.com/paidpost/cadillac/sophisticated-interiors/sadelles-v7/index.html",
          "assets_na": false,
          "assets_uids": [
            "624ca6614c8c4b0001ed6103"
          ],
          "created_at": 1718808218,
          "status": "pending"
        }
      ]
    },
    {
      "categories": [
        "Cross-Site Scripting (XSS)",
        "DOM-based XSS"
      ],
      "exploitable_locations": [
        {
          "type": "url",
          "value": "https://paidpost-assets.nyt.com/paidpost/cartier/a-classic-landmark-for-the-modern-age/virtual-tour/index.html",
          "assets_na": false,
          "assets_uids": [
            "624ca6614c8c4b0001ed6103"
          ],
          "created_at": 1718985554,
          "status": "pending"
        }
      ]
    },
    {
      "categories": [
        "Cross-Site Scripting (XSS)",
        "DOM-based XSS"
      ],
      "exploitable_locations": [
        {
          "type": "url",
          "value": "https://paidpost-assets.nyt.com/paidpost/cadillac/sophisticated-interiors/one-hanson-v7/index.html",
          "assets_na": false,
          "assets_uids": [
            "624ca6614c8c4b0001ed6103"
          ],
          "created_at": 1719073134,
          "status": "pending"
        }
      ]
    },
    {
      "categories": [
        "Cross-Site Scripting (XSS)",
        "DOM-based XSS"
      ],
      "exploitable_locations": [
        {
          "type": "url",
          "value": "https://paidpost-assets.nyt.com/paidpost/cartier/a-classic-landmark-for-the-modern-age/virtual-tour/index.html",
          "assets_na": false,
          "assets_uids": [
            "624ca6614c8c4b0001ed6103"
          ],
          "created_at": 1719433964,
          "status": "pending"
        }
      ]
    },
    {
      "categories": [
        "Information Disclosure",
        "Leaked Credentials (Low Privilege)"
      ],
      "exploitable_locations": [
        {
          "type": "url",
          "value": "https://myaccount.nytimes.com/optout",
          "created_at": 1649988040,
          "status": "pending"
        }
      ]
    },
    {
      "categories": [
        "Information Disclosure",
        "Unverifiable Credentials"
      ],
      "exploitable_locations": [
        {
          "type": "url",
          "value": "https://store.nytimes.com/payments/config.json",
          "assets_na": false,
          "assets_uids": [
            "624ca5d9c666cf00011c51e0"
          ],
          "created_at": 1719485897,
          "status": "pending"
        }
      ]
    },
    {
      "categories": [
        "Cross-Site Scripting (XSS)",
        "DOM-based XSS"
      ],
      "exploitable_locations": [
        {
          "type": "url",
          "value": "https://paidpost-assets.nyt.com/paidpost/cadillac/sophisticated-interiors/interior-v5/krpano.html",
          "assets_na": false,
          "assets_uids": [
            "624ca6614c8c4b0001ed6103"
          ],
          "created_at": 1719859494,
          "status": "pending"
        }
      ]
    },
    {
      "categories": [
        "Cross-Site Scripting (XSS)",
        "DOM-based XSS"
      ],
      "exploitable_locations": [
        {
          "type": "url",
          "value": "https://paidpost-assets.nyt.com/paidpost/cadillac/sophisticated-interiors/interior-v4/krpano.html",
          "assets_na": false,
          "assets_uids": [
            "624ca6614c8c4b0001ed6103"
          ],
          "created_at": 1719859709,
          "status": "pending"
        }
      ]
    },
    {
      "categories": [
        "Cross-Site Scripting (XSS)",
        "DOM-based XSS"
      ],
      "exploitable_locations": [
        {
          "type": "url",
          "value": "https://paidpost-assets.nyt.com/paidpost/cadillac/sophisticated-interiors/interior-v3/krpano.html",
          "assets_na": false,
          "assets_uids": [
            "624ca6614c8c4b0001ed6103"
          ],
          "created_at": 1719859969,
          "status": "pending"
        }
      ]
    },
    {
      "categories": [
        "Cross-Site Scripting (XSS)",
        "DOM-based XSS"
      ],
      "exploitable_locations": [
        {
          "type": "url",
          "value": "https://paidpost-assets.nyt.com/paidpost/cadillac/sophisticated-interiors/interior-v2/krpano.html",
          "assets_na": false,
          "assets_uids": [
            "624ca6614c8c4b0001ed6103"
          ],
          "created_at": 1719860252,
          "status": "pending"
        }
      ]
    },
    {
      "categories": [
        "Cross-Site Scripting (XSS)",
        "DOM-based XSS"
      ],
      "exploitable_locations": [
        {
          "type": "url",
          "value": "https://paidpost-assets.nyt.com/paidpost/cadillac/sophisticated-interiors/interior/krpano.html",
          "assets_na": false,
          "assets_uids": [
            "624ca6614c8c4b0001ed6103"
          ],
          "created_at": 1719860438,
          "status": "pending"
        }
      ]
    },
    {
      "categories": [
        "Cross-Site Scripting (XSS)",
        "Persistent XSS"
      ],
      "exploitable_locations": [
        {
          "type": "url",
          "value": "https://jobs.nytimes.com/myProfilePosition.aspx",
          "created_at": 1649988412,
          "status": "pending"
        }
      ]
    },
    {
      "categories": [
        "Cross-Site Scripting (XSS)",
        "DOM-based XSS"
      ],
      "exploitable_locations": [
        {
          "type": "url",
          "value": "https://paidpost-assets.nyt.com/paidpost/cadillac/sophisticated-interiors/sadelles-v6/index.html",
          "assets_na": false,
          "assets_uids": [
            "624ca6614c8c4b0001ed6103"
          ],
          "created_at": 1719914209,
          "status": "pending"
        },
        {
          "type": "url",
          "value": "https://paidpost-assets.nyt.com/paidpost/cadillac/sophisticated-interiors/sadelles-v5/index.html",
          "assets_na": false,
          "assets_uids": [
            "624ca6614c8c4b0001ed6103"
          ],
          "created_at": 1719914209,
          "status": "pending"
        },
        {
          "type": "url",
          "value": "https://paidpost-assets.nyt.com/paidpost/cadillac/sophisticated-interiors/sadelles-v4/index.html",
          "assets_na": false,
          "assets_uids": [
            "624ca6614c8c4b0001ed6103"
          ],
          "created_at": 1719914209,
          "status": "pending"
        },
        {
          "type": "url",
          "value": "https://paidpost-assets.nyt.com/paidpost/cadillac/sophisticated-interiors/sadelles-v3/index.html",
          "assets_na": false,
          "assets_uids": [
            "624ca6614c8c4b0001ed6103"
          ],
          "created_at": 1719914209,
          "status": "pending"
        },
        {
          "type": "url",
          "value": "https://paidpost-assets.nyt.com/paidpost/cadillac/sophisticated-interiors/sadelles-v2/index.html",
          "assets_na": false,
          "assets_uids": [
            "624ca6614c8c4b0001ed6103"
          ],
          "created_at": 1719914209,
          "status": "pending"
        },
        {
          "type": "url",
          "value": "https://paidpost-assets.nyt.com/paidpost/cadillac/sophisticated-interiors/sadelles/index.html",
          "assets_na": false,
          "assets_uids": [
            "624ca6614c8c4b0001ed6103"
          ],
          "created_at": 1719914209,
          "status": "pending"
        }
      ]
    },
    {
      "categories": [
        "Cross-Site Scripting (XSS)",
        "Persistent XSS"
      ],
      "exploitable_locations": [
        {
          "type": "url",
          "value": "https://nytlicensing.com/activity/",
          "assets_na": false,
          "assets_uids": [
            "646740a9bfe02d413a3d1336"
          ],
          "created_at": 1721344552,
          "status": "pending"
        }
      ]
    },
    {
      "categories": [
        "Information Disclosure",
        "Sensitive Client Information Disclosed"
      ],
      "exploitable_locations": [
        {
          "type": "url",
          "value": "https://subinfo-app-stg-lb.spg-dev.awsma.nyt.net/actuator/info",
          "assets_na": true,
          "assets_uids": [],
          "created_at": 1721591582,
          "status": "pending"
        },
        {
          "type": "url",
          "value": "https://subinfo-app-prd-lb.spg-prd.awsma.nyt.net/actuator/info",
          "assets_na": true,
          "assets_uids": [],
          "created_at": 1721591582,
          "status": "pending"
        }
      ]
    },
    {
      "categories": [
        "Authorization/Permissions",
        "Access Control Violation (High Privileged Functions - Read/Write or Write Only)"
      ],
      "exploitable_locations": [
        {
          "type": "url",
          "value": "https://cooking.nytimes.com/api/v2/users/<user_id>/collections",
          "assets_na": false,
          "assets_uids": [
            "624ca5d9c666cf00011c51e0"
          ],
          "created_at": 1721729964,
          "status": "pending"
        },
        {
          "type": "url",
          "value": "https://cooking.nytimes.com/api/v2/users/<user_id>/collections/<collection_id>",
          "assets_na": false,
          "assets_uids": [
            "624ca5d9c666cf00011c51e0"
          ],
          "created_at": 1721729964,
          "status": "pending"
        },
        {
          "type": "url",
          "value": "https://cooking.nytimes.com/api/v5/users/me/saved_recipes",
          "assets_na": false,
          "assets_uids": [
            "624ca5d9c666cf00011c51e0"
          ],
          "created_at": 1721729964,
          "status": "pending"
        }
      ]
    },
    {
      "categories": [
        "Cross-Site Scripting (XSS)",
        "DOM-based XSS"
      ],
      "exploitable_locations": [
        {
          "type": "url",
          "value": "https://cdn2.nyt.com/video/static-public/html/liveplayer.html",
          "assets_na": false,
          "assets_uids": [
            "624ca6614c8c4b0001ed6103"
          ],
          "created_at": 1722016495,
          "status": "pending"
        },
        {
          "type": "url",
          "value": "https://i2.nyt.com/video/static-public/html/liveplayer.html",
          "assets_na": false,
          "assets_uids": [
            "624ca6614c8c4b0001ed6103"
          ],
          "created_at": 1722016495,
          "status": "pending"
        },
        {
          "type": "url",
          "value": "https://sv.nyt.com/video/static-public/html/liveplayer.html",
          "assets_na": false,
          "assets_uids": [
            "624ca6614c8c4b0001ed6103"
          ],
          "created_at": 1722016495,
          "status": "pending"
        },
        {
          "type": "url",
          "value": "https://static02.nyt.com/video/static-public/html/liveplayer.html",
          "assets_na": false,
          "assets_uids": [
            "624ca6614c8c4b0001ed6103"
          ],
          "created_at": 1722016495,
          "status": "pending"
        },
        {
          "type": "url",
          "value": "https://css.nyt.com/video/static-public/html/liveplayer.html",
          "assets_na": false,
          "assets_uids": [
            "624ca6614c8c4b0001ed6103"
          ],
          "created_at": 1722016495,
          "status": "pending"
        },
        {
          "type": "url",
          "value": "https://i1.nyt.com/video/static-public/html/liveplayer.html",
          "assets_na": false,
          "assets_uids": [
            "624ca6614c8c4b0001ed6103"
          ],
          "created_at": 1722016495,
          "status": "pending"
        },
        {
          "type": "url",
          "value": "https://cdn1.nyt.com/video/static-public/html/liveplayer.html",
          "assets_na": false,
          "assets_uids": [
            "624ca6614c8c4b0001ed6103"
          ],
          "created_at": 1722016495,
          "status": "pending"
        }
      ]
    },
    {
      "categories": [
        "Information Disclosure",
        "Sensitive API Keys"
      ],
      "exploitable_locations": [
        {
          "type": "url",
          "value": "https://help.slingshot.rd.nyt.net/config.js",
          "created_at": 1650001681,
          "status": "pending"
        }
      ]
    },
    {
      "categories": [
        "Authorization/Permissions",
        "Access Control Violation (High Privileged Functions-Read Only)"
      ],
      "exploitable_locations": [
        {
          "type": "url",
          "value": "https://selfservice-advertising.nytimes.com/digital/app/api/user/<ID>",
          "assets_na": false,
          "assets_uids": [
            "624ca5d9c666cf00011c51e0"
          ],
          "created_at": 1722322227,
          "status": "pending"
        }
      ]
    },
    {
      "categories": [
        "Authorization/Permissions",
        "Insecure Direct Object Reference (Read-Only)"
      ],
      "exploitable_locations": [
        {
          "type": "url",
          "value": "https://adportal-ext.nyt.net/digital/app/api/ad",
          "assets_na": false,
          "assets_uids": [
            "624ca667c175930001a7ac88"
          ],
          "created_at": 1722322238,
          "status": "pending"
        }
      ]
    },
    {
      "categories": [
        "Authorization/Permissions",
        "Insecure Direct Object Reference (Read & Write)"
      ],
      "exploitable_locations": [
        {
          "type": "url",
          "value": "https://selfservice-advertising.nytimes.com/digital/app/api/user/<ID>",
          "assets_na": false,
          "assets_uids": [
            "624ca5d9c666cf00011c51e0"
          ],
          "created_at": 1722322248,
          "status": "pending"
        }
      ]
    },
    {
      "categories": [
        "Authorization/Permissions",
        "Insecure Direct Object Reference (Read-Only)"
      ],
      "exploitable_locations": [
        {
          "type": "url",
          "value": "https://selfservice-advertising.nytimes.com/digital/app/api/ad",
          "assets_na": false,
          "assets_uids": [
            "624ca5d9c666cf00011c51e0"
          ],
          "created_at": 1722322250,
          "status": "pending"
        }
      ]
    },
    {
      "categories": [
        "Authorization/Permissions",
        "Insecure Direct Object Reference (Read-Only)"
      ],
      "exploitable_locations": [
        {
          "type": "url",
          "value": "https://selfservice-advertising.nytimes.com/digital/app/api/asset/<ID>",
          "assets_na": false,
          "assets_uids": [
            "624ca5d9c666cf00011c51e0"
          ],
          "created_at": 1722322263,
          "status": "pending"
        }
      ]
    },
    {
      "categories": [
        "Functional/Business Logic",
        "Unvalidated Redirect Bypass"
      ],
      "exploitable_locations": [
        {
          "type": "url",
          "value": "https://dts.podtrac.nytimes.com/https://example.com/https://example.com/",
          "created_at": 1650002547,
          "status": "pending"
        }
      ]
    },
    {
      "categories": [
        "Authorization/Permissions",
        "Insecure Direct Object Reference (Read & Write)"
      ],
      "exploitable_locations": [
        {
          "type": "url",
          "value": "https://selfservice-advertising.nytimes.com/digital/app/api/ad/<ID>",
          "assets_na": false,
          "assets_uids": [
            "624ca5d9c666cf00011c51e0"
          ],
          "created_at": 1722322277,
          "status": "pending"
        }
      ]
    },
    {
      "categories": [
        "Authorization/Permissions",
        "Insecure Direct Object Reference (Read & Write)"
      ],
      "exploitable_locations": [
        {
          "type": "url",
          "value": "https://adportal-ext.nyt.net/digital/app/api/campaign/<ID>",
          "assets_na": false,
          "assets_uids": [
            "624ca6614c8c4b0001ed6103"
          ],
          "created_at": 1722322296,
          "status": "pending"
        }
      ]
    },
    {
      "categories": [
        "Functional/Business Logic",
        "Functionality Abuse with Malicious Impact"
      ],
      "exploitable_locations": [
        {
          "type": "url",
          "value": "https://www.nytco.com/press/adrian-joffe-andrew-bolton-timestalks-met/",
          "assets_na": false,
          "assets_uids": [
            "624e07544c8c4b0001ed614a"
          ],
          "created_at": 1722536345,
          "status": "pending"
        }
      ]
    },
    {
      "categories": [
        "Authentication/Session Management",
        "Email/Password Recovery Flaw"
      ],
      "exploitable_locations": [
        {
          "type": "url",
          "value": "https://adportal-ext.nyt.net/digital/register/completeSetup/password",
          "assets_na": false,
          "assets_uids": [
            "624ca667c175930001a7ac88"
          ],
          "created_at": 1722611084,
          "status": "pending"
        },
        {
          "type": "url",
          "value": "https://adportal-ext.nyt.net/digital/forgotPassword",
          "assets_na": false,
          "assets_uids": [
            "624ca667c175930001a7ac88"
          ],
          "created_at": 1722611084,
          "status": "pending"
        }
      ]
    },
    {
      "categories": [
        "Information Disclosure",
        "Identity of Software Architecture"
      ],
      "exploitable_locations": [
        {
          "type": "url",
          "value": "https://samizdat-graphql.nytimes.com/graphql/v2",
          "assets_na": false,
          "assets_uids": [
            "624ca5d9c666cf00011c51e0"
          ],
          "created_at": 1722617994,
          "status": "pending"
        }
      ]
    },
    {
      "categories": [
        "Cross-Site Scripting (XSS)",
        "Reflected XSS"
      ],
      "exploitable_locations": [
        {
          "type": "url",
          "value": "http://sprinkler-dev.east.prd.pubp.nyt.net/base64/",
          "assets_na": false,
          "assets_uids": [
            "624ca667c175930001a7ac88"
          ],
          "created_at": 1724006653,
          "status": "pending"
        }
      ]
    },
    {
      "categories": [
        "Functional/Business Logic",
        "Unvalidated Redirect Bypass"
      ],
      "exploitable_locations": [
        {
          "type": "url",
          "value": "http://sprinkler-dev.east.prd.pubp.nyt.net/redirect-to",
          "assets_na": false,
          "assets_uids": [
            "624ca667c175930001a7ac88"
          ],
          "created_at": 1724039385,
          "status": "pending"
        }
      ]
    },
    {
      "categories": [
        "Cross-Site Scripting (XSS)",
        "Reflected XSS"
      ],
      "exploitable_locations": [
        {
          "type": "url",
          "value": "http://sprinkler-dev.east.prd.pubp.nyt.net/base64/*",
          "assets_na": false,
          "assets_uids": [
            "624ca6614c8c4b0001ed6103"
          ],
          "created_at": 1724089374,
          "status": "pending"
        }
      ]
    },
    {
      "categories": [
        "Authorization/Permissions",
        "Insecure Direct Object Reference (Read & Write)"
      ],
      "exploitable_locations": [
        {
          "type": "url",
          "value": "https://ingress.pressreader.com/se2skyservices/monitors/updateMonitor",
          "assets_na": false,
          "assets_uids": [
            "6540e406ddb8ee0c00423a5e"
          ],
          "created_at": 1724091584,
          "status": "pending"
        }
      ]
    },
    {
      "categories": [
        "Authorization/Permissions",
        "Insecure Direct Object Reference (Read & Write)"
      ],
      "exploitable_locations": [
        {
          "type": "url",
          "value": "https://ingress.pressreader.com/se2skyservices/topics/{topicID}",
          "assets_na": false,
          "assets_uids": [
            "6540e406ddb8ee0c00423a5e"
          ],
          "created_at": 1724091586,
          "status": "pending"
        }
      ]
    },
    {
      "categories": [
        "Authorization/Permissions",
        "Access Control Violation (High Privileged Functions - Read/Write or Write Only)"
      ],
      "exploitable_locations": [
        {
          "type": "url",
          "value": "https://lookingglass.nyt.net/api/topic",
          "assets_na": false,
          "assets_uids": [
            "624ca667c175930001a7ac88"
          ],
          "created_at": 1724386745,
          "status": "pending"
        },
        {
          "type": "url",
          "value": "https://looking-glass-ui.dev.nyt.net/api/topic",
          "assets_na": false,
          "assets_uids": [
            "624ca667c175930001a7ac88"
          ],
          "created_at": 1724386745,
          "status": "pending"
        }
      ]
    },
    {
      "categories": [
        "Authorization/Permissions",
        "Access Control Violation (High Privileged Functions - Read/Write or Write Only)"
      ],
      "exploitable_locations": [
        {
          "type": "url",
          "value": "https://looking-glass-ui.dev.nyt.net/api/embex",
          "assets_na": false,
          "assets_uids": [
            "624ca667c175930001a7ac88"
          ],
          "created_at": 1724386750,
          "status": "pending"
        },
        {
          "type": "url",
          "value": "https://lookingglass.nyt.net/api/embex",
          "assets_na": false,
          "assets_uids": [
            "624ca667c175930001a7ac88"
          ],
          "created_at": 1724386750,
          "status": "pending"
        }
      ]
    },
    {
      "categories": [
        "Authorization/Permissions",
        "Access Control Violation (High Privileged Functions - Read/Write or Write Only)"
      ],
      "exploitable_locations": [
        {
          "type": "url",
          "value": "https://looking-glass-ui.dev.nyt.net/api/motivation",
          "assets_na": false,
          "assets_uids": [
            "624ca667c175930001a7ac88"
          ],
          "created_at": 1724386753,
          "status": "pending"
        },
        {
          "type": "url",
          "value": "https://lookingglass.nyt.net/api/motivation",
          "assets_na": false,
          "assets_uids": [
            "624ca667c175930001a7ac88"
          ],
          "created_at": 1724386753,
          "status": "pending"
        }
      ]
    },
    {
      "categories": [
        "Authorization/Permissions",
        "Access Control Violation (High Privileged Functions - Read/Write or Write Only)"
      ],
      "exploitable_locations": [
        {
          "type": "url",
          "value": "https://looking-glass-ui.dev.nyt.net/api/flexsegment",
          "assets_na": false,
          "assets_uids": [
            "624ca667c175930001a7ac88"
          ],
          "created_at": 1724386777,
          "status": "pending"
        },
        {
          "type": "url",
          "value": "https://lookingglass.nyt.net/api/flexsegment",
          "assets_na": false,
          "assets_uids": [
            "624ca667c175930001a7ac88"
          ],
          "created_at": 1724386777,
          "status": "pending"
        },
        {
          "type": "url",
          "value": "https://looking-glass-ui.dev.nyt.net/api/flexsegment/activate",
          "assets_na": false,
          "assets_uids": [
            "624ca667c175930001a7ac88"
          ],
          "created_at": 1724386777,
          "status": "pending"
        },
        {
          "type": "url",
          "value": "https://lookingglass.nyt.net/api/flexsegment/activate",
          "assets_na": false,
          "assets_uids": [
            "624ca667c175930001a7ac88"
          ],
          "created_at": 1724386777,
          "status": "pending"
        },
        {
          "type": "url",
          "value": "https://looking-glass-ui.dev.nyt.net/api/flexsegment/deactivate",
          "assets_na": false,
          "assets_uids": [
            "624ca667c175930001a7ac88"
          ],
          "created_at": 1724386777,
          "status": "pending"
        },
        {
          "type": "url",
          "value": "https://lookingglass.nyt.net/api/flexsegment/deactivate",
          "assets_na": false,
          "assets_uids": [
            "624ca667c175930001a7ac88"
          ],
          "created_at": 1724386777,
          "status": "pending"
        },
        {
          "type": "url",
          "value": "https://lookingglass.nyt.net/api/flexsegment/delete",
          "assets_na": false,
          "assets_uids": [
            "624ca667c175930001a7ac88"
          ],
          "created_at": 1724386777,
          "status": "pending"
        },
        {
          "type": "url",
          "value": "https://looking-glass-ui.dev.nyt.net/api/flexsegment/delete",
          "assets_na": false,
          "assets_uids": [
            "624ca667c175930001a7ac88"
          ],
          "created_at": 1724386777,
          "status": "pending"
        }
      ]
    },
    {
      "categories": [
        "Information Disclosure",
        "Sensitive API Keys"
      ],
      "exploitable_locations": [
        {
          "type": "url",
          "value": "https://api.nytimes.com/*",
          "assets_na": false,
          "assets_uids": [
            "624ca5d9c666cf00011c51e0"
          ],
          "created_at": 1726941998,
          "status": "pending"
        }
      ]
    },
    {
      "categories": [
        "Content Injection",
        "Spoof HTML Content"
      ],
      "exploitable_locations": [
        {
          "type": "url",
          "value": "https://www.nytco.com/ads.txt",
          "assets_na": false,
          "assets_uids": [
            "624e07544c8c4b0001ed614a"
          ],
          "created_at": 1729348210,
          "status": "pending"
        }
      ]
    },
    {
      "categories": [
        "Authentication/Session Management",
        "Cookie-related Flaws"
      ],
      "exploitable_locations": [
        {
          "type": "url",
          "value": "https://www.nytimes.com/account",
          "assets_na": false,
          "assets_uids": [
            "624ca5d9c666cf00011c51e0"
          ],
          "created_at": 1729361879,
          "status": "pending"
        }
      ]
    },
    {
      "categories": [
        "Authentication/Session Management",
        "Login Authentication Bypass"
      ],
      "exploitable_locations": [
        {
          "type": "url",
          "value": "https://nss-console-prd.nyt.net/",
          "assets_na": false,
          "assets_uids": [
            "624ca667c175930001a7ac88"
          ],
          "created_at": 1737299070,
          "status": "pending"
        }
      ]
    },
    {
      "categories": [
        "Information Disclosure",
        "Sensitive Directory/File Contents Disclosed"
      ],
      "exploitable_locations": [
        {
          "type": "url",
          "value": "https://graphics1.nytimes.com",
          "assets_na": false,
          "assets_uids": [
            "624ca5d9c666cf00011c51e0"
          ],
          "created_at": 1737360736,
          "status": "pending"
        }
      ]
    },
    {
      "categories": [
        "Information Disclosure",
        "Sensitive Source Code"
      ],
      "exploitable_locations": [
        {
          "type": "url",
          "value": "https://spork.dev.nyt.net/",
          "assets_na": false,
          "assets_uids": [
            "624ca667c175930001a7ac88"
          ],
          "created_at": 1737462491,
          "status": "pending"
        }
      ]
    },
    {
      "categories": [
        "Information Disclosure",
        "Sensitive API Keys"
      ],
      "exploitable_locations": [
        {
          "type": "other",
          "value": "The API Key credential was discovered on https://www.google.com by typing Google Dork: site:api.nytimes.com",
          "assets_na": false,
          "assets_uids": [
            "624ca5d9c666cf00011c51e0"
          ],
          "created_at": 1737524993,
          "status": "pending"
        }
      ]
    },
    {
      "categories": [
        "Information Disclosure",
        "Sensitive Client Information Disclosed"
      ],
      "exploitable_locations": [
        {
          "type": "url",
          "value": "https://samizdat-graphql.nytimes.com/graphql/v2",
          "assets_na": false,
          "assets_uids": [
            "624ca5d9c666cf00011c51e0"
          ],
          "created_at": 1738726607,
          "status": "pending"
        }
      ]
    },
    {
      "categories": [
        "Server/Application Misconfiguration",
        "Subdomain Takeover"
      ],
      "exploitable_locations": [
        {
          "type": "url",
          "value": "https://graphics-preview.nyt.net",
          "created_at": 1650027161,
          "status": "pending"
        }
      ]
    },
    {
      "categories": [
        "Information Disclosure",
        "Sensitive Client Information Disclosed"
      ],
      "exploitable_locations": [
        {
          "type": "url",
          "value": "https://nytimes.com",
          "created_at": 1650027520,
          "status": "pending"
        }
      ]
    },
    {
      "categories": [
        "Cross-Site Scripting (XSS)",
        "Persistent XSS"
      ],
      "exploitable_locations": [
        {
          "type": "url",
          "value": "https://jobs.nytimes.com/Pages/communicate.aspx",
          "created_at": 1650065412,
          "status": "pending"
        }
      ]
    },
    {
      "categories": [
        "Information Disclosure",
        "Sensitive Client Information Disclosed"
      ],
      "exploitable_locations": [
        {
          "type": "url",
          "value": "https://jira.nyt.net/rest/api/2/screens",
          "created_at": 1650104529,
          "status": "pending"
        }
      ]
    },
    {
      "categories": [
        "Authorization/Permissions",
        "Access/Privacy Control Violation"
      ],
      "exploitable_locations": [
        {
          "type": "url",
          "value": "https://api.nytimes.com/svc/archive/v1/2020/5.json",
          "created_at": 1650107889,
          "status": "pending"
        }
      ]
    },
    {
      "categories": [
        "Cross-Site Scripting (XSS)",
        "Persistent XSS"
      ],
      "exploitable_locations": [
        {
          "type": "url",
          "value": "https://jobs.nytimes.com/AdminNET/Handlers/PositionHandler.ashx",
          "created_at": 1650114669,
          "status": "pending"
        }
      ]
    },
    {
      "categories": [
        "Content Injection",
        "Spoof HTML Content"
      ],
      "exploitable_locations": [
        {
          "type": "url",
          "value": "https://jobs.nytimes.com/AdminNET/AccountSettings.aspx",
          "created_at": 1650126020,
          "status": "pending"
        }
      ]
    },
    {
      "categories": [
        "Content Injection",
        "Spoof HTML Content"
      ],
      "exploitable_locations": [
        {
          "type": "url",
          "value": "https://jobs.nytimes.com/CandidateNet/Pages/SettingsChangeEmail.aspx",
          "created_at": 1650129702,
          "status": "pending"
        }
      ]
    },
    {
      "categories": [
        "Cross-Site Scripting (XSS)",
        "Persistent XSS"
      ],
      "exploitable_locations": [
        {
          "type": "url",
          "value": "https://jobs.nytimes.com/CandidateNet/Pages/communicate.aspx",
          "created_at": 1650132828,
          "status": "pending"
        }
      ]
    },
    {
      "categories": [
        "Information Disclosure",
        "Sensitive API Keys"
      ],
      "exploitable_locations": [
        {
          "type": "url",
          "value": "https://static01.nyt.com/projects/js/underscore-jquery-1.3.2-activities.js",
          "created_at": 1650137791,
          "status": "pending"
        },
        {
          "type": "url",
          "value": "https://static01.nyt.com/projects/js/underscore-jquery-1.3.2-activities.js",
          "created_at": 1650137791,
          "status": "pending"
        }
      ]
    },
    {
      "categories": [
        "Functional/Business Logic",
        "Unvalidated Redirects"
      ],
      "exploitable_locations": [
        {
          "type": "url",
          "value": "https://jobs.nytimes.com/candidateNet/pages/enableCors.html",
          "created_at": 1650186567,
          "status": "pending"
        }
      ]
    },
    {
      "categories": [
        "Cross-Site Scripting (XSS)",
        "Persistent XSS"
      ],
      "exploitable_locations": [
        {
          "type": "url",
          "value": "https://jobs.nytimes.com/AdminNET/pages/AccountSettings.aspx",
          "created_at": 1650219320,
          "status": "pending"
        }
      ]
    },
    {
      "categories": [
        "Cross-Site Scripting (XSS)",
        "Reflected XSS"
      ],
      "exploitable_locations": [
        {
          "type": "url",
          "value": "https://eedition.nytimes.com/epaper/newspapers.aspx",
          "created_at": 1650247605,
          "status": "pending"
        }
      ]
    },
    {
      "categories": [
        "Cross-Site Scripting (XSS)",
        "Reflected XSS"
      ],
      "exploitable_locations": [
        {
          "type": "url",
          "value": "https://replicaedition.nytimes.com/epaper/newspapers.aspx",
          "created_at": 1650247607,
          "status": "pending"
        }
      ]
    },
    {
      "categories": [
        "Authorization/Permissions",
        "Insecure Direct Object Reference (Read-Only)"
      ],
      "exploitable_locations": [
        {
          "type": "url",
          "value": "https://jobs.nytimes.com/AdminNET/Handlers/MatchHandler.ashx",
          "created_at": 1650263674,
          "status": "pending"
        },
        {
          "type": "other",
          "value": "action=GetMatchesStatistics",
          "created_at": 1650263674,
          "status": "pending"
        }
      ]
    },
    {
      "categories": [
        "Information Disclosure",
        "Sensitive Client Information Disclosed"
      ],
      "exploitable_locations": [
        {
          "type": "url",
          "value": "https://jira.nyt.net",
          "created_at": 1650266424,
          "status": "pending"
        }
      ]
    },
    {
      "categories": [
        "Cross-Site Scripting (XSS)",
        "Reflected XSS"
      ],
      "exploitable_locations": [
        {
          "type": "url",
          "value": "http://cdn.edmunds.nytimes.com/flashgen.cgi",
          "created_at": 1650276743,
          "status": "pending"
        }
      ]
    },
    {
      "categories": [
        "Server/Application Misconfiguration",
        "Cross-Origin Resource Sharing (CORS)"
      ],
      "exploitable_locations": [
        {
          "type": "url",
          "value": "https://samizdat.prd.oma1.nyt.net/restapi/v1/*",
          "created_at": 1650397620,
          "status": "pending"
        }
      ]
    },
    {
      "categories": [
        "Information Disclosure",
        "Sensitive Client Information Disclosed"
      ],
      "exploitable_locations": [
        {
          "type": "url",
          "value": "http://graphics8.nytimes.com/packages/pdf/nyregion/NYPD/*",
          "created_at": 1650470123,
          "status": "pending"
        }
      ]
    },
    {
      "categories": [
        "Remote Execution",
        "Remote Code Execution"
      ],
      "exploitable_locations": [
        {
          "type": "url",
          "value": "https://eedition.inyt.com/epaper/viewer.aspx",
          "created_at": 1651185240,
          "status": "pending"
        },
        {
          "type": "url",
          "value": "https://eedition.inyt.com/epaper/Offline.aspx",
          "created_at": 1651185240,
          "status": "pending"
        }
      ]
    },
    {
      "categories": [
        "Remote Execution",
        "Remote Code Execution"
      ],
      "exploitable_locations": [
        {
          "type": "url",
          "value": "http://eeditionnytimes.newspaperdirect.com/screenprint/rss.aspx",
          "created_at": 1651195850,
          "status": "pending"
        }
      ]
    },
    {
      "categories": [
        "Content Injection",
        "Spoof HTML Content"
      ],
      "exploitable_locations": [
        {
          "type": "url",
          "value": "https://asauber-httpbin.nyti.nyt.net/base64/",
          "created_at": 1651899896,
          "status": "pending"
        }
      ]
    },
    {
      "categories": [
        "Content Injection",
        "Spoof HTML Content"
      ],
      "exploitable_locations": [
        {
          "type": "url",
          "value": "https://soak-test.dv-shared.nyti.dev.nyt.net/base64/",
          "created_at": 1651900265,
          "status": "pending"
        },
        {
          "type": "url",
          "value": "http://nyti-us-east-1.dv-shared-sandbox.awsma.nyt.net/base64/",
          "created_at": 1651900265,
          "status": "pending"
        }
      ]
    },
    {
      "categories": [
        "Content Injection",
        "Spoof HTML Content"
      ],
      "exploitable_locations": [
        {
          "type": "url",
          "value": "https://foo.tenant2.nyti.stg.nyt.net/base64/",
          "created_at": 1652073123,
          "status": "pending"
        }
      ]
    },
    {
      "categories": [
        "Information Disclosure",
        "Sensitive Client Information Disclosed"
      ],
      "exploitable_locations": [
        {
          "type": "url",
          "value": "https://int.nyt.com/data/int-shared/nytdocs/docs/556/556.pdf",
          "created_at": 1652502745,
          "status": "pending"
        },
        {
          "type": "url",
          "value": "http://graphics8.nytimes.com/packages/pdf/world/warning-letter.pdf",
          "created_at": 1652502745,
          "status": "pending"
        },
        {
          "type": "url",
          "value": "http://graphics8.nytimes.com/packages/pdf/world/20071231_INQUIRY_REPORT.pdf",
          "created_at": 1652502745,
          "status": "pending"
        },
        {
          "type": "url",
          "value": "https://graphics8.nytimes.com/newsgraphics/2014/11/24/ferguson-evidence/assets/reports/michael-brown-private-autopsy-report.pdf",
          "created_at": 1652502745,
          "status": "pending"
        },
        {
          "type": "url",
          "value": "https://int.nyt.com/data/int-shared/nytdocs/docs/109/109.pdf",
          "created_at": 1652502745,
          "status": "pending"
        },
        {
          "type": "url",
          "value": "http://graphics8.nytimes.com/packages/pdf/nyregion/ICE_FOIA2.pdf",
          "created_at": 1652502745,
          "status": "pending"
        },
        {
          "type": "url",
          "value": "https://graphics8.nytimes.com/newsgraphics/2014/11/24/ferguson-evidence/assets/reports/darren-wilson-medical-records.pdf",
          "created_at": 1652502745,
          "status": "pending"
        },
        {
          "type": "url",
          "value": "https://int.nyt.com/data/documenttools/kroll-piskura-expert-report/0f7b505b37cc7e66/full.pdf",
          "created_at": 1652502745,
          "status": "pending"
        },
        {
          "type": "url",
          "value": "https://int.nyt.com/data/documenthelper/6992-george-floyd-full-autopsy/4c5bdf52fbbd775ce156/optimized/full.pdf",
          "created_at": 1652502745,
          "status": "pending"
        }
      ]
    }
  ]
}