{
  "listing_id": "ahvc7o863r",
  "type": "categories",
  "value": [
    {
      "categories": [
        "Authentication/Session Management",
        "SSO Authentication Bypass"
      ],
      "exploitable_locations": [
        {
          "type": "url",
          "value": "https://wifi1.kfc.com/dashboard",
          "created_at": 1652181196,
          "status": "pending"
        }
      ]
    },
    {
      "categories": [
        "Authorization/Permissions",
        "Server Side Request Forgery(SSRF)- Limited"
      ],
      "exploitable_locations": [
        {
          "type": "url",
          "value": "https://wifi1.kfc.com/composer/send_email",
          "created_at": 1659802971,
          "status": "pending"
        }
      ]
    },
    {
      "categories": [
        "Functional/Business Logic",
        "Functionality Abuse with Malicious Impact"
      ],
      "exploitable_locations": [
        {
          "type": "url",
          "value": "https://locations.kfc.com/geocode-ip",
          "created_at": 1580853782,
          "status": "pending"
        }
      ]
    },
    {
      "categories": [
        "Functional/Business Logic",
        "Functionality Abuse with Malicious Impact"
      ],
      "exploitable_locations": [
        {
          "type": "url",
          "value": "https://locations.kfc.com/geocode-ip",
          "created_at": 1580993989,
          "status": "pending"
        }
      ]
    },
    {
      "categories": [
        "Information Disclosure",
        "Sensitive API Keys"
      ],
      "exploitable_locations": [
        {
          "type": "url",
          "value": "https://locations.kfc.com/search",
          "created_at": 1630956294,
          "status": "pending"
        }
      ]
    }
  ]
}