{
  "listing_id": "auhfjdvcvh",
  "type": "categories",
  "value": [
    {
      "categories": [
        "Authorization/Permissions",
        "Access Control Violation (Low Privileged Functions-Read Only)"
      ],
      "exploitable_locations": [
        {
          "type": "url",
          "value": "https://estatemaps.dxcit.app/api/Puppeteer/accountlookback",
          "assets_na": false,
          "assets_uids": [
            "6671ea0076e9341a1162611d"
          ],
          "created_at": 1720373973,
          "status": "pending"
        }
      ]
    },
    {
      "categories": [
        "Authentication/Session Management",
        "Account Enumeration"
      ],
      "exploitable_locations": [
        {
          "type": "url",
          "value": "https://idm.dxc.com/cscidm/ui/external/desktopResetUsername.jsf",
          "assets_na": false,
          "assets_uids": [
            "6671e9f276e9341a11626118"
          ],
          "created_at": 1720908529,
          "status": "pending"
        }
      ]
    }
  ]
}