{
  "listing_id": "b1g4jd5an2",
  "type": "categories",
  "value": [
    {
      "categories": [
        "Cross-Site Scripting (XSS)",
        "DOM-based XSS"
      ],
      "exploitable_locations": [
        {
          "type": "url",
          "value": "https://login.kfc.ca/realms/kca/protocol/openid-connect/auth",
          "assets_na": false,
          "assets_uids": [
            "66aa9e46074d15c9dd910dfd"
          ],
          "created_at": 1739354790,
          "status": "pending"
        }
      ]
    }
  ]
}