{
  "listing_id": "bgnqnwlp8i",
  "type": "categories",
  "value": [
    {
      "categories": [
        "Authorization/Permissions",
        "File Inclusion (No execution)"
      ],
      "exploitable_locations": [
        {
          "type": "url",
          "value": "https://sncs-prod-external.mayo.edu/api/sitecore/Sitecore.Mvc.DeviceSimulator.Controllers.SimulatorController,Sitecore.Mvc.DeviceSimulator.dll/Preview",
          "assets_na": false,
          "assets_uids": [
            "bc69ae91015879a2eab6251e"
          ],
          "created_at": 1707509487,
          "status": "fixed"
        }
      ]
    },
    {
      "categories": [
        "Authorization/Permissions",
        "Access Control Violation (High Privileged Functions - Read/Write or Write Only)"
      ],
      "exploitable_locations": [
        {
          "type": "ip",
          "protocol": "tcp",
          "address": "65.52.192.21",
          "port": "443",
          "assets_na": false,
          "assets_uids": [
            "7fece2c071080e17a974f29c"
          ],
          "created_at": 1717973749,
          "status": "fixed"
        },
        {
          "type": "url",
          "value": "https://ras-int-rdrs.mayo.edu/Request/WithdrawRequest",
          "assets_na": false,
          "assets_uids": [
            "7fece2c071080e17a974f29c"
          ],
          "created_at": 1717973749,
          "status": "fixed"
        },
        {
          "type": "url",
          "value": "https://ras-int-rdrs.mayo.edu/Request/EditRequest",
          "assets_na": false,
          "assets_uids": [
            "7fece2c071080e17a974f29c"
          ],
          "created_at": 1717973749,
          "status": "fixed"
        }
      ]
    },
    {
      "categories": [
        "Authorization/Permissions",
        "Access Control Violation (High Privileged Functions - Read/Write or Write Only)"
      ],
      "exploitable_locations": [
        {
          "type": "url",
          "value": "https://ras-dev-rdrs.mayo.edu/Request/WithdrawRequest",
          "assets_na": false,
          "assets_uids": [
            "7fece2c071080e17a974f29c"
          ],
          "created_at": 1717982625,
          "status": "fixed"
        },
        {
          "type": "url",
          "value": "https://ras-dev-rdrs.mayo.edu/Request/EditRequest",
          "assets_na": false,
          "assets_uids": [
            "7fece2c071080e17a974f29c"
          ],
          "created_at": 1717982625,
          "status": "fixed"
        },
        {
          "type": "url",
          "value": "https://ras-rdrs.mayo.edu/Request/WithdrawRequest",
          "assets_na": false,
          "assets_uids": [
            "59bfa2cd0fcbb869e197d1a8"
          ],
          "created_at": 1717982625,
          "status": "fixed"
        },
        {
          "type": "url",
          "value": "https://ras-rdrs.mayo.edu/Request/EditRequest",
          "assets_na": false,
          "assets_uids": [
            "59bfa2cd0fcbb869e197d1a8"
          ],
          "created_at": 1717982625,
          "status": "fixed"
        },
        {
          "type": "url",
          "value": "https://ras-prod-rdrs.mayo.edu/Request/WithdrawRequest",
          "assets_na": false,
          "assets_uids": [
            "59bfa2cd0fcbb869e197d1a8"
          ],
          "created_at": 1717982625,
          "status": "fixed"
        },
        {
          "type": "url",
          "value": "https://ras-prod-rdrs.mayo.edu/Request/EditRequest",
          "assets_na": false,
          "assets_uids": [
            "59bfa2cd0fcbb869e197d1a8"
          ],
          "created_at": 1717982625,
          "status": "fixed"
        }
      ]
    }
  ]
}