{
  "listing_id": "buzg11ih4g",
  "type": "categories",
  "value": [
    {
      "categories": [
        "Information Disclosure",
        "Sensitive Client Information Disclosed"
      ],
      "exploitable_locations": [
        {
          "type": "url",
          "value": "https://mieventool.com/rep/f9f8/listado-de-participantes/131433402/21/5326-2023-087905-mike-regnier-2023-12-20xlsx",
          "assets_na": false,
          "assets_uids": [
            "666220a7825c11376c9e626a"
          ],
          "created_at": 1718217148,
          "status": "wont_fix"
        },
        {
          "type": "url",
          "value": "https://mieventool.com/rep/eed0/listado-de-participantes/131434602/21/5326-2023-087905-juan-guitard-2023-12-21xlsx",
          "assets_na": false,
          "assets_uids": [
            "666220a7825c11376c9e626a"
          ],
          "created_at": 1718217148,
          "status": "wont_fix"
        }
      ]
    },
    {
      "categories": [
        "SQL Injection",
        "SQL Injection- Full"
      ],
      "exploitable_locations": [
        {
          "type": "url",
          "value": "https://ebiz.hrgnorthamerica.com/trippass/login.aspx",
          "assets_na": "true",
          "assets_uids": [],
          "created_at": 1719648702,
          "status": "wont_fix"
        }
      ]
    },
    {
      "categories": [
        "SQL Injection",
        "SQL Injection- Full"
      ],
      "exploitable_locations": [
        {
          "type": "url",
          "value": "https://ebiz.hrgnorthamerica.com/webreporting/mngtrack.aspx",
          "assets_uids": [
            "6662203045c86f8718f86296"
          ],
          "created_at": 1720651073,
          "status": "fixed"
        }
      ]
    },
    {
      "categories": [
        "SQL Injection",
        "SQL Injection- Full"
      ],
      "exploitable_locations": [
        {
          "type": "url",
          "value": "https://ebiz.hrgnorthamerica.com/webreporting/mnguserflag.aspx",
          "assets_na": false,
          "assets_uids": [
            "6662203045c86f8718f86296"
          ],
          "created_at": 1720651080,
          "status": "fixed"
        }
      ]
    },
    {
      "categories": [
        "SQL Injection",
        "SQL Injection- Full"
      ],
      "exploitable_locations": [
        {
          "type": "url",
          "value": "https://ebiz.hrgnorthamerica.com/trippass/mlogin.aspx",
          "assets_uids": [
            "6662203045c86f8718f86293"
          ],
          "created_at": 1719660830,
          "status": "fixed"
        }
      ]
    },
    {
      "categories": [
        "Information Disclosure",
        "Sensitive Client Information Disclosed"
      ],
      "exploitable_locations": [
        {
          "type": "url",
          "value": "https://www.amexglobalbusinesstravel.com/content/uploads/2023/12/Designing-Inclusive-and-Safe-Events-090623.pdf",
          "assets_na": false,
          "assets_uids": [
            "66621f2f825c11376c9e6237"
          ],
          "created_at": 1719720251,
          "status": "pending"
        },
        {
          "type": "url",
          "value": "https://www.amexglobalbusinesstravel.com/content/uploads/2022/10/2023-Global-Meetings-and-Events-Forecast-opt.pdf",
          "assets_na": false,
          "assets_uids": [
            "66621f2f825c11376c9e6237"
          ],
          "created_at": 1719720251,
          "status": "pending"
        },
        {
          "type": "url",
          "value": "https://www.amexglobalbusinesstravel.com/content/uploads/2021/04/Shared-Values-re-ABAC-External.pdf",
          "assets_na": false,
          "assets_uids": [
            "66621f2f825c11376c9e6237"
          ],
          "created_at": 1719720251,
          "status": "pending"
        },
        {
          "type": "url",
          "value": "https://www.amexglobalbusinesstravel.com/content/uploads/*",
          "assets_na": false,
          "assets_uids": [
            "66621f2f825c11376c9e6237"
          ],
          "created_at": 1719720251,
          "status": "pending"
        }
      ]
    },
    {
      "categories": [
        "Authorization/Permissions",
        "Access Control Violation (High Privileged Functions-Read Only)"
      ],
      "exploitable_locations": [
        {
          "type": "url",
          "value": "https://tripviewer.amexgbt.com/getTripDetails",
          "assets_na": false,
          "assets_uids": [
            "66622106825c11376c9e629c"
          ],
          "created_at": 1719745054,
          "status": "fixed"
        },
        {
          "type": "url",
          "value": "https://tripviewer.amexgbt.com/getDocument",
          "assets_na": false,
          "assets_uids": [
            "66622106825c11376c9e629c"
          ],
          "created_at": 1719745054,
          "status": "fixed"
        },
        {
          "type": "url",
          "value": "https://tripviewer.amexgbt.com/languageJson",
          "assets_na": false,
          "assets_uids": [
            "66622106825c11376c9e629c"
          ],
          "created_at": 1719745054,
          "status": "fixed"
        },
        {
          "type": "url",
          "value": "https://tripviewer.amexgbt.com/destroy",
          "assets_na": false,
          "assets_uids": [
            "66622106825c11376c9e629c"
          ],
          "created_at": 1719745054,
          "status": "fixed"
        }
      ]
    },
    {
      "categories": [
        "Authorization/Permissions",
        "Access Control Violation (Low Privileged Functions-Read/Write or Write Only)"
      ],
      "exploitable_locations": [
        {
          "type": "url",
          "value": "https://tripviewer.amexgbt.com/userPreferences/<id>/v1",
          "assets_na": false,
          "assets_uids": [
            "66622106825c11376c9e629c"
          ],
          "created_at": 1719745067,
          "status": "fixed"
        },
        {
          "type": "url",
          "value": "https://tripviewer.amexgbt.com/user/admin/preference/v1",
          "created_at": 1719745067,
          "status": "fixed"
        }
      ]
    },
    {
      "categories": [
        "Authorization/Permissions",
        "Access Control Violation (High Privileged Functions-Read Only)"
      ],
      "exploitable_locations": [
        {
          "type": "url",
          "value": "https://tripviewer.amexgbt.com/api/tripsummary/recordlocator/<id>",
          "assets_na": false,
          "assets_uids": [
            "66622106825c11376c9e629c"
          ],
          "created_at": 1719770600,
          "status": "fixed"
        },
        {
          "type": "url",
          "value": "https://tripviewer.amexgbt.com/api/tripsummary/tripsummarytxt/<id>",
          "assets_na": false,
          "assets_uids": [
            "66622106825c11376c9e629c"
          ],
          "created_at": 1719770600,
          "status": "fixed"
        },
        {
          "type": "url",
          "value": "https://tripviewer.amexgbt.com/api/tripsummary/knowmeid/<id>",
          "assets_na": false,
          "assets_uids": [
            "66622106825c11376c9e629c"
          ],
          "created_at": 1719770600,
          "status": "fixed"
        }
      ]
    },
    {
      "categories": [
        "Authorization/Permissions",
        "Access Control Violation (Low Privileged Functions-Read/Write or Write Only)"
      ],
      "exploitable_locations": [
        {
          "type": "url",
          "value": "https://tripviewer.amexgbt.com/api/v1/hre/postFeedback",
          "assets_na": false,
          "assets_uids": [
            "66622106825c11376c9e629c"
          ],
          "created_at": 1719745117,
          "status": "fixed"
        },
        {
          "type": "url",
          "value": "https://tripviewer.amexgbt.com/api/v1/hre/getReasonCode",
          "assets_na": false,
          "assets_uids": [
            "66622106825c11376c9e629c"
          ],
          "created_at": 1719745117,
          "status": "fixed"
        },
        {
          "type": "url",
          "value": "https://tripviewer.amexgbt.com/api/v1/hre/fetchOfferDetails/<tripid>",
          "assets_na": false,
          "assets_uids": [
            "66622106825c11376c9e629c"
          ],
          "created_at": 1719745117,
          "status": "fixed"
        }
      ]
    },
    {
      "categories": [
        "Brute Force",
        "Bypass of Rate Limiting Protections (i.e. CAPTCHA)"
      ],
      "exploitable_locations": [
        {
          "type": "url",
          "value": "https://developer.amexgbt.com/user/register",
          "assets_na": false,
          "assets_uids": [
            "66622029825c11376c9e6254"
          ],
          "created_at": 1718209171,
          "status": "wont_fix"
        }
      ]
    },
    {
      "categories": [
        "Authorization/Permissions",
        "Access Control Violation (Low Privileged Functions-Read/Write or Write Only)"
      ],
      "exploitable_locations": [
        {
          "type": "url",
          "value": "https://tripviewer.amexgbt.com/log/error/v1",
          "assets_na": false,
          "assets_uids": [
            "66622106825c11376c9e629c"
          ],
          "created_at": 1719745156,
          "status": "fixed"
        }
      ]
    },
    {
      "categories": [
        "Authorization/Permissions",
        "Access Control Violation (Low Privileged Functions-Read/Write or Write Only)"
      ],
      "exploitable_locations": [
        {
          "type": "url",
          "value": "https://tripviewer.amexgbt.com/gtr/trip/traveler/segmentnotes/v1",
          "assets_na": false,
          "assets_uids": [
            "66622106825c11376c9e629c"
          ],
          "created_at": 1719745166,
          "status": "fixed"
        }
      ]
    },
    {
      "categories": [
        "Authorization/Permissions",
        "Access Control Violation (High Privileged Functions-Read Only)"
      ],
      "exploitable_locations": [
        {
          "type": "url",
          "value": "https://tripviewer.amexgbt.com/api/tripsummary/emaillist/<emailid>",
          "assets_na": false,
          "assets_uids": [
            "66622106825c11376c9e629c"
          ],
          "created_at": 1719770605,
          "status": "fixed"
        }
      ]
    },
    {
      "categories": [
        "Authorization/Permissions",
        "Access Control Violation (High Privileged Functions-Read Only)"
      ],
      "exploitable_locations": [
        {
          "type": "url",
          "value": "https://tripviewer.amexgbt.com/api/tripsummary/travelername/<name>",
          "assets_na": false,
          "assets_uids": [
            "66622106825c11376c9e629c"
          ],
          "created_at": 1719770618,
          "status": "fixed"
        }
      ]
    },
    {
      "categories": [
        "Authorization/Permissions",
        "Access Control Violation (High Privileged Functions-Read Only)"
      ],
      "exploitable_locations": [
        {
          "type": "url",
          "value": "https://tripviewer.amexgbt.com/api/tripsummary/phonenumber/<number>",
          "assets_na": false,
          "assets_uids": [
            "66622106825c11376c9e629c"
          ],
          "created_at": 1719770627,
          "status": "fixed"
        }
      ]
    },
    {
      "categories": [
        "SQL Injection",
        "SQL Injection- Full"
      ],
      "exploitable_locations": [
        {
          "type": "url",
          "value": "https://ebiz.hrgnorthamerica.com/webreporting/mngnewuser.aspx",
          "assets_na": false,
          "assets_uids": [
            "668eb3dbbc3abb2bd0685ffa"
          ],
          "created_at": 1720661988,
          "status": "fixed"
        }
      ]
    },
    {
      "categories": [
        "SQL Injection",
        "SQL Injection- Partial"
      ],
      "exploitable_locations": [
        {
          "type": "url",
          "value": "https://ebiz.hrgnorthamerica.com/webreporting/mngsitemng.aspx",
          "assets_na": false,
          "assets_uids": [
            "668eb3dbbc3abb2bd0685ffa"
          ],
          "created_at": 1720662034,
          "status": "fixed"
        }
      ]
    },
    {
      "categories": [
        "Authorization/Permissions",
        "Access Control Violation (High Privileged Functions - Read/Write or Write Only)"
      ],
      "exploitable_locations": [
        {
          "type": "url",
          "value": "https://ebiz.hrgnorthamerica.com/webreporting/mngnewuser.aspx",
          "assets_na": false,
          "assets_uids": [
            "668eb3dbbc3abb2bd0685ffa"
          ],
          "created_at": 1720857185,
          "status": "fixed"
        }
      ]
    },
    {
      "categories": [
        "Authorization/Permissions",
        "Access Control Violation (High Privileged Functions - Read/Write or Write Only)"
      ],
      "exploitable_locations": [
        {
          "type": "url",
          "value": "https://ebiz.hrgnorthamerica.com/webreporting/GroupEventsReport.aspx",
          "assets_na": false,
          "assets_uids": [
            "668eb3dbbc3abb2bd0685ffa"
          ],
          "created_at": 1723892687,
          "status": "fixed"
        },
        {
          "type": "url",
          "value": "https://ebiz.hrgnorthamerica.com/webreporting/bmtrptRA.aspx",
          "assets_na": false,
          "assets_uids": [
            "668eb3dbbc3abb2bd0685ffa"
          ],
          "created_at": 1723892687,
          "status": "fixed"
        },
        {
          "type": "url",
          "value": "https://ebiz.hrgnorthamerica.com/webreporting/MBUSACC.aspx",
          "assets_na": false,
          "assets_uids": [
            "668eb3dbbc3abb2bd0685ffa"
          ],
          "created_at": 1723892687,
          "status": "fixed"
        },
        {
          "type": "url",
          "value": "https://ebiz.hrgnorthamerica.com/webreporting/bmtrptrqst.aspx",
          "assets_na": false,
          "assets_uids": [
            "668eb3dbbc3abb2bd0685ffa"
          ],
          "created_at": 1723892687,
          "status": "fixed"
        },
        {
          "type": "url",
          "value": "https://ebiz.hrgnorthamerica.com/webreporting/HCUdids.aspx",
          "assets_na": false,
          "assets_uids": [
            "668eb3dbbc3abb2bd0685ffa"
          ],
          "created_at": 1723892687,
          "status": "fixed"
        },
        {
          "type": "url",
          "value": "https://ebiz.hrgnorthamerica.com/webreporting/tktsearch.aspx",
          "assets_na": false,
          "assets_uids": [
            "668eb3dbbc3abb2bd0685ffa"
          ],
          "created_at": 1723892687,
          "status": "fixed"
        },
        {
          "type": "url",
          "value": "https://ebiz.hrgnorthamerica.com/webreporting/DCCCRecon.aspx",
          "assets_na": false,
          "assets_uids": [
            "668eb3dbbc3abb2bd0685ffa"
          ],
          "created_at": 1723892687,
          "status": "fixed"
        },
        {
          "type": "url",
          "value": "https://ebiz.hrgnorthamerica.com/webreporting/DisSAP.aspx",
          "assets_na": false,
          "assets_uids": [
            "668eb3dbbc3abb2bd0685ffa"
          ],
          "created_at": 1723892687,
          "status": "fixed"
        },
        {
          "type": "url",
          "value": "https://ebiz.hrgnorthamerica.com/webreporting/GroupEventsReport.aspx",
          "assets_na": false,
          "assets_uids": [
            "668eb3dbbc3abb2bd0685ffa"
          ],
          "created_at": 1723892687,
          "status": "fixed"
        },
        {
          "type": "url",
          "value": "https://ebiz.hrgnorthamerica.com/webreporting/CSRefunds.aspx",
          "assets_na": false,
          "assets_uids": [
            "668eb3dbbc3abb2bd0685ffa"
          ],
          "created_at": 1723892687,
          "status": "fixed"
        },
        {
          "type": "url",
          "value": "https://ebiz.hrgnorthamerica.com/webreporting/bmtrptBM.aspx",
          "assets_na": false,
          "assets_uids": [
            "668eb3dbbc3abb2bd0685ffa"
          ],
          "created_at": 1723892687,
          "status": "fixed"
        },
        {
          "type": "url",
          "value": "https://ebiz.hrgnorthamerica.com/webreporting/bmtrptMNG.aspx",
          "assets_na": false,
          "assets_uids": [
            "668eb3dbbc3abb2bd0685ffa"
          ],
          "created_at": 1723892687,
          "status": "fixed"
        },
        {
          "type": "url",
          "value": "https://ebiz.hrgnorthamerica.com/webreporting/MBUSACC.aspx",
          "assets_na": false,
          "assets_uids": [
            "668eb3dbbc3abb2bd0685ffa"
          ],
          "created_at": 1723892687,
          "status": "fixed"
        },
        {
          "type": "url",
          "value": "https://ebiz.hrgnorthamerica.com/webreporting/MLGrpsForm.aspx",
          "assets_na": false,
          "assets_uids": [
            "668eb3dbbc3abb2bd0685ffa"
          ],
          "created_at": 1723892687,
          "status": "fixed"
        },
        {
          "type": "url",
          "value": "https://ebiz.hrgnorthamerica.com/webreporting/DISAirHtlCar.aspx",
          "assets_na": false,
          "assets_uids": [
            "668eb3dbbc3abb2bd0685ffa"
          ],
          "created_at": 1723892687,
          "status": "fixed"
        },
        {
          "type": "url",
          "value": "https://ebiz.hrgnorthamerica.com/webreporting/bmtrptMNG.aspx",
          "assets_na": false,
          "assets_uids": [
            "668eb3dbbc3abb2bd0685ffa"
          ],
          "created_at": 1723892687,
          "status": "fixed"
        },
        {
          "type": "url",
          "value": "https://ebiz.hrgnorthamerica.com/webreporting/*",
          "created_at": 1723892687,
          "status": "fixed"
        }
      ]
    },
    {
      "categories": [
        "Authorization/Permissions",
        "Server Side Request Forgery(SSRF)- Limited"
      ],
      "exploitable_locations": [
        {
          "type": "url",
          "value": "https://webreporting.hrgnorthamerica.com/BOE/CMC/2009241833/admin/logon.faces",
          "assets_na": false,
          "assets_uids": [
            "66621fa0825c11376c9e6248"
          ],
          "created_at": 1723920161,
          "status": "pending"
        }
      ]
    },
    {
      "categories": [
        "SQL Injection",
        "SQL Injection- Full"
      ],
      "exploitable_locations": [
        {
          "type": "url",
          "value": "https://supplierstool.com/nbf/pag/ajax-exec.php",
          "assets_uids": [
            "666220c345c86f8718f862d3"
          ],
          "created_at": 1723924561,
          "status": "pending"
        }
      ]
    },
    {
      "categories": [
        "SQL Injection",
        "SQL Injection- Full"
      ],
      "exploitable_locations": [
        {
          "type": "url",
          "value": "https://supplierstool.com/nbf/pag/ajax-exec.php",
          "assets_na": false,
          "assets_uids": [
            "666220c345c86f8718f862d3"
          ],
          "created_at": 1723926166,
          "status": "pending"
        },
        {
          "type": "other",
          "value": "func=\\pc\\datos\\pc\\Seccion::ajaxNavegacionSecciones",
          "created_at": 1723926166,
          "status": "pending"
        }
      ]
    },
    {
      "categories": [
        "SQL Injection",
        "SQL Injection- Full"
      ],
      "exploitable_locations": [
        {
          "type": "url",
          "value": "https://pc.supplierstool.com/nbf/pag/ajax-exec.php",
          "assets_na": false,
          "assets_uids": [
            "666220bd45c86f8718f862ce"
          ],
          "created_at": 1723926876,
          "status": "pending"
        }
      ]
    },
    {
      "categories": [
        "SQL Injection",
        "SQL Injection- Full"
      ],
      "exploitable_locations": [
        {
          "type": "url",
          "value": "https://supplierstool.com/nbf/pag/ajax-exec.php",
          "assets_na": false,
          "assets_uids": [
            "666220c345c86f8718f862d3"
          ],
          "created_at": 1723929751,
          "status": "pending"
        }
      ]
    },
    {
      "categories": [
        "SQL Injection",
        "SQL Injection- Full"
      ],
      "exploitable_locations": [
        {
          "type": "url",
          "value": "https://supplierstool.com/nbf/pag/ajax-exec.php",
          "assets_na": false,
          "assets_uids": [
            "666220c345c86f8718f862d3"
          ],
          "created_at": 1723930718,
          "status": "pending"
        }
      ]
    },
    {
      "categories": [
        "SQL Injection",
        "SQL Injection- Full"
      ],
      "exploitable_locations": [
        {
          "type": "url",
          "value": "https://pc.supplierstool.com/nbf/pag/ajax-exec.php",
          "assets_na": "true",
          "assets_uids": [],
          "created_at": 1723932318,
          "status": "pending"
        }
      ]
    },
    {
      "categories": [
        "Server/Application Misconfiguration",
        "Unclaimed Domain In Use"
      ],
      "exploitable_locations": [
        {
          "type": "url",
          "value": "https://www.egencia.com/en/",
          "assets_na": false,
          "assets_uids": [
            "6662210c825c11376c9e62a1"
          ],
          "created_at": 1718215384,
          "status": "pending"
        }
      ]
    },
    {
      "categories": [
        "SQL Injection",
        "SQL Injection- Full"
      ],
      "exploitable_locations": [
        {
          "type": "url",
          "value": "https://supplierstool.com/nbf/pag/ajax-exec.php",
          "assets_na": false,
          "assets_uids": [
            "666220c345c86f8718f862d3"
          ],
          "created_at": 1723932587,
          "status": "pending"
        }
      ]
    },
    {
      "categories": [
        "SQL Injection",
        "SQL Injection- Full"
      ],
      "exploitable_locations": [
        {
          "type": "url",
          "value": "https://pc.supplierstool.com/nbf/pag/ajax-exec.php",
          "assets_na": "true",
          "assets_uids": [],
          "created_at": 1723933722,
          "status": "pending"
        }
      ]
    },
    {
      "categories": [
        "SQL Injection",
        "SQL Injection- Full"
      ],
      "exploitable_locations": [
        {
          "type": "url",
          "value": "https://mieventool.com/nbf/pag/ajax-exec.php",
          "assets_na": false,
          "assets_uids": [
            "666220a7825c11376c9e626a"
          ],
          "created_at": 1723975480,
          "status": "pending"
        }
      ]
    },
    {
      "categories": [
        "Cross-Site Scripting (XSS)",
        "Reflected XSS"
      ],
      "exploitable_locations": [
        {
          "type": "url",
          "value": "https://mytrips.amexgbt.com/doctravelerappWeb/accountConfirmation.do",
          "assets_na": false,
          "assets_uids": [
            "66621f8c825c11376c9e6244"
          ],
          "created_at": 1726256493,
          "status": "pending"
        }
      ]
    },
    {
      "categories": [
        "SQL Injection",
        "SQL Injection- Full"
      ],
      "exploitable_locations": [
        {
          "type": "url",
          "value": "https://gbt.miclientool.com/nbf/pag/ajax-exec.php",
          "assets_na": false,
          "assets_uids": [
            "66f479971bda4f6dc28a7459"
          ],
          "created_at": 1727306116,
          "status": "wont_fix"
        },
        {
          "type": "app-location",
          "value": "\\web\\datos\\proyecto\\Evento::ajaxGenerarGantt",
          "created_at": 1727306116,
          "status": "wont_fix"
        }
      ]
    },
    {
      "categories": [
        "SQL Injection",
        "SQL Injection- Full"
      ],
      "exploitable_locations": [
        {
          "type": "url",
          "value": "https://gbt.miclientool.com/nbf/pag/ajax-exec.php",
          "assets_uids": [
            "66f479971bda4f6dc28a7459"
          ],
          "created_at": 1727306121,
          "status": "wont_fix"
        }
      ]
    },
    {
      "categories": [
        "SQL Injection",
        "SQL Injection- Full"
      ],
      "exploitable_locations": [
        {
          "type": "url",
          "value": "https://mieventool.com/nbf/pag/ajax-exec.php",
          "assets_na": false,
          "assets_uids": [
            "666220a7825c11376c9e626a"
          ],
          "created_at": 1727383427,
          "status": "pending"
        }
      ]
    },
    {
      "categories": [
        "SQL Injection",
        "SQL Injection- Full"
      ],
      "exploitable_locations": [
        {
          "type": "url",
          "value": "https://mieventool.com/nbf/pag/ajax-exec.php",
          "assets_na": false,
          "assets_uids": [
            "666220a7825c11376c9e626a"
          ],
          "created_at": 1727383437,
          "status": "wont_fix"
        },
        {
          "type": "app-location",
          "value": "datos\\evento\\EventoParticipantesCampo::ajaxComprobarCampoDuplicado",
          "created_at": 1727383437,
          "status": "wont_fix"
        }
      ]
    },
    {
      "categories": [
        "Authentication/Session Management",
        "Default Credentials - Admin"
      ],
      "exploitable_locations": [
        {
          "type": "url",
          "value": "https://ebiz.hrgnorthamerica.com/TripPass/login.aspx",
          "assets_na": false,
          "assets_uids": [
            "6662203045c86f8718f86293"
          ],
          "created_at": 1727400222,
          "status": "fixed"
        }
      ]
    },
    {
      "categories": [
        "Information Disclosure",
        "Leaked Credentials (Low Privilege)"
      ],
      "exploitable_locations": [
        {
          "type": "url",
          "value": "https://fsgateway.amexgbt.com",
          "assets_na": false,
          "assets_uids": [
            "6662204745c86f8718f862a2"
          ],
          "created_at": 1732045554,
          "status": "fixed"
        }
      ]
    },
    {
      "categories": [
        "Cross-Site Scripting (XSS)",
        "Reflected XSS"
      ],
      "exploitable_locations": [
        {
          "type": "url",
          "value": "https://www.egencia.com/en/libraries/pdf.js/web/viewer.html",
          "assets_na": false,
          "assets_uids": [
            "6662210c825c11376c9e62a1"
          ],
          "created_at": 1718221144,
          "status": "pending"
        },
        {
          "type": "url",
          "value": "https://www.egencia.fr/en/libraries/pdf.js/web/viewer.html",
          "assets_na": false,
          "assets_uids": [
            "6662211245c86f8718f862d8"
          ],
          "created_at": 1718221144,
          "status": "pending"
        }
      ]
    },
    {
      "categories": [
        "Authentication/Session Management",
        "Default Credentials Non-Admin"
      ],
      "exploitable_locations": [
        {
          "type": "url",
          "value": "https://media.ovationtravel.com/",
          "assets_na": false,
          "assets_uids": [
            "6662209945c86f8718f862bb"
          ],
          "created_at": 1735639510,
          "status": "pending"
        }
      ]
    },
    {
      "categories": [
        "Brute Force",
        "Bypass of Rate Limiting Protections (i.e. CAPTCHA)"
      ],
      "exploitable_locations": [
        {
          "type": "url",
          "value": "https://www.mytravelsolution.com/",
          "assets_na": false,
          "assets_uids": [
            "676af860140c5fa8fd976a56"
          ],
          "created_at": 1735989558,
          "status": "wont_fix"
        },
        {
          "type": "url",
          "value": "https://www.mytravelsolution.com/api/LoginApiController/Login",
          "assets_na": false,
          "assets_uids": [
            "676af860140c5fa8fd976a56"
          ],
          "created_at": 1735989558,
          "status": "wont_fix"
        }
      ]
    },
    {
      "categories": [
        "Brute Force",
        "Bypass of Rate Limiting Protections (i.e. CAPTCHA)"
      ],
      "exploitable_locations": [
        {
          "type": "url",
          "value": "https://www.meetingssource.com/",
          "assets_na": false,
          "assets_uids": [
            "66d9de924d8c7b4a7faad8c5"
          ],
          "created_at": 1735994800,
          "status": "pending"
        }
      ]
    },
    {
      "categories": [
        "Brute Force",
        "Bypass of Rate Limiting Protections (i.e. CAPTCHA)"
      ],
      "exploitable_locations": [
        {
          "type": "url",
          "value": "https://www.egencia.com/auth/v1/accessToken",
          "assets_na": false,
          "assets_uids": [
            "6662210c825c11376c9e62a1"
          ],
          "created_at": 1736104819,
          "status": "pending"
        }
      ]
    },
    {
      "categories": [
        "Content Injection",
        "Spoof HTML Content"
      ],
      "exploitable_locations": [
        {
          "type": "url",
          "value": "https://www.meetingssource.com/nbf/pag/ajax-exec.php",
          "assets_na": false,
          "assets_uids": [
            "676af8405d49f83ae77d5926"
          ],
          "created_at": 1736025414,
          "status": "pending"
        }
      ]
    },
    {
      "categories": [
        "Information Disclosure",
        "Unverifiable Credentials"
      ],
      "exploitable_locations": [
        {
          "type": "url",
          "value": "https://www.meetingssource.com/.env.pro",
          "assets_na": false,
          "assets_uids": [
            "676af8405d49f83ae77d5926"
          ],
          "created_at": 1736026442,
          "status": "pending"
        }
      ]
    },
    {
      "categories": [
        "Information Disclosure",
        "Unverifiable Credentials"
      ],
      "exploitable_locations": [
        {
          "type": "url",
          "value": "https://www.meetingssource.com/.env.qa",
          "assets_na": false,
          "assets_uids": [
            "676af8405d49f83ae77d5926"
          ],
          "created_at": 1736026440,
          "status": "pending"
        }
      ]
    },
    {
      "categories": [
        "Information Disclosure",
        "Unverifiable Credentials"
      ],
      "exploitable_locations": [
        {
          "type": "url",
          "value": "https://www.meetingssource.com/.env.des",
          "assets_na": false,
          "assets_uids": [
            "676af8405d49f83ae77d5926"
          ],
          "created_at": 1736029397,
          "status": "pending"
        },
        {
          "type": "url",
          "value": "https://www.meetingssource.com/.env.pre",
          "assets_na": false,
          "assets_uids": [
            "676af8405d49f83ae77d5926"
          ],
          "created_at": 1736029397,
          "status": "pending"
        }
      ]
    },
    {
      "categories": [
        "Functional/Business Logic",
        "Unvalidated Redirect Bypass"
      ],
      "exploitable_locations": [
        {
          "type": "url",
          "value": "https://www.egencia.com/pub/agent.dll",
          "assets_na": false,
          "assets_uids": [
            "6662210c825c11376c9e62a1"
          ],
          "created_at": 1719641597,
          "status": "wont_fix"
        }
      ]
    },
    {
      "categories": [
        "SQL Injection",
        "SQL Injection- Full"
      ],
      "exploitable_locations": [
        {
          "type": "url",
          "value": "https://ebiz.hrgnorthamerica.com/TripPass/mlogin.aspx",
          "assets_na": false,
          "assets_uids": [
            "6662203045c86f8718f86296"
          ],
          "created_at": 1736143032,
          "status": "pending"
        },
        {
          "type": "url",
          "value": "https://ebiz.hrgnorthamerica.com/TripPass/mlogin.aspx",
          "assets_na": false,
          "assets_uids": [
            "6662203045c86f8718f86296"
          ],
          "created_at": 1736143032,
          "status": "pending"
        }
      ]
    },
    {
      "categories": [
        "Functional/Business Logic",
        "Client Side Validation"
      ],
      "exploitable_locations": [
        {
          "type": "url",
          "value": "https://neoplay.mykds.com/signup",
          "assets_na": false,
          "assets_uids": [
            "676af4af140c5fa8fd976a19"
          ],
          "created_at": 1736354868,
          "status": "wont_fix"
        }
      ]
    },
    {
      "categories": [
        "Brute Force",
        "Bypass of Rate Limiting Protections (i.e. CAPTCHA)"
      ],
      "exploitable_locations": [
        {
          "type": "url",
          "value": "https://hrg-isuite.com/Logon/message/LoginFailed",
          "assets_na": false,
          "assets_uids": [
            "66ea0d6d981df328f065276a"
          ],
          "created_at": 1736358734,
          "status": "pending"
        }
      ]
    },
    {
      "categories": [
        "Authorization/Permissions",
        "Server Side Request Forgery(SSRF)- Limited"
      ],
      "exploitable_locations": [
        {
          "type": "url",
          "value": "https://globalportal.amexgbt.com/DnnImageHandler.ashx",
          "assets_na": false,
          "assets_uids": [
            "6662205545c86f8718f862a7"
          ],
          "created_at": 1738853751,
          "status": "pending"
        }
      ]
    },
    {
      "categories": [
        "SQL Injection",
        "SQL Injection- Full"
      ],
      "exploitable_locations": [
        {
          "type": "url",
          "value": "https://pc.supplierstool.com/",
          "assets_na": false,
          "assets_uids": [
            "666220bd45c86f8718f862ce"
          ],
          "created_at": 1719641992,
          "status": "fixed"
        }
      ]
    },
    {
      "categories": [
        "Authorization/Permissions",
        "Server Side Request Forgery(SSRF)- Limited"
      ],
      "exploitable_locations": [
        {
          "type": "url",
          "value": "https://hrg-isuite.com/DnnImageHandler.ashx",
          "assets_na": false,
          "assets_uids": [
            "676afce4140c5fa8fd976a5e"
          ],
          "created_at": 1738853827,
          "status": "pending"
        }
      ]
    },
    {
      "categories": [
        "Authorization/Permissions",
        "Server Side Request Forgery(SSRF)- Limited"
      ],
      "exploitable_locations": [
        {
          "type": "url",
          "value": "https://hrgisuite.com/DnnImageHandler.ashx",
          "assets_na": false,
          "assets_uids": [
            "676af334140c5fa8fd976a05"
          ],
          "created_at": 1738853881,
          "status": "pending"
        }
      ]
    },
    {
      "categories": [
        "SQL Injection",
        "SQL Injection- Full"
      ],
      "exploitable_locations": [
        {
          "type": "url",
          "value": "https://supplierstool.com/nbf/pag/ajax-exec.php",
          "assets_na": false,
          "assets_uids": [
            "666220c345c86f8718f862d3"
          ],
          "created_at": 1719646591,
          "status": "fixed"
        }
      ]
    },
    {
      "categories": [
        "SQL Injection",
        "SQL Injection- Full"
      ],
      "exploitable_locations": [
        {
          "type": "url",
          "value": "https://pc.supplierstool.com/nbf/pag/ajax-exec.php",
          "assets_na": false,
          "assets_uids": [
            "666220bd45c86f8718f862ce"
          ],
          "created_at": 1719646781,
          "status": "fixed"
        }
      ]
    },
    {
      "categories": [
        "Brute Force",
        "Bypass of Rate Limiting Protections (i.e. CAPTCHA)"
      ],
      "exploitable_locations": [
        {
          "type": "url",
          "value": "https://www.meetingssource.com/base/pag/ajax-exec.php",
          "assets_na": false,
          "assets_uids": [
            "66d9de924d8c7b4a7faad8c2"
          ],
          "created_at": 1725637086,
          "status": "wont_fix"
        }
      ]
    },
    {
      "categories": [
        "SQL Injection",
        "SQL Injection- Full"
      ],
      "exploitable_locations": [
        {
          "type": "url",
          "value": "https://www.meetingssource.com/base/pag/ajax-exec.php",
          "assets_na": false,
          "assets_uids": [
            "66d9de924d8c7b4a7faad8c2"
          ],
          "created_at": 1726308991,
          "status": "pending"
        },
        {
          "type": "other",
          "value": "func=\\pc\\datos\\pc\\Seccion::ajaxNavegacionSecciones",
          "created_at": 1726308991,
          "status": "pending"
        }
      ]
    },
    {
      "categories": [
        "SQL Injection",
        "SQL Injection- Full"
      ],
      "exploitable_locations": [
        {
          "type": "url",
          "value": "https://www.meetingssource.com/base/pag/ajax-exec.php",
          "assets_uids": [
            "66d9de924d8c7b4a7faad8c2"
          ],
          "created_at": 1726308921,
          "status": "pending"
        },
        {
          "type": "other",
          "value": "func=\\datos\\usuario\\usuarios::ajaxComprobarEmailUsuario",
          "created_at": 1726308921,
          "status": "pending"
        }
      ]
    },
    {
      "categories": [
        "SQL Injection",
        "SQL Injection- Full"
      ],
      "exploitable_locations": [
        {
          "type": "url",
          "value": "https://www.meetingssource.com/base/pag/ajax-exec.php",
          "assets_na": false,
          "assets_uids": [
            "66d9de924d8c7b4a7faad8c2"
          ],
          "created_at": 1726308907,
          "status": "pending"
        },
        {
          "type": "other",
          "value": "func=\\datos\\usuario\\usuarios::ajaxComprobarSiCorreoDistinto",
          "created_at": 1726308907,
          "status": "pending"
        }
      ]
    },
    {
      "categories": [
        "SQL Injection",
        "SQL Injection- Full"
      ],
      "exploitable_locations": [
        {
          "type": "url",
          "value": "https://www.meetingssource.com/base/pag/ajax-exec.php",
          "assets_uids": [
            "66d9de924d8c7b4a7faad8c5"
          ],
          "created_at": 1726308927,
          "status": "pending"
        },
        {
          "type": "other",
          "value": "func=%5cpc%5cdatos%5cpc%5cSeccion::ajaxNavegar",
          "created_at": 1726308927,
          "status": "pending"
        }
      ]
    }
  ]
}