{
  "listing_id": "buzg11ih4g",
  "type": "categories",
  "value": [
    {
      "categories": [
        "Content Injection",
        "XML External Entity (XXE)- Full"
      ],
      "exploitable_locations": [
        {
          "type": "url",
          "value": "https://webreporting.hrgnorthamerica.com/biprws/logon/long",
          "assets_na": false,
          "assets_uids": [
            "66621fa0825c11376c9e6248"
          ],
          "created_at": 1739391227,
          "status": "pending"
        }
      ]
    }
  ]
}