{
  "listing_id": "c1crckfqlm",
  "type": "categories",
  "value": [
    {
      "categories": [
        "Remote Execution",
        "**Application Layer Entry**"
      ],
      "exploitable_locations": [
        {
          "type": "url",
          "value": "https://sdcidcapi.pizzahut.com.sg",
          "created_at": 1594074614,
          "status": "pending"
        }
      ]
    },
    {
      "categories": [
        "Information Disclosure",
        "Sensitive API Keys"
      ],
      "exploitable_locations": [
        {
          "type": "url",
          "value": "https://pizzahut.com.pe/js/app.444714158a363e76f674.js",
          "created_at": 1594114523,
          "status": "pending"
        },
        {
          "type": "url",
          "value": "https://pizzahut.com.pe/js/0.e9eea5dc826a4849fe45.js",
          "created_at": 1594114523,
          "status": "pending"
        }
      ]
    },
    {
      "categories": [
        "Authentication/Session Management",
        "Default Credentials(OLD DNU)"
      ],
      "exploitable_locations": [
        {
          "type": "url",
          "value": "https://sdcidcapi.pizzahut.com.sg/foam_uat/mms/home#!/dashboard",
          "created_at": 1594153752,
          "status": "pending"
        }
      ]
    },
    {
      "categories": [
        "Functional/Business Logic",
        "Client Side Validation"
      ],
      "exploitable_locations": [
        {
          "type": "url",
          "value": "https://apisae1.phdvasia.com/v1/product-customer/customers",
          "created_at": 1596903279,
          "status": "pending"
        }
      ]
    },
    {
      "categories": [
        "Information Disclosure",
        "Sensitive API Keys"
      ],
      "exploitable_locations": [
        {
          "type": "url",
          "value": "https://callcenter.pizzahut.com.br/",
          "created_at": 1599258793,
          "status": "pending"
        }
      ]
    },
    {
      "categories": [
        "Information Disclosure",
        "Sensitive API Keys"
      ],
      "exploitable_locations": [
        {
          "type": "url",
          "value": "https://www.pizzahut.com.my/",
          "created_at": 1599285957,
          "status": "pending"
        }
      ]
    },
    {
      "categories": [
        "Information Disclosure",
        "Sensitive API Keys"
      ],
      "exploitable_locations": [
        {
          "type": "url",
          "value": "https://pizzahut.com.br/",
          "created_at": 1599287130,
          "status": "pending"
        }
      ]
    },
    {
      "categories": [
        "Information Disclosure",
        "Sensitive API Keys"
      ],
      "exploitable_locations": [
        {
          "type": "url",
          "value": "https://pizzahut.com.br/",
          "created_at": 1599289289,
          "status": "pending"
        }
      ]
    },
    {
      "categories": [
        "Information Disclosure",
        "Sensitive API Keys"
      ],
      "exploitable_locations": [
        {
          "type": "url",
          "value": "https://callcenter.pizzahut.com.br/",
          "created_at": 1599332776,
          "status": "pending"
        }
      ]
    },
    {
      "categories": [
        "Information Disclosure",
        "Sensitive API Keys"
      ],
      "exploitable_locations": [
        {
          "type": "url",
          "value": "https://delivery.pizzahut.com.br/",
          "created_at": 1599333172,
          "status": "pending"
        }
      ]
    },
    {
      "categories": [
        "Information Disclosure",
        "Sensitive API Keys"
      ],
      "exploitable_locations": [
        {
          "type": "url",
          "value": "https://www.pizzahut.com.my/",
          "created_at": 1599333582,
          "status": "pending"
        }
      ]
    },
    {
      "categories": [
        "Information Disclosure",
        "Sensitive API Keys"
      ],
      "exploitable_locations": [
        {
          "type": "url",
          "value": "https://www.pizzahut.com.br/",
          "created_at": 1599411079,
          "status": "pending"
        },
        {
          "type": "url",
          "value": "https://maps.googleapis.com/maps/api/geocode/json",
          "created_at": 1599411079,
          "status": "pending"
        },
        {
          "type": "url",
          "value": "https://github.com/ozguralp/gmapsapiscanner",
          "created_at": 1599411079,
          "status": "pending"
        }
      ]
    },
    {
      "categories": [
        "Authorization/Permissions",
        "Access/Privacy Control Violation"
      ],
      "exploitable_locations": [
        {
          "type": "url",
          "value": "https://www.pizzahut.com.br",
          "created_at": 1599456113,
          "status": "pending"
        },
        {
          "type": "url",
          "value": "https://pizzahut.com.br",
          "created_at": 1599456113,
          "status": "pending"
        },
        {
          "type": "url",
          "value": "https://callcenter.pizzahut.com.br",
          "created_at": 1599456113,
          "status": "pending"
        },
        {
          "type": "url",
          "value": "https://mail.pizzahut.com.br",
          "created_at": 1599456113,
          "status": "pending"
        },
        {
          "type": "url",
          "value": "https://delivery.pizzahut.com.br",
          "created_at": 1599456113,
          "status": "pending"
        }
      ]
    },
    {
      "categories": [
        "SQL Injection",
        "**Blind**"
      ],
      "exploitable_locations": [
        {
          "type": "url",
          "value": "https://mk.pizzahut.jp/faq",
          "created_at": 1583495396,
          "status": "pending"
        }
      ]
    },
    {
      "categories": [
        "Information Disclosure",
        "Sensitive API Keys"
      ],
      "exploitable_locations": [
        {
          "type": "url",
          "value": "https://pizzahut.jp/js/app.e95a9c1bf0d553491471.js",
          "created_at": 1599481308,
          "status": "pending"
        }
      ]
    },
    {
      "categories": [
        "Information Disclosure",
        "Sensitive API Keys"
      ],
      "exploitable_locations": [
        {
          "type": "url",
          "value": "https://pizzahut.jp/js/0.97312b7f509e4e44da91.js",
          "created_at": 1599482624,
          "status": "pending"
        }
      ]
    },
    {
      "categories": [
        "Cross-site Request Forgery (CSRF)",
        "**CSRF Account Takeover**"
      ],
      "exploitable_locations": [
        {
          "type": "url",
          "value": "https://pizzahut.com.br/Customer/EditCustomer",
          "created_at": 1599494386,
          "status": "pending"
        }
      ]
    },
    {
      "categories": [
        "Other",
        "Other - Please describe"
      ],
      "exploitable_locations": [
        {
          "type": "other",
          "value": "/",
          "created_at": 1599547169,
          "status": "pending"
        }
      ]
    },
    {
      "categories": [
        "Authorization/Permissions",
        "Access/Privacy Control Violation"
      ],
      "exploitable_locations": [
        {
          "type": "url",
          "value": "http://promospider.pizzahut.com.br/phpmyadmin/",
          "created_at": 1599562191,
          "status": "pending"
        }
      ]
    },
    {
      "categories": [
        "Information Disclosure",
        "Sensitive Directory/File Contents Disclosed"
      ],
      "exploitable_locations": [
        {
          "type": "url",
          "value": "http://promospider.pizzahut.com.br/_uploads/",
          "created_at": 1599562280,
          "status": "pending"
        }
      ]
    },
    {
      "categories": [
        "Cross-Site Scripting (XSS)",
        "**Persistent XSS**"
      ],
      "exploitable_locations": [
        {
          "type": "url",
          "value": "http://m.crm.pizzahut.com.sg/files/search/process-today.php",
          "created_at": 1583506682,
          "status": "pending"
        }
      ]
    },
    {
      "categories": [
        "Information Disclosure",
        "Sensitive Directory/File Contents Disclosed"
      ],
      "exploitable_locations": [
        {
          "type": "url",
          "value": "https://media.pizzahut.jp/wp-content/debug.log",
          "created_at": 1599916922,
          "status": "pending"
        }
      ]
    },
    {
      "categories": [
        "Information Disclosure",
        "Sensitive API Keys"
      ],
      "exploitable_locations": [
        {
          "type": "url",
          "value": "https://maps.googleapis.com/maps/api/staticmap",
          "created_at": 1603565345,
          "status": "pending"
        }
      ]
    },
    {
      "categories": [
        "Functional/Business Logic",
        "Functionality Abuse with Malicious Impact"
      ],
      "exploitable_locations": [
        {
          "type": "url",
          "value": "https://www.pizzahut.com.ph/login",
          "created_at": 1604981237,
          "status": "pending"
        }
      ]
    },
    {
      "categories": [
        "Functional/Business Logic",
        "Functionality Abuse with Malicious Impact"
      ],
      "exploitable_locations": [
        {
          "type": "url",
          "value": "https://www.hut1150.com/checkout-order",
          "created_at": 1607000734,
          "status": "pending"
        }
      ]
    },
    {
      "categories": [
        "Authorization/Permissions",
        "Access/Privacy Control Violation"
      ],
      "exploitable_locations": [
        {
          "type": "url",
          "value": "https://www.kuwait.pizzahut.me/login",
          "created_at": 1611397181,
          "status": "pending"
        }
      ]
    },
    {
      "categories": [
        "Information Disclosure",
        "Sensitive Information Leak to third-parties"
      ],
      "exploitable_locations": [
        {
          "type": "ip",
          "protocol": "tcp",
          "address": "49.128.41.73",
          "port": "135",
          "created_at": 1612197305,
          "status": "pending"
        },
        {
          "type": "ip",
          "protocol": "tcp",
          "address": "49.128.41.73",
          "port": "445",
          "created_at": 1612197305,
          "status": "pending"
        }
      ]
    },
    {
      "categories": [
        "Information Disclosure",
        "Sensitive API Keys"
      ],
      "exploitable_locations": [
        {
          "type": "other",
          "value": "Please see the attached file api_key_javascript_locations.txt for locations and keys",
          "created_at": 1613368139,
          "status": "pending"
        }
      ]
    },
    {
      "categories": [
        "Content Injection",
        "**Spoof HTML Content**"
      ],
      "exploitable_locations": [
        {
          "type": "other",
          "value": "The vulnerability is being sent to the email address.",
          "created_at": 1613600166,
          "status": "pending"
        }
      ]
    },
    {
      "categories": [
        "Functional/Business Logic",
        "Unvalidated Redirects"
      ],
      "exploitable_locations": [
        {
          "type": "url",
          "value": "https://apiapse1.phdvasia.com/",
          "created_at": 1613773994,
          "status": "pending"
        }
      ]
    },
    {
      "categories": [
        "Information Disclosure",
        "Sensitive API Keys"
      ],
      "exploitable_locations": [
        {
          "type": "other",
          "value": "AIzaSyCdFWGFkmt3ROtGpvk-Y7ySHo9x4U9FoJY ",
          "created_at": 1617046527,
          "status": "pending"
        }
      ]
    },
    {
      "categories": [
        "Information Disclosure",
        "Sensitive API Keys"
      ],
      "exploitable_locations": [
        {
          "type": "other",
          "value": "AIzaSyCAX4WCvKtcohcDU36dJwcj1POdPYqnuwU",
          "created_at": 1617130076,
          "status": "pending"
        }
      ]
    },
    {
      "categories": [
        "Information Disclosure",
        "Sensitive API Keys"
      ],
      "exploitable_locations": [
        {
          "type": "other",
          "value": "AIzaSyAWBctgbej54pi4S96uw0IpQRYOSC9hpT4",
          "created_at": 1617131668,
          "status": "pending"
        }
      ]
    },
    {
      "categories": [
        "Information Disclosure",
        "Sensitive API Keys"
      ],
      "exploitable_locations": [
        {
          "type": "other",
          "value": "AIzaSyC7by8rqUbuDbM4eJogW4tONHZzl66D5CA",
          "created_at": 1617132791,
          "status": "pending"
        }
      ]
    },
    {
      "categories": [
        "Information Disclosure",
        "Sensitive API Keys"
      ],
      "exploitable_locations": [
        {
          "type": "other",
          "value": "AIzaSyB4fqFEktsIHnxmjpQexAI0dAseQfokk6o",
          "created_at": 1617135971,
          "status": "pending"
        }
      ]
    },
    {
      "categories": [
        "Information Disclosure",
        "Sensitive API Keys"
      ],
      "exploitable_locations": [
        {
          "type": "url",
          "value": "https://kidsworkshop.pizzahut.com.sg/kidsworkshop/static/js/app.8eb3ec776d09e94629b2.js",
          "created_at": 1617563967,
          "status": "pending"
        }
      ]
    },
    {
      "categories": [
        "Information Disclosure",
        "Sensitive Source Code"
      ],
      "exploitable_locations": [
        {
          "type": "url",
          "value": "http://m.crm.pizzahut.com.sg/info.php",
          "created_at": 1583521633,
          "status": "pending"
        }
      ]
    },
    {
      "categories": [
        "Cross-Site Scripting (XSS)",
        "**Reflected XSS (OLD DNU)**"
      ],
      "exploitable_locations": [
        {
          "type": "url",
          "value": "https://pizzahut-st.pizzahut.jp",
          "created_at": 1627887105,
          "status": "pending"
        }
      ]
    },
    {
      "categories": [
        "Cross-Site Scripting (XSS)",
        "**Reflected XSS (OLD DNU)**"
      ],
      "exploitable_locations": [
        {
          "type": "url",
          "value": "https://pizzahut-st.pizzahut.jp/7/0/33/1d/www.citysearch.com/search",
          "created_at": 1628374692,
          "status": "pending"
        }
      ]
    },
    {
      "categories": [
        "Remote Execution",
        "**Other Technique**"
      ],
      "exploitable_locations": [
        {
          "type": "url",
          "value": "https://autodiscover.pizzahut.com.mx/",
          "created_at": 1629033121,
          "status": "pending"
        },
        {
          "type": "url",
          "value": "https://mail.pizzahut.com.mx/",
          "created_at": 1629033121,
          "status": "pending"
        }
      ]
    },
    {
      "categories": [
        "Cross-Site Scripting (XSS)",
        "**Reflected XSS (OLD DNU)**"
      ],
      "exploitable_locations": [
        {
          "type": "url",
          "value": "http://pizzahut-st.pizzahut.jp/7/0/33/1d/www.citysearch.com/search",
          "created_at": 1629140883,
          "status": "pending"
        }
      ]
    },
    {
      "categories": [
        "Information Disclosure",
        "Sensitive Client Information Disclosed"
      ],
      "exploitable_locations": [
        {
          "type": "url",
          "value": "https://media.pizzahut.jp/wp-content/debug.log",
          "created_at": 1629484676,
          "status": "pending"
        }
      ]
    },
    {
      "categories": [
        "Information Disclosure",
        "Sensitive API Keys"
      ],
      "exploitable_locations": [
        {
          "type": "url",
          "value": "https://pebeta.phdvasia.com/js/1.3bf050d0748bf38c851a.js",
          "created_at": 1583521866,
          "status": "pending"
        },
        {
          "type": "url",
          "value": "https://pebeta.phdvasia.com/js/app.9e672bab7167ba2b4c15.js",
          "created_at": 1583521866,
          "status": "pending"
        },
        {
          "type": "url",
          "value": "https://brbeta.phdvasia.com/js/app.ae2c646a8ba6a802d465.js",
          "created_at": 1583521866,
          "status": "pending"
        },
        {
          "type": "url",
          "value": "https://brbeta.phdvasia.com/js/0.42f6827aede02fc0f41c.js",
          "created_at": 1583521866,
          "status": "pending"
        }
      ]
    },
    {
      "categories": [
        "Cross-Site Scripting (XSS)",
        "Reflected XSS"
      ],
      "exploitable_locations": [
        {
          "type": "url",
          "value": "https://pizzahut-st.pizzahut.jp/7/0/33/1d/www.citysearch.com/search",
          "created_at": 1629485096,
          "status": "pending"
        }
      ]
    },
    {
      "categories": [
        "Information Disclosure",
        "Sensitive Client Information Disclosed"
      ],
      "exploitable_locations": [
        {
          "type": "url",
          "value": "https://www.pepsico.com.cn/test.php",
          "created_at": 1629489951,
          "status": "pending"
        }
      ]
    },
    {
      "categories": [
        "Information Disclosure",
        "Sensitive API Keys"
      ],
      "exploitable_locations": [
        {
          "type": "url",
          "value": "https://brbeta.phdvasia.com/js/app.2592c423.js",
          "created_at": 1630264364,
          "status": "pending"
        }
      ]
    },
    {
      "categories": [
        "Authorization/Permissions",
        "Server Side Request Forgery(SSRF)- Full"
      ],
      "exploitable_locations": [
        {
          "type": "url",
          "value": "https://autodiscover.pizzahut.com.mx/",
          "created_at": 1630496865,
          "status": "pending"
        },
        {
          "type": "url",
          "value": "https://mail.pizzahut.com.mx/",
          "created_at": 1630496865,
          "status": "pending"
        }
      ]
    },
    {
      "categories": [
        "Authentication/Session Management",
        "SSO Authentication Bypass"
      ],
      "exploitable_locations": [
        {
          "type": "url",
          "value": "https://pizzahut.com.mx",
          "created_at": 1630501530,
          "status": "pending"
        }
      ]
    },
    {
      "categories": [
        "Cross-Site Scripting (XSS)",
        "Reflected XSS"
      ],
      "exploitable_locations": [
        {
          "type": "url",
          "value": "https://PIZZAHUT-ST.PIZZAHUT.JP",
          "created_at": 1631049822,
          "status": "pending"
        }
      ]
    },
    {
      "categories": [
        "Authorization/Permissions",
        "Server Side Request Forgery(SSRF)- Full"
      ],
      "exploitable_locations": [
        {
          "type": "url",
          "value": "https://mail.pizzahut.com.mx",
          "created_at": 1632408249,
          "status": "pending"
        }
      ]
    },
    {
      "categories": [
        "Cross-Site Scripting (XSS)",
        "Reflected XSS"
      ],
      "exploitable_locations": [
        {
          "type": "url",
          "value": "https://mail.pizzahut.com.mx",
          "created_at": 1632409728,
          "status": "pending"
        }
      ]
    },
    {
      "categories": [
        "Cross-Site Scripting (XSS)",
        "Reflected XSS"
      ],
      "exploitable_locations": [
        {
          "type": "url",
          "value": "https://autodiscover.pizzahut.com.m",
          "created_at": 1632409838,
          "status": "pending"
        }
      ]
    },
    {
      "categories": [
        "Authorization/Permissions",
        "Server Side Request Forgery(SSRF)- Full"
      ],
      "exploitable_locations": [
        {
          "type": "url",
          "value": "https://autodiscover.pizzahut.com.mx",
          "created_at": 1632410093,
          "status": "pending"
        }
      ]
    },
    {
      "categories": [
        "Cross-Site Scripting (XSS)",
        "Reflected XSS"
      ],
      "exploitable_locations": [
        {
          "type": "url",
          "value": "http://pizzahut-st.pizzahut.jp",
          "created_at": 1632413869,
          "status": "pending"
        }
      ]
    },
    {
      "categories": [
        "Cross-Site Scripting (XSS)",
        "Reflected XSS"
      ],
      "exploitable_locations": [
        {
          "type": "url",
          "value": "http://autodiscover.pizzahut.com.mx/autodiscover/autodiscover.json",
          "created_at": 1636783683,
          "status": "pending"
        }
      ]
    },
    {
      "categories": [
        "Cross-Site Scripting (XSS)",
        "Reflected XSS"
      ],
      "exploitable_locations": [
        {
          "type": "url",
          "value": "https://mail.pizzahut.com.mx/autodiscover/autodiscover.json",
          "created_at": 1636784579,
          "status": "pending"
        }
      ]
    },
    {
      "categories": [
        "Server/Application Misconfiguration",
        "Unclaimed Domain In Use"
      ],
      "exploitable_locations": [
        {
          "type": "url",
          "value": "https://apiapse2cf.phdvasia.com",
          "created_at": 1636939567,
          "status": "pending"
        },
        {
          "type": "url",
          "value": "http://apiapse2cf.phdvasia.com",
          "created_at": 1636939567,
          "status": "pending"
        }
      ]
    },
    {
      "categories": [
        "Information Disclosure",
        "Service Version Disclosed"
      ],
      "exploitable_locations": [
        {
          "type": "url",
          "value": "https://old.pizzahut.com.mx/",
          "created_at": 1638137003,
          "status": "pending"
        }
      ]
    },
    {
      "categories": [
        "Authentication/Session Management",
        "Account Enumeration"
      ],
      "exploitable_locations": [
        {
          "type": "url",
          "value": "https://corp.pizzahut.jp/",
          "created_at": 1639730584,
          "status": "pending"
        }
      ]
    },
    {
      "categories": [
        "Cross-Site Scripting (XSS)",
        "Reflected XSS"
      ],
      "exploitable_locations": [
        {
          "type": "url",
          "value": "https://mail.pizzahut.com.mx/owa/auth/frowny.aspx",
          "created_at": 1642480016,
          "status": "pending"
        }
      ]
    },
    {
      "categories": [
        "Cross-Site Scripting (XSS)",
        "Reflected XSS"
      ],
      "exploitable_locations": [
        {
          "type": "url",
          "value": "http://ecoupon.pizzahut.com.sg/coupon-cms/portal/login.jsp",
          "created_at": 1642486634,
          "status": "pending"
        },
        {
          "type": "url",
          "value": "http://ecoupon.pizzahut.com.sg/coupon-cms/portal/forgot-password.jsp",
          "created_at": 1642486634,
          "status": "pending"
        }
      ]
    },
    {
      "categories": [
        "Cross-site Request Forgery (CSRF)",
        "CSRF-Low"
      ],
      "exploitable_locations": [
        {
          "type": "url",
          "value": "http://ecoupon.pizzahut.com.sg/coupon-cms/servlet/LoginServlet",
          "created_at": 1642488071,
          "status": "pending"
        },
        {
          "type": "url",
          "value": "http://ecoupon.pizzahut.com.sg/coupon-cms/servlet/ResetPasswordServlet",
          "created_at": 1642488071,
          "status": "pending"
        }
      ]
    },
    {
      "categories": [
        "Authorization/Permissions",
        "Access/Privacy Control Violation"
      ],
      "exploitable_locations": [
        {
          "type": "url",
          "value": "https://www.kuwait.pizzahut.me/register",
          "created_at": 1642885582,
          "status": "pending"
        }
      ]
    },
    {
      "categories": [
        "Functional/Business Logic",
        "Improper Input Validation"
      ],
      "exploitable_locations": [
        {
          "type": "url",
          "value": "https://apiapse2.phdvasia.com/v1/",
          "created_at": 1650122911,
          "status": "pending"
        }
      ]
    },
    {
      "categories": [
        "Functional/Business Logic",
        "Unvalidated Redirects"
      ],
      "exploitable_locations": [
        {
          "type": "url",
          "value": "https://register.pizzahutpr.com",
          "created_at": 1650181710,
          "status": "pending"
        },
        {
          "type": "url",
          "value": "https://panthers.pizzahutpr.com",
          "created_at": 1650181710,
          "status": "pending"
        },
        {
          "type": "url",
          "value": "https://sao.pizzahutpr.com",
          "created_at": 1650181710,
          "status": "pending"
        },
        {
          "type": "url",
          "value": "https://prada.pizzahutpr.com",
          "created_at": 1650181710,
          "status": "pending"
        },
        {
          "type": "url",
          "value": "https://sjc1.pizzahutpr.com",
          "created_at": 1650181710,
          "status": "pending"
        },
        {
          "type": "url",
          "value": "https://pool-88-213-158.pizzahutpr.com",
          "created_at": 1650181710,
          "status": "pending"
        },
        {
          "type": "url",
          "value": "https://onr.pizzahutpr.com",
          "created_at": 1650181710,
          "status": "pending"
        },
        {
          "type": "url",
          "value": "https://ns30.pizzahutpr.com",
          "created_at": 1650181710,
          "status": "pending"
        },
        {
          "type": "url",
          "value": "https://cvm.pizzahutpr.com",
          "created_at": 1650181710,
          "status": "pending"
        },
        {
          "type": "url",
          "value": "https://i.pizzahutpr.com",
          "created_at": 1650181710,
          "status": "pending"
        },
        {
          "type": "url",
          "value": "https://history.pizzahutpr.com",
          "created_at": 1650181710,
          "status": "pending"
        },
        {
          "type": "url",
          "value": "https://209-113-213.pizzahutpr.com",
          "created_at": 1650181710,
          "status": "pending"
        },
        {
          "type": "url",
          "value": "https://a2c-250-227.pizzahutpr.com",
          "created_at": 1650181710,
          "status": "pending"
        },
        {
          "type": "url",
          "value": "https://austin.pizzahutpr.com",
          "created_at": 1650181710,
          "status": "pending"
        },
        {
          "type": "url",
          "value": "https://ads.pizzahutpr.com",
          "created_at": 1650181710,
          "status": "pending"
        },
        {
          "type": "url",
          "value": "https://host104.pizzahutpr.com",
          "created_at": 1650181710,
          "status": "pending"
        },
        {
          "type": "url",
          "value": "https://biotech.pizzahutpr.com",
          "created_at": 1650181710,
          "status": "pending"
        },
        {
          "type": "url",
          "value": "https://click21top.pizzahutpr.com",
          "created_at": 1650181710,
          "status": "pending"
        },
        {
          "type": "url",
          "value": "https://br1.pizzahutpr.com",
          "created_at": 1650181710,
          "status": "pending"
        },
        {
          "type": "url",
          "value": "https://bnvl.pizzahutpr.com",
          "created_at": 1650181710,
          "status": "pending"
        },
        {
          "type": "url",
          "value": "https://242-static.pizzahutpr.com",
          "created_at": 1650181710,
          "status": "pending"
        },
        {
          "type": "url",
          "value": "https://hosting.pizzahutpr.com",
          "created_at": 1650181710,
          "status": "pending"
        },
        {
          "type": "url",
          "value": "https://host-131.pizzahutpr.com",
          "created_at": 1650181710,
          "status": "pending"
        },
        {
          "type": "url",
          "value": "https://ehs.pizzahutpr.com",
          "created_at": 1650181710,
          "status": "pending"
        },
        {
          "type": "url",
          "value": "https://hiho.pizzahutpr.com",
          "created_at": 1650181710,
          "status": "pending"
        },
        {
          "type": "url",
          "value": "https://hao.pizzahutpr.com",
          "created_at": 1650181710,
          "status": "pending"
        },
        {
          "type": "url",
          "value": "https://host-106.pizzahutpr.com",
          "created_at": 1650181710,
          "status": "pending"
        },
        {
          "type": "url",
          "value": "https://doi.pizzahutpr.com",
          "created_at": 1650181710,
          "status": "pending"
        },
        {
          "type": "url",
          "value": "https://cust53.pizzahutpr.com",
          "created_at": 1650181710,
          "status": "pending"
        },
        {
          "type": "url",
          "value": "https://bodybuilding.pizzahutpr.com",
          "created_at": 1650181710,
          "status": "pending"
        },
        {
          "type": "url",
          "value": "https://093.pizzahutpr.com",
          "created_at": 1650181710,
          "status": "pending"
        },
        {
          "type": "url",
          "value": "https://host-133.pizzahutpr.com",
          "created_at": 1650181710,
          "status": "pending"
        },
        {
          "type": "url",
          "value": "https://katalog.pizzahutpr.com",
          "created_at": 1650181710,
          "status": "pending"
        },
        {
          "type": "url",
          "value": "https://mail11.pizzahutpr.com",
          "created_at": 1650181710,
          "status": "pending"
        },
        {
          "type": "url",
          "value": "https://mailfilter.pizzahutpr.com",
          "created_at": 1650181710,
          "status": "pending"
        },
        {
          "type": "url",
          "value": "https://karina.pizzahutpr.com",
          "created_at": 1650181710,
          "status": "pending"
        },
        {
          "type": "url",
          "value": "https://kite.pizzahutpr.com",
          "created_at": 1650181710,
          "status": "pending"
        },
        {
          "type": "url",
          "value": "https://mdacc.pizzahutpr.com",
          "created_at": 1650181710,
          "status": "pending"
        },
        {
          "type": "url",
          "value": "https://mail-old.pizzahutpr.com",
          "created_at": 1650181710,
          "status": "pending"
        },
        {
          "type": "url",
          "value": "https://mark.pizzahutpr.com",
          "created_at": 1650181710,
          "status": "pending"
        },
        {
          "type": "url",
          "value": "https://mobile1.pizzahutpr.com",
          "created_at": 1650181710,
          "status": "pending"
        },
        {
          "type": "url",
          "value": "https://mat.pizzahutpr.com",
          "created_at": 1650181710,
          "status": "pending"
        },
        {
          "type": "url",
          "value": "https://isd.pizzahutpr.com",
          "created_at": 1650181710,
          "status": "pending"
        },
        {
          "type": "url",
          "value": "https://molly.pizzahutpr.com",
          "created_at": 1650181710,
          "status": "pending"
        },
        {
          "type": "url",
          "value": "https://i11.pizzahutpr.com",
          "created_at": 1650181710,
          "status": "pending"
        },
        {
          "type": "url",
          "value": "https://mta-sts.mail.pizzahutpr.com",
          "created_at": 1650181710,
          "status": "pending"
        },
        {
          "type": "url",
          "value": "https://i03-9.pizzahutpr.com",
          "created_at": 1650181710,
          "status": "pending"
        },
        {
          "type": "url",
          "value": "https://imis.pizzahutpr.com",
          "created_at": 1650181710,
          "status": "pending"
        },
        {
          "type": "url",
          "value": "https://nasjax.pizzahutpr.com",
          "created_at": 1650181710,
          "status": "pending"
        },
        {
          "type": "url",
          "value": "https://iep.pizzahutpr.com",
          "created_at": 1650181710,
          "status": "pending"
        },
        {
          "type": "url",
          "value": "https://natblock.pizzahutpr.com",
          "created_at": 1650181710,
          "status": "pending"
        },
        {
          "type": "url",
          "value": "https://ncsl.pizzahutpr.com",
          "created_at": 1650181710,
          "status": "pending"
        },
        {
          "type": "url",
          "value": "https://net167.pizzahutpr.com",
          "created_at": 1650181710,
          "status": "pending"
        }
      ]
    },
    {
      "categories": [
        "Cross-Site Scripting (XSS)",
        "Reflected XSS"
      ],
      "exploitable_locations": [
        {
          "type": "url",
          "value": "https://demosingapore.talentsolution.sg/job-search/fuzz-injection/en",
          "created_at": 1665113019,
          "status": "pending"
        }
      ]
    },
    {
      "categories": [
        "SQL Injection",
        "**Blind**"
      ],
      "exploitable_locations": [
        {
          "type": "url",
          "value": "https://mk.pizzahut.jp/faq",
          "created_at": 1583462614,
          "status": "pending"
        },
        {
          "type": "url",
          "value": "http://mk-st.pizzahut.jp/faq",
          "created_at": 1583462614,
          "status": "pending"
        }
      ]
    },
    {
      "categories": [
        "Cross-Site Scripting (XSS)",
        "Reflected XSS"
      ],
      "exploitable_locations": [
        {
          "type": "url",
          "value": "https://demosingapore.talentsolution.sg/injection",
          "created_at": 1665114021,
          "status": "pending"
        }
      ]
    },
    {
      "categories": [
        "Cross-site Request Forgery (CSRF)",
        "CSRF-Low"
      ],
      "exploitable_locations": [
        {
          "type": "url",
          "value": "https://demosingapore.talentsolution.sg/resume/removeavatar",
          "created_at": 1665120890,
          "status": "pending"
        }
      ]
    },
    {
      "categories": [
        "Information Disclosure",
        "Sensitive Client Information Disclosed"
      ],
      "exploitable_locations": [
        {
          "type": "url",
          "value": "https://apisae1.phdvasia.com/v1/product-order-be/orders/3583856c-3c10-4458-9aa6-d5f8e6589cfa",
          "assets_na": false,
          "assets_uids": [
            "5f03904a9e40ab00011fc97a"
          ],
          "created_at": 1698942233,
          "status": "pending"
        }
      ]
    },
    {
      "categories": [
        "Information Disclosure",
        "Sensitive Client Information Disclosed"
      ],
      "exploitable_locations": [
        {
          "type": "url",
          "value": "https://pizzahutpr.com/tracker-order/3583856c-3c10-4458-9aa6-d5f8e6589cfa",
          "assets_na": false,
          "assets_uids": [
            "5f03902a9e40ab00011fc976"
          ],
          "created_at": 1698957745,
          "status": "pending"
        }
      ]
    },
    {
      "categories": [
        "Information Disclosure",
        "Sensitive Client Information Disclosed"
      ],
      "exploitable_locations": [
        {
          "type": "url",
          "value": "https://www.pizzahut.co.nz/tracker-order/08cbc601-7eb6-49ac-a342-64ffc263cc7d",
          "assets_na": false,
          "assets_uids": [
            "5e5578c3cb8d5600019ea4a3"
          ],
          "created_at": 1698963904,
          "status": "pending"
        }
      ]
    },
    {
      "categories": [
        "SQL Injection",
        "**Blind**"
      ],
      "exploitable_locations": [
        {
          "type": "url",
          "value": "http://m.crm.pizzahut.com.sg/files/process-ajax.php",
          "created_at": 1583531213,
          "status": "pending"
        }
      ]
    },
    {
      "categories": [
        "Information Disclosure",
        "Sensitive Client Information Disclosed"
      ],
      "exploitable_locations": [
        {
          "type": "url",
          "value": "https://www.kuwait.pizzahut.me/tracker-order/e8296b46-b257-4125-9322-2da99c6bc672",
          "assets_na": false,
          "assets_uids": [
            "5e5578f8cb8d5600019ea4a7"
          ],
          "created_at": 1698999747,
          "status": "pending"
        },
        {
          "type": "url",
          "value": "https://www.pizzahut.co.nz/tracker-order/08cbc601-7eb6-49ac-a342-64ffc263cc7d",
          "assets_na": false,
          "assets_uids": [
            "5e5578c3cb8d5600019ea4a3"
          ],
          "created_at": 1698999747,
          "status": "pending"
        },
        {
          "type": "url",
          "value": "https://www.pizzahut.co.nz/tracker-order/6b2fa744-28c7-4039-b327-6c65790920b2",
          "assets_na": false,
          "assets_uids": [
            "5e5578c3cb8d5600019ea4a3"
          ],
          "created_at": 1698999747,
          "status": "pending"
        },
        {
          "type": "url",
          "value": "https://pizzahutpr.com/tracker-order/3583856c-3c10-4458-9aa6-d5f8e6589cfa",
          "assets_na": false,
          "assets_uids": [
            "5f03902a9e40ab00011fc976"
          ],
          "created_at": 1698999747,
          "status": "pending"
        },
        {
          "type": "url",
          "value": "https://apisae1.phdvasia.com/v1/product-order-be/orders/3583856c-3c10-4458-9aa6-d5f8e6589cfa",
          "assets_na": false,
          "assets_uids": [
            "5f03904a9e40ab00011fc97a"
          ],
          "created_at": 1698999747,
          "status": "pending"
        }
      ]
    },
    {
      "categories": [
        "Denial-of-service (DoS)",
        "Unintended DoS Downtime Report"
      ],
      "exploitable_locations": [
        {
          "type": "url",
          "value": "https://www.pizzahut.com.pe/ph_pe/storefront/graphql",
          "assets_na": true,
          "assets_uids": [],
          "created_at": 1701839340,
          "status": "pending"
        }
      ]
    },
    {
      "categories": [
        "Cross-Site Scripting (XSS)",
        "Persistent XSS"
      ],
      "exploitable_locations": [
        {
          "type": "url",
          "value": "https://pizzahut.com.mx/profile",
          "assets_na": false,
          "assets_uids": [
            "5f03900c8cdf3d00018c39ae"
          ],
          "created_at": 1730262186,
          "status": "pending"
        },
        {
          "type": "url",
          "value": "https://apisae1.phdvasia.com/v1/product-customer/customers",
          "assets_na": false,
          "assets_uids": [
            "5f03904a9e40ab00011fc97a"
          ],
          "created_at": 1730262186,
          "status": "pending"
        }
      ]
    },
    {
      "categories": [
        "SQL Injection",
        "SQL Injection- Full"
      ],
      "exploitable_locations": [
        {
          "type": "url",
          "value": "https://apiapse2.phdvasia.com/v1/product-order-be/list-orders-by-user",
          "assets_na": false,
          "assets_uids": [
            "66c33e834d9bf539eb658850"
          ],
          "created_at": 1730309128,
          "status": "pending"
        }
      ]
    },
    {
      "categories": [
        "Content Injection",
        "Spoof HTML Content"
      ],
      "exploitable_locations": [
        {
          "type": "url",
          "value": "https://apiapse1.phdvasia.com",
          "assets_na": false,
          "assets_uids": [
            "5e5578975095830001ff8c3f"
          ],
          "created_at": 1730515400,
          "status": "pending"
        }
      ]
    },
    {
      "categories": [
        "Cross-Site Scripting (XSS)",
        "**Reflected XSS (OLD DNU)**"
      ],
      "exploitable_locations": [
        {
          "type": "url",
          "value": "http://m.crm.pizzahut.com.sg/files/process-ajax.php",
          "created_at": 1583531931,
          "status": "pending"
        }
      ]
    },
    {
      "categories": [
        "Authorization/Permissions",
        "Insecure Direct Object Reference (Read & Write)"
      ],
      "exploitable_locations": [
        {
          "type": "url",
          "value": "http://1war1y0px0.execute-api.ap-southeast-1.amazonaws.com",
          "assets_na": false,
          "assets_uids": [
            "5e55787c5095830001ff8c3b"
          ],
          "created_at": 1738529891,
          "status": "pending"
        }
      ]
    },
    {
      "categories": [
        "Cross-Site Scripting (XSS)",
        "**Reflected XSS (OLD DNU)**"
      ],
      "exploitable_locations": [
        {
          "type": "url",
          "value": "http://m.crm.pizzahut.com.sg/files/process-ajax.php",
          "created_at": 1583531939,
          "status": "pending"
        }
      ]
    },
    {
      "categories": [
        "SQL Injection",
        "**Blind**"
      ],
      "exploitable_locations": [
        {
          "type": "url",
          "value": "http://m.crm.pizzahut.com.sg/files/quicksms/process-ajax.php",
          "created_at": 1583532680,
          "status": "pending"
        }
      ]
    },
    {
      "categories": [
        "Information Disclosure",
        "Sensitive Source Code"
      ],
      "exploitable_locations": [
        {
          "type": "url",
          "value": "http://m.crm.pizzahut.com.sg/files/quicksms/process-ajax.php~",
          "created_at": 1583533896,
          "status": "pending"
        }
      ]
    },
    {
      "categories": [
        "Authentication/Session Management",
        "Login Authentication Bypass"
      ],
      "exploitable_locations": [
        {
          "type": "url",
          "value": "http://sdcidcapi.pizzahut.com.sg",
          "created_at": 1583538154,
          "status": "pending"
        },
        {
          "type": "url",
          "value": "https://ework.kfc.com.sg/ework/admin/",
          "created_at": 1583538154,
          "status": "pending"
        }
      ]
    },
    {
      "categories": [
        "Content Injection",
        "**Spoof HTML Content**"
      ],
      "exploitable_locations": [
        {
          "type": "url",
          "value": "https://media.pizzahut.jp/",
          "created_at": 1583539786,
          "status": "pending"
        }
      ]
    },
    {
      "categories": [
        "Information Disclosure",
        "Sensitive API Keys"
      ],
      "exploitable_locations": [
        {
          "type": "url",
          "value": "https://pizzahut.jp/js/app.[long HEX number].js",
          "created_at": 1583608928,
          "status": "pending"
        }
      ]
    },
    {
      "categories": [
        "Information Disclosure",
        "Sensitive API Keys"
      ],
      "exploitable_locations": [
        {
          "type": "url",
          "value": "https://www.pizzahut.co.nz/js/app.6991f36417d4759efd91.js",
          "created_at": 1583618123,
          "status": "pending"
        }
      ]
    },
    {
      "categories": [
        "Functional/Business Logic",
        "Functionality Abuse with Malicious Impact"
      ],
      "exploitable_locations": [
        {
          "type": "url",
          "value": "http://m.crm.pizzahut.com.sg/files/downloadreport/download.php",
          "created_at": 1583642219,
          "status": "pending"
        }
      ]
    },
    {
      "categories": [
        "SQL Injection",
        "**Blind**"
      ],
      "exploitable_locations": [
        {
          "type": "url",
          "value": "http://m.crm.pizzahut.com.sg/files/themes/process-ajax.php",
          "created_at": 1583644867,
          "status": "pending"
        }
      ]
    },
    {
      "categories": [
        "Cross-Site Scripting (XSS)",
        "**Reflected XSS (OLD DNU)**"
      ],
      "exploitable_locations": [
        {
          "type": "url",
          "value": "http://m.crm.pizzahut.com.sg/files/downloadreport/process-ajax.php",
          "created_at": 1583645435,
          "status": "pending"
        }
      ]
    },
    {
      "categories": [
        "Authorization/Permissions",
        "Access/Privacy Control Violation"
      ],
      "exploitable_locations": [
        {
          "type": "url",
          "value": "http://m.crm.pizzahut.com.sg/files/contacts/process-ajax.php",
          "created_at": 1583648440,
          "status": "pending"
        }
      ]
    },
    {
      "categories": [
        "Cross-Site Scripting (XSS)",
        "**Reflected XSS (OLD DNU)**"
      ],
      "exploitable_locations": [
        {
          "type": "url",
          "value": "http://m.crm.pizzahut.com.sg/files/contacts/process-ajax.php",
          "created_at": 1583648906,
          "status": "pending"
        }
      ]
    },
    {
      "categories": [
        "Authentication/Session Management",
        "Login Authentication Bypass"
      ],
      "exploitable_locations": [
        {
          "type": "url",
          "value": "http://m.crm.pizzahut.com.sg/files/",
          "created_at": 1583652575,
          "status": "pending"
        }
      ]
    },
    {
      "categories": [
        "Cross-Site Scripting (XSS)",
        "**Persistent XSS**"
      ],
      "exploitable_locations": [
        {
          "type": "url",
          "value": "http://m.crm.pizzahut.com.sg/files/",
          "created_at": 1583653231,
          "status": "pending"
        }
      ]
    },
    {
      "categories": [
        "Cross-Site Scripting (XSS)",
        "**Persistent XSS**"
      ],
      "exploitable_locations": [
        {
          "type": "url",
          "value": "http://m.crm.pizzahut.com.sg/files/trackurl/process-ajax.php",
          "created_at": 1583653818,
          "status": "pending"
        }
      ]
    },
    {
      "categories": [
        "Cross-site Request Forgery (CSRF)",
        "**CSRF Protection Missing**"
      ],
      "exploitable_locations": [
        {
          "type": "url",
          "value": "http://m.crm.pizzahut.com.sg/files/*",
          "created_at": 1583654593,
          "status": "pending"
        }
      ]
    },
    {
      "categories": [
        "Information Disclosure",
        "Directory Contents Disclosed"
      ],
      "exploitable_locations": [
        {
          "type": "url",
          "value": "https://pizzahutsg.s3.amazonaws.com/",
          "created_at": 1583668668,
          "status": "pending"
        }
      ]
    },
    {
      "categories": [
        "Authorization/Permissions",
        "Access/Privacy Control Violation"
      ],
      "exploitable_locations": [
        {
          "type": "url",
          "value": "https://sdcidcapi.pizzahut.com.sg/ework/admin/login",
          "created_at": 1583689752,
          "status": "pending"
        }
      ]
    },
    {
      "categories": [
        "Information Disclosure",
        "Sensitive API Keys"
      ],
      "exploitable_locations": [
        {
          "type": "url",
          "value": "https://mydev.phdvasia.com/js/1.fcf2866748e10a5f5d1f.js",
          "created_at": 1583699390,
          "status": "pending"
        }
      ]
    },
    {
      "categories": [
        "Information Disclosure",
        "Sensitive API Keys"
      ],
      "exploitable_locations": [
        {
          "type": "url",
          "value": "https://mydev.phdvasia.com/js/1.fcf2866748e10a5f5d1f.js",
          "created_at": 1583699481,
          "status": "pending"
        }
      ]
    },
    {
      "categories": [
        "Information Disclosure",
        "Sensitive Client Information Disclosed"
      ],
      "exploitable_locations": [
        {
          "type": "url",
          "value": "https://static-ph1.s3.ap-southeast-1.amazonaws.com/",
          "created_at": 1583764212,
          "status": "pending"
        }
      ]
    },
    {
      "categories": [
        "Information Disclosure",
        "Directory Structure Enumeration"
      ],
      "exploitable_locations": [
        {
          "type": "url",
          "value": "http://m.crm.pizzahut.com.sg/files/file-upload/check.php",
          "created_at": 1583800631,
          "status": "pending"
        }
      ]
    },
    {
      "categories": [
        "Remote Execution",
        "**Unrestricted File Upload**"
      ],
      "exploitable_locations": [
        {
          "type": "url",
          "value": "http://m.crm.pizzahut.com.sg/files/process-ajax.php",
          "created_at": 1583826735,
          "status": "pending"
        }
      ]
    },
    {
      "categories": [
        "Cross-Site Scripting (XSS)",
        "**Reflected XSS (OLD DNU)**"
      ],
      "exploitable_locations": [
        {
          "type": "url",
          "value": "http://m.crm.pizzahut.com.sg/files/classes/previewFile.php",
          "created_at": 1583827432,
          "status": "pending"
        }
      ]
    },
    {
      "categories": [
        "Information Disclosure",
        "Sensitive Directory/File Contents Disclosed"
      ],
      "exploitable_locations": [
        {
          "type": "url",
          "value": "https://media.pizzahut.jp//wp-content/debug.log",
          "created_at": 1583902530,
          "status": "pending"
        }
      ]
    },
    {
      "categories": [
        "Authorization/Permissions",
        "Access/Privacy Control Violation"
      ],
      "exploitable_locations": [
        {
          "type": "other",
          "value": "/sso/auth/login",
          "created_at": 1584120841,
          "status": "pending"
        }
      ]
    },
    {
      "categories": [
        "Information Disclosure",
        "Sensitive Source Code"
      ],
      "exploitable_locations": [
        {
          "type": "file",
          "value": "/files/home/process-ajax.php~",
          "created_at": 1584225050,
          "status": "pending"
        },
        {
          "type": "file",
          "value": "http://m.crm.pizzahut.com.sg/api/index.php~",
          "created_at": 1584225050,
          "status": "pending"
        },
        {
          "type": "file",
          "value": ".htaccess",
          "created_at": 1584225050,
          "status": "pending"
        }
      ]
    },
    {
      "categories": [
        "SQL Injection",
        "**Blind**"
      ],
      "exploitable_locations": [
        {
          "type": "url",
          "value": "http://m.crm.pizzahut.com.sg/files/process-ajax.php",
          "created_at": 1584257561,
          "status": "pending"
        }
      ]
    },
    {
      "categories": [
        "Information Disclosure",
        "Sensitive API Keys"
      ],
      "exploitable_locations": [
        {
          "type": "url",
          "value": "https://www.pizzahut.co.nz/js/app.afdc0a0c71336aec48da.js",
          "created_at": 1584291625,
          "status": "pending"
        },
        {
          "type": "url",
          "value": "https://nzbeta.phdvasia.com/js/app.afdc0a0c71336aec48da.js",
          "created_at": 1584291625,
          "status": "pending"
        },
        {
          "type": "url",
          "value": "https://nzbeta.phdvasia.com/js/1.d6dff5238645339ac795.js",
          "created_at": 1584291625,
          "status": "pending"
        }
      ]
    },
    {
      "categories": [
        "SQL Injection",
        "**Blind**"
      ],
      "exploitable_locations": [
        {
          "type": "url",
          "value": "https://mk.pizzahut.jp/faq",
          "created_at": 1584298993,
          "status": "pending"
        }
      ]
    },
    {
      "categories": [
        "Authorization/Permissions",
        "Insecure Direct Object Reference"
      ],
      "exploitable_locations": [
        {
          "type": "url",
          "value": "https://apiapse2.phdvasia.com/v1/product-customer/check-customer-social-exist",
          "created_at": 1584382044,
          "status": "pending"
        }
      ]
    },
    {
      "categories": [
        "Information Disclosure",
        "Sensitive Directory/File Contents Disclosed"
      ],
      "exploitable_locations": [
        {
          "type": "url",
          "value": "https://media.pizzahut.jp/wp-content/debug.log",
          "created_at": 1584445485,
          "status": "pending"
        }
      ]
    },
    {
      "categories": [
        "SQL Injection",
        "**Blind**"
      ],
      "exploitable_locations": [
        {
          "type": "file",
          "value": "/faq",
          "created_at": 1584495719,
          "status": "pending"
        }
      ]
    },
    {
      "categories": [
        "Authorization/Permissions",
        "Access/Privacy Control Violation"
      ],
      "exploitable_locations": [
        {
          "type": "url",
          "value": "https://apiapse1.phdvasia.com/v1/product-customer/login",
          "created_at": 1584533771,
          "status": "pending"
        }
      ]
    },
    {
      "categories": [
        "Authorization/Permissions",
        "Insecure Direct Object Reference"
      ],
      "exploitable_locations": [
        {
          "type": "url",
          "value": "https://apiapse1.phdvasia.com/v1/product-customer/login",
          "created_at": 1584538351,
          "status": "pending"
        }
      ]
    },
    {
      "categories": [
        "Information Disclosure",
        "Sensitive Source Code"
      ],
      "exploitable_locations": [
        {
          "type": "url",
          "value": "http://m.crm.pizzahut.com.sg/include/constants.php~",
          "created_at": 1584707029,
          "status": "pending"
        }
      ]
    },
    {
      "categories": [
        "Authentication/Session Management",
        "Default Credentials(OLD DNU)"
      ],
      "exploitable_locations": [
        {
          "type": "url",
          "value": "http://m.crm.pizzahut.com.sg/files/",
          "created_at": 1584716396,
          "status": "pending"
        }
      ]
    },
    {
      "categories": [
        "Information Disclosure",
        "Software Version Disclosed"
      ],
      "exploitable_locations": [
        {
          "type": "url",
          "value": "https://corp.pizzahut.jp/wp-json/wp/v2/users/",
          "created_at": 1584721562,
          "status": "pending"
        }
      ]
    },
    {
      "categories": [
        "Authorization/Permissions",
        "Access/Privacy Control Violation"
      ],
      "exploitable_locations": [
        {
          "type": "url",
          "value": "http://m.crm.pizzahut.com.sg/files/*",
          "created_at": 1584723960,
          "status": "pending"
        }
      ]
    },
    {
      "categories": [
        "Authentication/Session Management",
        "Default Credentials(OLD DNU)"
      ],
      "exploitable_locations": [
        {
          "type": "url",
          "value": "http://m.crm.pizzahut.com.sg/files/",
          "created_at": 1584874814,
          "status": "pending"
        }
      ]
    },
    {
      "categories": [
        "Information Disclosure",
        "Sensitive Source Code"
      ],
      "exploitable_locations": [
        {
          "type": "url",
          "value": "http://m.crm.pizzahut.com.sg/include/constants.php~",
          "created_at": 1584909549,
          "status": "pending"
        },
        {
          "type": "url",
          "value": "http://m.crm.pizzahut.com.sg/api/sms.php~",
          "created_at": 1584909549,
          "status": "pending"
        },
        {
          "type": "url",
          "value": "http://m.crm.pizzahut.com.sg/api/index.php~",
          "created_at": 1584909549,
          "status": "pending"
        },
        {
          "type": "url",
          "value": "http://m.crm.pizzahut.com.sg/api/db.php~",
          "created_at": 1584909549,
          "status": "pending"
        }
      ]
    },
    {
      "categories": [
        "SQL Injection",
        "**Blind**"
      ],
      "exploitable_locations": [
        {
          "type": "url",
          "value": "http://m.crm.pizzahut.com.sg/api/index.php",
          "created_at": 1584909969,
          "status": "pending"
        }
      ]
    },
    {
      "categories": [
        "SQL Injection",
        "**Blind**"
      ],
      "exploitable_locations": [
        {
          "type": "url",
          "value": "http://m.crm.pizzahut.com.sg/api/index.php",
          "created_at": 1584914087,
          "status": "pending"
        }
      ]
    },
    {
      "categories": [
        "SQL Injection",
        "**Blind**"
      ],
      "exploitable_locations": [
        {
          "type": "url",
          "value": "https://mk.pizzahut.jp/faq",
          "created_at": 1585163173,
          "status": "pending"
        }
      ]
    },
    {
      "categories": [
        "Cross-Site Scripting (XSS)",
        "**Persistent XSS**"
      ],
      "exploitable_locations": [
        {
          "type": "url",
          "value": "http://mk.pizzahut.jp/survey/api/survey/078fcd8d-bd0d-4cfe-981d-e075e020ae2b",
          "created_at": 1585591379,
          "status": "pending"
        }
      ]
    },
    {
      "categories": [
        "Information Disclosure",
        "Sensitive API Keys"
      ],
      "exploitable_locations": [
        {
          "type": "url",
          "value": "https://brbeta.phdvasia.com/js/app.21daa75e6a948a85b071.js",
          "created_at": 1587405777,
          "status": "pending"
        }
      ]
    },
    {
      "categories": [
        "Information Disclosure",
        "Sensitive API Keys"
      ],
      "exploitable_locations": [
        {
          "type": "url",
          "value": "https://brdev.phdvasia.com/js/app.452cbb797b23a058a5e3.js",
          "created_at": 1587406660,
          "status": "pending"
        }
      ]
    },
    {
      "categories": [
        "Information Disclosure",
        "Sensitive API Keys"
      ],
      "exploitable_locations": [
        {
          "type": "url",
          "value": "https://fcds.phdvasia.com/js/0.2a143c64f0b65f8a0c65.js",
          "created_at": 1587441778,
          "status": "pending"
        }
      ]
    },
    {
      "categories": [
        "Information Disclosure",
        "Sensitive API Keys"
      ],
      "exploitable_locations": [
        {
          "type": "url",
          "value": "https://fcds.phdvasia.com/js/app.69cd803ab353e8c4d751.js",
          "created_at": 1587597947,
          "status": "pending"
        }
      ]
    },
    {
      "categories": [
        "Information Disclosure",
        "Sensitive API Keys"
      ],
      "exploitable_locations": [
        {
          "type": "url",
          "value": "https://brdev.phdvasia.com/js/app.452cbb797b23a058a5e3.js",
          "created_at": 1587598517,
          "status": "pending"
        }
      ]
    },
    {
      "categories": [
        "Content Injection",
        "**Spoof HTML Content**"
      ],
      "exploitable_locations": [
        {
          "type": "url",
          "value": "https://media.pizzahut.jp/",
          "created_at": 1587600556,
          "status": "pending"
        }
      ]
    },
    {
      "categories": [
        "Information Disclosure",
        "Sensitive Client Information Disclosed"
      ],
      "exploitable_locations": [
        {
          "type": "url",
          "value": "https://media.pizzahut.jp/wp-content/debug.log",
          "created_at": 1587601387,
          "status": "pending"
        }
      ]
    },
    {
      "categories": [
        "Authorization/Permissions",
        "Access/Privacy Control Violation"
      ],
      "exploitable_locations": [
        {
          "type": "url",
          "value": "https://corp.pizzahut.jp/",
          "created_at": 1589176086,
          "status": "pending"
        }
      ]
    },
    {
      "categories": [
        "Information Disclosure",
        "Sensitive API Keys"
      ],
      "exploitable_locations": [
        {
          "type": "url",
          "value": "https://kuwait.pizzahut.me/js/app.b0def4471bf96c7de85e.js",
          "created_at": 1592947707,
          "status": "pending"
        }
      ]
    },
    {
      "categories": [
        "Cross-Site Scripting (XSS)",
        "**Reflected XSS (OLD DNU)**"
      ],
      "exploitable_locations": [
        {
          "type": "url",
          "value": "http://ecoupon.pizzahut.com.sg/",
          "created_at": 1593815928,
          "status": "pending"
        }
      ]
    },
    {
      "categories": [
        "Cross-Site Scripting (XSS)",
        "**Reflected XSS (OLD DNU)**"
      ],
      "exploitable_locations": [
        {
          "type": "url",
          "value": "http://ecoupon.pizzahut.com.sg/",
          "created_at": 1593816470,
          "status": "pending"
        }
      ]
    },
    {
      "categories": [
        "Information Disclosure",
        "Sensitive API Keys"
      ],
      "exploitable_locations": [
        {
          "type": "url",
          "value": "https://pizzahut.com.mx/js/app.7f989ca4abe1248915c7.js",
          "created_at": 1594071400,
          "status": "pending"
        }
      ]
    },
    {
      "categories": [
        "Information Disclosure",
        "Sensitive API Keys"
      ],
      "exploitable_locations": [
        {
          "type": "url",
          "value": "https://pizzahutpr.com/js/app.0d69610c38921a70376e.js",
          "created_at": 1594071715,
          "status": "pending"
        }
      ]
    },
    {
      "categories": [
        "Information Disclosure",
        "Sensitive API Keys"
      ],
      "exploitable_locations": [
        {
          "type": "url",
          "value": "https://pizzahutpr.com/js/1.ca4c40f2f3ec05d60e79.js",
          "created_at": 1594071994,
          "status": "pending"
        }
      ]
    },
    {
      "categories": [
        "Information Disclosure",
        "Sensitive API Keys"
      ],
      "exploitable_locations": [
        {
          "type": "url",
          "value": "https://pizzahut.com.pe/js/app.444714158a363e76f674.js",
          "created_at": 1594072344,
          "status": "pending"
        }
      ]
    }
  ]
}