{
  "listing_id": "cs5muehlbw",
  "type": "categories",
  "value": [
    {
      "categories": [
        "Information Disclosure",
        "Sensitive Source Code"
      ],
      "exploitable_locations": [
        {
          "type": "url",
          "value": "https://ext.jawwy.sa/includes/{FILE_NAME}.inc",
          "assets_na": false,
          "assets_uids": [
            "67841c702bdddf5e01093b06"
          ],
          "created_at": 1739771112,
          "status": "pending"
        }
      ]
    }
  ]
}