{
  "listing_id": "cs5muehlbw",
  "type": "categories",
  "value": [
    {
      "categories": [
        "Information Disclosure",
        "Sensitive Client Information Disclosed"
      ],
      "exploitable_locations": [
        {
          "type": "url",
          "value": "https://www.jawwy.sa/content/.xml",
          "assets_na": false,
          "assets_uids": [
            "bb2ed0a27c2526403b76fc8f"
          ],
          "created_at": 1716706347,
          "status": "pending"
        },
        {
          "type": "url",
          "value": "https://www.jawwy.sa/content.childrenlist.json",
          "assets_na": false,
          "assets_uids": [
            "bb2ed0a27c2526403b76fc8f"
          ],
          "created_at": 1716706347,
          "status": "pending"
        }
      ]
    },
    {
      "categories": [
        "Information Disclosure",
        "Unverifiable Credentials"
      ],
      "exploitable_locations": [
        {
          "type": "url",
          "value": "https://www.jawwy.sa/etc.clientlibs/jawwy/clientlibs/jawwy-react-app.min.js.pagespeed.ce.qJjyA771Hy.js",
          "assets_na": false,
          "assets_uids": [
            "bb2ed0a27c2526403b76fc8f"
          ],
          "created_at": 1718838522,
          "status": "pending"
        }
      ]
    },
    {
      "categories": [
        "Information Disclosure",
        "Sensitive Client Information Disclosed"
      ],
      "exploitable_locations": [
        {
          "type": "url",
          "value": "https://www.jawwy.sa/etc.clientlibs/jawwy/clientlibs/jawwy-react-app.min.js.pagespeed.ce.t5SSgxI5nm.js",
          "assets_na": false,
          "assets_uids": [
            "bb2ed0a27c2526403b76fc8f"
          ],
          "created_at": 1728052726,
          "status": "pending"
        }
      ]
    },
    {
      "categories": [
        "Functional/Business Logic",
        "Client Side Validation"
      ],
      "exploitable_locations": [
        {
          "type": "url",
          "value": "https://sso.jawwy.sa/profile/updateProfileDetails",
          "created_at": 1661945868,
          "status": "pending"
        },
        {
          "type": "url",
          "value": "https://sso.jawwy.sa/profile",
          "created_at": 1661945868,
          "status": "pending"
        },
        {
          "type": "url",
          "value": "https://www.jawwy.sa/en/personal-area/profile",
          "created_at": 1661945868,
          "status": "pending"
        },
        {
          "type": "url",
          "value": "https://www.jawwy.sa/<lang>/personal-area/profile",
          "created_at": 1661945868,
          "status": "pending"
        }
      ]
    },
    {
      "categories": [
        "SQL Injection",
        "SQL Injection- Full"
      ],
      "exploitable_locations": [
        {
          "type": "url",
          "value": "https://community.jawwy.sa/vnivq83628/api/2.0/search",
          "created_at": 1684510751,
          "status": "pending"
        }
      ]
    },
    {
      "categories": [
        "Server/Application Misconfiguration",
        "Cache poisoning"
      ],
      "exploitable_locations": [
        {
          "type": "url",
          "value": "https://www.jawwy.sa/en/sso-login",
          "assets_na": false,
          "assets_uids": [
            "6463408beeb0580ddcf72b9f"
          ],
          "created_at": 1685862247,
          "status": "pending"
        }
      ]
    },
    {
      "categories": [
        "Information Disclosure",
        "Sensitive API Keys"
      ],
      "exploitable_locations": [
        {
          "type": "file",
          "value": "https://www.jawwy.sa/ar/search#asd/community",
          "assets_na": false,
          "assets_uids": [
            "6463408beeb0580ddcf72b9f"
          ],
          "created_at": 1687434965,
          "status": "pending"
        }
      ]
    },
    {
      "categories": [
        "Functional/Business Logic",
        "Unvalidated Redirects"
      ],
      "exploitable_locations": [
        {
          "type": "url",
          "value": "https://www.jawwy.sa/ar/postLogin",
          "assets_na": false,
          "assets_uids": [
            "6463408beeb0580ddcf72b9f"
          ],
          "created_at": 1687696287,
          "status": "pending"
        }
      ]
    },
    {
      "categories": [
        "Cross-Site Scripting (XSS)",
        "Reflected XSS"
      ],
      "exploitable_locations": [
        {
          "type": "url",
          "value": "https://shop.jawwy.sa/postLogin",
          "assets_na": false,
          "assets_uids": [
            "6462360cbfe02d413a3d0fc1"
          ],
          "created_at": 1690364638,
          "status": "pending"
        }
      ]
    },
    {
      "categories": [
        "Functional/Business Logic",
        "Unvalidated Redirect Bypass"
      ],
      "exploitable_locations": [
        {
          "type": "url",
          "value": "https://shop.jawwy.sa/postLogin",
          "assets_na": true,
          "assets_uids": [],
          "created_at": 1691006015,
          "status": "pending"
        }
      ]
    },
    {
      "categories": [
        "Cross-site Request Forgery (CSRF)",
        "CSRF-Low"
      ],
      "exploitable_locations": [
        {
          "type": "url",
          "value": "https://shop.jawwy.sa/my_save_list/add_to_shopping_cart.json",
          "assets_na": false,
          "assets_uids": [
            "6462360cbfe02d413a3d0fc1"
          ],
          "created_at": 1693119717,
          "status": "pending"
        }
      ]
    },
    {
      "categories": [
        "Brute Force",
        "Bypass of Rate Limiting Protections (i.e. CAPTCHA)"
      ],
      "exploitable_locations": [
        {
          "type": "url",
          "value": "https://www.jawwy.sa/support-form-ajax-request",
          "assets_na": false,
          "assets_uids": [
            "6463408beeb0580ddcf72b9f"
          ],
          "created_at": 1693374446,
          "status": "pending"
        }
      ]
    },
    {
      "categories": [
        "Authorization/Permissions",
        "Access Control Violation (Low Privileged Functions-Read/Write or Write Only)"
      ],
      "exploitable_locations": [
        {
          "type": "url",
          "value": "https://cloud.stc.com.sa/v1/feedback/",
          "assets_na": false,
          "assets_uids": [
            "65d35a22d1dfce1d971d2d88"
          ],
          "created_at": 1708360244,
          "status": "pending"
        }
      ]
    },
    {
      "categories": [
        "Cross-Site Scripting (XSS)",
        "Persistent XSS"
      ],
      "exploitable_locations": [
        {
          "type": "url",
          "value": "https://www.jawwy.sa/ar/sso-login",
          "assets_na": false,
          "assets_uids": [
            "650d5b4345ab2dd39507f0c9"
          ],
          "created_at": 1696425900,
          "status": "pending"
        }
      ]
    },
    {
      "categories": [
        "Information Disclosure",
        "Sensitive Client Information Disclosed"
      ],
      "exploitable_locations": [
        {
          "type": "url",
          "value": "https://partnershub.stc.com.sa/cdn/phub/UG_REG_US.pdf",
          "assets_na": false,
          "assets_uids": [
            "650d5e0145ab2dd39507f0e4"
          ],
          "created_at": 1697475896,
          "status": "pending"
        }
      ]
    },
    {
      "categories": [
        "Authorization/Permissions",
        "Access Control Violation (Low Privileged Functions-Read Only)"
      ],
      "exploitable_locations": [
        {
          "type": "url",
          "value": "https://www.jawwy.sa/user/*",
          "assets_na": false,
          "assets_uids": [
            "650d5b4345ab2dd39507f0c6"
          ],
          "created_at": 1700323959,
          "status": "pending"
        }
      ]
    },
    {
      "categories": [
        "Cross-Site Scripting (XSS)",
        "DOM-based XSS"
      ],
      "exploitable_locations": [
        {
          "type": "url",
          "value": "https://pages.jawwy.sa/api/shopping/checkout.dev.php",
          "assets_na": false,
          "assets_uids": [
            "650d5b5945ab2dd39507f0cb"
          ],
          "created_at": 1700513154,
          "status": "pending"
        }
      ]
    },
    {
      "categories": [
        "Cross-Site Scripting (XSS)",
        "DOM-based XSS"
      ],
      "exploitable_locations": [
        {
          "type": "url",
          "value": "https://pages.jawwy.sa/landing/checkout.php",
          "assets_na": false,
          "assets_uids": [
            "650d5b5945ab2dd39507f0cb"
          ],
          "created_at": 1700519994,
          "status": "pending"
        }
      ]
    },
    {
      "categories": [
        "Information Disclosure",
        "Sensitive Client Information Disclosed"
      ],
      "exploitable_locations": [
        {
          "type": "url",
          "value": "https://www.jawwy.sa/user/1",
          "assets_na": false,
          "assets_uids": [
            "650d5b4345ab2dd39507f0c9"
          ],
          "created_at": 1696433655,
          "status": "pending"
        }
      ]
    },
    {
      "categories": [
        "Cross-Site Scripting (XSS)",
        "Reflected XSS"
      ],
      "exploitable_locations": [
        {
          "type": "url",
          "value": "https://pages.jawwy.sa/jawwycontrol/otp.php",
          "assets_na": false,
          "assets_uids": [
            "650d5b5945ab2dd39507f0cb"
          ],
          "created_at": 1700561564,
          "status": "pending"
        }
      ]
    },
    {
      "categories": [
        "Cross-Site Scripting (XSS)",
        "Reflected XSS"
      ],
      "exploitable_locations": [
        {
          "type": "url",
          "value": "https://pages.jawwy.sa/api/shopping/checkout.dev.php",
          "assets_na": false,
          "assets_uids": [
            "650d5b5945ab2dd39507f0cb"
          ],
          "created_at": 1700561706,
          "status": "pending"
        }
      ]
    },
    {
      "categories": [
        "Cross-Site Scripting (XSS)",
        "Reflected XSS"
      ],
      "exploitable_locations": [
        {
          "type": "url",
          "value": "https://www.jawwy.sa/ar/sso-login",
          "assets_na": false,
          "assets_uids": [
            "650d5b4345ab2dd39507f0c6"
          ],
          "created_at": 1701051223,
          "status": "pending"
        }
      ]
    },
    {
      "categories": [
        "Cross-Site Scripting (XSS)",
        "Reflected XSS"
      ],
      "exploitable_locations": [
        {
          "type": "url",
          "value": "https://register.jawwy.sa/api/shopping/cart.php",
          "assets_na": false,
          "assets_uids": [
            "65645b06967dbbdb3d193912"
          ],
          "created_at": 1701092275,
          "status": "pending"
        }
      ]
    },
    {
      "categories": [
        "Authorization/Permissions",
        "Insecure Direct Object Reference (Read & Write)"
      ],
      "exploitable_locations": [
        {
          "type": "url",
          "value": "https://sso.jawwy.sa/updateProfileDetails",
          "assets_na": false,
          "assets_uids": [
            "650d5badc0a78b4b341ceb73"
          ],
          "created_at": 1701125694,
          "status": "pending"
        }
      ]
    },
    {
      "categories": [
        "Content Injection",
        "Spoof HTML Content"
      ],
      "exploitable_locations": [
        {
          "type": "url",
          "value": "https://community.jawwy.sa/t5/forums/postpage.messageeditorform.form.form.form",
          "assets_na": false,
          "assets_uids": [
            "650d5a3bc0a78b4b341ceb47"
          ],
          "created_at": 1701264233,
          "status": "pending"
        }
      ]
    },
    {
      "categories": [
        "Functional/Business Logic",
        "Unvalidated Redirect Bypass"
      ],
      "exploitable_locations": [
        {
          "type": "url",
          "value": "https://community.jawwy.sa/vnivq83628/sso",
          "assets_na": false,
          "assets_uids": [
            "650d5a3bc0a78b4b341ceb4a"
          ],
          "created_at": 1702306790,
          "status": "pending"
        },
        {
          "type": "url",
          "value": "https://sso.jawwy.sa/redirect",
          "created_at": 1702306790,
          "status": "pending"
        }
      ]
    },
    {
      "categories": [
        "Information Disclosure",
        "Sensitive API Keys"
      ],
      "exploitable_locations": [
        {
          "type": "url",
          "value": "https://community.jawwy.sa",
          "assets_na": false,
          "assets_uids": [
            "650d5a3bc0a78b4b341ceb47",
            "650d5a3bc0a78b4b341ceb4a"
          ],
          "created_at": 1706544631,
          "status": "pending"
        }
      ]
    },
    {
      "categories": [
        "Information Disclosure",
        "Sensitive Directory/File Contents Disclosed"
      ],
      "exploitable_locations": [
        {
          "type": "url",
          "value": "https://pages.jawwy.sa/jawwycontrol/submit.php",
          "assets_na": false,
          "assets_uids": [
            "650d5b5945ab2dd39507f0cb"
          ],
          "created_at": 1707233331,
          "status": "pending"
        }
      ]
    },
    {
      "categories": [
        "Functional/Business Logic",
        "Improper Input Validation"
      ],
      "exploitable_locations": [
        {
          "type": "url",
          "value": "https://api.jawwy.sa/jwy-exp-shopping-cart-v1/shopping-carts/",
          "assets_na": false,
          "assets_uids": [
            "65670cd21717854cf403f4f6"
          ],
          "created_at": 1707253384,
          "status": "pending"
        }
      ]
    },
    {
      "categories": [
        "Authorization/Permissions",
        "Insecure Direct Object Reference (Read & Write)"
      ],
      "exploitable_locations": [
        {
          "type": "url",
          "value": "https://partnershub.stc.com.sa/partner-management/graphql",
          "assets_na": false,
          "assets_uids": [
            "650d5e0145ab2dd39507f0e4"
          ],
          "created_at": 1711854484,
          "status": "pending"
        }
      ]
    },
    {
      "categories": [
        "Authentication/Session Management",
        "Login Authentication Bypass"
      ],
      "exploitable_locations": [
        {
          "type": "url",
          "value": "https://sso.jawwy.sa/signin",
          "assets_na": false,
          "assets_uids": [
            "650d5badc0a78b4b341ceb73"
          ],
          "created_at": 1712203842,
          "status": "pending"
        }
      ]
    },
    {
      "categories": [
        "Information Disclosure",
        "Unverifiable Credentials"
      ],
      "exploitable_locations": [
        {
          "type": "url",
          "value": "https://dc.jawwy.sa/static/js/2.9b4fc89d.chunk.js",
          "assets_na": false,
          "assets_uids": [
            "650d5b2045ab2dd39507f0c1"
          ],
          "created_at": 1715110932,
          "status": "pending"
        }
      ]
    },
    {
      "categories": [
        "Information Disclosure",
        "Unverifiable Credentials"
      ],
      "exploitable_locations": [
        {
          "type": "url",
          "value": "https://dc.jawwy.sa/static/js/main.9b4fc89d.chunk.js",
          "assets_na": false,
          "assets_uids": [
            "650d5b2045ab2dd39507f0c1"
          ],
          "created_at": 1715112091,
          "status": "pending"
        }
      ]
    },
    {
      "categories": [
        "Information Disclosure",
        "Sensitive Source Code"
      ],
      "exploitable_locations": [
        {
          "type": "url",
          "value": "https://pages.jawwy.sa/api/shopping/checkout-dev.php.bak",
          "assets_na": false,
          "assets_uids": [
            "650d5b5945ab2dd39507f0ce"
          ],
          "created_at": 1715113519,
          "status": "pending"
        }
      ]
    },
    {
      "categories": [
        "Information Disclosure",
        "Directory Structure Enumeration"
      ],
      "exploitable_locations": [
        {
          "type": "url",
          "value": "https://pages.jawwy.sa/api/shopping/",
          "assets_na": false,
          "assets_uids": [
            "650d5b5945ab2dd39507f0cb"
          ],
          "created_at": 1715113813,
          "status": "pending"
        }
      ]
    },
    {
      "categories": [
        "Information Disclosure",
        "Sensitive Source Code"
      ],
      "exploitable_locations": [
        {
          "type": "url",
          "value": "https://pages.jawwy.sa/test.html",
          "assets_na": false,
          "assets_uids": [
            "650d5b5945ab2dd39507f0cb"
          ],
          "created_at": 1715114470,
          "status": "pending"
        }
      ]
    },
    {
      "categories": [
        "Information Disclosure",
        "Sensitive Directory/File Contents Disclosed"
      ],
      "exploitable_locations": [
        {
          "type": "url",
          "value": "https://app.jawwy.sa/beta/android-4.5.39-may21.apk",
          "assets_na": false,
          "assets_uids": [
            "650d5b6245ab2dd39507f0d0"
          ],
          "created_at": 1715116364,
          "status": "pending"
        }
      ]
    },
    {
      "categories": [
        "Information Disclosure",
        "Directory Contents Disclosed"
      ],
      "exploitable_locations": [
        {
          "type": "url",
          "value": "https://pages.jawwy.sa/tester/",
          "assets_na": false,
          "assets_uids": [
            "650d5b5945ab2dd39507f0ce"
          ],
          "created_at": 1715116794,
          "status": "pending"
        }
      ]
    },
    {
      "categories": [
        "Information Disclosure",
        "Sensitive Directory/File Contents Disclosed"
      ],
      "exploitable_locations": [
        {
          "type": "url",
          "value": "https://app.jawwy.sa/.DS_Store",
          "assets_na": false,
          "assets_uids": [
            "650d5b6245ab2dd39507f0d0"
          ],
          "created_at": 1715117688,
          "status": "pending"
        }
      ]
    },
    {
      "categories": [
        "Information Disclosure",
        "Sensitive Directory/File Contents Disclosed"
      ],
      "exploitable_locations": [
        {
          "type": "url",
          "value": "https://pages.jawwy.sa/employee/wp-includes/",
          "assets_na": false,
          "assets_uids": [
            "650d5b5945ab2dd39507f0cb"
          ],
          "created_at": 1715121689,
          "status": "pending"
        }
      ]
    },
    {
      "categories": [
        "Authentication/Session Management",
        "Account Enumeration"
      ],
      "exploitable_locations": [
        {
          "type": "url",
          "value": "https://pages.jawwy.sa/employee/xmlrpc.php",
          "assets_na": false,
          "assets_uids": [
            "650d5b5945ab2dd39507f0cb"
          ],
          "created_at": 1715123541,
          "status": "pending"
        }
      ]
    },
    {
      "categories": [
        "SQL Injection",
        "SQL Injection- Full"
      ],
      "exploitable_locations": [
        {
          "type": "url",
          "value": "https://community.jawwy.sa/vnivq83628/api/2.0/search",
          "assets_na": false,
          "assets_uids": [
            "650d5a3bc0a78b4b341ceb47"
          ],
          "created_at": 1715254625,
          "status": "pending"
        }
      ]
    },
    {
      "categories": [
        "Cross-Site Scripting (XSS)",
        "Reflected XSS"
      ],
      "exploitable_locations": [
        {
          "type": "url",
          "value": "https://pages.jawwy.sa/jawwycontrol/otp.php",
          "assets_na": false,
          "assets_uids": [
            "650d5b5945ab2dd39507f0cb"
          ],
          "created_at": 1715980457,
          "status": "pending"
        }
      ]
    },
    {
      "categories": [
        "Authorization/Permissions",
        "Insecure Direct Object Reference (Read-Only)"
      ],
      "exploitable_locations": [
        {
          "type": "url",
          "value": "https://sso.jawwy.sa/faces/v1/user-detail",
          "assets_na": false,
          "assets_uids": [
            "650d5badc0a78b4b341ceb73"
          ],
          "created_at": 1724112837,
          "status": "pending"
        },
        {
          "type": "url",
          "value": "https://sso.jawwy.sa/v1/user-detail",
          "assets_na": false,
          "assets_uids": [
            "650d5badc0a78b4b341ceb73"
          ],
          "created_at": 1724112837,
          "status": "pending"
        }
      ]
    },
    {
      "categories": [
        "Functional/Business Logic",
        "Unvalidated Redirect Bypass"
      ],
      "exploitable_locations": [
        {
          "type": "url",
          "value": "https://sso.jawwy.sa/redirect",
          "assets_na": false,
          "assets_uids": [
            "650d5badc0a78b4b341ceb73"
          ],
          "created_at": 1726866419,
          "status": "pending"
        }
      ]
    },
    {
      "categories": [
        "Information Disclosure",
        "Sensitive Directory/File Contents Disclosed"
      ],
      "exploitable_locations": [
        {
          "type": "url",
          "value": "https://pages.jawwy.sa/api/shopping/checkout_app/logs.txt",
          "assets_na": false,
          "assets_uids": [
            "650d5b5945ab2dd39507f0cb"
          ],
          "created_at": 1727146076,
          "status": "pending"
        }
      ]
    },
    {
      "categories": [
        "Authentication/Session Management",
        "Account Enumeration"
      ],
      "exploitable_locations": [
        {
          "type": "url",
          "value": "https://api.jawwy.sa/jwy-exp-user-v1/users/authenticate",
          "assets_na": false,
          "assets_uids": [
            "65670cd21717854cf403f4f6"
          ],
          "created_at": 1727392594,
          "status": "pending"
        }
      ]
    },
    {
      "categories": [
        "Server/Application Misconfiguration",
        "Insecure Data Storage"
      ],
      "exploitable_locations": [
        {
          "type": "url",
          "value": "https://www.jawwy.sa/etc.clientlibs/jawwy/clientlibs/jawwy-react-commons.min.js.pagespeed.jm.f2zggt4Uct.js",
          "assets_na": false,
          "assets_uids": [
            "650d5b4345ab2dd39507f0c6"
          ],
          "created_at": 1729540624,
          "status": "pending"
        }
      ]
    },
    {
      "categories": [
        "Information Disclosure",
        "Sensitive API Keys"
      ],
      "exploitable_locations": [
        {
          "type": "file",
          "value": "/etc.clientlibs/jawwy/clientlibs/jawwy-react-app.min.js.pagespeed.ce.NMNenG7Pcu.js",
          "assets_na": false,
          "assets_uids": [
            "650d5b4345ab2dd39507f0c6"
          ],
          "created_at": 1730583097,
          "status": "pending"
        }
      ]
    },
    {
      "categories": [
        "Information Disclosure",
        "Sensitive Directory/File Contents Disclosed"
      ],
      "exploitable_locations": [
        {
          "type": "url",
          "value": "https://pages.jawwy.sa/evobeta/apk/evobeta_1.0.0.5.apk",
          "assets_na": false,
          "assets_uids": [
            "650d5b5945ab2dd39507f0ce"
          ],
          "created_at": 1735368800,
          "status": "pending"
        }
      ]
    },
    {
      "categories": [
        "Information Disclosure",
        "Unverifiable Credentials"
      ],
      "exploitable_locations": [
        {
          "type": "url",
          "value": "https://sso.jawwy.sa/register",
          "assets_na": false,
          "assets_uids": [
            "650d5badc0a78b4b341ceb76"
          ],
          "created_at": 1735369573,
          "status": "pending"
        }
      ]
    },
    {
      "categories": [
        "Functional/Business Logic",
        "Functionality Abuse with Malicious Impact"
      ],
      "exploitable_locations": [
        {
          "type": "url",
          "value": "https://app.jawwy.sa/dealer",
          "assets_na": false,
          "assets_uids": [
            "650d5b6245ab2dd39507f0d3"
          ],
          "created_at": 1735727474,
          "status": "pending"
        }
      ]
    },
    {
      "categories": [
        "Information Disclosure",
        "Sensitive Source Code"
      ],
      "exploitable_locations": [
        {
          "type": "url",
          "value": "https://pages.jawwy.sa/api/roaming/.git/",
          "assets_na": false,
          "assets_uids": [
            "650d5b5945ab2dd39507f0ce"
          ],
          "created_at": 1736345639,
          "status": "pending"
        }
      ]
    },
    {
      "categories": [
        "Authentication/Session Management",
        "Account Enumeration"
      ],
      "exploitable_locations": [
        {
          "type": "url",
          "value": "https://ext.jawwy.sa/user/",
          "assets_na": false,
          "assets_uids": [
            "67841c702bdddf5e01093b06"
          ],
          "created_at": 1736880463,
          "status": "pending"
        }
      ]
    },
    {
      "categories": [
        "SQL Injection",
        "SQL Injection- Full"
      ],
      "exploitable_locations": [
        {
          "type": "url",
          "value": "https://community.jawwy.sa/vnivq83628/api/2.0/search",
          "assets_na": false,
          "assets_uids": [
            "650d5a3bc0a78b4b341ceb47"
          ],
          "created_at": 1737022466,
          "status": "pending"
        }
      ]
    },
    {
      "categories": [
        "Authorization/Permissions",
        "Insecure Direct Object Reference (Read-Only)"
      ],
      "exploitable_locations": [
        {
          "type": "url",
          "value": "https://ext.jawwy.sa/ar/user/5637414/",
          "assets_na": false,
          "assets_uids": [
            "67841c702bdddf5e01093b06"
          ],
          "created_at": 1737064385,
          "status": "pending"
        }
      ]
    },
    {
      "categories": [
        "Authorization/Permissions",
        "Insecure Direct Object Reference (Read-Only)"
      ],
      "exploitable_locations": [
        {
          "type": "url",
          "value": "https://ext.jawwy.sa/ar/user/password",
          "assets_na": false,
          "assets_uids": [
            "67841c702bdddf5e01093b09"
          ],
          "created_at": 1737072901,
          "status": "pending"
        }
      ]
    },
    {
      "categories": [
        "SQL Injection",
        "SQL Injection- Full"
      ],
      "exploitable_locations": [
        {
          "type": "url",
          "value": "https://community.jawwy.sa/vnivq83628/api/2.0/search",
          "assets_na": false,
          "assets_uids": [
            "650d5a3bc0a78b4b341ceb4a"
          ],
          "created_at": 1737248091,
          "status": "pending"
        }
      ]
    },
    {
      "categories": [
        "Information Disclosure",
        "Sensitive Data Exposure (documents marked confidential or internal use only)"
      ],
      "exploitable_locations": [
        {
          "type": "url",
          "value": "https://cloud.stc.com.sa/v1/accounts/26697/users/",
          "assets_na": false,
          "assets_uids": [
            "66be5721d20f6cd4f0cd8b3d"
          ],
          "created_at": 1737548975,
          "status": "pending"
        }
      ]
    },
    {
      "categories": [
        "Authorization/Permissions",
        "Insecure Direct Object Reference (Read-Only)"
      ],
      "exploitable_locations": [
        {
          "type": "url",
          "value": "https://ext.jawwy.sa/ar/user/reset/{USERID}/{TimeStamp}/{reset token}",
          "assets_na": true,
          "assets_uids": [],
          "created_at": 1738611764,
          "status": "pending"
        }
      ]
    }
  ]
}