{
  "listing_id": "dg37l6jyrp",
  "type": "categories",
  "value": [
    {
      "categories": [
        "Functional/Business Logic",
        "Unvalidated Redirect Bypass"
      ],
      "exploitable_locations": [
        {
          "type": "url",
          "value": "https://theathletic.com/login2/",
          "assets_na": false,
          "assets_uids": [
            "64c02a872fe9f5dadf1e029e",
            "64c02a872fe9f5dadf1e02a1"
          ],
          "created_at": 1692295973,
          "status": "fixed"
        }
      ]
    },
    {
      "categories": [
        "Authentication/Session Management",
        "Login Authentication Bypass"
      ],
      "exploitable_locations": [
        {
          "type": "url",
          "value": "https://theathletic.com",
          "assets_na": false,
          "assets_uids": [
            "64c02a872fe9f5dadf1e029e"
          ],
          "created_at": 1701493448,
          "status": "fixed"
        }
      ]
    },
    {
      "categories": [
        "Cross-Site Scripting (XSS)",
        "Reflected XSS"
      ],
      "exploitable_locations": [
        {
          "type": "url",
          "value": "https://api.theathletic.com/login/",
          "assets_na": false,
          "assets_uids": [
            "64e37d9282d7b26a0be49488"
          ],
          "created_at": 1702798064,
          "status": "fixed"
        }
      ]
    },
    {
      "categories": [
        "Cross-Site Scripting (XSS)",
        "Reflected XSS"
      ],
      "exploitable_locations": [
        {
          "type": "url",
          "value": "https://theathletic.com/register/",
          "assets_na": false,
          "assets_uids": [
            "64c02a872fe9f5dadf1e029e"
          ],
          "created_at": 1703601899,
          "status": "fixed"
        }
      ]
    },
    {
      "categories": [
        "Information Disclosure",
        "Sensitive Client Information Disclosed"
      ],
      "exploitable_locations": [
        {
          "type": "url",
          "value": "https://cdn.theathletic.com/app/uploads/*",
          "assets_na": false,
          "assets_uids": [
            "64c02a872fe9f5dadf1e029e"
          ],
          "created_at": 1705233045,
          "status": "wont_fix"
        }
      ]
    },
    {
      "categories": [
        "Cross-Site Scripting (XSS)",
        "Reflected XSS"
      ],
      "exploitable_locations": [
        {
          "type": "url",
          "value": "https://theathletic.com/nytaccessverification/oauthcompleteaccount/",
          "assets_na": false,
          "assets_uids": [
            "64c02a872fe9f5dadf1e029e"
          ],
          "created_at": 1692325867,
          "status": "fixed"
        }
      ]
    },
    {
      "categories": [
        "Functional/Business Logic",
        "Unvalidated Redirect Bypass"
      ],
      "exploitable_locations": [
        {
          "type": "url",
          "value": "https://theathletic.com/welcome/",
          "assets_na": false,
          "assets_uids": [
            "64c02a872fe9f5dadf1e02a1"
          ],
          "created_at": 1714848468,
          "status": "fixed"
        }
      ]
    },
    {
      "categories": [
        "Functional/Business Logic",
        "Functionality Abuse with Malicious Impact"
      ],
      "exploitable_locations": [
        {
          "type": "url",
          "value": "https://api.theathletic.com/graphql",
          "assets_na": false,
          "assets_uids": [
            "64e37d9282d7b26a0be4948b"
          ],
          "created_at": 1715581313,
          "status": "wont_fix"
        },
        {
          "type": "other",
          "value": "AddNewComment",
          "created_at": 1715581313,
          "status": "wont_fix"
        }
      ]
    },
    {
      "categories": [
        "Cross-Site Scripting (XSS)",
        "Reflected XSS"
      ],
      "exploitable_locations": [
        {
          "type": "url",
          "value": "https://theathletic.com/welcome-argos/",
          "assets_na": true,
          "assets_uids": [],
          "created_at": 1692333848,
          "status": "fixed"
        }
      ]
    },
    {
      "categories": [
        "Functional/Business Logic",
        "Unvalidated Redirect Bypass"
      ],
      "exploitable_locations": [
        {
          "type": "url",
          "value": "https://theathletic.com/migrate/",
          "assets_na": false,
          "assets_uids": [
            "64c02a872fe9f5dadf1e029e"
          ],
          "created_at": 1716496537,
          "status": "pending"
        }
      ]
    },
    {
      "categories": [
        "Functional/Business Logic",
        "Unvalidated Redirect Bypass"
      ],
      "exploitable_locations": [
        {
          "type": "url",
          "value": "https://www.nytimes.com/athletic/welcome/",
          "assets_na": false,
          "assets_uids": [
            "664bc2babb74b57c7a42ac09"
          ],
          "created_at": 1716518088,
          "status": "wont_fix"
        }
      ]
    },
    {
      "categories": [
        "Cross-Site Scripting (XSS)",
        "Reflected XSS"
      ],
      "exploitable_locations": [
        {
          "type": "url",
          "value": "https://www.nytimes.com/athletic/logo/",
          "assets_na": false,
          "assets_uids": [
            "664bc2babb74b57c7a42ac09"
          ],
          "created_at": 1716817145,
          "status": "pending"
        }
      ]
    },
    {
      "categories": [
        "Cross-Site Scripting (XSS)",
        "Reflected XSS"
      ],
      "exploitable_locations": [
        {
          "type": "url",
          "value": "https://www.nytimes.com/athletic/welcome/",
          "assets_na": false,
          "assets_uids": [
            "664bc2babb74b57c7a42ac09"
          ],
          "created_at": 1716818816,
          "status": "fixed"
        }
      ]
    },
    {
      "categories": [
        "Cross-Site Scripting (XSS)",
        "Reflected XSS"
      ],
      "exploitable_locations": [
        {
          "type": "url",
          "value": "https://www.nytimes.com/athletic/admin-stats-mlb-startingpitcherchart/",
          "assets_na": false,
          "assets_uids": [
            "664bc2babb74b57c7a42ac09"
          ],
          "created_at": 1726617444,
          "status": "fixed"
        }
      ]
    },
    {
      "categories": [
        "Cross-Site Scripting (XSS)",
        "Reflected XSS"
      ],
      "exploitable_locations": [
        {
          "type": "url",
          "value": "https://theathletic.com/async-comments/",
          "assets_na": false,
          "assets_uids": [
            "64c02a872fe9f5dadf1e029e"
          ],
          "created_at": 1692337825,
          "status": "fixed"
        }
      ]
    },
    {
      "categories": [
        "Authentication/Session Management",
        "Login Authentication Bypass"
      ],
      "exploitable_locations": [
        {
          "type": "url",
          "value": "https://www.nytimes.com/athletic/",
          "assets_na": false,
          "assets_uids": [
            "664bc2babb74b57c7a42ac09"
          ],
          "created_at": 1730650484,
          "status": "fixed"
        }
      ]
    },
    {
      "categories": [
        "Information Disclosure",
        "Leaked Credentials (Low Privilege)"
      ],
      "exploitable_locations": [
        {
          "type": "url",
          "value": "https://nytimes.com",
          "assets_na": false,
          "assets_uids": [
            "664bc2babb74b57c7a42ac09"
          ],
          "created_at": 1734780963,
          "status": "wont_fix"
        }
      ]
    },
    {
      "categories": [
        "Cross-Site Scripting (XSS)",
        "Reflected XSS"
      ],
      "exploitable_locations": [
        {
          "type": "url",
          "value": "https://theathletic.com/register/",
          "assets_na": false,
          "assets_uids": [
            "64c02a872fe9f5dadf1e029e"
          ],
          "created_at": 1692337786,
          "status": "fixed"
        }
      ]
    },
    {
      "categories": [
        "Cross-Site Scripting (XSS)",
        "Reflected XSS"
      ],
      "exploitable_locations": [
        {
          "type": "url",
          "value": "https://theathletic.com/",
          "assets_na": true,
          "assets_uids": [],
          "created_at": 1692342505,
          "status": "fixed"
        }
      ]
    },
    {
      "categories": [
        "Cross-Site Scripting (XSS)",
        "Reflected XSS"
      ],
      "exploitable_locations": [
        {
          "type": "url",
          "value": "https://theathletic.com/football/womens-world-cup-soccer/",
          "assets_na": false,
          "assets_uids": [
            "64c02a872fe9f5dadf1e029e"
          ],
          "created_at": 1692349633,
          "status": "fixed"
        }
      ]
    },
    {
      "categories": [
        "Cross-Site Scripting (XSS)",
        "Reflected XSS"
      ],
      "exploitable_locations": [
        {
          "type": "url",
          "value": "https://theathletic.com/location/",
          "assets_na": false,
          "assets_uids": [
            "64c02a872fe9f5dadf1e029e"
          ],
          "created_at": 1692350903,
          "status": "fixed"
        }
      ]
    },
    {
      "categories": [
        "Cross-Site Scripting (XSS)",
        "Reflected XSS"
      ],
      "exploitable_locations": [
        {
          "type": "url",
          "value": "https://theathletic.com/register2/",
          "assets_na": false,
          "assets_uids": [
            "64c02a872fe9f5dadf1e029e"
          ],
          "created_at": 1692296260,
          "status": "fixed"
        }
      ]
    },
    {
      "categories": [
        "Authorization/Permissions",
        "Insecure Direct Object Reference (Read & Write)"
      ],
      "exploitable_locations": [
        {
          "type": "url",
          "value": "https://theathletic.com/web-api",
          "assets_na": false,
          "assets_uids": [
            "64c02a872fe9f5dadf1e029e"
          ],
          "created_at": 1692357455,
          "status": "fixed"
        }
      ]
    },
    {
      "categories": [
        "Authorization/Permissions",
        "Access Control Violation (Low Privileged Functions-Read Only)"
      ],
      "exploitable_locations": [
        {
          "type": "url",
          "value": "https://theathletic.com/get-current-user/",
          "assets_na": false,
          "assets_uids": [
            "64c02a872fe9f5dadf1e029e"
          ],
          "created_at": 1692359819,
          "status": "wont_fix"
        }
      ]
    },
    {
      "categories": [
        "Authorization/Permissions",
        "Access Control Violation (Low Privileged Functions-Read/Write or Write Only)"
      ],
      "exploitable_locations": [
        {
          "type": "url",
          "value": "https://theathletic.com/graphql",
          "assets_na": false,
          "assets_uids": [
            "64c02a872fe9f5dadf1e029e"
          ],
          "created_at": 1692361862,
          "status": "wont_fix"
        }
      ]
    },
    {
      "categories": [
        "Cross-Site Scripting (XSS)",
        "Reflected XSS"
      ],
      "exploitable_locations": [
        {
          "type": "url",
          "value": "https://theathletic.com/register2/",
          "assets_na": false,
          "assets_uids": [
            "64c02a872fe9f5dadf1e029e"
          ],
          "created_at": 1692296923,
          "status": "fixed"
        }
      ]
    },
    {
      "categories": [
        "Functional/Business Logic",
        "Client Side Validation"
      ],
      "exploitable_locations": [
        {
          "type": "url",
          "value": "https://theathletic.com/graphql",
          "assets_na": false,
          "assets_uids": [
            "64c02a872fe9f5dadf1e029e"
          ],
          "created_at": 1692649050,
          "status": "fixed"
        }
      ]
    },
    {
      "categories": [
        "Authentication/Session Management",
        "Account Enumeration"
      ],
      "exploitable_locations": [
        {
          "type": "url",
          "value": "https://theathletic.com/web-api",
          "assets_na": false,
          "assets_uids": [
            "64c02a872fe9f5dadf1e029e"
          ],
          "created_at": 1692297375,
          "status": "fixed"
        }
      ]
    },
    {
      "categories": [
        "Functional/Business Logic",
        "Client Side Validation"
      ],
      "exploitable_locations": [
        {
          "type": "url",
          "value": "https://theathletic.com/graphql",
          "assets_na": true,
          "assets_uids": [],
          "created_at": 1692685927,
          "status": "pending"
        }
      ]
    },
    {
      "categories": [
        "Authorization/Permissions",
        "Insecure Direct Object Reference (Read-Only)"
      ],
      "exploitable_locations": [
        {
          "type": "url",
          "value": "https://theathletic.com/graphql",
          "assets_na": false,
          "assets_uids": [
            "64c02a872fe9f5dadf1e029e"
          ],
          "created_at": 1692691501,
          "status": "fixed"
        }
      ]
    },
    {
      "categories": [
        "Functional/Business Logic",
        "Functionality Abuse with Malicious Impact"
      ],
      "exploitable_locations": [
        {
          "type": "url",
          "value": "https://theathletic.com/welcome",
          "assets_na": false,
          "assets_uids": [
            "64c02a872fe9f5dadf1e029e"
          ],
          "created_at": 1692706546,
          "status": "fixed"
        }
      ]
    },
    {
      "categories": [
        "Cross-Site Scripting (XSS)",
        "Persistent XSS"
      ],
      "exploitable_locations": [
        {
          "type": "url",
          "value": "https://theathletic.com/graphql",
          "assets_na": false,
          "assets_uids": [
            "64c02a872fe9f5dadf1e029e"
          ],
          "created_at": 1692708996,
          "status": "fixed"
        }
      ]
    },
    {
      "categories": [
        "Authorization/Permissions",
        "Access Control Violation (Low Privileged Functions-Read/Write or Write Only)"
      ],
      "exploitable_locations": [
        {
          "type": "url",
          "value": "https://theathletic.com/graphql",
          "assets_na": false,
          "assets_uids": [
            "64c02a872fe9f5dadf1e029e"
          ],
          "created_at": 1692709509,
          "status": "wont_fix"
        }
      ]
    },
    {
      "categories": [
        "Authorization/Permissions",
        "Access Control Violation (Low Privileged Functions-Read Only)"
      ],
      "exploitable_locations": [
        {
          "type": "url",
          "value": "https://theathletic.com/graphql",
          "assets_na": false,
          "assets_uids": [
            "64c02a872fe9f5dadf1e029e"
          ],
          "created_at": 1692898653,
          "status": "fixed"
        }
      ]
    },
    {
      "categories": [
        "Authentication/Session Management",
        "Login Authentication Bypass"
      ],
      "exploitable_locations": [
        {
          "type": "url",
          "value": "https://theathletic.com/nyt-callback/",
          "assets_na": false,
          "assets_uids": [
            "64c02a872fe9f5dadf1e029e"
          ],
          "created_at": 1692300604,
          "status": "fixed"
        }
      ]
    },
    {
      "categories": [
        "Cross-Site Scripting (XSS)",
        "Reflected XSS"
      ],
      "exploitable_locations": [
        {
          "type": "url",
          "value": "https://theathletic.com/full-checkout/",
          "assets_na": false,
          "assets_uids": [
            "64c02a872fe9f5dadf1e029e"
          ],
          "created_at": 1694250192,
          "status": "fixed"
        },
        {
          "type": "url",
          "value": "https://api.theathletic.com/full-checkout/",
          "assets_na": false,
          "assets_uids": [
            "64e37d9282d7b26a0be4948b"
          ],
          "created_at": 1694250192,
          "status": "fixed"
        }
      ]
    },
    {
      "categories": [
        "Cross-Site Scripting (XSS)",
        "Reflected XSS"
      ],
      "exploitable_locations": [
        {
          "type": "url",
          "value": "https://theathletic.com/checkout/",
          "assets_na": false,
          "assets_uids": [
            "64c02a872fe9f5dadf1e029e"
          ],
          "created_at": 1698600631,
          "status": "fixed"
        }
      ]
    },
    {
      "categories": [
        "Cross-Site Scripting (XSS)",
        "Reflected XSS"
      ],
      "exploitable_locations": [
        {
          "type": "url",
          "value": "https://theathletic.com/redeem/",
          "assets_na": false,
          "assets_uids": [
            "64c02a872fe9f5dadf1e029e"
          ],
          "created_at": 1698768863,
          "status": "fixed"
        }
      ]
    },
    {
      "categories": [
        "Cross-Site Scripting (XSS)",
        "Reflected XSS"
      ],
      "exploitable_locations": [
        {
          "type": "url",
          "value": "https://theathletic.com/checkout/",
          "assets_na": false,
          "assets_uids": [
            "64c02a872fe9f5dadf1e029e"
          ],
          "created_at": 1698855764,
          "status": "fixed"
        }
      ]
    },
    {
      "categories": [
        "Cross-Site Scripting (XSS)",
        "Reflected XSS"
      ],
      "exploitable_locations": [
        {
          "type": "url",
          "value": "https://theathletic.com/manager/",
          "assets_na": false,
          "assets_uids": [
            "64c02a872fe9f5dadf1e029e"
          ],
          "created_at": 1698881355,
          "status": "fixed"
        }
      ]
    },
    {
      "categories": [
        "Cross-Site Scripting (XSS)",
        "Reflected XSS"
      ],
      "exploitable_locations": [
        {
          "type": "url",
          "value": "https://theathletic.com/register2",
          "assets_na": false,
          "assets_uids": [
            "64c02a872fe9f5dadf1e029e"
          ],
          "created_at": 1692302460,
          "status": "fixed"
        }
      ]
    },
    {
      "categories": [
        "Server/Application Misconfiguration",
        "Cache poisoning"
      ],
      "exploitable_locations": [
        {
          "type": "url",
          "value": "https://theathletic.com/static/*",
          "assets_na": false,
          "assets_uids": [
            "64c02a872fe9f5dadf1e029e"
          ],
          "created_at": 1698907128,
          "status": "fixed"
        }
      ]
    },
    {
      "categories": [
        "Cross-Site Scripting (XSS)",
        "Persistent XSS"
      ],
      "exploitable_locations": [
        {
          "type": "url",
          "value": "https://theathletic.com/admin-newsfeedvideos/",
          "assets_na": false,
          "assets_uids": [
            "64c02a872fe9f5dadf1e029e"
          ],
          "created_at": 1698946455,
          "status": "pending"
        }
      ]
    },
    {
      "categories": [
        "Authorization/Permissions",
        "Access Control Violation (High Privileged Functions - Read/Write or Write Only)"
      ],
      "exploitable_locations": [
        {
          "type": "url",
          "value": "https://theathletic.com/admin-newsfeedvideos/",
          "assets_na": false,
          "assets_uids": [
            "64c02a872fe9f5dadf1e029e"
          ],
          "created_at": 1698946578,
          "status": "fixed"
        }
      ]
    },
    {
      "categories": [
        "Functional/Business Logic",
        "Unvalidated Redirect Bypass"
      ],
      "exploitable_locations": [
        {
          "type": "url",
          "value": "https://theathletic.com/",
          "assets_na": false,
          "assets_uids": [
            "64c02a872fe9f5dadf1e029e"
          ],
          "created_at": 1699033104,
          "status": "fixed"
        }
      ]
    },
    {
      "categories": [
        "Authorization/Permissions",
        "Access Control Violation (High Privileged Functions-Read Only)"
      ],
      "exploitable_locations": [
        {
          "type": "url",
          "value": "https://theathletic.com/admin-gift-certificates/",
          "assets_na": false,
          "assets_uids": [
            "64c02a872fe9f5dadf1e029e"
          ],
          "created_at": 1699092167,
          "status": "fixed"
        }
      ]
    },
    {
      "categories": [
        "Cross-Site Scripting (XSS)",
        "Reflected XSS"
      ],
      "exploitable_locations": [
        {
          "type": "url",
          "value": "https://theathletic.com/admin-gift-certificates",
          "assets_na": false,
          "assets_uids": [
            "64c02a872fe9f5dadf1e029e"
          ],
          "created_at": 1699092204,
          "status": "wont_fix"
        }
      ]
    },
    {
      "categories": [
        "Functional/Business Logic",
        "Improper Input Validation"
      ],
      "exploitable_locations": [
        {
          "type": "url",
          "value": "https://theathletic.com/web-api",
          "assets_na": false,
          "assets_uids": [
            "64c02a872fe9f5dadf1e029e"
          ],
          "created_at": 1692304768,
          "status": "wont_fix"
        }
      ]
    },
    {
      "categories": [
        "Cross-Site Scripting (XSS)",
        "Reflected XSS"
      ],
      "exploitable_locations": [
        {
          "type": "url",
          "value": "https://theathletic.com/admin-underscore/",
          "assets_na": false,
          "assets_uids": [
            "64c02a872fe9f5dadf1e029e"
          ],
          "created_at": 1699115488,
          "status": "pending"
        }
      ]
    },
    {
      "categories": [
        "Authorization/Permissions",
        "Access Control Violation (High Privileged Functions - Read/Write or Write Only)"
      ],
      "exploitable_locations": [
        {
          "type": "url",
          "value": "https://theathletic.com/admin-underscore/",
          "assets_na": false,
          "assets_uids": [
            "64c02a872fe9f5dadf1e029e"
          ],
          "created_at": 1699115565,
          "status": "fixed"
        }
      ]
    },
    {
      "categories": [
        "Cross-Site Scripting (XSS)",
        "Reflected DOM-Based XSS"
      ],
      "exploitable_locations": [
        {
          "type": "url",
          "value": "https://theathletic.com/amp-social-login",
          "assets_na": false,
          "assets_uids": [
            "64c02a872fe9f5dadf1e029e"
          ],
          "created_at": 1699133700,
          "status": "wont_fix"
        }
      ]
    },
    {
      "categories": [
        "Cross-Site Scripting (XSS)",
        "Reflected DOM-Based XSS"
      ],
      "exploitable_locations": [
        {
          "type": "url",
          "value": "https://theathletic.com/redeem-payment/",
          "assets_na": false,
          "assets_uids": [
            "64c02a872fe9f5dadf1e029e"
          ],
          "created_at": 1699184492,
          "status": "fixed"
        }
      ]
    },
    {
      "categories": [
        "Cross-Site Scripting (XSS)",
        "Reflected XSS"
      ],
      "exploitable_locations": [
        {
          "type": "url",
          "value": "https://theathletic.com/redeem-payment/",
          "assets_na": false,
          "assets_uids": [
            "64c02a872fe9f5dadf1e029e"
          ],
          "created_at": 1699184612,
          "status": "fixed"
        }
      ]
    },
    {
      "categories": [
        "Authorization/Permissions",
        "Access Control Violation (High Privileged Functions - Read/Write or Write Only)"
      ],
      "exploitable_locations": [
        {
          "type": "url",
          "value": "https://theathletic.com/admin-everyplayer/",
          "assets_na": false,
          "assets_uids": [
            "64c02a872fe9f5dadf1e029e"
          ],
          "created_at": 1699202929,
          "status": "fixed"
        }
      ]
    },
    {
      "categories": [
        "Functional/Business Logic",
        "Functionality Abuse with Malicious Impact"
      ],
      "exploitable_locations": [
        {
          "type": "url",
          "value": "https://theathletic.com/graphql",
          "assets_na": false,
          "assets_uids": [
            "64c02a872fe9f5dadf1e029e"
          ],
          "created_at": 1699232102,
          "status": "pending"
        }
      ]
    },
    {
      "categories": [
        "Cross-Site Scripting (XSS)",
        "Reflected XSS"
      ],
      "exploitable_locations": [
        {
          "type": "url",
          "value": "https://api.theathletic.com/checkout/",
          "assets_na": false,
          "assets_uids": [
            "64e37d9282d7b26a0be49488"
          ],
          "created_at": 1699487300,
          "status": "wont_fix"
        }
      ]
    },
    {
      "categories": [
        "Cross-Site Scripting (XSS)",
        "Reflected XSS"
      ],
      "exploitable_locations": [
        {
          "type": "url",
          "value": "https://api.theathletic.com/redeem/",
          "assets_na": false,
          "assets_uids": [
            "64e37d9282d7b26a0be49488"
          ],
          "created_at": 1699487306,
          "status": "wont_fix"
        }
      ]
    },
    {
      "categories": [
        "Cross-Site Scripting (XSS)",
        "Reflected XSS"
      ],
      "exploitable_locations": [
        {
          "type": "url",
          "value": "https://api.theathletic.com/c/",
          "assets_na": false,
          "assets_uids": [
            "64e37d9282d7b26a0be49488"
          ],
          "created_at": 1699487312,
          "status": "fixed"
        }
      ]
    },
    {
      "categories": [
        "Cross-Site Scripting (XSS)",
        "Reflected XSS"
      ],
      "exploitable_locations": [
        {
          "type": "url",
          "value": "https://api.theathletic.com/checkout/",
          "assets_na": false,
          "assets_uids": [
            "64e37d9282d7b26a0be49488"
          ],
          "created_at": 1699487318,
          "status": "wont_fix"
        }
      ]
    },
    {
      "categories": [
        "Functional/Business Logic",
        "Unvalidated Redirect Bypass"
      ],
      "exploitable_locations": [
        {
          "type": "url",
          "value": "https://api.theathletic.com/",
          "assets_na": false,
          "assets_uids": [
            "64e37d9282d7b26a0be49488"
          ],
          "created_at": 1699487361,
          "status": "wont_fix"
        }
      ]
    },
    {
      "categories": [
        "Functional/Business Logic",
        "Unvalidated Redirect Bypass"
      ],
      "exploitable_locations": [
        {
          "type": "url",
          "value": "https://theathletic.com/welcome/",
          "assets_na": false,
          "assets_uids": [
            "64c02a872fe9f5dadf1e029e"
          ],
          "created_at": 1700145480,
          "status": "fixed"
        }
      ]
    },
    {
      "categories": [
        "Functional/Business Logic",
        "Unvalidated Redirect Bypass"
      ],
      "exploitable_locations": [
        {
          "type": "url",
          "value": "https://theathletic.com/amp-social-login/",
          "assets_na": false,
          "assets_uids": [
            "64c02a872fe9f5dadf1e029e"
          ],
          "created_at": 1700310840,
          "status": "fixed"
        }
      ]
    },
    {
      "categories": [
        "Cross-Site Scripting (XSS)",
        "Reflected XSS"
      ],
      "exploitable_locations": [
        {
          "type": "url",
          "value": "https://theathletic.com/welcome/",
          "assets_na": false,
          "assets_uids": [
            "64c02a872fe9f5dadf1e029e"
          ],
          "created_at": 1700328450,
          "status": "fixed"
        },
        {
          "type": "url",
          "value": "https://theathletic.com/checkout2",
          "assets_na": false,
          "assets_uids": [
            "64c02a872fe9f5dadf1e029e"
          ],
          "created_at": 1700328450,
          "status": "fixed"
        }
      ]
    },
    {
      "categories": [
        "Cross-Site Scripting (XSS)",
        "Reflected XSS"
      ],
      "exploitable_locations": [
        {
          "type": "url",
          "value": "https://theathletic.com/add-payment/",
          "assets_na": false,
          "assets_uids": [
            "64c02a872fe9f5dadf1e029e"
          ],
          "created_at": 1700367249,
          "status": "pending"
        }
      ]
    }
  ]
}