{
  "listing_id": "dijlfuw9yo",
  "type": "categories",
  "value": [
    {
      "categories": [
        "Brute Force",
        "Lack of Rate Limiting Protections  (i.e. CAPTCHA)"
      ],
      "exploitable_locations": [
        {
          "type": "url",
          "value": "https://golo-mi-preprod.dominos.com/",
          "outOfScope": null,
          "created_at": 1498017738,
          "status": "pending"
        },
        {
          "type": "url",
          "value": "https://golo-mi-preprod.dominos.com/pages/order/payment.jsp",
          "outOfScope": null,
          "created_at": 1498017738,
          "status": "pending"
        }
      ]
    },
    {
      "categories": [
        "Cross-Site Scripting (XSS)",
        "**Persistent XSS**"
      ],
      "exploitable_locations": [
        {
          "type": "url",
          "value": "https://golo-mi-preprod.dominos.com/pages/customer/#/customer/settings/",
          "outOfScope": null,
          "created_at": 1523461339,
          "status": "fixed"
        }
      ]
    },
    {
      "categories": [
        "Functional/Business Logic",
        "Functionality Abuse with Malicious Impact"
      ],
      "exploitable_locations": [
        {
          "type": "url",
          "value": "https://golo-mi-preprod.dominos.com/power/price-order",
          "outOfScope": null,
          "created_at": 1497566381,
          "status": "pending"
        }
      ]
    },
    {
      "categories": [
        "Cross-Site Scripting (XSS)",
        "Persistent Blind XSS"
      ],
      "exploitable_locations": [
        {
          "type": "app-location",
          "value": "Adminsitrative backend",
          "created_at": 1542082376,
          "status": "fixed"
        }
      ]
    },
    {
      "categories": [
        "Cross-site Request Forgery (CSRF)",
        "**CSRF Protection Missing**"
      ],
      "exploitable_locations": [
        {
          "type": "url",
          "value": "https://golo-mi-preprod.dominos.com/",
          "outOfScope": null,
          "created_at": 1549403995,
          "status": "fixed"
        }
      ]
    },
    {
      "categories": [
        "Cross-Site Scripting (XSS)",
        "**Persistent XSS**"
      ],
      "exploitable_locations": [
        {
          "type": "app-location",
          "value": "Administrative Backend",
          "created_at": 1554050229,
          "status": "pending"
        }
      ]
    },
    {
      "categories": [
        "Cross-Site Scripting (XSS)",
        "**DOM Based XSS**"
      ],
      "exploitable_locations": [
        {
          "type": "url",
          "value": "https://golo-mi-preprod.dominos.com/pages/order/#\"><svg/onload=alert(document.cookie)>",
          "badURI": true,
          "outOfScope": null,
          "created_at": 1497570892,
          "status": "fixed"
        },
        {
          "value": "https://golo-mi-preprod.dominos.com/pages/order/#/location/search/",
          "type": "url",
          "badURI": true,
          "outOfScope": null,
          "created_at": 1497570892,
          "status": "fixed"
        }
      ]
    },
    {
      "categories": [
        "Functional/Business Logic",
        "Improper Input Validation"
      ],
      "exploitable_locations": [
        {
          "type": "url",
          "value": "https://golo-mi-preprod.dominos.com/power/paymentGatewayService",
          "outOfScope": null,
          "created_at": 1559609429,
          "status": "fixed"
        },
        {
          "type": "other",
          "value": "API Auth Token - Multiple IDs (OrderID,CustomerID) - Session Cookies",
          "created_at": 1559609429,
          "status": "fixed"
        }
      ]
    },
    {
      "categories": [
        "Information Disclosure",
        "Sensitive API Keys"
      ],
      "exploitable_locations": [
        {
          "type": "url",
          "value": "https://golo-mi-preprod.dominos.com/pages/order/#!/locations/search/",
          "created_at": 1579709028,
          "status": "pending"
        }
      ]
    },
    {
      "categories": [
        "Functional/Business Logic",
        "Functionality Abuse with Malicious Impact"
      ],
      "exploitable_locations": [
        {
          "type": "url",
          "value": "https://golo-mi-preprod.dominos.com/",
          "created_at": 1587916070,
          "status": "fixed"
        }
      ]
    },
    {
      "categories": [
        "Functional/Business Logic",
        "Functionality Abuse with Malicious Impact"
      ],
      "exploitable_locations": [
        {
          "type": "url",
          "value": "https://golo-mi-preprod.dominos.com/",
          "created_at": 1588009040,
          "status": "fixed"
        }
      ]
    },
    {
      "categories": [
        "Cross-Site Scripting (XSS)",
        "**Persistent XSS**"
      ],
      "exploitable_locations": [
        {
          "type": "url",
          "value": "https://golo-mi-preprod.dominos.com/pages/customer/#/customer/profile/",
          "outOfScope": null,
          "created_at": 1497602592,
          "status": "fixed"
        },
        {
          "type": "url",
          "value": "https://golo-mi-preprod.dominos.com/pages/customer/",
          "outOfScope": null,
          "created_at": 1497602592,
          "status": "fixed"
        }
      ]
    },
    {
      "categories": [
        "Other",
        "Other - Please describe"
      ],
      "exploitable_locations": [
        {
          "type": "url",
          "value": "https://golo-mi-preprod.dominos.com/",
          "created_at": 1588026893,
          "status": "fixed"
        }
      ]
    },
    {
      "categories": [
        "Server/Application Misconfiguration",
        "Cache poisoning"
      ],
      "exploitable_locations": [
        {
          "type": "url",
          "value": "https://golo-mi-preprod.dominos.com/",
          "created_at": 1604617716,
          "status": "fixed"
        }
      ]
    },
    {
      "categories": [
        "Functional/Business Logic",
        "Functionality Abuse with Malicious Impact"
      ],
      "exploitable_locations": [
        {
          "type": "url",
          "value": "https://golo-mi-preprod.dominos.com/power/validate-order",
          "created_at": 1675022933,
          "status": "wont_fix"
        }
      ]
    },
    {
      "categories": [
        "Cross-Site Scripting (XSS)",
        "DOM-based XSS"
      ],
      "exploitable_locations": [
        {
          "type": "url",
          "value": "https://www.mi-preprod.golo01.dominos.com/en/pages/customer/#!/customer/profile/new",
          "assets_na": true,
          "assets_uids": [],
          "created_at": 1698831542,
          "status": "fixed"
        }
      ]
    },
    {
      "categories": [
        "Cross-Site Scripting (XSS)",
        "DOM-based XSS"
      ],
      "exploitable_locations": [
        {
          "type": "url",
          "value": "https://www.mi-preprod.golo01.dominos.com/en/pages/customer/#!/customer/profile/update",
          "assets_na": true,
          "assets_uids": [],
          "created_at": 1698831829,
          "status": "fixed"
        }
      ]
    },
    {
      "categories": [
        "Cross-Site Scripting (XSS)",
        "DOM-based XSS"
      ],
      "exploitable_locations": [
        {
          "type": "url",
          "value": "https://www.mi-preprod.golo01.dominos.com/pages/customer/#!/customer/profile/",
          "assets_na": true,
          "assets_uids": [],
          "created_at": 1698940458,
          "status": "fixed"
        }
      ]
    },
    {
      "categories": [
        "Cross-Site Scripting (XSS)",
        "DOM-based XSS"
      ],
      "exploitable_locations": [
        {
          "type": "url",
          "value": "https://www.mi-preprod.golo01.dominos.com/pages/customer/#!/customer/settings/",
          "assets_na": true,
          "assets_uids": [],
          "created_at": 1699286104,
          "status": "fixed"
        },
        {
          "type": "url",
          "value": "https://cache.dominos.com/olo/6.121.2/assets/build/js/site/customer/index/scripts.js",
          "assets_na": true,
          "assets_uids": [],
          "created_at": 1699286104,
          "status": "fixed"
        }
      ]
    },
    {
      "categories": [
        "Cross-Site Scripting (XSS)",
        "DOM-based XSS"
      ],
      "exploitable_locations": [
        {
          "type": "url",
          "value": "https://www.mi-preprod.golo01.dominos.com/pt/pages/customer/#!/customer/settings/rewards/create-profile",
          "assets_na": false,
          "assets_uids": [
            "63ce8d5a8c45d6cac217c6cc"
          ],
          "created_at": 1722566360,
          "status": "pending"
        }
      ]
    },
    {
      "categories": [
        "Functional/Business Logic",
        "Functionality Abuse with Malicious Impact"
      ],
      "exploitable_locations": [
        {
          "type": "url",
          "value": "https://golo-mi-preprod.dominos.com/power/login",
          "outOfScope": null,
          "created_at": 1497637672,
          "status": "fixed"
        },
        {
          "type": "url",
          "value": "https://golo-mi-preprod.dominos.com/power/customer",
          "outOfScope": null,
          "created_at": 1497637672,
          "status": "fixed"
        }
      ]
    }
  ]
}