{
  "listing_id": "dijlfuw9yo",
  "type": "categories",
  "value": [
    {
      "categories": [
        "Information Disclosure",
        "Unverifiable Credentials"
      ],
      "exploitable_locations": [
        {
          "type": "url",
          "value": "https://www-alsea.mi-preprod.golo01.dominos.com/",
          "assets_na": false,
          "assets_uids": [
            "64cd536082380fc0b74e7559"
          ],
          "created_at": 1728466531,
          "status": "pending"
        }
      ]
    },
    {
      "categories": [
        "Content Injection",
        "Spoof Error Message Content (OLD DNU)"
      ],
      "exploitable_locations": [
        {
          "type": "url",
          "value": "https://golo-mi-preprod.dominos.com/pages/giftcard/",
          "created_at": 1497565021,
          "status": "pending"
        }
      ]
    },
    {
      "categories": [
        "Cross-Site Scripting (XSS)",
        "**Reflected XSS (OLD DNU)**"
      ],
      "exploitable_locations": [
        {
          "type": "url",
          "value": "https://golo-mi-preprod.dominos.com/pages/customer/",
          "created_at": 1497650282,
          "status": "pending"
        }
      ]
    },
    {
      "categories": [
        "Cross-Site Scripting (XSS)",
        "**Reflected XSS (OLD DNU)**"
      ],
      "exploitable_locations": [
        {
          "type": "url",
          "value": "https://golo-mi-preprod.dominos.com/pages/tracker/",
          "created_at": 1497650700,
          "status": "pending"
        }
      ]
    },
    {
      "categories": [
        "Cross-Site Scripting (XSS)",
        "**Reflected XSS (OLD DNU)**"
      ],
      "exploitable_locations": [
        {
          "type": "url",
          "value": "https://golo-mi-preprod.dominos.com/pages/services/",
          "created_at": 1497651077,
          "status": "pending"
        }
      ]
    },
    {
      "categories": [
        "Cross-Site Scripting (XSS)",
        "**Reflected XSS (OLD DNU)**"
      ],
      "exploitable_locations": [
        {
          "type": "url",
          "value": "https://golo-mi-preprod.dominos.com/",
          "created_at": 1497651889,
          "status": "pending"
        },
        {
          "type": "url",
          "value": "https://golo-mi-preprod.dominos.com/pages/order/menu.jsp",
          "created_at": 1497651889,
          "status": "pending"
        },
        {
          "type": "url",
          "value": "https://golo-mi-preprod.dominos.com/pages/order/coupon.jsp",
          "created_at": 1497651889,
          "status": "pending"
        }
      ]
    },
    {
      "categories": [
        "Cross-Site Scripting (XSS)",
        "**DOM Based XSS**"
      ],
      "exploitable_locations": [
        {
          "type": "url",
          "value": "https://golo-mi-preprod.dominos.com",
          "created_at": 1497653653,
          "status": "pending"
        }
      ]
    },
    {
      "categories": [
        "Cross-Site Scripting (XSS)",
        "**Reflected XSS (OLD DNU)**"
      ],
      "exploitable_locations": [
        {
          "type": "url",
          "value": "https://golo-mi-preprod.dominos.com/pages/tracker/",
          "created_at": 1497742402,
          "status": "pending"
        }
      ]
    },
    {
      "categories": [
        "Cross-Site Scripting (XSS)",
        "**Reflected XSS (OLD DNU)**"
      ],
      "exploitable_locations": [
        {
          "type": "url",
          "value": "https://golo-mi-preprod.dominos.com/",
          "created_at": 1497743484,
          "status": "pending"
        },
        {
          "type": "url",
          "value": "https://golo-mi-preprod.dominos.com/#/content/terms/",
          "created_at": 1497743484,
          "status": "pending"
        }
      ]
    },
    {
      "categories": [
        "Cross-Site Scripting (XSS)",
        "**DOM Based XSS**"
      ],
      "exploitable_locations": [
        {
          "type": "url",
          "value": "https://golo-mi-preprod.dominos.com/",
          "created_at": 1497762540,
          "status": "pending"
        },
        {
          "type": "url",
          "value": "https://golo-mi-preprod.dominos.com/",
          "created_at": 1497762540,
          "status": "pending"
        },
        {
          "type": "url",
          "value": "https://golo-mi-preprod.dominos.com/",
          "created_at": 1497762540,
          "status": "pending"
        },
        {
          "type": "url",
          "value": "https://golo-mi-preprod.dominos.com/",
          "created_at": 1497762540,
          "status": "pending"
        },
        {
          "type": "url",
          "value": "https://golo-mi-preprod.dominos.com/pages/customer/#/customer/settings/",
          "created_at": 1497762540,
          "status": "pending"
        },
        {
          "type": "url",
          "value": "https://golo-mi-preprod.dominos.com/pages/order/coupon.jsp",
          "created_at": 1497762540,
          "status": "pending"
        },
        {
          "type": "url",
          "value": "https://golo-mi-preprod.dominos.com/pages/customer/#/customer/profile/new/",
          "created_at": 1497762540,
          "status": "pending"
        },
        {
          "type": "url",
          "value": "https://golo-mi-preprod.dominos.com/pages/content/nutritional/allergen-info.jsp",
          "created_at": 1497762540,
          "status": "pending"
        },
        {
          "type": "url",
          "value": "https://golo-mi-preprod.dominos.com/pages/content/nutritional/nutrition.jsp",
          "created_at": 1497762540,
          "status": "pending"
        },
        {
          "type": "url",
          "value": "https://golo-mi-preprod.dominos.com/pages/order/menu.jsp",
          "created_at": 1497762540,
          "status": "pending"
        },
        {
          "type": "url",
          "value": "https://golo-mi-preprod.dominos.com/pages/content/nutritional/cal-o-meter.jsp",
          "created_at": 1497762540,
          "status": "pending"
        },
        {
          "type": "url",
          "value": "https://golo-mi-preprod.dominos.com/pages/content/opt-in/opt-in.jsp",
          "created_at": 1497762540,
          "status": "pending"
        }
      ]
    },
    {
      "categories": [
        "Authorization/Permissions",
        "Insecure Direct Object Reference"
      ],
      "exploitable_locations": [
        {
          "type": "url",
          "value": "https://golo-mi-preprod.dominos.com/orderstorage/GetTrackerData",
          "created_at": 1497565998,
          "status": "pending"
        }
      ]
    },
    {
      "categories": [
        "Cross-Site Scripting (XSS)",
        "**Persistent XSS**"
      ],
      "exploitable_locations": [
        {
          "type": "url",
          "value": "https://golo-mi-preprod.dominos.com/pages/customer/#/customer/settings/",
          "created_at": 1523461607,
          "status": "pending"
        }
      ]
    },
    {
      "categories": [
        "Cross-Site Scripting (XSS)",
        "**Persistent XSS**"
      ],
      "exploitable_locations": [
        {
          "type": "url",
          "value": "https://golo-mi-preprod.dominos.com/pages/customer/#/customer/profile/",
          "created_at": 1523462162,
          "status": "pending"
        }
      ]
    },
    {
      "categories": [
        "Authentication/Session Management",
        "Account Enumeration"
      ],
      "exploitable_locations": [
        {
          "type": "url",
          "value": "https://golo-mi-preprod.dominos.com/power/change-password",
          "created_at": 1523532419,
          "status": "pending"
        }
      ]
    },
    {
      "categories": [
        "Brute Force",
        "Lack of Rate Limiting Protections  (i.e. CAPTCHA)"
      ],
      "exploitable_locations": [
        {
          "type": "url",
          "value": "https://golo-mi-preprod.dominos.com/orderstorage/GetTrackerData",
          "created_at": 1523625981,
          "status": "pending"
        }
      ]
    },
    {
      "categories": [
        "Authentication/Session Management",
        "Credential/Session Prediction"
      ],
      "exploitable_locations": [
        {
          "type": "other",
          "value": "Authentication method",
          "created_at": 1523639684,
          "status": "pending"
        }
      ]
    },
    {
      "categories": [
        "Information Disclosure",
        "Sensitive Client Information Disclosed"
      ],
      "exploitable_locations": [
        {
          "type": "url",
          "value": "https://golo-mi-preprod.dominos.com/power/login",
          "created_at": 1523644885,
          "status": "pending"
        },
        {
          "type": "url",
          "value": "https://golo-mi-preprod.dominos.com/power/customer",
          "created_at": 1523644885,
          "status": "pending"
        },
        {
          "type": "url",
          "value": "https://golo-mi-preprod.dominos.com/power/change-password",
          "created_at": 1523644885,
          "status": "pending"
        },
        {
          "type": "app-location",
          "value": "SessionStorage (browser)",
          "created_at": 1523644885,
          "status": "pending"
        }
      ]
    },
    {
      "categories": [
        "Other",
        "Other - Please describe"
      ],
      "exploitable_locations": [
        {
          "type": "url",
          "value": "https://www.dominospizza.co.za",
          "created_at": 1541613788,
          "status": "pending"
        },
        {
          "type": "url",
          "value": "http://www.dominos.com.kh",
          "created_at": 1541613788,
          "status": "pending"
        },
        {
          "type": "url",
          "value": "http://dominospizza.pt",
          "created_at": 1541613788,
          "status": "pending"
        },
        {
          "type": "url",
          "value": "http://www.dominos.com.gt",
          "created_at": 1541613788,
          "status": "pending"
        },
        {
          "type": "url",
          "value": "http://www.dominospizza.co.th",
          "created_at": 1541613788,
          "status": "pending"
        },
        {
          "type": "url",
          "value": "https://dominos.sa",
          "created_at": 1541613788,
          "status": "pending"
        },
        {
          "type": "url",
          "value": "https://dominospr.com",
          "created_at": 1541613788,
          "status": "pending"
        }
      ]
    },
    {
      "categories": [
        "Functional/Business Logic",
        "Functionality Abuse with Malicious Impact"
      ],
      "exploitable_locations": [
        {
          "type": "url",
          "value": "https://golo-mi-preprod.dominos.com/power/store/35708/coupon/0046",
          "created_at": 1541622439,
          "status": "pending"
        }
      ]
    },
    {
      "categories": [
        "Brute Force",
        "Lack of Rate Limiting Protections  (i.e. CAPTCHA)"
      ],
      "exploitable_locations": [
        {
          "type": "url",
          "value": "https://golo-mi-preprod.dominos.com/power/customer",
          "created_at": 1541753934,
          "status": "pending"
        }
      ]
    },
    {
      "categories": [
        "Functional/Business Logic",
        "Client Side Validation"
      ],
      "exploitable_locations": [
        {
          "type": "url",
          "value": "https://golo-mi-preprod.dominos.com/pages/customer/",
          "created_at": 1541760674,
          "status": "pending"
        }
      ]
    },
    {
      "categories": [
        "Functional/Business Logic",
        "Unvalidated Redirects"
      ],
      "exploitable_locations": [
        {
          "type": "url",
          "value": "https://golo-mi-preprod.dominos.com/power/store/1/coupon/8302",
          "created_at": 1541766456,
          "status": "pending"
        }
      ]
    },
    {
      "categories": [
        "Functional/Business Logic",
        "Improper Input Validation"
      ],
      "exploitable_locations": [
        {
          "type": "url",
          "value": "https://golo-mi-preprod.dominos.com/pages/customer/#!/customer/settings/",
          "created_at": 1541852673,
          "status": "pending"
        }
      ]
    },
    {
      "categories": [
        "Information Disclosure",
        "Sensitive API Keys"
      ],
      "exploitable_locations": [
        {
          "type": "url",
          "value": "https://golo-mi-preprod.dominos.com/pages/tracker/#!/track/order/",
          "created_at": 1542069538,
          "status": "pending"
        }
      ]
    },
    {
      "categories": [
        "Authorization/Permissions",
        "Insecure Direct Object Reference"
      ],
      "exploitable_locations": [
        {
          "type": "url",
          "value": "https://golo-mi-preprod.dominos.com/power/customer",
          "created_at": 1559134407,
          "status": "pending"
        }
      ]
    },
    {
      "categories": [
        "Authorization/Permissions",
        "Insecure Direct Object Reference"
      ],
      "exploitable_locations": [
        {
          "type": "url",
          "value": "https://golo-mi-preprod.dominos.com/power/place-order",
          "created_at": 1559406319,
          "status": "pending"
        }
      ]
    },
    {
      "categories": [
        "Information Disclosure",
        "Sensitive API Keys"
      ],
      "exploitable_locations": [
        {
          "type": "other",
          "value": "API Report Error System",
          "created_at": 1559415118,
          "status": "pending"
        }
      ]
    },
    {
      "categories": [
        "Information Disclosure",
        "Identity of Software Architecture"
      ],
      "exploitable_locations": [
        {
          "type": "url",
          "value": "https://golo-mi-preprod.dominos.com/power/customer",
          "created_at": 1559463052,
          "status": "pending"
        }
      ]
    },
    {
      "categories": [
        "Authorization/Permissions",
        "Insecure Direct Object Reference"
      ],
      "exploitable_locations": [
        {
          "type": "url",
          "value": "https://golo-mi-preprod.dominos.com/orderstorage/GetTrackerData",
          "created_at": 1560567201,
          "status": "pending"
        },
        {
          "type": "url",
          "value": "https://golo-mi-preprod.dominos.com/orderstorage/GetTrackerData",
          "created_at": 1560567201,
          "status": "pending"
        }
      ]
    },
    {
      "categories": [
        "Information Disclosure",
        "Identity of Software Architecture"
      ],
      "exploitable_locations": [
        {
          "type": "url",
          "value": "https://golo-mi-preprod.dominos.com/power/change-password",
          "created_at": 1560870566,
          "status": "pending"
        }
      ]
    },
    {
      "categories": [
        "Functional/Business Logic",
        "Improper Input Validation"
      ],
      "exploitable_locations": [
        {
          "type": "url",
          "value": "https://golo-mi-preprod.dominos.com/power/change-password",
          "outOfScope": null,
          "created_at": 1560871938,
          "status": "pending"
        }
      ]
    },
    {
      "categories": [
        "Authentication/Session Management",
        "Session Fixation"
      ],
      "exploitable_locations": [
        {
          "type": "url",
          "value": "https://golo-mi-preprod.dominos.com/power/validate-order",
          "created_at": 1561221573,
          "status": "pending"
        }
      ]
    },
    {
      "categories": [
        "Authentication/Session Management",
        "Email/Password Recovery Flaw"
      ],
      "exploitable_locations": [
        {
          "type": "url",
          "value": "https://golo-mi-preprod.dominos.com/power/change-password",
          "created_at": 1562614203,
          "status": "pending"
        }
      ]
    },
    {
      "categories": [
        "Functional/Business Logic",
        "Functionality Abuse with Malicious Impact"
      ],
      "exploitable_locations": [
        {
          "type": "url",
          "value": "https://golo-mi-preprod.dominos.com/orderstorage/GetTrackerData",
          "created_at": 1562681943,
          "status": "pending"
        }
      ]
    },
    {
      "categories": [
        "Information Disclosure",
        "Service Version Disclosed"
      ],
      "exploitable_locations": [
        {
          "type": "url",
          "value": "https://golo-mi-preprod.dominos.com/assets/build/xdomain/xdomain.js",
          "created_at": 1563027346,
          "status": "pending"
        }
      ]
    },
    {
      "categories": [
        "Information Disclosure",
        "Sensitive API Keys"
      ],
      "exploitable_locations": [
        {
          "type": "url",
          "value": "https://golo-mi-preprod.dominos.com/store-locator-international/locate/store",
          "created_at": 1563027691,
          "status": "pending"
        }
      ]
    },
    {
      "categories": [
        "Insufficient Transport Layer Protection/SSL",
        "Lack of SSL"
      ],
      "exploitable_locations": [
        {
          "type": "other",
          "value": "Weak SSL/TLS Ciphers which exist in Transport Layer on the server ",
          "created_at": 1563029997,
          "status": "pending"
        }
      ]
    },
    {
      "categories": [
        "Cross-Site Scripting (XSS)",
        "**DOM Based XSS**"
      ],
      "exploitable_locations": [
        {
          "type": "url",
          "value": "https://golo-mi-preprod.dominos.com/pages/order/#/locations/search/",
          "created_at": 1497572590,
          "status": "pending"
        },
        {
          "type": "url",
          "value": "https://golo-mi-preprod.dominos.com/pages/order/#/locations/",
          "created_at": 1497572590,
          "status": "pending"
        }
      ]
    },
    {
      "categories": [
        "Information Disclosure",
        "Sensitive Client Information Disclosed"
      ],
      "exploitable_locations": [
        {
          "type": "url",
          "value": "https://golo-mi-preprod.dominos.com/pages/customer/",
          "created_at": 1564335274,
          "status": "pending"
        }
      ]
    },
    {
      "categories": [
        "Server/Application Misconfiguration",
        "Cross-Origin Resource Sharing (CORS)"
      ],
      "exploitable_locations": [
        {
          "type": "url",
          "value": "https://golo-mi-preprod.dominos.com/country/CountryLocator/country/ZA",
          "created_at": 1568752936,
          "status": "pending"
        },
        {
          "type": "url",
          "value": "https://golo-mi-preprod.dominos.com/power/store/11681/profile",
          "created_at": 1568752936,
          "status": "pending"
        },
        {
          "type": "url",
          "value": "https://golo-mi-preprod.dominos.com/power/store/60449/profile",
          "created_at": 1568752936,
          "status": "pending"
        },
        {
          "type": "url",
          "value": "https://golo-mi-preprod.dominos.com/power/store/60463/profile",
          "created_at": 1568752936,
          "status": "pending"
        }
      ]
    },
    {
      "categories": [
        "Brute Force",
        "Login Credentials (OLD DNU)"
      ],
      "exploitable_locations": [
        {
          "type": "url",
          "value": "https://golo-mi-preprod.dominos.com/power/change-password",
          "created_at": 1569053227,
          "status": "pending"
        }
      ]
    },
    {
      "categories": [
        "Information Disclosure",
        "Sensitive API Keys"
      ],
      "exploitable_locations": [
        {
          "type": "url",
          "value": "https://golo-mi-preprod.dominos.com/pages/order/",
          "created_at": 1581331743,
          "status": "pending"
        }
      ]
    },
    {
      "categories": [
        "Functional/Business Logic",
        "Client Side Validation"
      ],
      "exploitable_locations": [
        {
          "type": "url",
          "value": "https://golo-mi-preprod.dominos.com/power/change-password",
          "created_at": 1584534139,
          "status": "pending"
        },
        {
          "type": "url",
          "value": "https://golo-mi-preprod.dominos.com/as/token.oauth2",
          "created_at": 1584534139,
          "status": "pending"
        }
      ]
    },
    {
      "categories": [
        "Functional/Business Logic",
        "Improper Input Validation"
      ],
      "exploitable_locations": [
        {
          "type": "url",
          "value": "https://golo-mi-preprod.dominos.com/power/customer",
          "created_at": 1584993427,
          "status": "pending"
        }
      ]
    },
    {
      "categories": [
        "Information Disclosure",
        "Sensitive API Keys"
      ],
      "exploitable_locations": [
        {
          "type": "url",
          "value": "https://golo-mi-preprod.dominos.com/",
          "created_at": 1585045622,
          "status": "pending"
        },
        {
          "type": "url",
          "value": "https://golo-mi-preprod.dominos.com/en/pages/customer/",
          "created_at": 1585045622,
          "status": "pending"
        }
      ]
    },
    {
      "categories": [
        "Server/Application Misconfiguration",
        "Application Level Protection"
      ],
      "exploitable_locations": [
        {
          "type": "url",
          "value": "https://golo-mi-preprod.dominos.com/pages/order/#!/locations/search/",
          "created_at": 1588100847,
          "status": "pending"
        }
      ]
    },
    {
      "categories": [
        "Functional/Business Logic",
        "Improper Input Validation"
      ],
      "exploitable_locations": [
        {
          "type": "url",
          "value": "https://golo-mi-preprod.dominos.com/power/customer",
          "created_at": 1588247721,
          "status": "pending"
        }
      ]
    },
    {
      "categories": [
        "Authorization/Permissions",
        "**Server-side Request Forgery (SSRF)**"
      ],
      "exploitable_locations": [
        {
          "type": "url",
          "value": "https://api.raygun.io/entries",
          "created_at": 1598938254,
          "status": "pending"
        }
      ]
    },
    {
      "categories": [
        "Information Disclosure",
        "Sensitive API Keys"
      ],
      "exploitable_locations": [
        {
          "type": "url",
          "value": "https://golo-mi-preprod.dominos.com/pages/customer/#!/customer/settings/",
          "created_at": 1603801328,
          "status": "pending"
        }
      ]
    },
    {
      "categories": [
        "Information Disclosure",
        "Sensitive API Keys"
      ],
      "exploitable_locations": [
        {
          "type": "url",
          "value": "https://golo-mi-preprod.dominos.com/",
          "created_at": 1604878131,
          "status": "pending"
        }
      ]
    },
    {
      "categories": [
        "Brute Force",
        "Lack of Rate Limiting Protections  (i.e. CAPTCHA)"
      ],
      "exploitable_locations": [
        {
          "type": "url",
          "value": "https://golo-mi-preprod.dominos.com/power/change-password",
          "created_at": 1611763520,
          "status": "pending"
        }
      ]
    },
    {
      "categories": [
        "Authentication/Session Management",
        "Cookie-related Flaws"
      ],
      "exploitable_locations": [
        {
          "type": "url",
          "value": "https://golo-mi-preprod.dominos.com/power/customer",
          "created_at": 1619685922,
          "status": "pending"
        }
      ]
    },
    {
      "categories": [
        "Brute Force",
        "Lack of Rate Limiting Protections  (i.e. CAPTCHA)"
      ],
      "exploitable_locations": [
        {
          "type": "url",
          "value": "https://golo-mi-preprod.dominos.com/power/change-password",
          "created_at": 1630279657,
          "status": "pending"
        }
      ]
    },
    {
      "categories": [
        "Cross-Site Scripting (XSS)",
        "**Reflected XSS (OLD DNU)**"
      ],
      "exploitable_locations": [
        {
          "type": "url",
          "value": "https://golo-mi-preprod.dominos.com/pages/order/",
          "created_at": 1497617746,
          "status": "pending"
        }
      ]
    },
    {
      "categories": [
        "Information Disclosure",
        "Software Version Disclosed"
      ],
      "exploitable_locations": [
        {
          "type": "url",
          "value": "https://golo-mi-preprod.dominos.com/power/customer",
          "created_at": 1655495231,
          "status": "pending"
        }
      ]
    },
    {
      "categories": [
        "Information Disclosure",
        "Directory Structure Enumeration"
      ],
      "exploitable_locations": [
        {
          "type": "url",
          "value": "https://www.mi-preprod.golo01.dominos.com/",
          "assets_na": false,
          "assets_uids": [
            "63ce8c878c45d6cac217b4c8",
            "63ce8c9c8c45d6cac217c2aa",
            "63ce8d43f1088509094b5563",
            "63ce8d50e33a7beb09fbc5e1",
            "63ce8d5a8c45d6cac217c6cc",
            "63ce8d71f1088509094b556f"
          ],
          "created_at": 1711496930,
          "status": "pending"
        }
      ]
    },
    {
      "categories": [
        "Information Disclosure",
        "Sensitive API Keys"
      ],
      "exploitable_locations": [
        {
          "type": "url",
          "value": "https://www.preprod.golo03.dominos.com/pages/order/#!/locations/search/",
          "assets_na": false,
          "assets_uids": [
            "6661e0e6825c11376c9e61e6"
          ],
          "created_at": 1722688027,
          "status": "pending"
        }
      ]
    },
    {
      "categories": [
        "Brute Force",
        "Bypass of Rate Limiting Protections (i.e. CAPTCHA)"
      ],
      "exploitable_locations": [
        {
          "type": "url",
          "value": "https://order.preprod.golo03.dominos.com",
          "assets_na": false,
          "assets_uids": [
            "66eda277b0e789f54ee83736"
          ],
          "created_at": 1727079440,
          "status": "pending"
        }
      ]
    },
    {
      "categories": [
        "Information Disclosure",
        "Sensitive Directory/File Contents Disclosed"
      ],
      "exploitable_locations": [
        {
          "type": "url",
          "value": "https://order.preprod.golo03.dominos.com/power/store/99919/menu",
          "assets_na": false,
          "assets_uids": [
            "66eda277b0e789f54ee83736"
          ],
          "created_at": 1735254623,
          "status": "pending"
        }
      ]
    },
    {
      "categories": [
        "Cross-Site Scripting (XSS)",
        "**DOM Based XSS**"
      ],
      "exploitable_locations": [
        {
          "type": "url",
          "value": "https://golo-mi-preprod.dominos.com/pages/tracker/",
          "created_at": 1497648533,
          "status": "pending"
        }
      ]
    }
  ]
}