{
  "listing_id": "dy30474vd2",
  "type": "categories",
  "value": [
    {
      "categories": [
        "SQL Injection",
        "SQL Injection- Full"
      ],
      "exploitable_locations": [
        {
          "type": "url",
          "value": "https://api.qa.reporting.paloaltonetworks.com/reporting/query/v1/netTopApplicationsBySessions",
          "assets_na": false,
          "assets_uids": [
            "64b19bedf95f517597df9fe3"
          ],
          "created_at": 1700270061,
          "status": "fixed"
        }
      ]
    },
    {
      "categories": [
        "SQL Injection",
        "SQL Injection- Full"
      ],
      "exploitable_locations": [
        {
          "type": "url",
          "value": "https://api.qa.reporting.paloaltonetworks.com/reporting/query/v1/uarTotalUniqueUrlsAccessedByUser",
          "assets_na": false,
          "assets_uids": [
            "64b19bedf95f517597df9fe3"
          ],
          "created_at": 1700275093,
          "status": "fixed"
        }
      ]
    },
    {
      "categories": [
        "SQL Injection",
        "SQL Injection- Full"
      ],
      "exploitable_locations": [
        {
          "type": "url",
          "value": "https://api.qa.reporting.paloaltonetworks.com/reporting/queryFast/v1/ipAddress",
          "assets_na": false,
          "assets_uids": [
            "64b19bedf95f517597df9fe3"
          ],
          "created_at": 1700325348,
          "status": "fixed"
        }
      ]
    },
    {
      "categories": [
        "SQL Injection",
        "SQL Injection- Full"
      ],
      "exploitable_locations": [
        {
          "type": "url",
          "value": "https://api.qa.reporting.paloaltonetworks.com/reporting/queryFast/v1/uarTop10BlockedUrlsBySessions",
          "assets_na": false,
          "assets_uids": [
            "64b19bedf95f517597df9fe0"
          ],
          "created_at": 1700330925,
          "status": "fixed"
        }
      ]
    },
    {
      "categories": [
        "SQL Injection",
        "SQL Injection- Full"
      ],
      "exploitable_locations": [
        {
          "type": "url",
          "value": "https://api.qa.reporting.paloaltonetworks.com/reporting/query/v1/ipAddress",
          "assets_na": false,
          "assets_uids": [
            "64b19bedf95f517597df9fe0"
          ],
          "created_at": 1700340032,
          "status": "fixed"
        }
      ]
    },
    {
      "categories": [
        "Authorization/Permissions",
        "Server Side Request Forgery(SSRF)- Full"
      ],
      "exploitable_locations": [
        {
          "type": "url",
          "value": "https://pa-api-us-qa01.tools.panclouddev.com/api/sase/v3.0/ticketing/test",
          "assets_na": false,
          "assets_uids": [
            "64b19a2ff95f517597df9fd1",
            "64b19a2ff95f517597df9fd4",
            "6557b3a8abc3a63a12a2c0ca"
          ],
          "created_at": 1700424112,
          "status": "fixed"
        }
      ]
    },
    {
      "categories": [
        "SQL Injection",
        "SQL Injection- Full"
      ],
      "exploitable_locations": [
        {
          "type": "url",
          "value": "https://pa-api-us-qa01.tools.panclouddev.com/api/sase/v3.0/resource/query/incidents/incidents_view",
          "assets_uids": [
            "64b19a2ff95f517597df9fd1"
          ],
          "created_at": 1713492883,
          "status": "fixed"
        }
      ]
    },
    {
      "categories": [
        "SQL Injection",
        "SQL Injection- Full"
      ],
      "exploitable_locations": [
        {
          "type": "url",
          "value": "https://api.qa.reporting.paloaltonetworks.com/reporting/queryFast/v1/cdlLogSystem",
          "assets_na": true,
          "assets_uids": [],
          "created_at": 1713607521,
          "status": "fixed"
        }
      ]
    },
    {
      "categories": [
        "SQL Injection",
        "SQL Injection- Full"
      ],
      "exploitable_locations": [
        {
          "type": "url",
          "value": "https://pa-api-us-qa01.tools.panclouddev.com/api/sase/v2.0/controller/graphapi",
          "assets_na": false,
          "assets_uids": [
            "64b19a2ff95f517597df9fd1"
          ],
          "created_at": 1713894248,
          "status": "fixed"
        }
      ]
    },
    {
      "categories": [
        "SQL Injection",
        "SQL Injection- Full"
      ],
      "exploitable_locations": [
        {
          "type": "url",
          "value": "https://pa-api-us-qa01.tools.panclouddev.com/api/sase/v2.0/controller/graphapi",
          "assets_na": false,
          "assets_uids": [
            "64b19a2ff95f517597df9fd4"
          ],
          "created_at": 1713945598,
          "status": "fixed"
        }
      ]
    },
    {
      "categories": [
        "SQL Injection",
        "SQL Injection- Full"
      ],
      "exploitable_locations": [
        {
          "type": "url",
          "value": "https://pa-api-us-qa01.tools.panclouddev.com/api/sase/v2.0/controller/graphapi",
          "assets_na": false,
          "assets_uids": [
            "64b19a2ff95f517597df9fd4"
          ],
          "created_at": 1714025235,
          "status": "fixed"
        }
      ]
    },
    {
      "categories": [
        "SQL Injection",
        "SQL Injection- Full"
      ],
      "exploitable_locations": [
        {
          "type": "url",
          "value": "https://pa-api-us-qa01.tools.panclouddev.com/api/sase/v3.0/resource/queries",
          "assets_na": false,
          "assets_uids": [
            "64b19a2ff95f517597df9fd4"
          ],
          "created_at": 1714478661,
          "status": "fixed"
        }
      ]
    },
    {
      "categories": [
        "SQL Injection",
        "SQL Injection- Full"
      ],
      "exploitable_locations": [
        {
          "type": "url",
          "value": "https://pa-api-us-qa01.tools.panclouddev.com/api/sase/v2.0/controller/graphapi",
          "assets_na": false,
          "assets_uids": [
            "64b19a2ff95f517597df9fd4"
          ],
          "created_at": 1714480390,
          "status": "fixed"
        }
      ]
    },
    {
      "categories": [
        "SQL Injection",
        "SQL Injection- Full"
      ],
      "exploitable_locations": [
        {
          "type": "url",
          "value": "https://pa-api-us-qa01.tools.panclouddev.com/api/sase/v2.0/controller/graphapi",
          "assets_na": false,
          "assets_uids": [
            "64b19a2ff95f517597df9fd4"
          ],
          "created_at": 1714495322,
          "status": "fixed"
        }
      ]
    },
    {
      "categories": [
        "SQL Injection",
        "**Blind**"
      ],
      "exploitable_locations": [
        {
          "type": "url",
          "value": "https://demo-paas-1.prismaaccess.paloaltonetworks.com/api/extensions/gpcs/remoteNetworkRegionDetails",
          "created_at": 1623423223,
          "status": "wont_fix"
        }
      ]
    },
    {
      "categories": [
        "SQL Injection",
        "SQL Injection- Partial"
      ],
      "exploitable_locations": [
        {
          "type": "url",
          "value": "https://insights-qa1.tools.panclouddev.com/api/sase/v1.0/resource/tenant/597294966/custom/query/locations/location_mobilegateways_status",
          "created_at": 1632498880,
          "status": "fixed"
        }
      ]
    },
    {
      "categories": [
        "SQL Injection",
        "SQL Injection- Full"
      ],
      "exploitable_locations": [
        {
          "type": "url",
          "value": "https://insights-qa1.tools.panclouddev.com/api/sase/v1.0/resource/tenant/597294966/queries",
          "created_at": 1632523258,
          "status": "fixed"
        }
      ]
    },
    {
      "categories": [
        "SQL Injection",
        "SQL Injection- Partial"
      ],
      "exploitable_locations": [
        {
          "type": "url",
          "value": "https://insights-qa1.tools.panclouddev.com/api/sase/v1.0/resource/tenant/597294966/custom/query/locations/location_mobilegateways_status",
          "created_at": 1632539741,
          "status": "fixed"
        }
      ]
    },
    {
      "categories": [
        "SQL Injection",
        "SQL Injection- Full"
      ],
      "exploitable_locations": [
        {
          "type": "url",
          "value": "https://insights-qa1.tools.panclouddev.com/api/sase/v2.0/account/tenant/ID*",
          "created_at": 1673256916,
          "status": "fixed"
        }
      ]
    },
    {
      "categories": [
        "SQL Injection",
        "**Blind**"
      ],
      "exploitable_locations": [
        {
          "type": "url",
          "value": "https://insights-qa1.tools.panclouddev.com/*",
          "created_at": 1623446749,
          "status": "fixed"
        },
        {
          "type": "url",
          "value": "https://insights-qa1.tools.panclouddev.com/api/sase/v1.0/alerts/subscriptions/tenant/597294966/emails/valid@email.com",
          "created_at": 1623446749,
          "status": "fixed"
        }
      ]
    },
    {
      "categories": [
        "SQL Injection",
        "SQL Injection- Full"
      ],
      "exploitable_locations": [
        {
          "type": "url",
          "value": "https://insights-qa1.tools.panclouddev.com/api/sase/v2.0/resource/queries",
          "created_at": 1673265729,
          "status": "fixed"
        }
      ]
    },
    {
      "categories": [
        "Authorization/Permissions",
        "Access/Privacy Control Violation"
      ],
      "exploitable_locations": [
        {
          "type": "url",
          "value": "https://insights-qa1.tools.panclouddev.com/api/sase/v2.0/account/tenant/",
          "created_at": 1673274963,
          "status": "fixed"
        }
      ]
    },
    {
      "categories": [
        "Authorization/Permissions",
        "Access/Privacy Control Violation"
      ],
      "exploitable_locations": [
        {
          "type": "url",
          "value": "https://insights-qa1.tools.panclouddev.com/sse/connector/v1.0/api/tenants",
          "created_at": 1673277160,
          "status": "fixed"
        }
      ]
    },
    {
      "categories": [
        "Authorization/Permissions",
        "Insecure Direct Object Reference (Read-Only)"
      ],
      "exploitable_locations": [
        {
          "type": "url",
          "value": "https://insights-qa1.tools.panclouddev.com/sse/connector/v1.0/api/tenants/<id>",
          "created_at": 1673282502,
          "status": "fixed"
        },
        {
          "type": "url",
          "value": "https://insights-qa1.tools.panclouddev.com/sse/connector/v1.0/api/tenants/<id>/applications",
          "created_at": 1673282502,
          "status": "fixed"
        },
        {
          "type": "url",
          "value": "https://insights-qa1.tools.panclouddev.com/sse/connector/v1.0/api/tenants/<id>/connector-groups",
          "created_at": 1673282502,
          "status": "fixed"
        },
        {
          "type": "url",
          "value": "https://insights-qa1.tools.panclouddev.com/sse/connector/v1.0/api/tenants/<id>/connectors",
          "created_at": 1673282502,
          "status": "fixed"
        }
      ]
    },
    {
      "categories": [
        "SQL Injection",
        "**Blind**"
      ],
      "exploitable_locations": [
        {
          "type": "url",
          "value": "https://insights-qa1.tools.panclouddev.com/api/sase/v1.0/resource/tenant/597294966/query/alerts",
          "created_at": 1623852225,
          "status": "fixed"
        }
      ]
    },
    {
      "categories": [
        "Authorization/Permissions",
        "Access/Privacy Control Violation"
      ],
      "exploitable_locations": [
        {
          "type": "url",
          "value": "https://insights-qa1.tools.panclouddev.com/api/sase/v2.0/controller/graphapi",
          "created_at": 1673366488,
          "status": "fixed"
        }
      ]
    },
    {
      "categories": [
        "Authorization/Permissions",
        "Access/Privacy Control Violation"
      ],
      "exploitable_locations": [
        {
          "type": "url",
          "value": "https://insights-qa1.tools.panclouddev.com/api/sase/v2.0/controller/graphapi",
          "created_at": 1673366506,
          "status": "fixed"
        }
      ]
    },
    {
      "categories": [
        "Authorization/Permissions",
        "Access/Privacy Control Violation"
      ],
      "exploitable_locations": [
        {
          "type": "url",
          "value": "https://insights-qa1.tools.panclouddev.com/api/sase/v2.0/controller/graphapi",
          "created_at": 1673366515,
          "status": "fixed"
        }
      ]
    },
    {
      "categories": [
        "SQL Injection",
        "SQL Injection- Full"
      ],
      "exploitable_locations": [
        {
          "type": "url",
          "value": "https://pa-api-us-dev04.tools.panclouddev.com/api/sase/v3.0/resource/query/incidents/impacted_list",
          "assets_na": false,
          "assets_uids": [
            "65a04f066ca48b0767b2d0c0"
          ],
          "created_at": 1713496552,
          "status": "fixed"
        }
      ]
    },
    {
      "categories": [
        "SQL Injection",
        "SQL Injection- Full"
      ],
      "exploitable_locations": [
        {
          "type": "url",
          "value": "https://api.qa.reporting.paloaltonetworks.com/reporting/queryFast/v1/cdlFirewallTraffic",
          "assets_na": false,
          "assets_uids": [
            "65a0509ceb11eb985a4003b4"
          ],
          "created_at": 1713528869,
          "status": "fixed"
        }
      ]
    },
    {
      "categories": [
        "SQL Injection",
        "SQL Injection- Full"
      ],
      "exploitable_locations": [
        {
          "type": "url",
          "value": "https://insights-qa1.tools.panclouddev.com/api/sase/v3.0/resource/query/incidents/incidents_view",
          "assets_na": false,
          "assets_uids": [
            "641def26a60e6b038d3611ee"
          ],
          "created_at": 1714987696,
          "status": "fixed"
        }
      ]
    },
    {
      "categories": [
        "SQL Injection",
        "SQL Injection- Full"
      ],
      "exploitable_locations": [
        {
          "type": "url",
          "value": "https://insights-qa1.tools.panclouddev.com/api/sase/v3.0/resource/query/incidents/impacted_list",
          "assets_na": false,
          "assets_uids": [
            "641def26a60e6b038d3611ee"
          ],
          "created_at": 1714987707,
          "status": "fixed"
        }
      ]
    },
    {
      "categories": [
        "SQL Injection",
        "SQL Injection- Full"
      ],
      "exploitable_locations": [
        {
          "type": "url",
          "value": "https://insights-qa1.tools.panclouddev.com/api/cloud/2.0/agg/notifications/list",
          "assets_na": false,
          "assets_uids": [
            "641def26a60e6b038d3611ee"
          ],
          "created_at": 1715702678,
          "status": "fixed"
        }
      ]
    },
    {
      "categories": [
        "SQL Injection",
        "SQL Injection- Full"
      ],
      "exploitable_locations": [
        {
          "type": "url",
          "value": "https://insights-qa1.tools.panclouddev.com/api/cloud/2.0/agg/notifications/list/count",
          "assets_na": false,
          "assets_uids": [
            "641def26a60e6b038d3611ee"
          ],
          "created_at": 1715702691,
          "status": "fixed"
        }
      ]
    },
    {
      "categories": [
        "SQL Injection",
        "SQL Injection- Partial"
      ],
      "exploitable_locations": [
        {
          "type": "other",
          "value": "Out-of-Scope",
          "created_at": 1632427092,
          "status": "fixed"
        }
      ]
    },
    {
      "categories": [
        "SQL Injection",
        "SQL Injection- Full"
      ],
      "exploitable_locations": [
        {
          "type": "url",
          "value": "https://insights-qa1.tools.panclouddev.com/api/sase/v1.0/resource/tenant/597294966/custom/query/mobileusers/query_time_slider",
          "created_at": 1632432646,
          "status": "fixed"
        }
      ]
    },
    {
      "categories": [
        "SQL Injection",
        "SQL Injection- Full"
      ],
      "exploitable_locations": [
        {
          "type": "url",
          "value": "https://insights-qa1.tools.panclouddev.com/api/sase/v1.0/resource/tenant/597294966/query/mobilegateways_logs",
          "created_at": 1632437233,
          "status": "fixed"
        }
      ]
    }
  ]
}