{
  "listing_id": "dy30474vd2",
  "type": "categories",
  "value": [
    {
      "categories": [
        "SQL Injection",
        "SQL Injection- Full"
      ],
      "exploitable_locations": [
        {
          "type": "url",
          "value": "https://pa-api-us-qa01.tools.panclouddev.com/api/sase/v2.0/controller/graphapi",
          "assets_uids": [
            "64b19a2ff95f517597df9fd1"
          ],
          "created_at": 1714502540,
          "status": "pending"
        }
      ]
    },
    {
      "categories": [
        "SQL Injection",
        "SQL Injection- Full"
      ],
      "exploitable_locations": [
        {
          "type": "url",
          "value": "https://api.qa.reporting.paloaltonetworks.com/reporting/queryFast/v1/cdlFirewallThreat",
          "assets_uids": [
            "64b19bedf95f517597df9fe3"
          ],
          "created_at": 1714589501,
          "status": "pending"
        }
      ]
    },
    {
      "categories": [
        "Authorization/Permissions",
        "Access/Privacy Control Violation"
      ],
      "exploitable_locations": [
        {
          "type": "url",
          "value": "https://insights-qa1.tools.panclouddev.com/api/sase/v1.0/resource/tenant/<id>/custom/query/tunnels/tunnel_list",
          "created_at": 1655553190,
          "status": "pending"
        },
        {
          "type": "url",
          "value": "https://insights-qa1.tools.panclouddev.com/api/sase/v1.0/resource/tenant/<id>/query/tunnel_status",
          "created_at": 1655553190,
          "status": "pending"
        },
        {
          "type": "url",
          "value": "https://insights-qa1.tools.panclouddev.com/api/sase/v1.0/canary/upgrade/tenant/<id>/banner",
          "created_at": 1655553190,
          "status": "pending"
        },
        {
          "type": "url",
          "value": "https://insights-qa1.tools.panclouddev.com/api/sase/v1.0/resource/tenant/<id>/custom/query/tunnels/tunnel_status",
          "created_at": 1655553190,
          "status": "pending"
        },
        {
          "type": "url",
          "value": "https://demo-fawkes1.prismaaccess.paloaltonetworks.com/insights/sase-tunnels/tunnels",
          "created_at": 1655553190,
          "status": "pending"
        }
      ]
    },
    {
      "categories": [
        "Authorization/Permissions",
        "Access/Privacy Control Violation"
      ],
      "exploitable_locations": [
        {
          "type": "url",
          "value": "https://insights-qa1.tools.panclouddev.com/api/sase/v1.0/resource/tenant/<id>/query/metrics_instance_vpn",
          "created_at": 1655553217,
          "status": "pending"
        },
        {
          "type": "url",
          "value": "https://insights-qa1.tools.panclouddev.com/api/sase/v1.0/resource/tenant/<id>/custom/query/serviceconnections/sc_status",
          "created_at": 1655553217,
          "status": "pending"
        },
        {
          "type": "url",
          "value": "https://insights-qa1.tools.panclouddev.com/api/sase/v1.0/resource/tenant/<id>/custom/query/serviceconnections/sc_list",
          "created_at": 1655553217,
          "status": "pending"
        },
        {
          "type": "url",
          "value": "https://demo-fawkes1.prismaaccess.paloaltonetworks.com/insights/sase-service-connections/sc_list",
          "created_at": 1655553217,
          "status": "pending"
        }
      ]
    },
    {
      "categories": [
        "SQL Injection",
        "SQL Injection- Full"
      ],
      "exploitable_locations": [
        {
          "type": "url",
          "value": "https://insights-qa1.tools.panclouddev.com/api/sase/v1.0/resource/tenant/597294966/custom/query/mobileusers/mu_current_connected_status",
          "created_at": 1632522128,
          "status": "pending"
        }
      ]
    },
    {
      "categories": [
        "SQL Injection",
        "SQL Injection- Full"
      ],
      "exploitable_locations": [
        {
          "type": "url",
          "value": "https://insights-qa1.tools.panclouddev.com/api/sase/v1.0/resource/tenant/597294966/query/alerts",
          "created_at": 1632524330,
          "status": "pending"
        }
      ]
    },
    {
      "categories": [
        "SQL Injection",
        "SQL Injection- Partial"
      ],
      "exploitable_locations": [
        {
          "type": "url",
          "value": "https://insights-qa1.tools.panclouddev.com/api/sase/v1.0/resource/tenant/597294966/custom/query/remotenetworks/rn_peak_bandwidth",
          "created_at": 1632538346,
          "status": "pending"
        },
        {
          "type": "url",
          "value": "https://insights-qa1.tools.panclouddev.com/api/sase/v1.0/resource/tenant/597294966/custom/query/serviceconnections/sc_most_active",
          "created_at": 1632538346,
          "status": "pending"
        },
        {
          "type": "url",
          "value": "https://insights-qa1.tools.panclouddev.com/api/sase/v1.0/resource/tenant/597294966/custom/query/remotenetworks/rn_most_active",
          "created_at": 1632538346,
          "status": "pending"
        },
        {
          "type": "url",
          "value": "https://insights-qa1.tools.panclouddev.com/api/sase/v1.0/resource/tenant/597294966/query/mobilegateways_logs",
          "created_at": 1632538346,
          "status": "pending"
        }
      ]
    },
    {
      "categories": [
        "SQL Injection",
        "SQL Injection- Full"
      ],
      "exploitable_locations": [
        {
          "type": "url",
          "value": "https://insights-qa1.tools.panclouddev.com/api/sase/v1.0/resource/tenant/597294966/query/edge_location_current_status",
          "created_at": 1632540279,
          "status": "pending"
        },
        {
          "type": "url",
          "value": "https://insights-qa1.tools.panclouddev.com/api/sase/v1.0/resource/tenant/597294966/query/tunnel_current_status",
          "created_at": 1632540279,
          "status": "pending"
        }
      ]
    },
    {
      "categories": [
        "SQL Injection",
        "SQL Injection- Full"
      ],
      "exploitable_locations": [
        {
          "type": "url",
          "value": "https://insights-qa1.tools.panclouddev.com/api/sase/v1.0/resource/tenant/597294966/custom/query/locations/location_list",
          "created_at": 1632540935,
          "status": "pending"
        }
      ]
    },
    {
      "categories": [
        "Information Disclosure",
        "Sensitive API Keys"
      ],
      "exploitable_locations": [
        {
          "type": "url",
          "value": "https://ngfw-demo.firebaseapp.com/static/js/83.7a2c0191.chunk.js",
          "created_at": 1632669071,
          "status": "pending"
        }
      ]
    },
    {
      "categories": [
        "SQL Injection",
        "SQL Injection- Full"
      ],
      "exploitable_locations": [
        {
          "type": "url",
          "value": "https://insights-qa1.tools.panclouddev.com/api/sase/v2.0/license/allocated",
          "created_at": 1673288070,
          "status": "pending"
        }
      ]
    },
    {
      "categories": [
        "SQL Injection",
        "SQL Injection- Full"
      ],
      "exploitable_locations": [
        {
          "type": "url",
          "value": "https://insights-qa1.tools.panclouddev.com/api/sase/v2.0/canary/upgrade/banner",
          "created_at": 1673288074,
          "status": "pending"
        }
      ]
    },
    {
      "categories": [
        "SQL Injection",
        "SQL Injection- Full"
      ],
      "exploitable_locations": [
        {
          "type": "url",
          "value": "https://pa-api-us-qa01.tools.panclouddev.com/api/sase/v2.0/resource/custom/query/mobileusers/mu_license_consumption",
          "created_at": 1673294354,
          "status": "pending"
        }
      ]
    },
    {
      "categories": [
        "SQL Injection",
        "SQL Injection- Full"
      ],
      "exploitable_locations": [
        {
          "type": "url",
          "value": "https://insights-qa1.tools.panclouddev.com/api/sase/v2.0/resource/custom/query/mobileusers/mu_license_consumption",
          "created_at": 1673296161,
          "status": "pending"
        }
      ]
    },
    {
      "categories": [
        "SQL Injection",
        "SQL Injection- Partial"
      ],
      "exploitable_locations": [
        {
          "type": "url",
          "value": "https://insights-qa1.tools.panclouddev.com/api/sase/v2.0/resource/query/prisma_sase_external_alerts_current",
          "created_at": 1673299573,
          "status": "pending"
        }
      ]
    },
    {
      "categories": [
        "Authorization/Permissions",
        "Access/Privacy Control Violation"
      ],
      "exploitable_locations": [
        {
          "type": "url",
          "value": "https://insights-qa1.tools.panclouddev.com/sse/connector/v2.0/api/tenants",
          "created_at": 1673347971,
          "status": "pending"
        },
        {
          "type": "url",
          "value": "https://pa-api-us-qa01.tools.panclouddev.com/sse/connector/v2.0/api/tenants",
          "created_at": 1673347971,
          "status": "pending"
        }
      ]
    },
    {
      "categories": [
        "Authorization/Permissions",
        "Insecure Direct Object Reference (Read-Only)"
      ],
      "exploitable_locations": [
        {
          "type": "url",
          "value": "https://insights-qa1.tools.panclouddev.com/sse/connector/v1.0/api/tenants/{tenants_ID}/license",
          "created_at": 1673355538,
          "status": "pending"
        },
        {
          "type": "url",
          "value": "https://pa-api-us-qa01.tools.panclouddev.com/sse/connector/v1.0/api/tenants/{tenants_ID}//license",
          "created_at": 1673355538,
          "status": "pending"
        }
      ]
    },
    {
      "categories": [
        "Authorization/Permissions",
        "Insecure Direct Object Reference (Read-Only)"
      ],
      "exploitable_locations": []
    },
    {
      "categories": [
        "Authorization/Permissions",
        "Access/Privacy Control Violation"
      ],
      "exploitable_locations": [
        {
          "type": "url",
          "value": "https://dev-paas-f2.prismaaccess.paloaltonetworks.com//api/config/v9.2/Objects/ApplicationGroups",
          "created_at": 1673368752,
          "status": "pending"
        },
        {
          "type": "url",
          "value": "https://dev-paas-f2.prismaaccess.paloaltonetworks.com//api/config/v9.2/Objects/CustomRulebase",
          "created_at": 1673368752,
          "status": "pending"
        },
        {
          "type": "url",
          "value": "https://dev-paas-f2.prismaaccess.paloaltonetworks.com//api/config/v9.2/Objects/Addresses",
          "created_at": 1673368752,
          "status": "pending"
        },
        {
          "type": "url",
          "value": "https://dev-paas-f2.prismaaccess.paloaltonetworks.com//api/config/v9.2/Objects/AddressGroups",
          "created_at": 1673368752,
          "status": "pending"
        },
        {
          "type": "url",
          "value": "https://dev-paas-f2.prismaaccess.paloaltonetworks.com//api/config/v9.2/Objects/ApplicationGroupControls",
          "created_at": 1673368752,
          "status": "pending"
        },
        {
          "type": "url",
          "value": "https://dev-paas-f2.prismaaccess.paloaltonetworks.com//api/config/v9.2/Device/PostureProfile",
          "created_at": 1673368752,
          "status": "pending"
        },
        {
          "type": "url",
          "value": "https://dev-fawkes4.prismaaccess.paloaltonetworks.com/manage/web-security-config/web-access-policy",
          "created_at": 1673368752,
          "status": "pending"
        },
        {
          "type": "url",
          "value": "https://dev-paas-f2.prismaaccess.paloaltonetworks.com//api/config/v9.2/Objects/CustomRulebase/multiclone",
          "created_at": 1673368752,
          "status": "pending"
        },
        {
          "type": "url",
          "value": "https://dev-fawkes4.prismaaccess.paloaltonetworks.com/manage/web-security-config/objects/addresses",
          "created_at": 1673368752,
          "status": "pending"
        },
        {
          "type": "url",
          "value": "https://dev-fawkes4.prismaaccess.paloaltonetworks.com/manage/web-security-config/objects/regions",
          "created_at": 1673368752,
          "status": "pending"
        },
        {
          "type": "url",
          "value": "https://dev-fawkes4.prismaaccess.paloaltonetworks.com/manage/web-security-config/objects/device-posture",
          "created_at": 1673368752,
          "status": "pending"
        },
        {
          "type": "url",
          "value": "https://dev-fawkes4.prismaaccess.paloaltonetworks.com/manage/web-security-config/objects/custom-application-groups",
          "created_at": 1673368752,
          "status": "pending"
        },
        {
          "type": "url",
          "value": "https://dev-fawkes4.prismaaccess.paloaltonetworks.com/manage/prisma-access/objects/dynamic-user-group",
          "created_at": 1673368752,
          "status": "pending"
        },
        {
          "type": "url",
          "value": "https://dev-fawkes4.prismaaccess.paloaltonetworks.com/manage/prisma-access/objects/application-filters",
          "created_at": 1673368752,
          "status": "pending"
        },
        {
          "type": "url",
          "value": "https://dev-fawkes4.prismaaccess.paloaltonetworks.com/manage/prisma-access/objects/services",
          "created_at": 1673368752,
          "status": "pending"
        },
        {
          "type": "url",
          "value": "https://dev-fawkes4.prismaaccess.paloaltonetworks.com/manage/prisma-access/objects/auto-tag-actions",
          "created_at": 1673368752,
          "status": "pending"
        },
        {
          "type": "url",
          "value": "https://dev-fawkes4.prismaaccess.paloaltonetworks.com/manage/prisma-access/objects/global-protect/hip-objects",
          "created_at": 1673368752,
          "status": "pending"
        },
        {
          "type": "url",
          "value": "https://dev-fawkes4.prismaaccess.paloaltonetworks.com/manage/prisma-access/objects/dynamic-block-listshttps://dev-fawkes4.prismaaccess.paloaltonetworks.com/manage/prisma-access/objects/dynamic-block-listshttps://dev-fawkes4.prismaaccess.paloaltonetworks.com/manage/prisma-access/objects/dynamic-block-listshttps://dev-fawkes4.prismaaccess.paloaltonetworks.com/manage/prisma-access/objects/dynamic-block-lists",
          "created_at": 1673368752,
          "status": "pending"
        },
        {
          "type": "url",
          "value": "https://dev-fawkes4.prismaaccess.paloaltonetworks.com/manage/prisma-access/objects/certificate-management",
          "created_at": 1673368752,
          "status": "pending"
        },
        {
          "type": "url",
          "value": "https://dev-fawkes4.prismaaccess.paloaltonetworks.com/manage/web-security-config/objects/response-pages",
          "created_at": 1673368752,
          "status": "pending"
        }
      ]
    },
    {
      "categories": [
        "Authorization/Permissions",
        "Access/Privacy Control Violation"
      ],
      "exploitable_locations": [
        {
          "type": "url",
          "value": "https://dev-paas-f2.prismaaccess.paloaltonetworks.com//api/config/v9.2/Objects/Addresses",
          "created_at": 1673368526,
          "status": "pending"
        },
        {
          "type": "url",
          "value": "https://dev-paas-f2.prismaaccess.paloaltonetworks.com//api/config/v9.2/Objects/AddressGroups",
          "created_at": 1673368526,
          "status": "pending"
        },
        {
          "type": "url",
          "value": "https://dev-paas-f2.prismaaccess.paloaltonetworks.com//api/config/v9.2/Objects/Applications",
          "created_at": 1673368526,
          "status": "pending"
        },
        {
          "type": "url",
          "value": "https://dev-paas-f2.prismaaccess.paloaltonetworks.com//api/config/v9.2/Objects/Services",
          "created_at": 1673368526,
          "status": "pending"
        },
        {
          "type": "url",
          "value": "https://dev-paas-f2.prismaaccess.paloaltonetworks.com//api/config/v9.2/Objects/Tags",
          "created_at": 1673368526,
          "status": "pending"
        }
      ]
    },
    {
      "categories": [
        "Cross-Site Scripting (XSS)",
        "Persistent XSS"
      ],
      "exploitable_locations": [
        {
          "type": "url",
          "value": "https://dev-paas-f2.prismaaccess.paloaltonetworks.com//api/config/v9.2/Device/BlockPage",
          "created_at": 1673370179,
          "status": "pending"
        },
        {
          "type": "url",
          "value": "https://dev-fawkes4.prismaaccess.paloaltonetworks.com/manage/prisma-access/file-blocking",
          "created_at": 1673370179,
          "status": "pending"
        },
        {
          "type": "url",
          "value": "https://dev-paas-f2.prismaaccess.paloaltonetworks.com//api/config/v9.2/Device/BlockPage",
          "created_at": 1673370179,
          "status": "pending"
        }
      ]
    },
    {
      "categories": [
        "Cross-Site Scripting (XSS)",
        "Persistent XSS"
      ],
      "exploitable_locations": [
        {
          "type": "url",
          "value": "https://dev-fawkes4.prismaaccess.paloaltonetworks.com/manage/mobile-users-gp/setup/global-protect-app",
          "created_at": 1673386424,
          "status": "pending"
        },
        {
          "type": "url",
          "value": "https://dev-paas-f2.prismaaccess.paloaltonetworks.com//api/config/v9.2/Device/BlockPage",
          "created_at": 1673386424,
          "status": "pending"
        }
      ]
    },
    {
      "categories": [
        "SQL Injection",
        "**Blind**"
      ],
      "exploitable_locations": [
        {
          "type": "url",
          "value": "https://insights-qa1.tools.panclouddev.com/api/sase/v1.0/alerts/tenant/597294966/504486*",
          "created_at": 1624442170,
          "status": "pending"
        }
      ]
    },
    {
      "categories": [
        "SQL Injection",
        "SQL Injection- Full"
      ],
      "exploitable_locations": [
        {
          "type": "url",
          "value": "https://insights-qa1.tools.panclouddev.com/api/sase/v1.0/resource/tenant/597294966/custom/query/mobileusers/query_time_slider",
          "created_at": 1632435953,
          "status": "pending"
        }
      ]
    },
    {
      "categories": [
        "SQL Injection",
        "SQL Injection- Full"
      ],
      "exploitable_locations": [
        {
          "type": "url",
          "value": "https://insights-qa1.tools.panclouddev.com/api/sase/v1.0/resource/tenant/597294966/custom/query/mobileusers/mu_map",
          "created_at": 1632436473,
          "status": "pending"
        }
      ]
    }
  ]
}