{
  "listing_id": "e2neass8d7",
  "type": "categories",
  "value": [
    {
      "categories": [
        "Cross-Site Scripting (XSS)",
        "**Reflected XSS (OLD DNU)**"
      ],
      "exploitable_locations": [
        {
          "type": "url",
          "value": "https://order.dominostest.co.nz/eStore/en/PizzaChef",
          "created_at": 1621353605,
          "status": "fixed"
        },
        {
          "type": "url",
          "value": "https://order.dominostest.be/eStore/en/PizzaChef",
          "created_at": 1621353605,
          "status": "fixed"
        },
        {
          "type": "url",
          "value": "https://order.dominostest.nl/eStore/en/PizzaChef",
          "created_at": 1621353605,
          "status": "fixed"
        }
      ]
    },
    {
      "categories": [
        "Information Disclosure",
        "Sensitive API Keys"
      ],
      "exploitable_locations": [
        {
          "type": "url",
          "value": "https://order.dominostest.be/",
          "created_at": 1621359388,
          "status": "fixed"
        }
      ]
    },
    {
      "categories": [
        "Functional/Business Logic",
        "Improper Input Validation"
      ],
      "exploitable_locations": [
        {
          "type": "url",
          "value": "https://order.dominostest.com.au/eStore/en/ChangeOrder/Submit",
          "created_at": 1653318052,
          "status": "fixed"
        }
      ]
    },
    {
      "categories": [
        "Functional/Business Logic",
        "Functionality Abuse with Malicious Impact"
      ],
      "exploitable_locations": [
        {
          "type": "url",
          "value": "https://bestellen.dominostest.nl/eStore/nl/CheckoutApi/InitialiseProviders",
          "created_at": 1653569126,
          "status": "fixed"
        }
      ]
    },
    {
      "categories": [
        "Functional/Business Logic",
        "Improper Input Validation"
      ],
      "exploitable_locations": [
        {
          "type": "url",
          "value": "https://order.dominostest.be/eStore/nl/ChangeOrder/Submit",
          "created_at": 1653637541,
          "status": "fixed"
        },
        {
          "type": "url",
          "value": "https://bestellen.dominostest.nl/eStore/nl/ChangeOrder/Submit",
          "created_at": 1653637541,
          "status": "fixed"
        },
        {
          "type": "url",
          "value": "https://order.dominostest.co.nz/eStore/en/ChangeOrder/Submit",
          "created_at": 1653637541,
          "status": "fixed"
        }
      ]
    },
    {
      "categories": [
        "Cross-Site Scripting (XSS)",
        "**Reflected XSS (OLD DNU)**"
      ],
      "exploitable_locations": [
        {
          "type": "url",
          "value": "https://order.dominostest.com.au/eStore/en/PizzaChef",
          "created_at": 1621350951,
          "status": "fixed"
        }
      ]
    },
    {
      "categories": [
        "Cross-Site Scripting (XSS)",
        "**Reflected XSS (OLD DNU)**"
      ],
      "exploitable_locations": [
        {
          "type": "url",
          "value": "https://internetorder.dominostest.jp/missingsession/en'%3balert(document.cookie)%3btest%3d'/CustomerDetails/Delivery",
          "created_at": 1596650623,
          "status": "fixed"
        },
        {
          "type": "url",
          "value": "https://internetorder.dominostest.jp/missingsession'%3balert(document.cookie)%3btest%3d'/en/ForgotPassword",
          "created_at": 1596650623,
          "status": "fixed"
        },
        {
          "type": "url",
          "value": "https://internetorder.dominostest.jp/processing/ja9821';alert(1);test='9905/PickupSearch/AllStores",
          "created_at": 1596650623,
          "status": "fixed"
        }
      ]
    },
    {
      "categories": [
        "Functional/Business Logic",
        "**Unvalidated Redirect Bypass**(OLD DNU)"
      ],
      "exploitable_locations": [
        {
          "type": "url",
          "value": "https://internetorder.dominostest.jp/eStore/en/login",
          "created_at": 1596741866,
          "status": "fixed"
        }
      ]
    },
    {
      "categories": [
        "Functional/Business Logic",
        "Functionality Abuse with Malicious Impact"
      ],
      "exploitable_locations": [
        {
          "type": "url",
          "value": "https://internetorder.dominostest.jp/estore/en/Product/AddToOrder",
          "created_at": 1596757516,
          "status": "fixed"
        }
      ]
    },
    {
      "categories": [
        "Authorization/Permissions",
        "Access/Privacy Control Violation"
      ],
      "exploitable_locations": [
        {
          "type": "url",
          "value": "https://internetorder.dominostest.jp/eStore/en/Voucher",
          "created_at": 1596770623,
          "status": "fixed"
        }
      ]
    },
    {
      "categories": [
        "Cross-Site Scripting (XSS)",
        "**Reflected XSS (OLD DNU)**"
      ],
      "exploitable_locations": [
        {
          "type": "url",
          "value": "https://internetorder.dominostest.jp/eStore/en/Login/AttachAppleId",
          "created_at": 1597252230,
          "status": "fixed"
        },
        {
          "type": "url",
          "value": "https://internetorder.dominostest.jp/eStore/en/Login/RedirectToOpenIdProvider",
          "created_at": 1597252230,
          "status": "fixed"
        }
      ]
    },
    {
      "categories": [
        "Cross-Site Scripting (XSS)",
        "Persistent XSS"
      ],
      "exploitable_locations": [
        {
          "type": "url",
          "value": "https://order.dominostest.com.au/eStore/en/Home",
          "created_at": 1638171153,
          "status": "wont_fix"
        },
        {
          "type": "url",
          "value": "https://order.dominostest.co.nz/eStore/en/Home",
          "created_at": 1638171153,
          "status": "wont_fix"
        },
        {
          "type": "url",
          "value": "https://bestellen.dominostest.de/eStore/de/Home",
          "created_at": 1638171153,
          "status": "wont_fix"
        }
      ]
    },
    {
      "categories": [
        "Cross-Site Scripting (XSS)",
        "**DOM Based XSS**"
      ],
      "exploitable_locations": [
        {
          "type": "url",
          "value": "https://commande.dominostest.fr/eStore/fr/Payments",
          "created_at": 1629239168,
          "status": "wont_fix"
        }
      ]
    },
    {
      "categories": [
        "Functional/Business Logic",
        "Client Side Validation"
      ],
      "exploitable_locations": [
        {
          "type": "url",
          "value": "https://commande.dominostest.fr/eStore/fr/ChangeOrder/Submit",
          "created_at": 1629697956,
          "status": "wont_fix"
        }
      ]
    },
    {
      "categories": [
        "Cross-Site Scripting (XSS)",
        "**Reflected XSS (OLD DNU)**"
      ],
      "exploitable_locations": [
        {
          "type": "url",
          "value": "https://commande.dominostest.fr/eStore/nl/customerdetails/delivery",
          "created_at": 1627061210,
          "status": "wont_fix"
        }
      ]
    },
    {
      "categories": [
        "Cross-site Request Forgery (CSRF)",
        "**CSRF Protection Missing**"
      ],
      "exploitable_locations": [
        {
          "type": "url",
          "value": "https://bestellen.dominostest.de/eStore/de/DeliverySearch/AllDetails",
          "created_at": 1605206426,
          "status": "wont_fix"
        }
      ]
    },
    {
      "categories": [
        "Cross-site Request Forgery (CSRF)",
        "**CSRF Protection Missing**"
      ],
      "exploitable_locations": [
        {
          "type": "url",
          "value": "https://bestellen.dominostest.de/eStore/en/Rewards/OptOutLoyalty",
          "created_at": 1605107571,
          "status": "fixed"
        }
      ]
    },
    {
      "categories": [
        "Cross-site Request Forgery (CSRF)",
        "**CSRF Protection Missing**"
      ],
      "exploitable_locations": [
        {
          "type": "url",
          "value": "https://bestellen.dominostest.de/eStore/en/Tracker/SubmitQuestion",
          "created_at": 1605108717,
          "status": "wont_fix"
        },
        {
          "type": "url",
          "value": "https://bestellen.dominostest.de/eStore/en/Tracker/SubmitComment",
          "created_at": 1605108717,
          "status": "wont_fix"
        }
      ]
    },
    {
      "categories": [
        "Content Injection",
        "Spoof HTML Content"
      ],
      "exploitable_locations": [
        {
          "type": "url",
          "value": "https://ordering-stage.dominostest.de",
          "created_at": 1640243862,
          "status": "fixed"
        }
      ]
    },
    {
      "categories": [
        "Information Disclosure",
        "Sensitive API Keys"
      ],
      "exploitable_locations": [
        {
          "type": "url",
          "value": "https://order.dominostest.com.au/bundle.2310e07fa08ac4c1.js",
          "assets_na": false,
          "assets_uids": [
            "641b099729d8e93628ed170f"
          ],
          "created_at": 1728035476,
          "status": "pending"
        }
      ]
    },
    {
      "categories": [
        "Information Disclosure",
        "Sensitive API Keys"
      ],
      "exploitable_locations": [
        {
          "type": "other",
          "value": "Http request",
          "created_at": 1616995466,
          "status": "fixed"
        }
      ]
    },
    {
      "categories": [
        "Functional/Business Logic",
        "Improper Input Validation"
      ],
      "exploitable_locations": [
        {
          "type": "url",
          "value": "https://olo-stage-graph-at.dominostest.nl/graphql",
          "created_at": 1622543672,
          "status": "fixed"
        }
      ]
    },
    {
      "categories": [
        "Content Injection",
        "Spoof HTML Content"
      ],
      "exploitable_locations": [
        {
          "type": "url",
          "value": "https://olo-stage-graph-at.dominostest.nl/graphql",
          "created_at": 1640085386,
          "status": "fixed"
        }
      ]
    },
    {
      "categories": [
        "Functional/Business Logic",
        "Functionality Abuse with Malicious Impact"
      ],
      "exploitable_locations": [
        {
          "type": "url",
          "value": "https://olo-stage-graph-at.dominostest.jp/graphql#validateBasket",
          "assets_na": false,
          "assets_uids": [
            "6410b8dbca181af71ed0b9cb"
          ],
          "created_at": 1727888346,
          "status": "fixed"
        }
      ]
    }
  ]
}