{
  "listing_id": "e783kpxn74",
  "type": "categories",
  "value": [
    {
      "categories": [
        "Authorization/Permissions",
        "Access/Privacy Control Violation"
      ],
      "exploitable_locations": [
        {
          "type": "url",
          "value": "https://pulse-labor-service.infosec.ngss.dpz.ci/pulse-labor/workforce",
          "created_at": 1591890819,
          "status": "fixed"
        },
        {
          "type": "url",
          "value": "https://pulse-labor-service.infosec.ngss.dpz.ci/pulse-labor-api/v1/graphql",
          "created_at": 1591890819,
          "status": "fixed"
        }
      ]
    },
    {
      "categories": [
        "Authorization/Permissions",
        "Insecure Direct Object Reference"
      ],
      "exploitable_locations": [
        {
          "type": "url",
          "value": "https://pulse-order-entry-service.infosec.ngss.dpz.ci/pulse-order-entry-api/v1/graphql",
          "created_at": 1593085527,
          "status": "pending"
        },
        {
          "type": "app-location",
          "value": "updateOrder",
          "created_at": 1593085527,
          "status": "pending"
        }
      ]
    },
    {
      "categories": [
        "SQL Injection",
        "**Blind**"
      ],
      "exploitable_locations": [
        {
          "type": "app-location",
          "value": "findTeamMember action",
          "created_at": 1593105835,
          "status": "fixed"
        }
      ]
    },
    {
      "categories": [
        "Information Disclosure",
        "Sensitive API Keys"
      ],
      "exploitable_locations": [
        {
          "type": "url",
          "value": "https://pulse-order-entry-service.infosec.ngss.dpz.ci/pulse-order-entry/.webconfig",
          "created_at": 1591200415,
          "status": "pending"
        },
        {
          "type": "url",
          "value": "https://pulse-delivery-service.infosec.ngss.dpz.ci/pulse-delivery/.webconfig",
          "created_at": 1591200415,
          "status": "pending"
        }
      ]
    },
    {
      "categories": [
        "Server/Application Misconfiguration",
        "Cross-Origin Resource Sharing (CORS)"
      ],
      "exploitable_locations": [
        {
          "type": "url",
          "value": "https://pulse-order-entry-service.infosec.ngss.dpz.ci/pulse-order-entry/.webconfig",
          "created_at": 1593153142,
          "status": "fixed"
        }
      ]
    },
    {
      "categories": [
        "SQL Injection",
        "**Blind**"
      ],
      "exploitable_locations": [
        {
          "type": "app-location",
          "value": "findTeamMembers",
          "created_at": 1593174129,
          "status": "fixed"
        }
      ]
    },
    {
      "categories": [
        "SQL Injection",
        "**Blind**"
      ],
      "exploitable_locations": [
        {
          "type": "app-location",
          "value": "assignPosition",
          "created_at": 1593191689,
          "status": "fixed"
        }
      ]
    },
    {
      "categories": [
        "Server/Application Misconfiguration",
        "Cross-Origin Resource Sharing (CORS)"
      ],
      "exploitable_locations": [
        {
          "type": "url",
          "value": "https://pulse-labor-service.infosec.ngss.dpz.ci/pulse-labor/workforce",
          "created_at": 1593227607,
          "status": "fixed"
        }
      ]
    },
    {
      "categories": [
        "Cross-site Request Forgery (CSRF)",
        "**CSRF Protection Not Enforced**"
      ],
      "exploitable_locations": [
        {
          "type": "url",
          "value": "https://pulse-labor-service.infosec.ngss.dpz.ci/pulse-labor-api/v1/graphql",
          "created_at": 1593271543,
          "status": "fixed"
        }
      ]
    },
    {
      "categories": [
        "Authorization/Permissions",
        "Insecure Direct Object Reference"
      ],
      "exploitable_locations": [
        {
          "type": "url",
          "value": "https://pulse-labor-service.infosec.ngss.dpz.ci/pulse-labor-api/v1/graphql",
          "created_at": 1594557614,
          "status": "fixed"
        }
      ]
    },
    {
      "categories": [
        "Authorization/Permissions",
        "Insecure Direct Object Reference"
      ],
      "exploitable_locations": [
        {
          "type": "url",
          "value": "https://pulse-labor-service.infosec.ngss.dpz.ci/pulse-labor-api/v1/graphql",
          "created_at": 1607422971,
          "status": "fixed"
        }
      ]
    },
    {
      "categories": [
        "Authorization/Permissions",
        "Insecure Direct Object Reference"
      ],
      "exploitable_locations": [
        {
          "type": "url",
          "value": "https://pulse-labor-service.infosec.ngss.dpz.ci/pulse-labor-api/v1/graphql",
          "created_at": 1607685779,
          "status": "fixed"
        }
      ]
    },
    {
      "categories": [
        "Authorization/Permissions",
        "Insecure Direct Object Reference"
      ],
      "exploitable_locations": [
        {
          "type": "url",
          "value": "https://pulse-labor-service.infosec.ngss.dpz.ci/pulse-labor-api/v1/graphql",
          "created_at": 1607935890,
          "status": "fixed"
        }
      ]
    },
    {
      "categories": [
        "Authorization/Permissions",
        "Insecure Direct Object Reference"
      ],
      "exploitable_locations": [
        {
          "type": "url",
          "value": "https://pulse-labor-service.infosec.ngss.dpz.ci/pulse-labor-api/v1/graphql",
          "created_at": 1607936897,
          "status": "fixed"
        }
      ]
    },
    {
      "categories": [
        "Information Disclosure",
        "Sensitive Client Information Disclosed"
      ],
      "exploitable_locations": [
        {
          "type": "url",
          "value": "https://pulse-order-entry-service.infosec.ngss.dpz.ci/pulse-order-entry-api/v1/graphql",
          "created_at": 1591202207,
          "status": "pending"
        }
      ]
    },
    {
      "categories": [
        "Functional/Business Logic",
        "Functionality Abuse with Malicious Impact"
      ],
      "exploitable_locations": [
        {
          "type": "url",
          "value": "https://pulse-order-entry-service.infosec.ngss.dpz.ci/pulse-order-entry-api/v1/graphql",
          "created_at": 1619503373,
          "status": "pending"
        }
      ]
    },
    {
      "categories": [
        "Authorization/Permissions",
        "Access/Privacy Control Violation"
      ],
      "exploitable_locations": [
        {
          "type": "url",
          "value": "https://pulse-inventory-service.infosec.ngss.dpz.ci/pulse-inventory-api/v1/graphql",
          "created_at": 1627808359,
          "status": "fixed"
        }
      ]
    },
    {
      "categories": [
        "Authorization/Permissions",
        "Access/Privacy Control Violation"
      ],
      "exploitable_locations": [
        {
          "type": "other",
          "value": "addInventory",
          "created_at": 1627970290,
          "status": "fixed"
        }
      ]
    },
    {
      "categories": [
        "Authorization/Permissions",
        "Access/Privacy Control Violation"
      ],
      "exploitable_locations": [
        {
          "type": "other",
          "value": "updateInvoice",
          "created_at": 1628079469,
          "status": "fixed"
        }
      ]
    },
    {
      "categories": [
        "Authorization/Permissions",
        "Access/Privacy Control Violation"
      ],
      "exploitable_locations": [
        {
          "type": "other",
          "value": "stores",
          "created_at": 1628593320,
          "status": "fixed"
        }
      ]
    },
    {
      "categories": [
        "Functional/Business Logic",
        "Improper Input Validation"
      ],
      "exploitable_locations": [
        {
          "type": "url",
          "value": "https://pulse-labor-service.infosec.ngss.dpz.ci/pulse-labor-api/v1/graphql",
          "created_at": 1653270407,
          "status": "fixed"
        }
      ]
    },
    {
      "categories": [
        "Authorization/Permissions",
        "Insecure Direct Object Reference (Read & Write)"
      ],
      "exploitable_locations": [
        {
          "type": "url",
          "value": "https://pulse-labor-service.infosec.ngss.dpz.ci/pulse-labor-api/v1/graphql",
          "created_at": 1656356490,
          "status": "pending"
        }
      ]
    },
    {
      "categories": [
        "Authorization/Permissions",
        "Insecure Direct Object Reference (Read-Only)"
      ],
      "exploitable_locations": [
        {
          "type": "url",
          "value": "https://pulse-labor-service.infosec.ngss.dpz.ci/pulse-labor-api/v1/graphql",
          "created_at": 1657646372,
          "status": "pending"
        }
      ]
    },
    {
      "categories": [
        "Authorization/Permissions",
        "Insecure Direct Object Reference (Read & Write)"
      ],
      "exploitable_locations": [
        {
          "type": "url",
          "value": "https://pulse-labor-service.infosec.ngss.dpz.ci/pulse-labor-api/v1/graphql",
          "created_at": 1657647044,
          "status": "pending"
        }
      ]
    },
    {
      "categories": [
        "Functional/Business Logic",
        "Client Side Validation"
      ],
      "exploitable_locations": [
        {
          "type": "url",
          "value": "https://pulse-labor-service.infosec.ngss.dpz.ci/pulse-labor-api/v1/graphql",
          "created_at": 1657649968,
          "status": "pending"
        }
      ]
    },
    {
      "categories": [
        "Functional/Business Logic",
        "Client Side Validation"
      ],
      "exploitable_locations": [
        {
          "type": "url",
          "value": "https://pulse-finance-service.infosec.ngss.dpz.ci/pulse-finance-api/v1/graphql",
          "created_at": 1657735981,
          "status": "pending"
        }
      ]
    },
    {
      "categories": [
        "Functional/Business Logic",
        "Client Side Validation"
      ],
      "exploitable_locations": [
        {
          "type": "url",
          "value": "https://pulse-finance-service.infosec.ngss.dpz.ci/pulse-finance-api/v1/graphql",
          "created_at": 1657907550,
          "status": "pending"
        }
      ]
    },
    {
      "categories": [
        "Authorization/Permissions",
        "Access/Privacy Control Violation"
      ],
      "exploitable_locations": [
        {
          "type": "url",
          "value": "https://pulse-labor-service.infosec.ngss.dpz.ci/pulse-labor-api/v1/graphql",
          "created_at": 1657910195,
          "status": "pending"
        }
      ]
    },
    {
      "categories": [
        "Functional/Business Logic",
        "Client Side Validation"
      ],
      "exploitable_locations": [
        {
          "type": "url",
          "value": "https://pulse-labor-service.infosec.ngss.dpz.ci/pulse-labor-api/v1/graphql",
          "created_at": 1657917957,
          "status": "pending"
        }
      ]
    },
    {
      "categories": [
        "Authorization/Permissions",
        "Insecure Direct Object Reference (Read & Write)"
      ],
      "exploitable_locations": [
        {
          "type": "url",
          "value": "https://pulse-labor-service.infosec.ngss.dpz.ci/pulse-labor-api/v1/graphql",
          "created_at": 1657918943,
          "status": "pending"
        }
      ]
    }
  ]
}