{
  "listing_id": "e783kpxn74",
  "type": "categories",
  "value": [
    {
      "categories": [
        "Information Disclosure",
        "Sensitive API Keys"
      ],
      "exploitable_locations": [
        {
          "type": "url",
          "value": "https://pulse-order-entry-service.infosec.ngss.dpz.ci/pulse-order-entry/.webconfig",
          "created_at": 1591193897,
          "status": "pending"
        }
      ]
    },
    {
      "categories": [
        "Information Disclosure",
        "Sensitive Client Information Disclosed"
      ],
      "exploitable_locations": [
        {
          "type": "url",
          "value": "https://pulse-delivery-service.infosec.ngss.dpz.ci/pulse-delivery-api/v1/graphql",
          "created_at": 1591762039,
          "status": "pending"
        }
      ]
    },
    {
      "categories": [
        "Information Disclosure",
        "Sensitive Client Information Disclosed"
      ],
      "exploitable_locations": [
        {
          "type": "url",
          "value": "https://pulse-labor-service.infosec.ngss.dpz.ci/pulse-labor-api/v1/graphql",
          "created_at": 1591766102,
          "status": "pending"
        }
      ]
    },
    {
      "categories": [
        "Information Disclosure",
        "Sensitive API Keys"
      ],
      "exploitable_locations": [
        {
          "type": "url",
          "value": "https://pulse-delivery-service.infosec.ngss.dpz.ci/pulse-delivery-api/v1/inline-manual/9028",
          "created_at": 1591836447,
          "status": "pending"
        }
      ]
    },
    {
      "categories": [
        "Authentication/Session Management",
        "Session Fixation"
      ],
      "exploitable_locations": [
        {
          "type": "url",
          "value": "https://pulse-order-entry-service.infosec.ngss.dpz.ci/pulse-order-entry-api/v1/graphql",
          "created_at": 1591904877,
          "status": "pending"
        },
        {
          "type": "url",
          "value": "https://pulse-labor-service.infosec.ngss.dpz.ci/pulse-labor-api/v1/graphql",
          "created_at": 1591904877,
          "status": "pending"
        }
      ]
    },
    {
      "categories": [
        "Server/Application Misconfiguration",
        "Application Level Protection"
      ],
      "exploitable_locations": [
        {
          "type": "app-location",
          "value": "All of the API locations",
          "created_at": 1591906005,
          "status": "pending"
        }
      ]
    },
    {
      "categories": [
        "Content Injection",
        "JSON Injection"
      ],
      "exploitable_locations": [
        {
          "type": "url",
          "value": "https://pulse-order-entry-service.infosec.ngss.dpz.ci/pulse-order-entry-api/v1/graphql",
          "created_at": 1591910160,
          "status": "pending"
        },
        {
          "type": "url",
          "value": "https://pulse-labor-service.infosec.ngss.dpz.ci/pulse-labor-api/v1/graphql",
          "created_at": 1591910160,
          "status": "pending"
        }
      ]
    },
    {
      "categories": [
        "Authorization/Permissions",
        "Access/Privacy Control Violation"
      ],
      "exploitable_locations": [
        {
          "type": "url",
          "value": "https://pulse-labor-service.infosec.ngss.dpz.ci/pulse-labor/workforce/add-team-member/summary",
          "created_at": 1591952598,
          "status": "pending"
        }
      ]
    },
    {
      "categories": [
        "Functional/Business Logic",
        "Improper Input Validation"
      ],
      "exploitable_locations": [
        {
          "type": "url",
          "value": "https://pulse-order-entry-service.infosec.ngss.dpz.ci/pulse-order-entry-api/v1/graphql",
          "created_at": 1591979020,
          "status": "pending"
        }
      ]
    },
    {
      "categories": [
        "Authorization/Permissions",
        "Insecure Direct Object Reference"
      ],
      "exploitable_locations": [
        {
          "type": "url",
          "value": "https://pulse-labor-service.infosec.ngss.dpz.ci/pulse-labor-api/v1/graphql (mutation createTeamMember)",
          "created_at": 1591984270,
          "status": "pending"
        },
        {
          "type": "url",
          "value": "https://pulse-labor-service.infosec.ngss.dpz.ci/pulse-labor-api/v1/graphql (query getTeamMembers)",
          "created_at": 1591984270,
          "status": "pending"
        }
      ]
    },
    {
      "categories": [
        "Authentication/Session Management",
        "SSO Authentication Bypass"
      ],
      "exploitable_locations": [
        {
          "type": "url",
          "value": "https://pulse-order-entry-service.infosec.ngss.dpz.ci/pulse-order-entry-api/v1/graphql",
          "created_at": 1591199128,
          "status": "pending"
        }
      ]
    },
    {
      "categories": [
        "Authorization/Permissions",
        "Access/Privacy Control Violation"
      ],
      "exploitable_locations": [
        {
          "type": "url",
          "value": "https://pulse-labor-service.infosec.ngss.dpz.ci/pulse-labor-api/v1/graphql (mutation updateTeamMember)",
          "created_at": 1591987442,
          "status": "pending"
        }
      ]
    },
    {
      "categories": [
        "Authorization/Permissions",
        "Access/Privacy Control Violation"
      ],
      "exploitable_locations": [
        {
          "type": "url",
          "value": "https://pulse-labor-service.infosec.ngss.dpz.ci/pulse-labor-api/v1/graphql (query findTeamMember)",
          "created_at": 1591989465,
          "status": "pending"
        }
      ]
    },
    {
      "categories": [
        "Brute Force",
        "Lack of Rate Limiting Protections  (i.e. CAPTCHA)"
      ],
      "exploitable_locations": [
        {
          "type": "url",
          "value": "https://pulse-labor-service.infosec.ngss.dpz.ci/pulse-labor/workforce/add-team-member/summary",
          "created_at": 1592105784,
          "status": "pending"
        }
      ]
    },
    {
      "categories": [
        "Authentication/Session Management",
        "Login Authentication Bypass"
      ],
      "exploitable_locations": [
        {
          "type": "url",
          "value": "https://pulse-order-entry-service.infosec.ngss.dpz.ci/pulse-order-entry/",
          "created_at": 1592118325,
          "status": "pending"
        }
      ]
    },
    {
      "categories": [
        "Authorization/Permissions",
        "Insecure Direct Object Reference"
      ],
      "exploitable_locations": [
        {
          "type": "url",
          "value": "https://pulse-labor-service.infosec.ngss.dpz.ci/pulse-labor-api/v1/graphql",
          "created_at": 1593083611,
          "status": "pending"
        },
        {
          "type": "app-location",
          "value": "createTeamMember",
          "created_at": 1593083611,
          "status": "pending"
        },
        {
          "type": "app-location",
          "value": "getTeamMembers",
          "created_at": 1593083611,
          "status": "pending"
        }
      ]
    },
    {
      "categories": [
        "Authorization/Permissions",
        "Access/Privacy Control Violation"
      ],
      "exploitable_locations": [
        {
          "type": "url",
          "value": "https://pulse-labor-service.infosec.ngss.dpz.ci/pulse-labor-api/v1/graphql",
          "created_at": 1593095737,
          "status": "pending"
        }
      ]
    },
    {
      "categories": [
        "Authorization/Permissions",
        "Insecure Direct Object Reference"
      ],
      "exploitable_locations": [
        {
          "type": "url",
          "value": "https://pulse-labor-service.infosec.ngss.dpz.ci/pulse-labor-api/v1/graphql",
          "created_at": 1593097978,
          "status": "pending"
        }
      ]
    },
    {
      "categories": [
        "SQL Injection",
        "**Blind**"
      ],
      "exploitable_locations": [
        {
          "type": "app-location",
          "value": "updateTeamMember",
          "created_at": 1593110150,
          "status": "pending"
        }
      ]
    },
    {
      "categories": [
        "Authorization/Permissions",
        "Insecure Direct Object Reference"
      ],
      "exploitable_locations": [
        {
          "type": "url",
          "value": "https://pulse-order-entry-service.infosec.ngss.dpz.ci/pulse-order-entry-api/v1/graphql",
          "created_at": 1593581860,
          "status": "pending"
        }
      ]
    },
    {
      "categories": [
        "Authorization/Permissions",
        "Insecure Direct Object Reference"
      ],
      "exploitable_locations": [
        {
          "type": "url",
          "value": "https://pulse-labor-service.infosec.ngss.dpz.ci/pulse-labor-api/v1/graphql",
          "created_at": 1594558544,
          "status": "pending"
        }
      ]
    },
    {
      "categories": [
        "Authorization/Permissions",
        "Insecure Direct Object Reference"
      ],
      "exploitable_locations": [
        {
          "type": "url",
          "value": "https://pulse-labor-service.infosec.ngss.dpz.ci/pulse-labor-api/v1/graphql",
          "created_at": 1594559216,
          "status": "pending"
        }
      ]
    },
    {
      "categories": [
        "Authorization/Permissions",
        "Insecure Direct Object Reference"
      ],
      "exploitable_locations": [
        {
          "type": "url",
          "value": "https://pulse-labor-service.infosec.ngss.dpz.ci/pulse-labor-api/v1/graphql",
          "created_at": 1594560169,
          "status": "pending"
        }
      ]
    },
    {
      "categories": [
        "Information Disclosure",
        "Sensitive API Keys"
      ],
      "exploitable_locations": [
        {
          "type": "url",
          "value": "https://pulse-order-entry-service.infosec.ngss.dpz.ci/pulse-order-entry/.webconfig",
          "created_at": 1591201160,
          "status": "pending"
        }
      ]
    },
    {
      "categories": [
        "Functional/Business Logic",
        "Improper Input Validation"
      ],
      "exploitable_locations": [
        {
          "type": "url",
          "value": "https://pulse-labor-service.infosec.ngss.dpz.ci/pulse-labor/workforce/add-team-member/summary",
          "created_at": 1594734563,
          "status": "pending"
        }
      ]
    },
    {
      "categories": [
        "Information Disclosure",
        "Sensitive API Keys"
      ],
      "exploitable_locations": [
        {
          "type": "url",
          "value": "https://pulse-order-entry-service.infosec.ngss.dpz.ci/pulse-order-entry/.webconfig",
          "created_at": 1596919335,
          "status": "pending"
        }
      ]
    },
    {
      "categories": [
        "Information Disclosure",
        "Sensitive Client Information Disclosed"
      ],
      "exploitable_locations": [
        {
          "type": "url",
          "value": "https://api.dominosweddingregistry.com/registries/9013",
          "created_at": 1602783631,
          "status": "pending"
        },
        {
          "type": "url",
          "value": "https://api.dominosweddingregistry.com/registries",
          "created_at": 1602783631,
          "status": "pending"
        }
      ]
    },
    {
      "categories": [
        "Authentication/Session Management",
        "Login Authentication Bypass"
      ],
      "exploitable_locations": [
        {
          "type": "url",
          "value": "https://identity-provider-service.infosec.ngss.dpz.ci/authorize",
          "created_at": 1605295328,
          "status": "pending"
        }
      ]
    },
    {
      "categories": [
        "Authentication/Session Management",
        "Session Fixation"
      ],
      "exploitable_locations": [
        {
          "type": "url",
          "value": "https://identity-provider-service.infosec.ngss.dpz.ci/",
          "created_at": 1605297178,
          "status": "pending"
        }
      ]
    },
    {
      "categories": [
        "Authorization/Permissions",
        "Insecure Direct Object Reference"
      ],
      "exploitable_locations": [
        {
          "type": "url",
          "value": "https://pulse-labor-service.infosec.ngss.dpz.ci/pulse-labor-api/v1/graphql",
          "created_at": 1613404007,
          "status": "pending"
        },
        {
          "type": "app-location",
          "value": "The vulnerability affect the GraphQl query \"TeamMembers\"",
          "created_at": 1613404007,
          "status": "pending"
        }
      ]
    },
    {
      "categories": [
        "Authorization/Permissions",
        "Insecure Direct Object Reference"
      ],
      "exploitable_locations": [
        {
          "type": "url",
          "value": "https://pulse-labor-service.infosec.ngss.dpz.ci/pulse-labor-api/v1/graphql",
          "created_at": 1613404357,
          "status": "pending"
        },
        {
          "type": "app-location",
          "value": "createTeamMember GraphQL mutation query",
          "created_at": 1613404357,
          "status": "pending"
        }
      ]
    },
    {
      "categories": [
        "Authorization/Permissions",
        "Insecure Direct Object Reference"
      ],
      "exploitable_locations": [
        {
          "type": "url",
          "value": "https://pulse-labor-service.infosec.ngss.dpz.ci/pulse-labor/workforce/view-team-member/system-access",
          "created_at": 1613473449,
          "status": "pending"
        },
        {
          "type": "app-location",
          "value": "personId parameter",
          "created_at": 1613473449,
          "status": "pending"
        }
      ]
    },
    {
      "categories": [
        "Information Disclosure",
        "Sensitive Directory/File Contents Disclosed"
      ],
      "exploitable_locations": [
        {
          "type": "url",
          "value": "https://pulse-order-entry-service.infosec.ngss.dpz.ci/pulse-order-entry-api/v1/graphql",
          "created_at": 1614128568,
          "status": "pending"
        }
      ]
    },
    {
      "categories": [
        "Authorization/Permissions",
        "Insecure Direct Object Reference"
      ],
      "exploitable_locations": [
        {
          "type": "url",
          "value": "https://pulse-labor-service.infosec.ngss.dpz.ci/pulse-labor-api/v1/graphql",
          "created_at": 1619485970,
          "status": "pending"
        }
      ]
    },
    {
      "categories": [
        "Authorization/Permissions",
        "Access/Privacy Control Violation"
      ],
      "exploitable_locations": [
        {
          "type": "url",
          "value": "https://pulse-inventory-service.infosec.ngss.dpz.ci/pulse-inventory-api/v1/graphql",
          "created_at": 1623520259,
          "status": "pending"
        }
      ]
    },
    {
      "categories": [
        "Information Disclosure",
        "Sensitive API Keys"
      ],
      "exploitable_locations": [
        {
          "type": "url",
          "value": "https://pulse-delivery-service.infosec.ngss.dpz.ci",
          "created_at": 1623609169,
          "status": "pending"
        }
      ]
    },
    {
      "categories": [
        "Authorization/Permissions",
        "Access/Privacy Control Violation"
      ],
      "exploitable_locations": [
        {
          "type": "url",
          "value": "https://pulse-labor-service.infosec.ngss.dpz.ci/pulse-labor-api/v1/graphql",
          "created_at": 1623763911,
          "status": "pending"
        }
      ]
    },
    {
      "categories": [
        "Authorization/Permissions",
        "Access/Privacy Control Violation"
      ],
      "exploitable_locations": [
        {
          "type": "url",
          "value": "https://pulse-labor-service.infosec.ngss.dpz.ci/pulse-labor-api/v1/graphql",
          "created_at": 1623789661,
          "status": "pending"
        }
      ]
    },
    {
      "categories": [
        "Information Disclosure",
        "Sensitive API Keys"
      ],
      "exploitable_locations": [
        {
          "type": "url",
          "value": "https://pulse-order-entry-service.infosec.ngss.dpz.ci/pulse-order-entry/.webconfig",
          "created_at": 1591695981,
          "status": "pending"
        }
      ]
    },
    {
      "categories": [
        "Authorization/Permissions",
        "Access/Privacy Control Violation"
      ],
      "exploitable_locations": [
        {
          "type": "other",
          "value": "findVendorShipmentById",
          "created_at": 1628589687,
          "status": "pending"
        }
      ]
    },
    {
      "categories": [
        "Authorization/Permissions",
        "Access/Privacy Control Violation"
      ],
      "exploitable_locations": [
        {
          "type": "app-location",
          "value": "runs",
          "created_at": 1628637309,
          "status": "pending"
        },
        {
          "type": "app-location",
          "value": "cancelRun",
          "created_at": 1628637309,
          "status": "pending"
        },
        {
          "type": "app-location",
          "value": "checkout",
          "created_at": 1628637309,
          "status": "pending"
        },
        {
          "type": "app-location",
          "value": "log",
          "created_at": 1628637309,
          "status": "pending"
        },
        {
          "type": "app-location",
          "value": "findAllStores",
          "created_at": 1628637309,
          "status": "pending"
        },
        {
          "type": "app-location",
          "value": "orders",
          "created_at": 1628637309,
          "status": "pending"
        },
        {
          "type": "url",
          "value": "https://pulse-delivery-service.infosec.ngss.dpz.ci/pulse-delivery-api/v1/graphql",
          "created_at": 1628637309,
          "status": "pending"
        }
      ]
    },
    {
      "categories": [
        "Authorization/Permissions",
        "Access/Privacy Control Violation"
      ],
      "exploitable_locations": [
        {
          "type": "app-location",
          "value": "updateOrderTiming",
          "created_at": 1628643071,
          "status": "pending"
        },
        {
          "type": "url",
          "value": "https://pulse-order-entry-service.infosec.ngss.dpz.ci/pulse-order-entry-api/v1/graphql",
          "created_at": 1628643071,
          "status": "pending"
        }
      ]
    },
    {
      "categories": [
        "Authorization/Permissions",
        "Insecure Direct Object Reference"
      ],
      "exploitable_locations": [
        {
          "type": "url",
          "value": "https://pulse-inventory-service.infosec.ngss.dpz.ci/pulse-inventory-api/v1/graphql",
          "created_at": 1629301353,
          "status": "pending"
        }
      ]
    },
    {
      "categories": [
        "Authorization/Permissions",
        "Insecure Direct Object Reference"
      ],
      "exploitable_locations": [
        {
          "type": "url",
          "value": "https://pulse-labor-service.infosec.ngss.dpz.ci/pulse-labor-api/v1/graphql",
          "created_at": 1629306974,
          "status": "pending"
        }
      ]
    },
    {
      "categories": [
        "Authorization/Permissions",
        "Insecure Direct Object Reference (Read & Write)"
      ],
      "exploitable_locations": [
        {
          "type": "url",
          "value": "https://pulse-labor-service.infosec.ngss.dpz.ci/pulse-labor-api/v1/graphql",
          "created_at": 1629433789,
          "status": "pending"
        }
      ]
    },
    {
      "categories": [
        "Authorization/Permissions",
        "Access/Privacy Control Violation"
      ],
      "exploitable_locations": [
        {
          "type": "other",
          "value": "findApplicationConfiguration",
          "created_at": 1630478917,
          "status": "pending"
        },
        {
          "type": "url",
          "value": "https://pulse-makeline-service.infosec.ngss.dpz.ci/pulse-makeline-api/v1/graphql",
          "created_at": 1630478917,
          "status": "pending"
        }
      ]
    },
    {
      "categories": [
        "Authorization/Permissions",
        "Access/Privacy Control Violation"
      ],
      "exploitable_locations": [
        {
          "type": "url",
          "value": "https://pulse-order-entry-service.infosec.ngss.dpz.ci/pulse-order-entry-api/v1/graphql",
          "created_at": 1591724075,
          "status": "pending"
        }
      ]
    },
    {
      "categories": [
        "Authorization/Permissions",
        "Access/Privacy Control Violation"
      ],
      "exploitable_locations": [
        {
          "type": "other",
          "value": "makelines",
          "created_at": 1630480604,
          "status": "pending"
        },
        {
          "type": "url",
          "value": "https://pulse-makeline-service.infosec.ngss.dpz.ci/pulse-makeline-api/v1/graphql",
          "created_at": 1630480604,
          "status": "pending"
        }
      ]
    },
    {
      "categories": [
        "Authorization/Permissions",
        "Access/Privacy Control Violation"
      ],
      "exploitable_locations": [
        {
          "type": "other",
          "value": "makelineOrders",
          "created_at": 1630481676,
          "status": "pending"
        },
        {
          "type": "url",
          "value": "https://pulse-makeline-service.infosec.ngss.dpz.ci/pulse-makeline-api/v1/graphql",
          "created_at": 1630481676,
          "status": "pending"
        }
      ]
    },
    {
      "categories": [
        "Authorization/Permissions",
        "Access/Privacy Control Violation"
      ],
      "exploitable_locations": [
        {
          "type": "other",
          "value": "makelineOrdersHistory",
          "created_at": 1630482634,
          "status": "pending"
        },
        {
          "type": "url",
          "value": "https://pulse-makeline-service.infosec.ngss.dpz.ci/pulse-makeline-api/v1/graphql",
          "created_at": 1630482634,
          "status": "pending"
        }
      ]
    },
    {
      "categories": [
        "Information Disclosure",
        "Leaked Credentials (Low Privilege)"
      ],
      "exploitable_locations": [
        {
          "type": "other",
          "value": "Credentials leaked gives to internal access",
          "created_at": 1642278148,
          "status": "pending"
        }
      ]
    },
    {
      "categories": [
        "Information Disclosure",
        "Sensitive Directory/File Contents Disclosed"
      ],
      "exploitable_locations": [
        {
          "type": "url",
          "value": "https://pulse-labor-service.infosec.ngss.dpz.ci/pulse-labor-api/v1/graphql",
          "created_at": 1653939534,
          "status": "pending"
        }
      ]
    },
    {
      "categories": [
        "Authorization/Permissions",
        "Access/Privacy Control Violation"
      ],
      "exploitable_locations": [
        {
          "type": "url",
          "value": "https://pulse-delivery-service.infosec.ngss.dpz.ci/pulse-delivery-api/v1/graphql",
          "created_at": 1656065105,
          "status": "pending"
        }
      ]
    },
    {
      "categories": [
        "Functional/Business Logic",
        "Client Side Validation"
      ],
      "exploitable_locations": [
        {
          "type": "url",
          "value": "https://pulse-labor-service.infosec.ngss.dpz.ci/pulse-labor-api/v1/graphql",
          "created_at": 1656359651,
          "status": "pending"
        }
      ]
    },
    {
      "categories": [
        "Information Disclosure",
        "Identity of Software Architecture"
      ],
      "exploitable_locations": [
        {
          "type": "url",
          "value": "https://pulse-order-entry-service.infosec.ngss.dpz.ci/pulse-order-entry-api/v1/graphql",
          "created_at": 1591726653,
          "status": "pending"
        }
      ]
    },
    {
      "categories": [
        "Functional/Business Logic",
        "Client Side Validation"
      ],
      "exploitable_locations": [
        {
          "type": "url",
          "value": "https://pulse-labor-service.infosec.ngss.dpz.ci/pulse-labor-api/v1/graphql",
          "created_at": 1657734262,
          "status": "pending"
        }
      ]
    },
    {
      "categories": [
        "Authorization/Permissions",
        "Access/Privacy Control Violation"
      ],
      "exploitable_locations": [
        {
          "type": "url",
          "value": "https://cca.preprod.us.dominos.com/order-entry-service/customers",
          "created_at": 1681726848,
          "status": "pending"
        }
      ]
    },
    {
      "categories": [
        "Information Disclosure",
        "Sensitive Directory/File Contents Disclosed"
      ],
      "exploitable_locations": [
        {
          "type": "url",
          "value": "https://pulse-makeline-service.infosec.ngss.dpz.ci/management/env",
          "assets_na": true,
          "assets_uids": [],
          "created_at": 1700029580,
          "status": "pending"
        },
        {
          "type": "url",
          "value": "https://pulse-order-entry-service.infosec.ngss.dpz.ci/management/env",
          "assets_na": true,
          "assets_uids": [],
          "created_at": 1700029580,
          "status": "pending"
        },
        {
          "type": "url",
          "value": "https://pulse-delivery-service.infosec.ngss.dpz.ci/management/env",
          "assets_na": true,
          "assets_uids": [],
          "created_at": 1700029580,
          "status": "pending"
        },
        {
          "type": "url",
          "value": "https://pulse-finance-service.infosec.ngss.dpz.ci/management/env",
          "assets_na": true,
          "assets_uids": [],
          "created_at": 1700029580,
          "status": "pending"
        },
        {
          "type": "url",
          "value": "https://pulse-inventory-service.infosec.ngss.dpz.ci/management/env",
          "assets_na": true,
          "assets_uids": [],
          "created_at": 1700029580,
          "status": "pending"
        },
        {
          "type": "url",
          "value": "https://pulse-labor-service.infosec.ngss.dpz.ci/management/env",
          "assets_na": true,
          "assets_uids": [],
          "created_at": 1700029580,
          "status": "pending"
        }
      ]
    },
    {
      "categories": [
        "Information Disclosure",
        "Sensitive Client Information Disclosed"
      ],
      "exploitable_locations": [
        {
          "type": "url",
          "value": "https://pulse-makeline-service.infosec.ngss.dpz.ci/pulse-makeline-api/v1/graphql",
          "created_at": 1591761561,
          "status": "pending"
        }
      ]
    }
  ]
}