{
  "listing_id": "g1wde8llgk",
  "type": "categories",
  "value": [
    {
      "categories": [
        "Information Disclosure",
        "Sensitive Client Information Disclosed"
      ],
      "exploitable_locations": [
        {
          "type": "url",
          "value": "https://order.kfc.co.za/static/js/main.bc4bff08.chunk.js",
          "assets_na": false,
          "assets_uids": [
            "66aaa36b074d15c9dd910e0a"
          ],
          "created_at": 1739297037,
          "status": "pending"
        },
        {
          "type": "url",
          "value": "https://www.kfc.ca/static/js/main.80dfb46d.chunk.js",
          "assets_na": false,
          "assets_uids": [
            "66aa9e14074d15c9dd910df9"
          ],
          "created_at": 1739297037,
          "status": "pending"
        },
        {
          "type": "url",
          "value": "https://online.kfc.co.in/static/js/main.8f82613c.chunk.js",
          "assets_na": false,
          "assets_uids": [
            "66aaa12ae0b19c365fe51ab2"
          ],
          "created_at": 1739297037,
          "status": "pending"
        },
        {
          "type": "url",
          "value": "https://www.kfc.co.jp/static/js/main.82dffe92.chunk.js",
          "assets_na": false,
          "assets_uids": [
            "66aaa223074d15c9dd910e06"
          ],
          "created_at": 1739297037,
          "status": "pending"
        },
        {
          "type": "url",
          "value": "https://www.kfc.com.au/static/js/main.45b3826b.chunk.js",
          "assets_na": false,
          "assets_uids": [
            "66aaa496e0b19c365fe51acc"
          ],
          "created_at": 1739297037,
          "status": "pending"
        }
      ]
    },
    {
      "categories": [
        "Information Disclosure",
        "Sensitive API Keys"
      ],
      "exploitable_locations": [
        {
          "type": "url",
          "value": "https://prod.kfc-digital.io/",
          "created_at": 1612974383,
          "status": "pending"
        },
        {
          "type": "url",
          "value": "https://qa.kfc-digital.io/",
          "created_at": 1612974383,
          "status": "pending"
        }
      ]
    },
    {
      "categories": [
        "Information Disclosure",
        "Sensitive API Keys"
      ],
      "exploitable_locations": [
        {
          "type": "url",
          "value": "https://order.kfc.com/static/js/vendors~main.fd42a5c7.chunk.js",
          "created_at": 1575408519,
          "status": "pending"
        }
      ]
    },
    {
      "categories": [
        "Information Disclosure",
        "Sensitive API Keys"
      ],
      "exploitable_locations": [
        {
          "type": "url",
          "value": "https://order.kfc.com/static/js/vendors~main.fd42a5c7.chunk.js",
          "created_at": 1576125271,
          "status": "pending"
        }
      ]
    },
    {
      "categories": [
        "Authorization/Permissions",
        "Access/Privacy Control Violation"
      ],
      "exploitable_locations": [
        {
          "type": "url",
          "value": "https://www.kfc.com/sign-up",
          "created_at": 1645812643,
          "status": "pending"
        }
      ]
    },
    {
      "categories": [
        "Server/Application Misconfiguration",
        "Application Level Protection"
      ],
      "exploitable_locations": [
        {
          "type": "url",
          "value": "https://www.kfc.com/account/settings",
          "created_at": 1645857403,
          "status": "pending"
        }
      ]
    },
    {
      "categories": [
        "Information Disclosure",
        "Sensitive Client Information Disclosed"
      ],
      "exploitable_locations": [
        {
          "type": "other",
          "value": "kfc.com on the main domain-",
          "created_at": 1647721249,
          "status": "pending"
        },
        {
          "type": "url",
          "value": "https://github.com/jcoronadokfc/MaxPoint_V4.2.1/blob/6cc9925305879f55197cb02869aa69fa6205e304/mantenimiento/adminReplicacion/Comandos/MonitorDrive.php",
          "created_at": 1647721249,
          "status": "pending"
        }
      ]
    },
    {
      "categories": [
        "Information Disclosure",
        "Leaked Credentials (High Privilege)"
      ],
      "exploitable_locations": [
        {
          "type": "url",
          "value": "https://github.com/jcoronadokfc/MaxPoint_V4.2.1/blob/6cc9925305879f55197cb02869aa69fa6205e304/mantenimiento/adminReplicacion/Comandos/MonitorDrive.php",
          "created_at": 1647824215,
          "status": "pending"
        }
      ]
    },
    {
      "categories": [
        "Information Disclosure",
        "Leaked Credentials (Low Privilege)"
      ],
      "exploitable_locations": [
        {
          "type": "url",
          "value": "https://github.com/jcoronadokfc/MaxPoint_V4.2.1/blob/6cc9925305879f55197cb02869aa69fa6205e304/mantenimiento/adminReplicacion/Comandos/MonitorDrive.php",
          "created_at": 1647826899,
          "status": "pending"
        }
      ]
    },
    {
      "categories": [
        "Information Disclosure",
        "Sensitive Client Information Disclosed"
      ],
      "exploitable_locations": [
        {
          "type": "url",
          "value": "https://lab.kfc.com/search",
          "created_at": 1652103795,
          "status": "pending"
        }
      ]
    },
    {
      "categories": [
        "Authentication/Session Management",
        "SSO Authentication Bypass"
      ],
      "exploitable_locations": [
        {
          "type": "url",
          "value": "https://wifi1.kfc.com/dashboard",
          "created_at": 1652181196,
          "status": "pending"
        }
      ]
    },
    {
      "categories": [
        "Authorization/Permissions",
        "Server Side Request Forgery(SSRF)- Limited"
      ],
      "exploitable_locations": [
        {
          "type": "url",
          "value": "https://wifi1.kfc.com/composer/send_email",
          "created_at": 1659802971,
          "status": "pending"
        }
      ]
    },
    {
      "categories": [
        "Authentication/Session Management",
        "Login Authentication Bypass"
      ],
      "exploitable_locations": [
        {
          "type": "url",
          "value": "https://dest.dev.aws.use1.kfc.tracks.yumconnect.dev/api/UsersAdminLookup/*",
          "created_at": 1671423934,
          "status": "pending"
        }
      ]
    },
    {
      "categories": [
        "Authorization/Permissions",
        "Access Control Violation (High Privileged Functions-Read Only)"
      ],
      "exploitable_locations": [
        {
          "type": "url",
          "value": "https://prd.kfc.us.tracks.yumconnect.dev/api/UsersAdminLookup/GetAllUsersNames",
          "assets_na": false,
          "assets_uids": [
            "5f5a339bd09d89000106b95f"
          ],
          "created_at": 1705583650,
          "status": "pending"
        },
        {
          "type": "url",
          "value": "https://dest.pilot.aws.use1.tb.tracks.yumconnect.dev/api/UsersAdminLookup/GetAllUsersNames",
          "assets_na": false,
          "assets_uids": [
            "5f5a339bd09d89000106b95f"
          ],
          "created_at": 1705583650,
          "status": "pending"
        },
        {
          "type": "url",
          "value": "https://dest.qa1.tb.us.tracks.yumconnect.dev/api/UsersAdminLookup/GetAllUsersNames",
          "assets_na": false,
          "assets_uids": [
            "5f5a339bd09d89000106b95f"
          ],
          "created_at": 1705583650,
          "status": "pending"
        },
        {
          "type": "url",
          "value": "https://dest.dev.yum.us.tracks.yumconnect.dev/api/UsersAdminLookup/GetAllUsersNames",
          "assets_na": false,
          "assets_uids": [
            "5f5a339bd09d89000106b95f"
          ],
          "created_at": 1705583650,
          "status": "pending"
        },
        {
          "type": "url",
          "value": "https://dest.test.yum.us.tracks.yumconnect.dev/api/UsersAdminLookup/GetAllUsersNames",
          "assets_na": false,
          "assets_uids": [
            "5f5a339bd09d89000106b95f"
          ],
          "created_at": 1705583650,
          "status": "pending"
        }
      ]
    },
    {
      "categories": [
        "Information Disclosure",
        "Unverifiable Credentials"
      ],
      "exploitable_locations": [
        {
          "type": "url",
          "value": "https://admin.staging.yumconnect.dev/env.js",
          "assets_na": true,
          "assets_uids": [],
          "created_at": 1709723133,
          "status": "pending"
        }
      ]
    },
    {
      "categories": [
        "Server/Application Misconfiguration",
        "DNS Zone/Subdomain Takeover"
      ],
      "exploitable_locations": [
        {
          "type": "url",
          "value": "http://gifcards.kfc.com",
          "assets_na": true,
          "assets_uids": [],
          "created_at": 1720050285,
          "status": "pending"
        }
      ]
    },
    {
      "categories": [
        "Information Disclosure",
        "Leaked Credentials (High Privilege)"
      ],
      "exploitable_locations": [
        {
          "type": "other",
          "value": "sensitive internal portal",
          "assets_na": true,
          "assets_uids": [],
          "created_at": 1734638172,
          "status": "pending"
        }
      ]
    },
    {
      "categories": [
        "Information Disclosure",
        "Sensitive API Keys"
      ],
      "exploitable_locations": [
        {
          "type": "url",
          "value": "https://order.kfc.com/static/js/vendors~main.fd42a5c7.chunk.js",
          "created_at": 1576162750,
          "status": "pending"
        }
      ]
    },
    {
      "categories": [
        "Information Disclosure",
        "Sensitive API Keys"
      ],
      "exploitable_locations": [
        {
          "type": "url",
          "value": "https://maps.googleapis.com/maps/api/place/js/AutocompletionService.GetPredictionsJson",
          "created_at": 1576163639,
          "status": "pending"
        }
      ]
    },
    {
      "categories": [
        "Server/Application Misconfiguration",
        "Subdomain Takeover"
      ],
      "exploitable_locations": [
        {
          "type": "url",
          "value": "http://test-services.kfc.com",
          "created_at": 1576256092,
          "status": "pending"
        }
      ]
    },
    {
      "categories": [
        "Brute Force",
        "Login Credentials (OLD DNU)"
      ],
      "exploitable_locations": [
        {
          "type": "url",
          "value": "http://chickenchattin.kfc.com/xmlrpc.php",
          "created_at": 1576450359,
          "status": "pending"
        }
      ]
    },
    {
      "categories": [
        "Authentication/Session Management",
        "Account Enumeration"
      ],
      "exploitable_locations": [
        {
          "type": "url",
          "value": "http://chickenchattin.kfc.com/author-sitemap.xml",
          "created_at": 1576486680,
          "status": "pending"
        }
      ]
    },
    {
      "categories": [
        "Information Disclosure",
        "Sensitive API Keys"
      ],
      "exploitable_locations": [
        {
          "type": "url",
          "value": "https://order.kfc.com/*",
          "created_at": 1576589060,
          "status": "pending"
        }
      ]
    },
    {
      "categories": [
        "Cross-Site Scripting (XSS)",
        "**DOM Based XSS**"
      ],
      "exploitable_locations": [
        {
          "type": "url",
          "value": "https://catering.kfc.com",
          "created_at": 1576596969,
          "status": "pending"
        }
      ]
    },
    {
      "categories": [
        "Authorization/Permissions",
        "**Server-side Request Forgery (SSRF)**"
      ],
      "exploitable_locations": [
        {
          "type": "url",
          "value": "https://espanol.kfc.com",
          "created_at": 1576643694,
          "status": "pending"
        }
      ]
    },
    {
      "categories": [
        "Information Disclosure",
        "Sensitive API Keys"
      ],
      "exploitable_locations": [
        {
          "type": "url",
          "value": "https://order.kfc.com",
          "created_at": 1576651034,
          "status": "pending"
        }
      ]
    },
    {
      "categories": [
        "Information Disclosure",
        "Sensitive API Keys"
      ],
      "exploitable_locations": [
        {
          "type": "url",
          "value": "https://order.kfc.com/static/js/vendors~main.fd42a5c7.chunk.js",
          "created_at": 1578486242,
          "status": "pending"
        }
      ]
    },
    {
      "categories": [
        "Information Disclosure",
        "Sensitive API Keys"
      ],
      "exploitable_locations": [
        {
          "type": "url",
          "value": "https://orderapi.kfc.com/v15/white_label_apps/1549",
          "created_at": 1579107143,
          "status": "pending"
        },
        {
          "type": "url",
          "value": "http://web.archive.org/cdx/search/cdx",
          "created_at": 1579107143,
          "status": "pending"
        }
      ]
    },
    {
      "categories": [
        "Authentication/Session Management",
        "Account Enumeration"
      ],
      "exploitable_locations": [
        {
          "type": "url",
          "value": "https://orderapi.kfc.com/v15/registration",
          "created_at": 1579108814,
          "status": "pending"
        }
      ]
    },
    {
      "categories": [
        "Brute Force",
        "Lack of Rate Limiting Protections  (i.e. CAPTCHA)"
      ],
      "exploitable_locations": [
        {
          "type": "url",
          "value": "https://digitaleat.kfc.com/cstrs/subscribe",
          "created_at": 1579159553,
          "status": "pending"
        }
      ]
    },
    {
      "categories": [
        "Information Disclosure",
        "Sensitive API Keys"
      ],
      "exploitable_locations": [
        {
          "type": "url",
          "value": "https://orderapi.kfc.com/v15/white_label_apps/1549",
          "created_at": 1580798668,
          "status": "pending"
        }
      ]
    },
    {
      "categories": [
        "Cross-Site Scripting (XSS)",
        "**Persistent XSS**"
      ],
      "exploitable_locations": [
        {
          "type": "url",
          "value": "https://www.kfc.com/colonels-club",
          "created_at": 1580802394,
          "status": "pending"
        }
      ]
    },
    {
      "categories": [
        "Functional/Business Logic",
        "Functionality Abuse with Malicious Impact"
      ],
      "exploitable_locations": [
        {
          "type": "url",
          "value": "https://locations.kfc.com/geocode-ip",
          "created_at": 1580853782,
          "status": "pending"
        }
      ]
    },
    {
      "categories": [
        "Information Disclosure",
        "Sensitive API Keys"
      ],
      "exploitable_locations": [
        {
          "type": "url",
          "value": "https://order.kfc.com/static/js/vendors~main.ab3bfb79.chunk.js",
          "created_at": 1580931206,
          "status": "pending"
        }
      ]
    },
    {
      "categories": [
        "Functional/Business Logic",
        "Functionality Abuse with Malicious Impact"
      ],
      "exploitable_locations": [
        {
          "type": "url",
          "value": "https://locations.kfc.com/geocode-ip",
          "created_at": 1580993989,
          "status": "pending"
        }
      ]
    },
    {
      "categories": [
        "Functional/Business Logic",
        "Client Side Validation"
      ],
      "exploitable_locations": [
        {
          "type": "url",
          "value": "https://order.kfc.com/account/profile",
          "created_at": 1575539674,
          "status": "pending"
        }
      ]
    },
    {
      "categories": [
        "Authentication/Session Management",
        "Credential/Session Prediction"
      ],
      "exploitable_locations": [
        {
          "type": "url",
          "value": "https://orderapi.kfc.com",
          "created_at": 1581023284,
          "status": "pending"
        }
      ]
    },
    {
      "categories": [
        "Server/Application Misconfiguration",
        "UI redressing/Clickjacking"
      ],
      "exploitable_locations": [
        {
          "type": "url",
          "value": "https://order.kfc.com/",
          "created_at": 1589192181,
          "status": "pending"
        }
      ]
    },
    {
      "categories": [
        "Server/Application Misconfiguration",
        "Cache poisoning"
      ],
      "exploitable_locations": [
        {
          "type": "url",
          "value": "https://www.kfc.com/nutrition/colonels-club",
          "created_at": 1590202662,
          "status": "pending"
        }
      ]
    },
    {
      "categories": [
        "Information Disclosure",
        "Sensitive API Keys"
      ],
      "exploitable_locations": [
        {
          "type": "file",
          "value": "https://order.kfc.com/static/js/vendors.e7d0d0ec.chunk.js",
          "created_at": 1590237675,
          "status": "pending"
        },
        {
          "type": "file",
          "value": "https://order.kfc.com/static/js/main.d9cc7ace.chunk.js",
          "created_at": 1590237675,
          "status": "pending"
        }
      ]
    },
    {
      "categories": [
        "Server/Application Misconfiguration",
        "Cache poisoning"
      ],
      "exploitable_locations": [
        {
          "type": "url",
          "value": "https://www.kfc.com/deals.html",
          "created_at": 1590268363,
          "status": "pending"
        }
      ]
    },
    {
      "categories": [
        "Server/Application Misconfiguration",
        "Cache poisoning"
      ],
      "exploitable_locations": [
        {
          "type": "url",
          "value": "https://www.kfc.com/deals.php",
          "created_at": 1590268367,
          "status": "pending"
        }
      ]
    },
    {
      "categories": [
        "Server/Application Misconfiguration",
        "Cache poisoning"
      ],
      "exploitable_locations": [
        {
          "type": "url",
          "value": "https://www.kfc.com/deals/",
          "created_at": 1590268370,
          "status": "pending"
        }
      ]
    },
    {
      "categories": [
        "Server/Application Misconfiguration",
        "Cache poisoning"
      ],
      "exploitable_locations": [
        {
          "type": "url",
          "value": "https://www.kfc.com/food/",
          "created_at": 1590268377,
          "status": "pending"
        },
        {
          "type": "url",
          "value": "https://www.kfc.com/food/chicken",
          "created_at": 1590268377,
          "status": "pending"
        },
        {
          "type": "url",
          "value": "https://www.kfc.com/food/chicken/extra-crispy.asp",
          "created_at": 1590268377,
          "status": "pending"
        },
        {
          "type": "url",
          "value": "https://www.kfc.com/food/chicken/gocups.asp",
          "created_at": 1590268377,
          "status": "pending"
        },
        {
          "type": "url",
          "value": "https://www.kfc.com/food/chicken/hot-wings.asp",
          "created_at": 1590268377,
          "status": "pending"
        },
        {
          "type": "url",
          "value": "https://www.kfc.com/food/chicken/ky-grilled.asp",
          "created_at": 1590268377,
          "status": "pending"
        },
        {
          "type": "url",
          "value": "https://www.kfc.com/food/chicken/original-recipe.asp",
          "created_at": 1590268377,
          "status": "pending"
        },
        {
          "type": "url",
          "value": "https://www.kfc.com/food/chicken/popcorn-nuggets.asp",
          "created_at": 1590268377,
          "status": "pending"
        },
        {
          "type": "url",
          "value": "https://www.kfc.com/food/chicken/signature-sauces.asp",
          "created_at": 1590268377,
          "status": "pending"
        },
        {
          "type": "url",
          "value": "https://www.kfc.com/food/chicken/tenders.asp",
          "created_at": 1590268377,
          "status": "pending"
        },
        {
          "type": "url",
          "value": "https://www.kfc.com/food/classics/",
          "created_at": 1590268377,
          "status": "pending"
        },
        {
          "type": "url",
          "value": "https://www.kfc.com/food/classics/famous-bowl.asp",
          "created_at": 1590268377,
          "status": "pending"
        },
        {
          "type": "url",
          "value": "https://www.kfc.com/food/classics/pot-pie.asp",
          "created_at": 1590268377,
          "status": "pending"
        },
        {
          "type": "url",
          "value": "https://www.kfc.com/food/desserts/",
          "created_at": 1590268377,
          "status": "pending"
        },
        {
          "type": "url",
          "value": "https://www.kfc.com/food/desserts/chocolate-chip-cake.asp",
          "created_at": 1590268377,
          "status": "pending"
        },
        {
          "type": "url",
          "value": "https://www.kfc.com/food/desserts/chocolate-chip-cookies.asp",
          "created_at": 1590268377,
          "status": "pending"
        },
        {
          "type": "url",
          "value": "https://www.kfc.com/food/drinks/",
          "created_at": 1590268377,
          "status": "pending"
        },
        {
          "type": "url",
          "value": "https://www.kfc.com/food/kidsmeal/",
          "created_at": 1590268377,
          "status": "pending"
        },
        {
          "type": "url",
          "value": "https://www.kfc.com/food/lilbucket/",
          "created_at": 1590268377,
          "status": "pending"
        },
        {
          "type": "url",
          "value": "https://www.kfc.com/food/sandwiches",
          "created_at": 1590268377,
          "status": "pending"
        },
        {
          "type": "url",
          "value": "https://www.kfc.com/food/sandwiches/doublicious.asp",
          "created_at": 1590268377,
          "status": "pending"
        },
        {
          "type": "url",
          "value": "https://www.kfc.com/food/sides/",
          "created_at": 1590268377,
          "status": "pending"
        },
        {
          "type": "url",
          "value": "https://www.kfc.com/food/sides/biscuits.asp",
          "created_at": 1590268377,
          "status": "pending"
        },
        {
          "type": "url",
          "value": "https://www.kfc.com/food/sides/coleslaw.asp",
          "created_at": 1590268377,
          "status": "pending"
        },
        {
          "type": "url",
          "value": "https://www.kfc.com/food/sides/corn-on-the-cob.asp",
          "created_at": 1590268377,
          "status": "pending"
        },
        {
          "type": "url",
          "value": "https://www.kfc.com/food/sides/green-beans.asp",
          "created_at": 1590268377,
          "status": "pending"
        },
        {
          "type": "url",
          "value": "https://www.kfc.com/food/sides/mac-and-cheese.asp",
          "created_at": 1590268377,
          "status": "pending"
        },
        {
          "type": "url",
          "value": "https://www.kfc.com/food/sides/mashed-potatoes.asp",
          "created_at": 1590268377,
          "status": "pending"
        },
        {
          "type": "url",
          "value": "https://www.kfc.com/food/sides/wedges.asp",
          "created_at": 1590268377,
          "status": "pending"
        },
        {
          "type": "url",
          "value": "https://www.kfc.com/food/sides/whole-kernel-corn.asp",
          "created_at": 1590268377,
          "status": "pending"
        }
      ]
    },
    {
      "categories": [
        "Server/Application Misconfiguration",
        "Cache poisoning"
      ],
      "exploitable_locations": [
        {
          "type": "url",
          "value": "https://www.kfc.com/default.asp",
          "created_at": 1590269378,
          "status": "pending"
        },
        {
          "type": "url",
          "value": "https://www.kfc.com/default.asp.bulgaria",
          "created_at": 1590269378,
          "status": "pending"
        }
      ]
    },
    {
      "categories": [
        "Server/Application Misconfiguration",
        "Cache poisoning"
      ],
      "exploitable_locations": [
        {
          "type": "url",
          "value": "https://www.kfc.com/doubledown/",
          "created_at": 1590269380,
          "status": "pending"
        }
      ]
    },
    {
      "categories": [
        "Server/Application Misconfiguration",
        "Cache poisoning"
      ],
      "exploitable_locations": [
        {
          "type": "url",
          "value": "https://www.kfc.com/fillups/",
          "created_at": 1590269382,
          "status": "pending"
        }
      ]
    },
    {
      "categories": [
        "Server/Application Misconfiguration",
        "Cache poisoning"
      ],
      "exploitable_locations": [
        {
          "type": "url",
          "value": "https://www.kfc.com/store-locator/1000/CA/garden-grove/12042-valley-view-blvd/colonels-club",
          "created_at": 1590269385,
          "status": "pending"
        },
        {
          "type": "url",
          "value": "https://www.kfc.com/store-locator/*",
          "created_at": 1590269385,
          "status": "pending"
        }
      ]
    },
    {
      "categories": [
        "Server/Application Misconfiguration",
        "Cache poisoning"
      ],
      "exploitable_locations": [
        {
          "type": "url",
          "value": "https://www.kfc.com/foundation",
          "created_at": 1590269847,
          "status": "pending"
        },
        {
          "type": "url",
          "value": "https://www.kfc.com/foundation/reach-high/",
          "created_at": 1590269847,
          "status": "pending"
        }
      ]
    },
    {
      "categories": [
        "Server/Application Misconfiguration",
        "Cache poisoning"
      ],
      "exploitable_locations": [
        {
          "type": "url",
          "value": "https://www.kfc.com/howdoyoukfc/",
          "created_at": 1590269852,
          "status": "pending"
        },
        {
          "type": "url",
          "value": "https://www.kfc.com/howdoyoukfc/default2.asp",
          "created_at": 1590269852,
          "status": "pending"
        },
        {
          "type": "url",
          "value": "https://www.kfc.com/howdoyoukfc/terms.asp",
          "created_at": 1590269852,
          "status": "pending"
        }
      ]
    },
    {
      "categories": [
        "Server/Application Misconfiguration",
        "Cache poisoning"
      ],
      "exploitable_locations": [
        {
          "type": "url",
          "value": "https://www.kfc.com/kfc-locations/colonels-club",
          "created_at": 1590270250,
          "status": "pending"
        }
      ]
    },
    {
      "categories": [
        "Server/Application Misconfiguration",
        "Cache poisoning"
      ],
      "exploitable_locations": [
        {
          "type": "url",
          "value": "https://www.kfc.com/nationalfriedchickenday",
          "created_at": 1590270253,
          "status": "pending"
        }
      ]
    },
    {
      "categories": [
        "Remote Execution",
        "**Other Technique**"
      ],
      "exploitable_locations": [
        {
          "type": "url",
          "value": "http://rgmphd.pizzahut.com/NONEXISTPAGE",
          "created_at": 1575626337,
          "status": "pending"
        }
      ]
    },
    {
      "categories": [
        "Server/Application Misconfiguration",
        "Cache poisoning"
      ],
      "exploitable_locations": [
        {
          "type": "url",
          "value": "https://www.kfc.com/nutrition/store-locator",
          "created_at": 1590270444,
          "status": "pending"
        }
      ]
    },
    {
      "categories": [
        "Server/Application Misconfiguration",
        "Cache poisoning"
      ],
      "exploitable_locations": [
        {
          "type": "url",
          "value": "https://www.kfc.com/sitemap",
          "created_at": 1590271159,
          "status": "pending"
        }
      ]
    },
    {
      "categories": [
        "Server/Application Misconfiguration",
        "Cache poisoning"
      ],
      "exploitable_locations": [
        {
          "type": "url",
          "value": "https://www.kfc.com/socialmediarules/",
          "created_at": 1590271371,
          "status": "pending"
        }
      ]
    },
    {
      "categories": [
        "Information Disclosure",
        "Sensitive API Keys"
      ],
      "exploitable_locations": [
        {
          "type": "url",
          "value": "https://maps.googleapis.com/maps/api/js",
          "created_at": 1590683800,
          "status": "pending"
        }
      ]
    },
    {
      "categories": [
        "Authentication/Session Management",
        "Step-Up Authentication Bypass"
      ],
      "exploitable_locations": [
        {
          "type": "url",
          "value": "https://online.kfc.co.in/OTP/ResendOTPToPhone",
          "created_at": 1592236135,
          "status": "pending"
        }
      ]
    },
    {
      "categories": [
        "Authorization/Permissions",
        "Access/Privacy Control Violation"
      ],
      "exploitable_locations": [
        {
          "type": "other",
          "value": "session management",
          "created_at": 1593982267,
          "status": "pending"
        },
        {
          "type": "url",
          "value": "https://orderapi.kfc.com/v15/users",
          "created_at": 1593982267,
          "status": "pending"
        }
      ]
    },
    {
      "categories": [
        "Authentication/Session Management",
        "Login Authentication Bypass"
      ],
      "exploitable_locations": [
        {
          "type": "url",
          "value": "https://orderapi.kfc.com/v15/access_tokens",
          "created_at": 1593988994,
          "status": "pending"
        }
      ]
    },
    {
      "categories": [
        "Authorization/Permissions",
        "Access/Privacy Control Violation"
      ],
      "exploitable_locations": [
        {
          "type": "url",
          "value": "https://orderapi.kfc.com/v15/access_tokens",
          "created_at": 1594084017,
          "status": "pending"
        },
        {
          "type": "url",
          "value": "https://orderapi.kfc.com/v15/users",
          "created_at": 1594084017,
          "status": "pending"
        }
      ]
    },
    {
      "categories": [
        "Authorization/Permissions",
        "Insecure Direct Object Reference"
      ],
      "exploitable_locations": [
        {
          "type": "url",
          "value": "https://portalqa.svbleerink.com/IRP/Portal/Web/AuthorizedDocumentViewer.aspx",
          "created_at": 1596075096,
          "status": "pending"
        }
      ]
    },
    {
      "categories": [
        "Remote Execution",
        "**Other Technique**"
      ],
      "exploitable_locations": [
        {
          "type": "url",
          "value": "http://expresstraining.pizzahut.com/Portal-Login",
          "created_at": 1575630075,
          "status": "pending"
        }
      ]
    },
    {
      "categories": [
        "Information Disclosure",
        "Sensitive API Keys"
      ],
      "exploitable_locations": [
        {
          "type": "url",
          "value": "https://qa.kfc-digital.io/locations",
          "created_at": 1599767913,
          "status": "pending"
        }
      ]
    },
    {
      "categories": [
        "Information Disclosure",
        "Sensitive Client Information Disclosed"
      ],
      "exploitable_locations": [
        {
          "type": "url",
          "value": "https://prometheus.dev.yumconnect.dev/debug/pprof/",
          "created_at": 1600911023,
          "status": "pending"
        },
        {
          "type": "url",
          "value": "https://prometheus.pr.yumconnect.dev/debug/pprof/",
          "created_at": 1600911023,
          "status": "pending"
        }
      ]
    },
    {
      "categories": [
        "Other",
        "Other - Please describe"
      ],
      "exploitable_locations": [
        {
          "type": "url",
          "value": "https://monitor.yumconnect.dev/",
          "created_at": 1601062418,
          "status": "pending"
        },
        {
          "type": "url",
          "value": "https://monitoring.test.yumconnect.dev",
          "created_at": 1601062418,
          "status": "pending"
        }
      ]
    },
    {
      "categories": [
        "Functional/Business Logic",
        "Unvalidated Redirects"
      ],
      "exploitable_locations": [
        {
          "type": "url",
          "value": "http://espanol.kfc.com/24/_evil_com",
          "created_at": 1601125209,
          "status": "pending"
        }
      ]
    },
    {
      "categories": [
        "Functional/Business Logic",
        "Unvalidated Redirects"
      ],
      "exploitable_locations": [
        {
          "type": "url",
          "value": "https://prod.kfc-digital.io/api/v1/auth/authorize",
          "created_at": 1601132045,
          "status": "pending"
        }
      ]
    },
    {
      "categories": [
        "Information Disclosure",
        "Sensitive API Keys"
      ],
      "exploitable_locations": [
        {
          "type": "url",
          "value": "https://dev-mdm.test.yumconnect.dev/env-config.js",
          "created_at": 1602694083,
          "status": "pending"
        }
      ]
    },
    {
      "categories": [
        "Functional/Business Logic",
        "**Unvalidated Redirect Bypass**(OLD DNU)"
      ],
      "exploitable_locations": [
        {
          "type": "url",
          "value": "https://espanol.kfc.com:80/kfc/enes/24/_14_rs",
          "created_at": 1607025734,
          "status": "pending"
        },
        {
          "type": "url",
          "value": "https://espanol.kfc.com:80/kfc/enes/24/_google_com",
          "created_at": 1607025734,
          "status": "pending"
        }
      ]
    },
    {
      "categories": [
        "Authorization/Permissions",
        "Insecure Direct Object Reference"
      ],
      "exploitable_locations": [
        {
          "type": "url",
          "value": "https://orderapi.kfc.com/v15/merchants/[ID]/rewards",
          "created_at": 1576095815,
          "status": "pending"
        }
      ]
    },
    {
      "categories": [
        "Functional/Business Logic",
        "Functionality Abuse with Malicious Impact"
      ],
      "exploitable_locations": [
        {
          "type": "url",
          "value": "https://ci.kfc-digital.io/api/v1/auth/loginForm",
          "created_at": 1607054955,
          "status": "pending"
        }
      ]
    },
    {
      "categories": [
        "Information Disclosure",
        "Sensitive API Keys"
      ],
      "exploitable_locations": [
        {
          "type": "url",
          "value": "https://order.kfc.com/static/js/vendors.8f9848d8.chunk.js",
          "created_at": 1609957538,
          "status": "pending"
        }
      ]
    },
    {
      "categories": [
        "Information Disclosure",
        "Sensitive API Keys"
      ],
      "exploitable_locations": [
        {
          "type": "url",
          "value": "https://prod.kfc-digital.io/contact",
          "created_at": 1610025752,
          "status": "pending"
        }
      ]
    },
    {
      "categories": [
        "Information Disclosure",
        "Sensitive API Keys"
      ],
      "exploitable_locations": [
        {
          "type": "url",
          "value": "https://ci.kfc-digital.io/",
          "created_at": 1613457970,
          "status": "pending"
        }
      ]
    },
    {
      "categories": [
        "Information Disclosure",
        "Sensitive API Keys"
      ],
      "exploitable_locations": [
        {
          "type": "url",
          "value": "https://www.kfc.com/locations",
          "created_at": 1619379479,
          "status": "pending"
        }
      ]
    },
    {
      "categories": [
        "Information Disclosure",
        "Sensitive API Keys"
      ],
      "exploitable_locations": [
        {
          "type": "url",
          "value": "https://ci.kfc-digital.io/locations",
          "created_at": 1619509948,
          "status": "pending"
        },
        {
          "type": "url",
          "value": "https://qa.kfc-digital.io/locations",
          "created_at": 1619509948,
          "status": "pending"
        },
        {
          "type": "url",
          "value": "https://prod.kfc-digital.io/locations",
          "created_at": 1619509948,
          "status": "pending"
        },
        {
          "type": "other",
          "value": "https://maps.googleapis.com/maps/api/js?key=AIzaSyCWlUgi5DdDkkRkvuxy3omRgdFJTuk2LBY&libraries=places",
          "created_at": 1619509948,
          "status": "pending"
        }
      ]
    },
    {
      "categories": [
        "Information Disclosure",
        "Sensitive API Keys"
      ],
      "exploitable_locations": [
        {
          "type": "url",
          "value": "https://qa.kfc-digital.io",
          "created_at": 1619787667,
          "status": "pending"
        },
        {
          "type": "url",
          "value": "https://prod.kfc-digital.io",
          "created_at": 1619787667,
          "status": "pending"
        },
        {
          "type": "url",
          "value": "https://ci.kfc-digital.io",
          "created_at": 1619787667,
          "status": "pending"
        }
      ]
    },
    {
      "categories": [
        "Functional/Business Logic",
        "Improper Input Validation"
      ],
      "exploitable_locations": [
        {
          "type": "url",
          "value": "https://prod.kfc-digital.io/api/v1/customers/*",
          "created_at": 1623871358,
          "status": "pending"
        }
      ]
    },
    {
      "categories": [
        "Authorization/Permissions",
        "Access/Privacy Control Violation"
      ],
      "exploitable_locations": [
        {
          "type": "url",
          "value": "https://admin-api.dev.yumconnect.dev/orders",
          "created_at": 1623881443,
          "status": "pending"
        },
        {
          "type": "url",
          "value": "https://admin-api.qa.yumconnect.dev/orders",
          "created_at": 1623881443,
          "status": "pending"
        },
        {
          "type": "url",
          "value": "https://admin-api.dev.yumconnect.dev/Promos",
          "created_at": 1623881443,
          "status": "pending"
        },
        {
          "type": "url",
          "value": "https://admin-api.qa.yumconnect.dev/Promos",
          "created_at": 1623881443,
          "status": "pending"
        },
        {
          "type": "url",
          "value": "https://admin-api.dev.yumconnect.dev/tax",
          "created_at": 1623881443,
          "status": "pending"
        }
      ]
    },
    {
      "categories": [
        "Information Disclosure",
        "Sensitive API Keys"
      ],
      "exploitable_locations": [
        {
          "type": "url",
          "value": "https://locations.kfc.com/search",
          "created_at": 1630956294,
          "status": "pending"
        }
      ]
    },
    {
      "categories": [
        "Functional/Business Logic",
        "Insecure Deserialization"
      ],
      "exploitable_locations": [
        {
          "type": "url",
          "value": "https://www.kfc.com/account/settings",
          "created_at": 1645465103,
          "status": "pending"
        },
        {
          "type": "app-location",
          "value": "Deactivate Account Button",
          "created_at": 1645465103,
          "status": "pending"
        }
      ]
    },
    {
      "categories": [
        "Authentication/Session Management",
        "Default Credentials - Admin"
      ],
      "exploitable_locations": [
        {
          "type": "url",
          "value": "https://www.kfc.com/sign-up",
          "created_at": 1645518736,
          "status": "pending"
        }
      ]
    },
    {
      "categories": [
        "Information Disclosure",
        "Unverifiable Credentials"
      ],
      "exploitable_locations": [
        {
          "type": "url",
          "value": "https://www.kfc.com/sign-up",
          "created_at": 1645603050,
          "status": "pending"
        }
      ]
    },
    {
      "categories": [
        "Information Disclosure",
        "Sensitive API Keys"
      ],
      "exploitable_locations": [
        {
          "type": "url",
          "value": "https://www.kfc.com.ec/",
          "created_at": 1617602362,
          "status": "pending"
        }
      ]
    },
    {
      "categories": [
        "Information Disclosure",
        "Sensitive Directory/File Contents Disclosed"
      ],
      "exploitable_locations": [
        {
          "type": "url",
          "value": "https://www.kfc.com.ec/api/*",
          "created_at": 1617688231,
          "status": "pending"
        }
      ]
    },
    {
      "categories": [
        "Brute Force",
        "User Login Credentials"
      ],
      "exploitable_locations": [
        {
          "type": "url",
          "value": "https://identitytoolkit.googleapis.com/v1/accounts:signInWithPassword",
          "created_at": 1617706541,
          "status": "pending"
        },
        {
          "type": "url",
          "value": "https://www.kfc.co/",
          "created_at": 1617706541,
          "status": "pending"
        },
        {
          "type": "url",
          "value": "https://www.kfc.com.ec",
          "created_at": 1617706541,
          "status": "pending"
        }
      ]
    },
    {
      "categories": [
        "Functional/Business Logic",
        "Functionality Abuse with Malicious Impact"
      ],
      "exploitable_locations": [
        {
          "type": "url",
          "value": "https://www.kfc.com.ec",
          "created_at": 1617869582,
          "status": "pending"
        }
      ]
    },
    {
      "categories": [
        "Server/Application Misconfiguration",
        "Using Known Vulnerable Software"
      ],
      "exploitable_locations": [
        {
          "type": "url",
          "value": "https://www.kfc.com.ec/",
          "created_at": 1617870552,
          "status": "pending"
        }
      ]
    },
    {
      "categories": [
        "Information Disclosure",
        "Sensitive API Keys"
      ],
      "exploitable_locations": [
        {
          "type": "url",
          "value": "https://www.kfc.com.ec/*",
          "created_at": 1617604251,
          "status": "pending"
        },
        {
          "type": "url",
          "value": "https://www.kfc.co/*",
          "created_at": 1617604251,
          "status": "pending"
        }
      ]
    },
    {
      "categories": [
        "Information Disclosure",
        "Sensitive API Keys"
      ],
      "exploitable_locations": [
        {
          "type": "url",
          "value": "https://www.kfc.com.ec/",
          "created_at": 1617624115,
          "status": "pending"
        }
      ]
    },
    {
      "categories": [
        "Information Disclosure",
        "Sensitive API Keys"
      ],
      "exploitable_locations": [
        {
          "type": "url",
          "value": "https://www.kfc.com.au/login",
          "created_at": 1602125698,
          "status": "pending"
        }
      ]
    },
    {
      "categories": [
        "Information Disclosure",
        "Sensitive API Keys"
      ],
      "exploitable_locations": [
        {
          "type": "url",
          "value": "https://www.kfc.com.au/*",
          "created_at": 1602136389,
          "status": "pending"
        }
      ]
    },
    {
      "categories": [
        "Cross-Site Scripting (XSS)",
        "**Reflected XSS (OLD DNU)**"
      ],
      "exploitable_locations": [
        {
          "type": "url",
          "value": "https://www.kfc.com.au/contact-kfc",
          "created_at": 1602186073,
          "status": "pending"
        }
      ]
    },
    {
      "categories": [
        "Information Disclosure",
        "Sensitive API Keys"
      ],
      "exploitable_locations": [
        {
          "type": "url",
          "value": "https://www.kfc.com.au/",
          "created_at": 1601871948,
          "status": "pending"
        }
      ]
    },
    {
      "categories": [
        "Information Disclosure",
        "Sensitive API Keys"
      ],
      "exploitable_locations": [
        {
          "type": "url",
          "value": "https://www.kfc.com.au/",
          "created_at": 1601872689,
          "status": "pending"
        }
      ]
    },
    {
      "categories": [
        "Information Disclosure",
        "Sensitive API Keys"
      ],
      "exploitable_locations": [
        {
          "type": "url",
          "value": "https://www.kfc.com.au/find-store",
          "created_at": 1616044553,
          "status": "pending"
        }
      ]
    },
    {
      "categories": [
        "Information Disclosure",
        "Sensitive API Keys"
      ],
      "exploitable_locations": [
        {
          "type": "url",
          "value": "https://www.kfc.com.au",
          "created_at": 1617632914,
          "status": "pending"
        }
      ]
    },
    {
      "categories": [
        "Authentication/Session Management",
        "Login Authentication Bypass"
      ],
      "exploitable_locations": [
        {
          "type": "url",
          "value": "https://www.kfc.com.au/login",
          "created_at": 1617651328,
          "status": "pending"
        }
      ]
    },
    {
      "categories": [
        "Authentication/Session Management",
        "Session Fixation"
      ],
      "exploitable_locations": [
        {
          "type": "url",
          "value": "https://www.kfc.com.au/",
          "created_at": 1624029815,
          "status": "pending"
        }
      ]
    },
    {
      "categories": [
        "Cross-Site Scripting (XSS)",
        "**DOM Based XSS**"
      ],
      "exploitable_locations": [
        {
          "type": "url",
          "value": "https://www.kfc.com.au/restaurants",
          "created_at": 1626858054,
          "status": "pending"
        },
        {
          "type": "url",
          "value": "https://www.kfc.com.au/catering",
          "created_at": 1626858054,
          "status": "pending"
        }
      ]
    },
    {
      "categories": [
        "Brute Force",
        "Lack of Rate Limiting Protections  (i.e. CAPTCHA)"
      ],
      "exploitable_locations": [
        {
          "type": "url",
          "value": "https://www.kfc.com.au/contact-kfc",
          "created_at": 1642172420,
          "status": "pending"
        }
      ]
    },
    {
      "categories": [
        "SQL Injection",
        "SQL Injection- Partial"
      ],
      "exploitable_locations": [
        {
          "type": "url",
          "value": "https://www.kfc.com.au/KFCAContactUs/SaveContactUs",
          "created_at": 1642263518,
          "status": "pending"
        }
      ]
    },
    {
      "categories": [
        "Server/Application Misconfiguration",
        "Host Header Injection"
      ],
      "exploitable_locations": [
        {
          "type": "url",
          "value": "https://www.kfc.com.au/KFCAContactUs/SaveContactUs",
          "created_at": 1644858070,
          "status": "pending"
        }
      ]
    },
    {
      "categories": [
        "Information Disclosure",
        "Sensitive API Keys"
      ],
      "exploitable_locations": [
        {
          "type": "url",
          "value": "https://sdk.iad-01.braze.com/api/v3/data/",
          "created_at": 1650615708,
          "status": "pending"
        },
        {
          "type": "url",
          "value": "https://www.kfc.com.au/",
          "created_at": 1650615708,
          "status": "pending"
        }
      ]
    },
    {
      "categories": [
        "Information Disclosure",
        "Sensitive API Keys"
      ],
      "exploitable_locations": [
        {
          "type": "url",
          "value": "https://maps.googleapis.com/maps/api/staticmap",
          "created_at": 1601892817,
          "status": "pending"
        },
        {
          "type": "url",
          "value": "https://maps.googleapis.com/maps/api/streetview",
          "created_at": 1601892817,
          "status": "pending"
        },
        {
          "type": "url",
          "value": "https://maps.googleapis.com/maps/api/directions/json",
          "created_at": 1601892817,
          "status": "pending"
        },
        {
          "type": "url",
          "value": "https://www.google.com/maps/embed/v1/place",
          "created_at": 1601892817,
          "status": "pending"
        },
        {
          "type": "url",
          "value": "https://maps.googleapis.com/maps/api/geocode/json",
          "created_at": 1601892817,
          "status": "pending"
        },
        {
          "type": "url",
          "value": "https://maps.googleapis.com/maps/api/distancematrix/json",
          "created_at": 1601892817,
          "status": "pending"
        },
        {
          "type": "url",
          "value": "https://maps.googleapis.com/maps/api/place/findplacefromtext/json",
          "created_at": 1601892817,
          "status": "pending"
        },
        {
          "type": "url",
          "value": "https://maps.googleapis.com/maps/api/place/autocomplete/json",
          "created_at": 1601892817,
          "status": "pending"
        },
        {
          "type": "url",
          "value": "https://maps.googleapis.com/maps/api/elevation/json",
          "created_at": 1601892817,
          "status": "pending"
        },
        {
          "type": "url",
          "value": "https://maps.googleapis.com/maps/api/timezone/json",
          "created_at": 1601892817,
          "status": "pending"
        },
        {
          "type": "url",
          "value": "https://roads.googleapis.com/v1/nearestRoads",
          "created_at": 1601892817,
          "status": "pending"
        },
        {
          "type": "url",
          "value": "https://www.kfc.com.au/",
          "created_at": 1601892817,
          "status": "pending"
        },
        {
          "type": "url",
          "value": "https://maps.googleapis.com/maps/api/js",
          "created_at": 1601892817,
          "status": "pending"
        }
      ]
    },
    {
      "categories": [
        "Authentication/Session Management",
        "2FA Authentication Bypass"
      ],
      "exploitable_locations": [
        {
          "type": "url",
          "value": "https://www.kfc.com.au/Login/MultiFactorVerify",
          "created_at": 1659691622,
          "status": "pending"
        }
      ]
    },
    {
      "categories": [
        "Information Disclosure",
        "Sensitive API Keys"
      ],
      "exploitable_locations": [
        {
          "type": "url",
          "value": "https://www.kfc.com.au/",
          "created_at": 1601894095,
          "status": "pending"
        },
        {
          "type": "app-location",
          "value": "AIzaSyAq1FlIvqu1jrqtpwX4aBEM1MHLE8EH2eg",
          "created_at": 1601894095,
          "status": "pending"
        },
        {
          "type": "url",
          "value": "https://maps.googleapis.com/maps/api/js/AuthenticationService.Authenticate",
          "created_at": 1601894095,
          "status": "pending"
        }
      ]
    }
  ]
}