{
  "listing_id": "g1wde8llgk",
  "type": "categories",
  "value": [
    {
      "categories": [
        "Cross-Site Scripting (XSS)",
        "**Reflected XSS (OLD DNU)**"
      ],
      "exploitable_locations": [
        {
          "type": "url",
          "value": "https://wifi1.kfc.com/",
          "created_at": 1576126023,
          "status": "fixed"
        },
        {
          "type": "url",
          "value": "https://wifi2.kfc.com/",
          "created_at": 1576126023,
          "status": "fixed"
        }
      ]
    },
    {
      "categories": [
        "Information Disclosure",
        "Sensitive API Keys"
      ],
      "exploitable_locations": [
        {
          "type": "url",
          "value": "https://locations.kfc.com/*",
          "created_at": 1576141684,
          "status": "wont_fix"
        }
      ]
    },
    {
      "categories": [
        "Information Disclosure",
        "Sensitive API Keys"
      ],
      "exploitable_locations": [
        {
          "type": "url",
          "value": "https://c.go-mpulse.net/api/config.json",
          "created_at": 1576165535,
          "status": "wont_fix"
        }
      ]
    },
    {
      "categories": [
        "Cross-site Request Forgery (CSRF)",
        "**CSRF Protection Missing**"
      ],
      "exploitable_locations": [
        {
          "type": "url",
          "value": "https://kfc.com/Secure/Account/CloseAccount",
          "created_at": 1576530965,
          "status": "pending"
        }
      ]
    },
    {
      "categories": [
        "Authorization/Permissions",
        "Access/Privacy Control Violation"
      ],
      "exploitable_locations": [
        {
          "type": "url",
          "value": "https://espanol.kfc.com/videos/",
          "created_at": 1575446019,
          "status": "fixed"
        },
        {
          "type": "url",
          "value": "https://www.kfc.com/videos/",
          "created_at": 1575446019,
          "status": "fixed"
        }
      ]
    },
    {
      "categories": [
        "Cross-Site Scripting (XSS)",
        "**DOM Based XSS**"
      ],
      "exploitable_locations": [
        {
          "type": "url",
          "value": "https://kfc.com/",
          "created_at": 1576541300,
          "status": "fixed"
        }
      ]
    },
    {
      "categories": [
        "Information Disclosure",
        "Sensitive API Keys"
      ],
      "exploitable_locations": [
        {
          "type": "url",
          "value": "https://c.go-mpulse.net/api/config.json",
          "created_at": 1576546038,
          "status": "pending"
        },
        {
          "type": "url",
          "value": "https://c.go-mpulse.net/api/config.json",
          "created_at": 1576546038,
          "status": "pending"
        },
        {
          "type": "url",
          "value": "https://c.go-mpulse.net/api/config.json",
          "created_at": 1576546038,
          "status": "pending"
        },
        {
          "type": "url",
          "value": "https://order.kfc.com/*",
          "created_at": 1576546038,
          "status": "pending"
        }
      ]
    },
    {
      "categories": [
        "Authorization/Permissions",
        "**Server-side Request Forgery (SSRF)**"
      ],
      "exploitable_locations": [
        {
          "type": "url",
          "value": "https://espanol.kfc.com",
          "created_at": 1576553840,
          "status": "fixed"
        }
      ]
    },
    {
      "categories": [
        "Information Disclosure",
        "Sensitive API Keys"
      ],
      "exploitable_locations": [
        {
          "type": "url",
          "value": "https://orderapi.kfc.com",
          "created_at": 1576716208,
          "status": "wont_fix"
        },
        {
          "value": "https://orderapi.kfc.com/v15/white_label_apps/1549",
          "type": "url",
          "created_at": 1576716208,
          "status": "wont_fix"
        }
      ]
    },
    {
      "categories": [
        "Authorization/Permissions",
        "Insecure Direct Object Reference"
      ],
      "exploitable_locations": [
        {
          "type": "url",
          "value": "https://orderapi.kfc.com/v15/credit_cards/20785028",
          "created_at": 1578304163,
          "status": "fixed"
        }
      ]
    },
    {
      "categories": [
        "Authorization/Permissions",
        "Insecure Direct Object Reference"
      ],
      "exploitable_locations": [
        {
          "type": "url",
          "value": "https://orderapi.kfc.com/v15/credit_cards/20785032",
          "created_at": 1578305089,
          "status": "fixed"
        }
      ]
    },
    {
      "categories": [
        "Information Disclosure",
        "Sensitive Client Information Disclosed"
      ],
      "exploitable_locations": [
        {
          "type": "url",
          "value": "https://order.kfc.com/",
          "created_at": 1575468538,
          "status": "pending"
        },
        {
          "type": "url",
          "value": "https://order.kfc.com/",
          "created_at": 1575468538,
          "status": "pending"
        },
        {
          "type": "url",
          "value": "https://order.kfc.com/account/addresses",
          "created_at": 1575468538,
          "status": "pending"
        }
      ]
    },
    {
      "categories": [
        "Server/Application Misconfiguration",
        "Cache poisoning"
      ],
      "exploitable_locations": [
        {
          "type": "url",
          "value": "https://www.kfc.com/assets/mp_linkcode-a360bb8fcde70e8095620e47a306a5eb4a469e0d15fa253cf1a054010db88dc5.js",
          "created_at": 1579707285,
          "status": "fixed"
        }
      ]
    },
    {
      "categories": [
        "Server/Application Misconfiguration",
        "Cache poisoning"
      ],
      "exploitable_locations": [
        {
          "type": "url",
          "value": "https://www.kfc.com/about/*",
          "created_at": 1585940351,
          "status": "fixed"
        }
      ]
    },
    {
      "categories": [
        "Server/Application Misconfiguration",
        "Cache poisoning"
      ],
      "exploitable_locations": [
        {
          "type": "url",
          "value": "https://www.kfc.com/menu/*",
          "created_at": 1586404447,
          "status": "fixed"
        },
        {
          "type": "url",
          "value": "https://www.kfc.com/menu/promotions/2-for-$6-mix-and-match",
          "created_at": 1586404447,
          "status": "fixed"
        },
        {
          "type": "url",
          "value": "https://www.kfc.com/menu/promotions/two-piece-drumstick-and-thigh-fillup",
          "created_at": 1586404447,
          "status": "fixed"
        }
      ]
    },
    {
      "categories": [
        "Information Disclosure",
        "Sensitive API Keys"
      ],
      "exploitable_locations": [
        {
          "type": "file",
          "value": "https://order.kfc.com/static/js/vendors.e7d0d0ec.chunk.js",
          "created_at": 1589954230,
          "status": "wont_fix"
        },
        {
          "type": "file",
          "value": "https://order.kfc.com/static/js/main.d9cc7ace.chunk.js",
          "created_at": 1589954230,
          "status": "wont_fix"
        }
      ]
    },
    {
      "categories": [
        "Server/Application Misconfiguration",
        "Cache poisoning"
      ],
      "exploitable_locations": [
        {
          "type": "url",
          "value": "https://www.kfc.com/*",
          "created_at": 1590200341,
          "status": "fixed"
        }
      ]
    },
    {
      "categories": [
        "Server/Application Misconfiguration",
        "DNS Misconfiguration"
      ],
      "exploitable_locations": [
        {
          "type": "other",
          "value": "domain takeover",
          "created_at": 1575552330,
          "status": "fixed"
        }
      ]
    },
    {
      "categories": [
        "Information Disclosure",
        "Sensitive API Keys"
      ],
      "exploitable_locations": [
        {
          "type": "url",
          "value": "https://qa.kfcqa.io/_next/static/ovrw5938KiZOKqJMcjf9c/pages/locations.js",
          "created_at": 1599752821,
          "status": "fixed"
        },
        {
          "type": "url",
          "value": "https://ci.kfc-digital.io/_next/static/bZ7I1FMK3YFhOIgbCehQk/pages/locations.js",
          "created_at": 1599752821,
          "status": "fixed"
        },
        {
          "type": "url",
          "value": "https://ci.kfc-digital.io/_next/static/ovrw5938KiZOKqJMcjf9c/pages/locations.js",
          "created_at": 1599752821,
          "status": "fixed"
        },
        {
          "type": "other",
          "value": "AIzaSyCWlUgi5DdDkkRkvuxy3omRgdFJTuk2LBY",
          "created_at": 1599752821,
          "status": "fixed"
        }
      ]
    },
    {
      "categories": [
        "Information Disclosure",
        "Directory Contents Disclosed"
      ],
      "exploitable_locations": [
        {
          "type": "url",
          "value": "https://prometheus.dev.yumconnect.dev/",
          "created_at": 1600910170,
          "status": "fixed"
        }
      ]
    },
    {
      "categories": [
        "Information Disclosure",
        "Directory Contents Disclosed"
      ],
      "exploitable_locations": [
        {
          "type": "url",
          "value": "https://prometheus.pr.yumconnect.dev/service-discovery",
          "created_at": 1600910333,
          "status": "fixed"
        }
      ]
    },
    {
      "categories": [
        "Information Disclosure",
        "Sensitive API Keys"
      ],
      "exploitable_locations": [
        {
          "type": "url",
          "value": "https://kfc-commerce-dotcom.yumconnect.dev",
          "created_at": 1605469242,
          "status": "fixed"
        },
        {
          "type": "url",
          "value": "https://kfc-commerce-dotcom.perf.yumconnect.dev",
          "created_at": 1605469242,
          "status": "fixed"
        }
      ]
    },
    {
      "categories": [
        "Information Disclosure",
        "Sensitive API Keys"
      ],
      "exploitable_locations": [
        {
          "type": "url",
          "value": "https://qa.kfc-digital.io",
          "created_at": 1607606133,
          "status": "fixed"
        },
        {
          "type": "url",
          "value": "https://ci.kfc-digital.io",
          "created_at": 1607606133,
          "status": "fixed"
        }
      ]
    },
    {
      "categories": [
        "Information Disclosure",
        "Sensitive API Keys"
      ],
      "exploitable_locations": [
        {
          "type": "url",
          "value": "https://kfc-commerce-dotcom.perf.yumconnect.dev",
          "created_at": 1607651848,
          "status": "fixed"
        }
      ]
    },
    {
      "categories": [
        "Information Disclosure",
        "Directory Contents Disclosed"
      ],
      "exploitable_locations": [
        {
          "type": "url",
          "value": "https://prometheus.sandbox.yumconnect.dev/graph",
          "created_at": 1609811885,
          "status": "fixed"
        }
      ]
    },
    {
      "categories": [
        "Authorization/Permissions",
        "Insecure Direct Object Reference"
      ],
      "exploitable_locations": [
        {
          "type": "url",
          "value": "https://commerce.perf.yumconnect.dev/v1/orders/graphql",
          "created_at": 1609813626,
          "status": "fixed"
        },
        {
          "type": "url",
          "value": "https://qa.kfc-digital.io/api/v1/orders/graphql",
          "created_at": 1609813626,
          "status": "fixed"
        }
      ]
    },
    {
      "categories": [
        "Information Disclosure",
        "Sensitive Information Leak to third-parties"
      ],
      "exploitable_locations": [
        {
          "type": "url",
          "value": "https://docs.yumconnect.dev",
          "created_at": 1609918333,
          "status": "fixed"
        }
      ]
    },
    {
      "categories": [
        "Information Disclosure",
        "Sensitive API Keys"
      ],
      "exploitable_locations": [
        {
          "type": "url",
          "value": "https://www.kfc.com",
          "created_at": 1576124126,
          "status": "wont_fix"
        }
      ]
    },
    {
      "categories": [
        "Information Disclosure",
        "Directory Contents Disclosed"
      ],
      "exploitable_locations": [
        {
          "type": "url",
          "value": "https://admin-api.dev.yumconnect.dev/promos",
          "created_at": 1623584004,
          "status": "fixed"
        },
        {
          "type": "url",
          "value": "https://admin-api.qa.yumconnect.dev/promos",
          "created_at": 1623584004,
          "status": "fixed"
        }
      ]
    },
    {
      "categories": [
        "Authorization/Permissions",
        "Access/Privacy Control Violation"
      ],
      "exploitable_locations": [
        {
          "type": "url",
          "value": "https://admin-api.qa.yumconnect.dev/customers",
          "created_at": 1623589236,
          "status": "fixed"
        },
        {
          "type": "url",
          "value": "https://admin-api.dev.yumconnect.dev/customers",
          "created_at": 1623589236,
          "status": "fixed"
        }
      ]
    },
    {
      "categories": [
        "Authentication/Session Management",
        "Login Authentication Bypass"
      ],
      "exploitable_locations": [
        {
          "type": "url",
          "value": "https://www.kfc.com.ec/login",
          "created_at": 1617608361,
          "status": "fixed"
        },
        {
          "type": "url",
          "value": "https://www.kfc.co/login",
          "created_at": 1617608361,
          "status": "fixed"
        }
      ]
    },
    {
      "categories": [
        "SQL Injection",
        "**Incorrect Filtered Escape Characters**"
      ],
      "exploitable_locations": [
        {
          "type": "url",
          "value": "https://www.kfc.com.ar/send_promo_activation.php",
          "created_at": 1586990940,
          "status": "fixed"
        }
      ]
    },
    {
      "categories": [
        "Functional/Business Logic",
        "Improper Input Validation"
      ],
      "exploitable_locations": [
        {
          "type": "url",
          "value": "https://www.kfc.com.sg/cart/AddToCart",
          "assets_na": true,
          "assets_uids": [],
          "created_at": 1714758481,
          "status": "pending"
        }
      ]
    },
    {
      "categories": [
        "Cross-site Request Forgery (CSRF)",
        "CSRF-High"
      ],
      "exploitable_locations": [
        {
          "type": "url",
          "value": "https://www.kfc.com.sg/MyAccount/DeleteRegistration",
          "assets_na": true,
          "assets_uids": [],
          "created_at": 1714761118,
          "status": "pending"
        }
      ]
    },
    {
      "categories": [
        "Functional/Business Logic",
        "Improper Input Validation"
      ],
      "exploitable_locations": [
        {
          "type": "url",
          "value": "https://www.kfc.com.sg/cart/AddToCart",
          "assets_na": true,
          "assets_uids": [],
          "created_at": 1714862650,
          "status": "pending"
        }
      ]
    },
    {
      "categories": [
        "Functional/Business Logic",
        "Functionality Abuse with Malicious Impact"
      ],
      "exploitable_locations": [
        {
          "type": "url",
          "value": "https://orderserv-kfc-apac-olo-api.yum.com/dev/v1/baskets/afeddd3d-c4ff-4b39-a24c-e787bd56f438/line-items",
          "assets_na": true,
          "assets_uids": [],
          "created_at": 1722017848,
          "status": "fixed"
        },
        {
          "type": "url",
          "value": "https://www.kfc.com.au/menu/shared-meals/burger-feast",
          "assets_na": true,
          "assets_uids": [],
          "created_at": 1722017848,
          "status": "fixed"
        }
      ]
    },
    {
      "categories": [
        "Information Disclosure",
        "Sensitive API Keys"
      ],
      "exploitable_locations": [
        {
          "type": "url",
          "value": "https://www.kfc.com.au/",
          "created_at": 1602108261,
          "status": "fixed"
        }
      ]
    },
    {
      "categories": [
        "Authentication/Session Management",
        "2FA Authentication Bypass"
      ],
      "exploitable_locations": [
        {
          "type": "url",
          "value": "https://www.kfc.com.au/Login/Login",
          "created_at": 1602342943,
          "status": "fixed"
        },
        {
          "type": "url",
          "value": "https://www.kfc.com.au/Login/MultiFactorLogin",
          "created_at": 1602342943,
          "status": "fixed"
        }
      ]
    },
    {
      "categories": [
        "Cross-Site Scripting (XSS)",
        "**Reflected XSS (OLD DNU)**"
      ],
      "exploitable_locations": [
        {
          "type": "url",
          "value": "https://www.kfc.com.au/menu/",
          "created_at": 1626487423,
          "status": "wont_fix"
        }
      ]
    },
    {
      "categories": [
        "Information Disclosure",
        "Sensitive API Keys"
      ],
      "exploitable_locations": [
        {
          "type": "url",
          "value": "https://www.kfc.com.au/*",
          "created_at": 1601877773,
          "status": "fixed"
        },
        {
          "type": "other",
          "value": "AIzaSyAq1FlIvqu1jrqtpwX4aBEM1MHLE8EH2eg",
          "created_at": 1601877773,
          "status": "fixed"
        }
      ]
    }
  ]
}