{
  "listing_id": "gc93wxg61e",
  "type": "categories",
  "value": [
    {
      "categories": [
        "Content Injection",
        "Spoof HTML Content"
      ],
      "exploitable_locations": [
        {
          "type": "url",
          "value": "https://nomnom-staging.texasroadhouse.com/account/settings/",
          "created_at": 1645788911,
          "status": "pending"
        }
      ]
    },
    {
      "categories": [
        "Functional/Business Logic",
        "Client Side Validation"
      ],
      "exploitable_locations": [
        {
          "type": "url",
          "value": "https://nomnom-staging.texasroadhouse.com/baskets/96782292-c389-464d-b8c5-b39e66a22b4c/customfields",
          "created_at": 1649088561,
          "status": "pending"
        }
      ]
    },
    {
      "categories": [
        "Information Disclosure",
        "Sensitive Directory/File Contents Disclosed"
      ],
      "exploitable_locations": [
        {
          "type": "app-location",
          "value": "File module of Drupal Core",
          "created_at": 1651306704,
          "status": "pending"
        }
      ]
    },
    {
      "categories": [
        "Functional/Business Logic",
        "Improper Input Validation"
      ],
      "exploitable_locations": [
        {
          "type": "url",
          "value": "https://nomnom-staging.texasroadhouse.com/baskets/962d4d50-2916-4c3e-be0d-16f1f7cf3f7f/tip",
          "created_at": 1651316260,
          "status": "pending"
        }
      ]
    },
    {
      "categories": [
        "Authorization/Permissions",
        "Access/Privacy Control Violation"
      ],
      "exploitable_locations": [
        {
          "type": "url",
          "value": "https://nomnom-staging.texasroadhouse.com/users/ZOqxrPcm9XkUtA2ZS5ASTF4akHlV3Dav",
          "created_at": 1651344323,
          "status": "pending"
        }
      ]
    },
    {
      "categories": [
        "Authentication/Session Management",
        "Login Authentication Bypass"
      ],
      "exploitable_locations": [
        {
          "type": "url",
          "value": "https://nomnom-staging.texasroadhouse.com/users/getorcreate",
          "created_at": 1651675038,
          "status": "pending"
        }
      ]
    },
    {
      "categories": [
        "Information Disclosure",
        "Sensitive API Keys"
      ],
      "exploitable_locations": [
        {
          "type": "file",
          "value": "https://nomnom-staging.texasroadhouse.com/main-es2015.bc9d16390be5d7cdb5e5.js",
          "created_at": 1652956908,
          "status": "pending"
        }
      ]
    },
    {
      "categories": [
        "Content Injection",
        "Spoof HTML Content"
      ],
      "exploitable_locations": [
        {
          "type": "url",
          "value": "https://nomnom-staging.texasroadhouse.com/account/signup",
          "created_at": 1656758996,
          "status": "pending"
        }
      ]
    },
    {
      "categories": [
        "Functional/Business Logic",
        "Improper Input Validation"
      ],
      "exploitable_locations": [
        {
          "type": "url",
          "value": "https://nomnom-staging.texasroadhouse.com/account/signup",
          "created_at": 1656783877,
          "status": "pending"
        }
      ]
    },
    {
      "categories": [
        "Server/Application Misconfiguration",
        "Host Header Injection"
      ],
      "exploitable_locations": [
        {
          "type": "url",
          "value": "https://nomnom-staging.texasroadhouse.com/accessibility",
          "created_at": 1666634338,
          "status": "pending"
        },
        {
          "type": "url",
          "value": "https://nomnom-staging.texasroadhouse.com/about-us",
          "created_at": 1666634338,
          "status": "pending"
        }
      ]
    },
    {
      "categories": [
        "Other",
        "Other - Please describe"
      ],
      "exploitable_locations": [
        {
          "type": "url",
          "value": "https://nomnom-staging.texasroadhouse.com/users/BXypP2RGPo23ZpCWwggQ488zzwqn8ACH/recentorders",
          "created_at": 1678110901,
          "status": "pending"
        }
      ]
    },
    {
      "categories": [
        "Authorization/Permissions",
        "Insecure Direct Object Reference (Read-Only)"
      ],
      "exploitable_locations": [
        {
          "type": "url",
          "value": "https://nomnom-staging.texasroadhouse.com/baskets/{Basket ID}",
          "created_at": 1683383001,
          "status": "pending"
        }
      ]
    },
    {
      "categories": [
        "Information Disclosure",
        "Sensitive API Keys"
      ],
      "exploitable_locations": [
        {
          "type": "url",
          "value": "https://nomnom-staging.texasroadhouse.com/location",
          "assets_na": false,
          "assets_uids": [
            "620ec83219e61c00014f991e"
          ],
          "created_at": 1693291654,
          "status": "pending"
        }
      ]
    },
    {
      "categories": [
        "Functional/Business Logic",
        "Client Side Validation"
      ],
      "exploitable_locations": [
        {
          "type": "url",
          "value": "https://nomnom-staging.texasroadhouse.com/users/bW8iof8DLi0xVpwoFgUaPErroTMnKbcN",
          "assets_na": false,
          "assets_uids": [
            "620ec83219e61c00014f991e"
          ],
          "created_at": 1693472425,
          "status": "pending"
        }
      ]
    },
    {
      "categories": [
        "Functional/Business Logic",
        "Client Side Validation"
      ],
      "exploitable_locations": [
        {
          "type": "url",
          "value": "https://nomnom-staging.texasroadhouse.com/users/Gsv6X7M3q0WBksB9TA6ZymViMTHzNnv5",
          "assets_na": false,
          "assets_uids": [
            "620ec83219e61c00014f991e"
          ],
          "created_at": 1693478430,
          "status": "pending"
        }
      ]
    },
    {
      "categories": [
        "Authorization/Permissions",
        "Access Control Violation (High Privileged Functions-Read Only)"
      ],
      "exploitable_locations": [
        {
          "type": "url",
          "value": "https://nomnom-staging.texasroadhouse.com/core/modules/system/tests/fixtures/update/drupal-9.4.0.bare.standard.php.gz",
          "assets_na": false,
          "assets_uids": [
            "620ec83219e61c00014f991e"
          ],
          "created_at": 1725295914,
          "status": "pending"
        },
        {
          "type": "url",
          "value": "https://nomnom-staging.texasroadhouse.com/core/modules/system/tests/fixtures/update/drupal-9.4.0.filled.standard.php.gz",
          "assets_na": false,
          "assets_uids": [
            "620ec83219e61c00014f991e"
          ],
          "created_at": 1725295914,
          "status": "pending"
        }
      ]
    },
    {
      "categories": [
        "Functional/Business Logic",
        "Client Side Validation"
      ],
      "exploitable_locations": [
        {
          "type": "url",
          "value": "https://nomnom-staging.texasroadhouse.com/users/60v0nSUTPuNkEGmbDD6CCSL97vD4CB0b",
          "assets_na": false,
          "assets_uids": [
            "620ec83219e61c00014f991e"
          ],
          "created_at": 1726073552,
          "status": "pending"
        }
      ]
    },
    {
      "categories": [
        "Functional/Business Logic",
        "Functionality Abuse with Malicious Impact"
      ],
      "exploitable_locations": [
        {
          "type": "url",
          "value": "https://nomnom-staging.texasroadhouse.com/users/create",
          "assets_na": false,
          "assets_uids": [
            "620ec83219e61c00014f991e"
          ],
          "created_at": 1726242952,
          "status": "pending"
        }
      ]
    },
    {
      "categories": [
        "Functional/Business Logic",
        "Functionality Abuse with Malicious Impact"
      ],
      "exploitable_locations": [
        {
          "type": "url",
          "value": "https://nomnom-staging.texasroadhouse.com/locations/96-chattanoogatn",
          "assets_na": false,
          "assets_uids": [
            "620ec83219e61c00014f991e"
          ],
          "created_at": 1729166680,
          "status": "pending"
        }
      ]
    },
    {
      "categories": [
        "Authorization/Permissions",
        "Insecure Direct Object Reference (Read & Write)"
      ],
      "exploitable_locations": [
        {
          "type": "url",
          "value": "https://nomnom-staging.texasroadhouse.com/account/settings",
          "assets_na": false,
          "assets_uids": [
            "620ec83219e61c00014f991e"
          ],
          "created_at": 1729482289,
          "status": "pending"
        }
      ]
    },
    {
      "categories": [
        "Functional/Business Logic",
        "Functionality Abuse with Malicious Impact"
      ],
      "exploitable_locations": [
        {
          "type": "url",
          "value": "https://nomnom-staging.texasroadhouse.com/users/getorcreate",
          "assets_na": false,
          "assets_uids": [
            "620ec83219e61c00014f991e"
          ],
          "created_at": 1739000047,
          "status": "pending"
        }
      ]
    },
    {
      "categories": [
        "Functional/Business Logic",
        "Unvalidated Redirect Bypass"
      ],
      "exploitable_locations": [
        {
          "type": "url",
          "value": "https://nomnom-staging.texasroadhouse.com/security-challenge",
          "assets_na": false,
          "assets_uids": [
            "620ec83219e61c00014f991e"
          ],
          "created_at": 1739078652,
          "status": "pending"
        }
      ]
    },
    {
      "categories": [
        "Authorization/Permissions",
        "Access/Privacy Control Violation"
      ],
      "exploitable_locations": [
        {
          "type": "url",
          "value": "https://nomnom-prod-api.texasroadhouse.com/baskets/4c7d4238-0071-43ac-bf3e-70f5789ced62",
          "created_at": 1649059558,
          "status": "pending"
        },
        {
          "type": "url",
          "value": "https://nomnom-staging.texasroadhouse.com/baskets/4c7d4238-0071-43ac-bf3e-70f5789ced62",
          "created_at": 1649059558,
          "status": "pending"
        },
        {
          "type": "url",
          "value": "https://nomnom-staging.texasroadhouse.com/restaurants/125336/menu",
          "created_at": 1649059558,
          "status": "pending"
        },
        {
          "type": "url",
          "value": "https://nomnom-staging.texasroadhouse.com/restaurants/near",
          "created_at": 1649059558,
          "status": "pending"
        },
        {
          "type": "url",
          "value": "https://nomnom-staging.texasroadhouse.com/restaurants/125336",
          "created_at": 1649059558,
          "status": "pending"
        },
        {
          "type": "url",
          "value": "https://nomnom-staging.texasroadhouse.com/restaurants/125336/menu",
          "created_at": 1649059558,
          "status": "pending"
        },
        {
          "type": "url",
          "value": "https://nomnom-staging.texasroadhouse.com/restaurants/near",
          "created_at": 1649059558,
          "status": "pending"
        },
        {
          "type": "url",
          "value": "https://nomnom-staging.texasroadhouse.com/products/27779123/modifiers",
          "created_at": 1649059558,
          "status": "pending"
        },
        {
          "type": "url",
          "value": "https://nomnom-staging.texasroadhouse.com/baskets/4c7d4238-0071-43ac-bf3e-70f5789ced62/billingschemes",
          "created_at": 1649059558,
          "status": "pending"
        },
        {
          "type": "url",
          "value": "https://nomnom-staging.texasroadhouse.com/baskets/4c7d4238-0071-43ac-bf3e-70f5789ced62/checkout",
          "created_at": 1649059558,
          "status": "pending"
        }
      ]
    },
    {
      "categories": [
        "Authorization/Permissions",
        "Insecure Direct Object Reference (Read & Write)"
      ],
      "exploitable_locations": [
        {
          "type": "url",
          "value": "https://nomnom-staging.texasroadhouse.com/users/<USERID>",
          "created_at": 1649063199,
          "status": "pending"
        },
        {
          "type": "url",
          "value": "https://nomnom-staging.texasroadhouse.com/users/<USERID>/contactoptions",
          "created_at": 1649063199,
          "status": "pending"
        },
        {
          "type": "url",
          "value": "https://nomnom-staging.texasroadhouse.com/users/<USERID>/billingaccounts ",
          "created_at": 1649063199,
          "status": "pending"
        },
        {
          "type": "url",
          "value": "https://nomnom-staging.texasroadhouse.com/baskets/<USERID>/billingschemes",
          "created_at": 1649063199,
          "status": "pending"
        },
        {
          "type": "url",
          "value": "https://nomnom-staging.texasroadhouse.com/users/<USERID>/userdeliveryaddresses",
          "created_at": 1649063199,
          "status": "pending"
        },
        {
          "type": "url",
          "value": "https://nomnom-staging.texasroadhouse.com/users/<USERID>/favelocations",
          "created_at": 1649063199,
          "status": "pending"
        },
        {
          "type": "url",
          "value": "https://nomnom-staging.texasroadhouse.com/users/<USERID>/faves",
          "created_at": 1649063199,
          "status": "pending"
        }
      ]
    },
    {
      "categories": [
        "Authorization/Permissions",
        "Access/Privacy Control Violation"
      ],
      "exploitable_locations": [
        {
          "type": "url",
          "value": "https://nomnom-staging.texasroadhouse.com/users/oMsPAEDDrt0fED6qrxSo59Xl1YJOxt36/contactdetails",
          "created_at": 1649067438,
          "status": "pending"
        },
        {
          "type": "url",
          "value": "https://nomnom-staging.texasroadhouse.com/users/oMsPAEDDrt0fED6qrxSo59Xl1YJOxt36",
          "created_at": 1649067438,
          "status": "pending"
        },
        {
          "type": "url",
          "value": "https://nomnom-staging.texasroadhouse.com/users/oMsPAEDDrt0fED6qrxSo59Xl1YJOxt36/contactoptions",
          "created_at": 1649067438,
          "status": "pending"
        },
        {
          "type": "url",
          "value": "https://nomnom-staging.texasroadhouse.com/users/oMsPAEDDrt0fED6qrxSo59Xl1YJOxt36/billingaccounts",
          "created_at": 1649067438,
          "status": "pending"
        },
        {
          "type": "url",
          "value": "https://nomnom-staging.texasroadhouse.com/users/oMsPAEDDrt0fED6qrxSo59Xl1YJOxt36/recentorders",
          "created_at": 1649067438,
          "status": "pending"
        },
        {
          "type": "url",
          "value": "https://nomnom-staging.texasroadhouse.com/users/oMsPAEDDrt0fED6qrxSo59Xl1YJOxt36/faves",
          "created_at": 1649067438,
          "status": "pending"
        },
        {
          "type": "url",
          "value": "https://nomnom-staging.texasroadhouse.com/users/oMsPAEDDrt0fED6qrxSo59Xl1YJOxt36/qualifyingrewards",
          "created_at": 1649067438,
          "status": "pending"
        },
        {
          "type": "url",
          "value": "https://nomnom-staging.texasroadhouse.com/baskets/4c7d4238-0071-43ac-bf3e-70f5789ced62/checkout",
          "created_at": 1649067438,
          "status": "pending"
        },
        {
          "type": "url",
          "value": "https://nomnom-staging.texasroadhouse.com/users/oMsPAEDDrt0fED6qrxSo59Xl1YJOxt36/contactdetails",
          "created_at": 1649067438,
          "status": "pending"
        },
        {
          "type": "url",
          "value": "https://nomnom-staging.texasroadhouse.com/users/oMsPAEDDrt0fED6qrxSo59Xl1YJOxt36",
          "created_at": 1649067438,
          "status": "pending"
        }
      ]
    },
    {
      "categories": [
        "Authorization/Permissions",
        "Access/Privacy Control Violation"
      ],
      "exploitable_locations": [
        {
          "type": "url",
          "value": "https://nomnom-staging.texasroadhouse.com/users/<UserID>/*",
          "created_at": 1649073114,
          "status": "pending"
        }
      ]
    },
    {
      "categories": [
        "Functional/Business Logic",
        "Client Side Validation"
      ],
      "exploitable_locations": [
        {
          "type": "url",
          "value": "https://nomnom-staging.texasroadhouse.com/users/create",
          "created_at": 1649073692,
          "status": "pending"
        }
      ]
    },
    {
      "categories": [
        "Authorization/Permissions",
        "Insecure Direct Object Reference (Read & Write)"
      ],
      "exploitable_locations": [
        {
          "type": "url",
          "value": "https://nomnom-staging.texasroadhouse.com/texasroadhouse/waitlist/9002/checkin",
          "created_at": 1649087534,
          "status": "pending"
        }
      ]
    }
  ]
}