{
  "listing_id": "gru9tod4sf",
  "type": "categories",
  "value": [
    {
      "categories": [
        "Content Injection",
        "**Spoof HTML Content**"
      ],
      "exploitable_locations": [
        {
          "type": "url",
          "value": "https://api0.prismacloud.io/v2/user",
          "created_at": 1602026615,
          "status": "fixed"
        }
      ]
    },
    {
      "categories": [
        "Authorization/Permissions",
        "Insecure Direct Object Reference"
      ],
      "exploitable_locations": [
        {
          "type": "url",
          "value": "https://app0.prismacloud.io/settings/data",
          "created_at": 1602528606,
          "status": "wont_fix"
        },
        {
          "type": "url",
          "value": "https://api0.prismacloud.io/dlp/api/v1/dss-api/data-profile/id/<ID>",
          "created_at": 1602528606,
          "status": "wont_fix"
        }
      ]
    },
    {
      "categories": [
        "Server/Application Misconfiguration",
        "Cross-Origin Resource Sharing (CORS)"
      ],
      "exploitable_locations": [
        {
          "type": "url",
          "value": "https://api0.prismacloud.io/",
          "created_at": 1608327410,
          "status": "fixed"
        }
      ]
    },
    {
      "categories": [
        "Authorization/Permissions",
        "Access/Privacy Control Violation"
      ],
      "exploitable_locations": [
        {
          "type": "url",
          "value": "https://api0.prismacloud.io/user/me",
          "created_at": 1609328693,
          "status": "fixed"
        }
      ]
    },
    {
      "categories": [
        "Authorization/Permissions",
        "Access/Privacy Control Violation"
      ],
      "exploitable_locations": [
        {
          "type": "url",
          "value": "https://api0.prismacloud.io/user/name",
          "created_at": 1602035610,
          "status": "fixed"
        }
      ]
    },
    {
      "categories": [
        "Authorization/Permissions",
        "Access/Privacy Control Violation"
      ],
      "exploitable_locations": [
        {
          "type": "url",
          "value": "https://app0.prismacloud.io/compute",
          "created_at": 1609771611,
          "status": "wont_fix"
        },
        {
          "type": "url",
          "value": "https://us-east1.cloud.twistlock.com/us1-59095/api/v1/audits/mgmt",
          "created_at": 1609771611,
          "status": "wont_fix"
        }
      ]
    },
    {
      "categories": [
        "Information Disclosure",
        "Sensitive API Keys"
      ],
      "exploitable_locations": [
        {
          "type": "url",
          "value": "https://app0.prismacloud.io/compute",
          "created_at": 1609776252,
          "status": "fixed"
        },
        {
          "type": "url",
          "value": "https://us-east1.cloud.twistlock.com/us1-59095/api/v1/logs/console",
          "created_at": 1609776252,
          "status": "fixed"
        }
      ]
    },
    {
      "categories": [
        "Authorization/Permissions",
        "**Server-side Request Forgery (SSRF)**"
      ],
      "exploitable_locations": [
        {
          "type": "url",
          "value": "https://api0.prismacloud.io/integration/test",
          "created_at": 1610104084,
          "status": "fixed"
        }
      ]
    },
    {
      "categories": [
        "Content Injection",
        "**Spoof HTML Content**"
      ],
      "exploitable_locations": [
        {
          "type": "url",
          "value": "https://api0.prismacloud.io/alert/rule/98f70cd0-f5e5-4c98-a67e-a93c7c6d22d9",
          "created_at": 1610386278,
          "status": "fixed"
        }
      ]
    },
    {
      "categories": [
        "Functional/Business Logic",
        "Improper Input Validation"
      ],
      "exploitable_locations": [
        {
          "type": "url",
          "value": "https://app0.prismacloud.io/compute",
          "created_at": 1610458661,
          "status": "wont_fix"
        }
      ]
    },
    {
      "categories": [
        "Content Injection",
        "**Spoof HTML Content**"
      ],
      "exploitable_locations": [
        {
          "type": "app-location",
          "value": " Vulnerability rules",
          "created_at": 1610470646,
          "status": "wont_fix"
        },
        {
          "type": "url",
          "value": "https://us-east1.cloud.twistlock.com/us1-59095",
          "created_at": 1610470646,
          "status": "wont_fix"
        },
        {
          "type": "url",
          "value": "https://app0.prismacloud.io/compute",
          "created_at": 1610470646,
          "status": "wont_fix"
        }
      ]
    },
    {
      "categories": [
        "Content Injection",
        "**Spoof HTML Content**"
      ],
      "exploitable_locations": [
        {
          "type": "url",
          "value": "https://app0.prismacloud.io/settings/account_groups",
          "created_at": 1610800314,
          "status": "fixed"
        },
        {
          "type": "url",
          "value": "https://api0.prismacloud.io/cloud/group/65268fb6-0dca-46e3-a3c8-d5c92f763735",
          "created_at": 1610800314,
          "status": "fixed"
        }
      ]
    },
    {
      "categories": [
        "Content Injection",
        "**Spoof HTML Content**"
      ],
      "exploitable_locations": [
        {
          "type": "url",
          "value": "https://app0.prismacloud.io/compute",
          "created_at": 1610826153,
          "status": "fixed"
        },
        {
          "type": "app-location",
          "value": " Add network object",
          "created_at": 1610826153,
          "status": "fixed"
        },
        {
          "type": "url",
          "value": "https://app0.prismacloud.io/compute",
          "created_at": 1610826153,
          "status": "fixed"
        },
        {
          "type": "app-location",
          "value": " Custom image and host compliance checks",
          "created_at": 1610826153,
          "status": "fixed"
        },
        {
          "type": "url",
          "value": "https://app0.prismacloud.io/compute",
          "created_at": 1610826153,
          "status": "fixed"
        },
        {
          "type": "app-location",
          "value": "add network list",
          "created_at": 1610826153,
          "status": "fixed"
        }
      ]
    },
    {
      "categories": [
        "Cross-Site Scripting (XSS)",
        "**Persistent XSS**"
      ],
      "exploitable_locations": [
        {
          "type": "url",
          "value": "https://us-east1.cloud.twistlock.com/app0-803920925400663040/api/v1/alert-profiles",
          "created_at": 1619086196,
          "status": "fixed"
        }
      ]
    },
    {
      "categories": [
        "Cross-Site Scripting (XSS)",
        "**Persistent XSS**"
      ],
      "exploitable_locations": [
        {
          "type": "url",
          "value": "https://us-east1.cloud.twistlock.com/app0-803920925400663040/api/v1/feeds/custom/custom-vulnerabilities",
          "created_at": 1620108676,
          "status": "fixed"
        }
      ]
    },
    {
      "categories": [
        "Authorization/Permissions",
        "Access/Privacy Control Violation"
      ],
      "exploitable_locations": [
        {
          "type": "url",
          "value": "https://app0.prismacloud.io/compliance/standards",
          "created_at": 1622906887,
          "status": "fixed"
        },
        {
          "type": "url",
          "value": "https://api0.prismacloud.io/compliance/<Requirement  ID>/requirement",
          "created_at": 1622906887,
          "status": "fixed"
        },
        {
          "type": "url",
          "value": "https://api0.prismacloud.io/compliance/<Section ID>/section",
          "created_at": 1622906887,
          "status": "fixed"
        }
      ]
    },
    {
      "categories": [
        "Authorization/Permissions",
        "Server Side Request Forgery(SSRF)- Limited"
      ],
      "exploitable_locations": [
        {
          "type": "url",
          "value": "https://api0.prismacloud.io/oauth/authenticate/jira",
          "created_at": 1634976435,
          "status": "wont_fix"
        }
      ]
    },
    {
      "categories": [
        "Authorization/Permissions",
        "Server Side Request Forgery(SSRF)- Limited"
      ],
      "exploitable_locations": [
        {
          "type": "url",
          "value": "https://api0.prismacloud.io/api/v1/tenant/{tenantid}/integration/test",
          "created_at": 1657627757,
          "status": "wont_fix"
        }
      ]
    },
    {
      "categories": [
        "Authorization/Permissions",
        "Access/Privacy Control Violation"
      ],
      "exploitable_locations": [
        {
          "type": "url",
          "value": "https://app0.prismacloud.io/settings/trusted_ip_addresses",
          "created_at": 1602082448,
          "status": "fixed"
        }
      ]
    },
    {
      "categories": [
        "Authorization/Permissions",
        "Server Side Request Forgery(SSRF)- Full"
      ],
      "exploitable_locations": [
        {
          "type": "url",
          "value": "https://api0.prismacloud.io/alert/remediation/test",
          "created_at": 1657810802,
          "status": "fixed"
        }
      ]
    },
    {
      "categories": [
        "Functional/Business Logic",
        "Client Side Validation"
      ],
      "exploitable_locations": [
        {
          "type": "url",
          "value": "https://api0.prismacloud.io/api/v1/tenant/803920925308388352/integration/<id>",
          "created_at": 1673169742,
          "status": "fixed"
        }
      ]
    },
    {
      "categories": [
        "SQL Injection",
        "SQL Injection- Full"
      ],
      "exploitable_locations": [
        {
          "type": "url",
          "value": "https://api0.prismacloud.io/license/api/v2/usage",
          "assets_na": false,
          "assets_uids": [
            "5f74d5c48bf4e50001c9eaf5"
          ],
          "created_at": 1696770368,
          "status": "fixed"
        }
      ]
    },
    {
      "categories": [
        "SQL Injection",
        "SQL Injection- Full"
      ],
      "exploitable_locations": [
        {
          "type": "url",
          "value": "https://api0.prismacloud.io/license/api/v1/usage/time_series",
          "assets_na": false,
          "assets_uids": [
            "5f74d5c48bf4e50001c9eaf5"
          ],
          "created_at": 1696889887,
          "status": "fixed"
        }
      ]
    },
    {
      "categories": [
        "Authorization/Permissions",
        "Access/Privacy Control Violation"
      ],
      "exploitable_locations": [
        {
          "type": "url",
          "value": "https://api0.prismacloud.io/integration/name",
          "created_at": 1602154059,
          "status": "wont_fix"
        }
      ]
    },
    {
      "categories": [
        "Content Injection",
        "Spoof HTML Content"
      ],
      "exploitable_locations": [
        {
          "type": "url",
          "value": "https://api0.prismacloud.io/alarm/api/v1/config",
          "assets_na": false,
          "assets_uids": [
            "5f74d5c48bf4e50001c9eaf5"
          ],
          "created_at": 1701785700,
          "status": "fixed"
        }
      ]
    },
    {
      "categories": [
        "SQL Injection",
        "SQL Injection- Full"
      ],
      "exploitable_locations": [
        {
          "type": "url",
          "value": "https://api0.prismacloud.io/bridgecrew/api/v1/private_registry/registries",
          "assets_na": false,
          "assets_uids": [
            "5f74d5c48bf4e50001c9eaf5"
          ],
          "created_at": 1715693226,
          "status": "fixed"
        }
      ]
    },
    {
      "categories": [
        "Authorization/Permissions",
        "Access/Privacy Control Violation"
      ],
      "exploitable_locations": [
        {
          "type": "url",
          "value": "https://api0.prismacloud.io/label",
          "created_at": 1602162116,
          "status": "fixed"
        }
      ]
    },
    {
      "categories": [
        "Cross-Site Scripting (XSS)",
        "**Persistent XSS**"
      ],
      "exploitable_locations": [
        {
          "type": "url",
          "value": "https://us-east1.cloud.twistlock.com/app0-803920925400663040/api/v1/settings/vm",
          "created_at": 1618745430,
          "status": "fixed"
        }
      ]
    },
    {
      "categories": [
        "Cross-Site Scripting (XSS)",
        "**Persistent XSS**"
      ],
      "exploitable_locations": [
        {
          "type": "url",
          "value": "https://us-east1.cloud.twistlock.com/app0-803920925400663040/api/v1/policies/compliance/vms",
          "created_at": 1618746673,
          "status": "fixed"
        }
      ]
    },
    {
      "categories": [
        "Cross-Site Scripting (XSS)",
        "**Persistent XSS**"
      ],
      "exploitable_locations": [
        {
          "type": "url",
          "value": "https://us-east1.cloud.twistlock.com/app0-803920925400663040/api/v1/custom-compliance",
          "created_at": 1618755046,
          "status": "fixed"
        }
      ]
    },
    {
      "categories": [
        "Authorization/Permissions",
        "**Server-side Request Forgery (SSRF)**"
      ],
      "exploitable_locations": [
        {
          "type": "url",
          "value": "https://us-east1.cloud.twistlock.com/app0-803920925400663040/api/v1/settings/secrets",
          "created_at": 1618768340,
          "status": "wont_fix"
        }
      ]
    },
    {
      "categories": [
        "Cross-Site Scripting (XSS)",
        "**Persistent XSS**"
      ],
      "exploitable_locations": [
        {
          "type": "url",
          "value": "https://us-east1.cloud.twistlock.com/app0-803920925400663040/api/v1/settings/secrets",
          "created_at": 1618768961,
          "status": "fixed"
        }
      ]
    },
    {
      "categories": [
        "Cross-Site Scripting (XSS)",
        "**Persistent XSS**"
      ],
      "exploitable_locations": [
        {
          "type": "url",
          "value": "https://us-east1.cloud.twistlock.com/app0-803920925400663040/api/v1/policies/compliance/host",
          "created_at": 1618659327,
          "status": "fixed"
        }
      ]
    },
    {
      "categories": [
        "Authorization/Permissions",
        "Access/Privacy Control Violation"
      ],
      "exploitable_locations": [
        {
          "type": "url",
          "value": "https://us-east1.cloud.twistlock.com/app0-803920925400663040/api/v1/policies/compliance/container",
          "created_at": 1619253422,
          "status": "wont_fix"
        }
      ]
    },
    {
      "categories": [
        "Authorization/Permissions",
        "Access/Privacy Control Violation"
      ],
      "exploitable_locations": [
        {
          "type": "url",
          "value": "https://us-east1.cloud.twistlock.com/app0-803920925400663040/api/v1/policies/vulnerability/images",
          "created_at": 1619254581,
          "status": "wont_fix"
        }
      ]
    },
    {
      "categories": [
        "Authorization/Permissions",
        "Access/Privacy Control Violation"
      ],
      "exploitable_locations": [
        {
          "type": "url",
          "value": "https://us-east1.cloud.twistlock.com/app0-803920925400663040/api/v1/statuses/serverless-auto-deploy",
          "created_at": 1620070756,
          "status": "fixed"
        }
      ]
    },
    {
      "categories": [
        "Cross-Site Scripting (XSS)",
        "**Persistent XSS**"
      ],
      "exploitable_locations": [
        {
          "type": "url",
          "value": "https://app0.prismacloud.io/compute",
          "created_at": 1622067585,
          "status": "fixed"
        },
        {
          "type": "url",
          "value": "https://us-east1.cloud.twistlock.com/app0-803920925400663040/api/v1/settings/registry",
          "created_at": 1622067585,
          "status": "fixed"
        }
      ]
    },
    {
      "categories": [
        "Cross-Site Scripting (XSS)",
        "**Persistent XSS**"
      ],
      "exploitable_locations": [
        {
          "type": "url",
          "value": "https://us-east1.cloud.twistlock.com/app0-803920925400663040/api/v1/policies/vulnerability/images",
          "created_at": 1622068006,
          "status": "fixed"
        },
        {
          "type": "url",
          "value": "https://app0.prismacloud.io/compute",
          "created_at": 1622068006,
          "status": "fixed"
        }
      ]
    },
    {
      "categories": [
        "Cross-Site Scripting (XSS)",
        "**Persistent XSS**"
      ],
      "exploitable_locations": [
        {
          "type": "url",
          "value": "https://us-east1.cloud.twistlock.com/app0-803920925400663040/api/v1/alert-profiles",
          "created_at": 1622074097,
          "status": "fixed"
        }
      ]
    },
    {
      "categories": [
        "Authorization/Permissions",
        "Access/Privacy Control Violation"
      ],
      "exploitable_locations": [
        {
          "type": "url",
          "value": "https://api0.prismacloud.io/compliance/name",
          "created_at": 1673237261,
          "status": "wont_fix"
        }
      ]
    },
    {
      "categories": [
        "Functional/Business Logic",
        "Client Side Validation"
      ],
      "exploitable_locations": [
        {
          "type": "url",
          "value": "https://app0.cloud.twistlock.com/us1-81232/api/v1/credentials",
          "created_at": 1673293275,
          "status": "wont_fix"
        }
      ]
    },
    {
      "categories": [
        "Functional/Business Logic",
        "Client Side Validation"
      ],
      "exploitable_locations": [
        {
          "type": "url",
          "value": "https://app0.cloud.twistlock.com/us1-81232/api/v1/alert-profiles",
          "created_at": 1673294342,
          "status": "wont_fix"
        }
      ]
    },
    {
      "categories": [
        "Functional/Business Logic",
        "Client Side Validation"
      ],
      "exploitable_locations": [
        {
          "type": "url",
          "value": "https://app0.cloud.twistlock.com/us1-81232/api/v1/tags/<tag>/vuln",
          "created_at": 1673294536,
          "status": "wont_fix"
        }
      ]
    },
    {
      "categories": [
        "Functional/Business Logic",
        "Client Side Validation"
      ],
      "exploitable_locations": [
        {
          "type": "url",
          "value": "https://app0.cloud.twistlock.com/us1-81232/api/v1/settings/serverless-auto-deploy",
          "created_at": 1673299406,
          "status": "wont_fix"
        }
      ]
    },
    {
      "categories": [
        "Authorization/Permissions",
        "Access/Privacy Control Violation"
      ],
      "exploitable_locations": [
        {
          "type": "url",
          "value": "https://app0.cloud.twistlock.com/us1-81232/api/v1/settings/custom-labels",
          "created_at": 1673340778,
          "status": "fixed"
        },
        {
          "type": "url",
          "value": "https://app0.cloud.twistlock.com/us1-81232/api/v1/settings/custom-labels",
          "created_at": 1673340778,
          "status": "fixed"
        },
        {
          "type": "url",
          "value": "https://app0.prismacloud.io/compute",
          "created_at": 1673340778,
          "status": "fixed"
        }
      ]
    },
    {
      "categories": [
        "Authorization/Permissions",
        "Path Traversal"
      ],
      "exploitable_locations": [
        {
          "type": "url",
          "value": "https://app0.cloud.twistlock.com/us1-81232/api/v1/backups/FILE",
          "created_at": 1673360373,
          "status": "fixed"
        }
      ]
    },
    {
      "categories": [
        "Authorization/Permissions",
        "Access/Privacy Control Violation"
      ],
      "exploitable_locations": [
        {
          "type": "url",
          "value": "https://app0.cloud.twistlock.com/us1-81232/api/v1/feeds/custom/malware",
          "created_at": 1673360799,
          "status": "wont_fix"
        },
        {
          "type": "url",
          "value": "https://app0.prismacloud.io/compute",
          "created_at": 1673360799,
          "status": "wont_fix"
        }
      ]
    },
    {
      "categories": [
        "Cross-Site Scripting (XSS)",
        "**Persistent XSS**"
      ],
      "exploitable_locations": [
        {
          "type": "url",
          "value": "https://us-east1.cloud.twistlock.com/app0-803920925400663040/api/v1/settings/serverless-auto-deploy",
          "created_at": 1618666997,
          "status": "fixed"
        }
      ]
    },
    {
      "categories": [
        "Authorization/Permissions",
        "Access Control Violation (Low Privileged Functions-Read/Write or Write Only)"
      ],
      "exploitable_locations": [
        {
          "type": "url",
          "value": "https://api0.prismacloud.io/bridgecrew/api/v1/integrations",
          "assets_na": false,
          "assets_uids": [
            "6078a79fef2e790001ffc51e"
          ],
          "created_at": 1690974529,
          "status": "wont_fix"
        },
        {
          "type": "url",
          "value": "https://api0.prismacloud.io/bridgecrew/api/v1/integrations/[integrationID]",
          "assets_na": false,
          "assets_uids": [
            "6078a79fef2e790001ffc51e"
          ],
          "created_at": 1690974529,
          "status": "wont_fix"
        }
      ]
    },
    {
      "categories": [
        "Functional/Business Logic",
        "Improper Input Validation"
      ],
      "exploitable_locations": [
        {
          "type": "url",
          "value": "https://api0.prismacloud.io/bridgecrew/api/v1/integrations/[integrationID]",
          "assets_na": false,
          "assets_uids": [
            "6078a79fef2e790001ffc51e"
          ],
          "created_at": 1691732518,
          "status": "wont_fix"
        }
      ]
    },
    {
      "categories": [
        "Authorization/Permissions",
        "Access Control Violation (Low Privileged Functions-Read/Write or Write Only)"
      ],
      "exploitable_locations": [
        {
          "type": "url",
          "value": "https://api0.prismacloud.io/bridgecrew/*",
          "assets_na": false,
          "assets_uids": [
            "6078a79fef2e790001ffc51e"
          ],
          "created_at": 1692692090,
          "status": "fixed"
        }
      ]
    },
    {
      "categories": [
        "Authorization/Permissions",
        "Access Control Violation (High Privileged Functions - Read/Write or Write Only)"
      ],
      "exploitable_locations": [
        {
          "type": "url",
          "value": "https://api0.prismacloud.io/bridgecrew/api/v2/repositories/<repository_ID>",
          "assets_na": false,
          "assets_uids": [
            "6078a79fef2e790001ffc51e"
          ],
          "created_at": 1693251106,
          "status": "fixed"
        }
      ]
    },
    {
      "categories": [
        "Authorization/Permissions",
        "Access Control Violation (Low Privileged Functions-Read Only)"
      ],
      "exploitable_locations": [
        {
          "type": "url",
          "value": "https://api0.prismacloud.io/api/v1/tenant/[tenantD]/integration",
          "assets_na": false,
          "assets_uids": [
            "6078a79fef2e790001ffc51e"
          ],
          "created_at": 1695736287,
          "status": "fixed"
        },
        {
          "type": "url",
          "value": "https://api0.prismacloud.io/integration",
          "assets_na": false,
          "assets_uids": [
            "6078a79fef2e790001ffc51e"
          ],
          "created_at": 1695736287,
          "status": "fixed"
        },
        {
          "type": "url",
          "value": "https://api0.prismacloud.io/integration/test",
          "assets_na": false,
          "assets_uids": [
            "6078a79fef2e790001ffc51e"
          ],
          "created_at": 1695736287,
          "status": "fixed"
        }
      ]
    },
    {
      "categories": [
        "Content Injection",
        "Spoof HTML Content"
      ],
      "exploitable_locations": [
        {
          "type": "url",
          "value": "https://api0.prismacloud.io/adoptionadvisor/report/generate",
          "assets_na": false,
          "assets_uids": [
            "6078a79fef2e790001ffc51e"
          ],
          "created_at": 1696321998,
          "status": "fixed"
        }
      ]
    },
    {
      "categories": [
        "Content Injection",
        "Spoof HTML Content"
      ],
      "exploitable_locations": [
        {
          "type": "url",
          "value": "https://api0.prismacloud.io/alert/report",
          "assets_na": false,
          "assets_uids": [
            "6078a79fef2e790001ffc51e"
          ],
          "created_at": 1696328413,
          "status": "fixed"
        }
      ]
    },
    {
      "categories": [
        "Content Injection",
        "Spoof HTML Content"
      ],
      "exploitable_locations": [
        {
          "type": "url",
          "value": "https://api0.prismacloud.io/adoptionadvisor/report/generate",
          "assets_na": false,
          "assets_uids": [
            "6078a79fef2e790001ffc51e"
          ],
          "created_at": 1714062310,
          "status": "fixed"
        }
      ]
    },
    {
      "categories": [
        "Content Injection",
        "Spoof HTML Content"
      ],
      "exploitable_locations": [
        {
          "type": "url",
          "value": "https://api0.prismacloud.io/report",
          "assets_na": false,
          "assets_uids": [
            "6078a79fef2e790001ffc51e"
          ],
          "created_at": 1714058684,
          "status": "fixed"
        }
      ]
    },
    {
      "categories": [
        "Cross-Site Scripting (XSS)",
        "**Persistent XSS**"
      ],
      "exploitable_locations": [
        {
          "type": "url",
          "value": "https://us-east1.cloud.twistlock.com/app0-803920925400663040/api/v1/credentials",
          "created_at": 1618673525,
          "status": "fixed"
        }
      ]
    },
    {
      "categories": [
        "Content Injection",
        "Spoof HTML Content"
      ],
      "exploitable_locations": [
        {
          "type": "url",
          "value": "https://api0.prismacloud.io/alert/report",
          "assets_na": false,
          "assets_uids": [
            "6078a79fef2e790001ffc51e"
          ],
          "created_at": 1714064019,
          "status": "fixed"
        }
      ]
    },
    {
      "categories": [
        "Content Injection",
        "Spoof HTML Content"
      ],
      "exploitable_locations": [
        {
          "type": "url",
          "value": "https://api0.prismacloud.io/cloud/group",
          "assets_na": false,
          "assets_uids": [
            "6078a79fef2e790001ffc51e"
          ],
          "created_at": 1714070325,
          "status": "fixed"
        }
      ]
    },
    {
      "categories": [
        "Authorization/Permissions",
        "**Server-side Request Forgery (SSRF)**"
      ],
      "exploitable_locations": [
        {
          "type": "url",
          "value": "https://us-east1.cloud.twistlock.com/app0-803920925400663040/api/v1/alert-profiles/test",
          "created_at": 1618676350,
          "status": "wont_fix"
        }
      ]
    },
    {
      "categories": [
        "Cross-Site Scripting (XSS)",
        "**Persistent XSS**"
      ],
      "exploitable_locations": [
        {
          "type": "url",
          "value": "https://app0.prismacloud.io/compute",
          "created_at": 1618684720,
          "status": "fixed"
        }
      ]
    },
    {
      "categories": [
        "Content Injection",
        "**Spoof HTML Content**"
      ],
      "exploitable_locations": [
        {
          "type": "url",
          "value": "https://us-east1.cloud.twistlock.com/app0-803920925400663040/api/v1/collections/sssss",
          "created_at": 1618695535,
          "status": "fixed"
        }
      ]
    }
  ]
}