{
  "listing_id": "h4s9w2vh4e",
  "type": "categories",
  "value": [
    {
      "categories": [
        "Authorization/Permissions",
        "Insecure Direct Object Reference (Read & Write)"
      ],
      "exploitable_locations": [
        {
          "type": "url",
          "value": "https://www.bookitprogram.com/bookit_classroom/<classroom_id>/dashboard",
          "created_at": 1678117250,
          "status": "pending"
        },
        {
          "type": "url",
          "value": "https://www.bookitprogram.com/bookit_school/<school_id>/profile",
          "created_at": 1678117250,
          "status": "pending"
        },
        {
          "type": "url",
          "value": "https://www.bookitprogram.com/bookit_classroom/<classroom_id>/print/flyer/all",
          "created_at": 1678117250,
          "status": "pending"
        },
        {
          "type": "url",
          "value": "https://www.bookitprogram.com/bookit_student/<student_id>/goal/update",
          "created_at": 1678117250,
          "status": "pending"
        },
        {
          "type": "url",
          "value": "https://www.bookitprogram.com/bookit_classroom/form/<classroom_id>/ajax/add-student",
          "created_at": 1678117250,
          "status": "pending"
        },
        {
          "type": "url",
          "value": "https://www.bookitprogram.com/bookit_dashboard/form/<school_id>/<classroom_id>/edit",
          "created_at": 1678117250,
          "status": "pending"
        },
        {
          "type": "url",
          "value": "https://www.bookitprogram.com/bookit_classroom/<classroom_id>/delete",
          "created_at": 1678117250,
          "status": "pending"
        },
        {
          "type": "url",
          "value": "https://www.bookitprogram.com/bookit_dashboard/form/<student_id>/<classroom_id>/edit-student",
          "created_at": 1678117250,
          "status": "pending"
        },
        {
          "type": "url",
          "value": "https://www.bookitprogram.com/bookit_dashboard/form/<student_id>/<classroom_id>/update-student-goal",
          "created_at": 1678117250,
          "status": "pending"
        },
        {
          "type": "url",
          "value": "https://www.bookitprogram.com/bookit_dashboard/form/<student_id>/<classroom_id>/profile",
          "created_at": 1678117250,
          "status": "pending"
        }
      ]
    },
    {
      "categories": [
        "Cross-site Request Forgery (CSRF)",
        "CSRF-Low"
      ],
      "exploitable_locations": [
        {
          "type": "url",
          "value": "https://www.bookitprogram.com/bookit_classroom/student/4415395/es/update",
          "assets_na": false,
          "assets_uids": [
            "6405dbc18c6f7079c3e4e2bf"
          ],
          "created_at": 1692993165,
          "status": "pending"
        }
      ]
    },
    {
      "categories": [
        "Authorization/Permissions",
        "Insecure Direct Object Reference (Read & Write)"
      ],
      "exploitable_locations": [
        {
          "type": "url",
          "value": "https://www.bookitprogram.com/bookit_classroom/<classID>/dashboard",
          "assets_na": false,
          "assets_uids": [
            "6405dbc18c6f7079c3e4e2bf"
          ],
          "created_at": 1723480028,
          "status": "pending"
        },
        {
          "type": "url",
          "value": "https://www.bookitprogram.com/bookit_dashboard/form/<schoolID>/<classID>/edit",
          "assets_na": false,
          "assets_uids": [
            "6405dbc18c6f7079c3e4e2bf"
          ],
          "created_at": 1723480028,
          "status": "pending"
        }
      ]
    },
    {
      "categories": [
        "Information Disclosure",
        "Leaked Credentials (Low Privilege)"
      ],
      "exploitable_locations": [
        {
          "type": "url",
          "value": "https://bookitprogram.com",
          "assets_na": false,
          "assets_uids": [
            "6405dbc18c6f7079c3e4e2bf"
          ],
          "created_at": 1738946547,
          "status": "pending"
        }
      ]
    },
    {
      "categories": [
        "Cross-site Request Forgery (CSRF)",
        "CSRF-Low"
      ],
      "exploitable_locations": [
        {
          "type": "url",
          "value": "https://bookitprogram.com/bookit_classroom/<id>/delete",
          "created_at": 1678109941,
          "status": "pending"
        }
      ]
    },
    {
      "categories": [
        "Authorization/Permissions",
        "Insecure Direct Object Reference (Read & Write)"
      ],
      "exploitable_locations": [
        {
          "type": "url",
          "value": "https://www.bookitprogram.com/bookit_classroom/897212/dashboard",
          "created_at": 1678111304,
          "status": "pending"
        },
        {
          "type": "url",
          "value": "https://www.bookitprogram.com/bookit_dashboard/form/747984/897212/edit",
          "created_at": 1678111304,
          "status": "pending"
        },
        {
          "type": "url",
          "value": "https://www.bookitprogram.com/bookit_classroom/897212/delete",
          "created_at": 1678111304,
          "status": "pending"
        }
      ]
    },
    {
      "categories": [
        "Cross-site Request Forgery (CSRF)",
        "CSRF-Low"
      ],
      "exploitable_locations": [
        {
          "type": "url",
          "value": "https://www.bookitprogram.com/bookit_classroom/<ID>/delete",
          "created_at": 1678111341,
          "status": "pending"
        }
      ]
    },
    {
      "categories": [
        "Authorization/Permissions",
        "Access/Privacy Control Violation"
      ],
      "exploitable_locations": [
        {
          "type": "url",
          "value": "https://www.bookitprogram.com/bookit_student/<id>/delete",
          "created_at": 1678113471,
          "status": "pending"
        }
      ]
    },
    {
      "categories": [
        "Cross-site Request Forgery (CSRF)",
        "CSRF-Low"
      ],
      "exploitable_locations": [
        {
          "type": "url",
          "value": "https://www.bookitprogram.com/bookit_student/3957764/delete",
          "created_at": 1678113872,
          "status": "pending"
        },
        {
          "type": "url",
          "value": "https://www.bookitprogram.com/bookit_classroom/897201/delete",
          "created_at": 1678113872,
          "status": "pending"
        }
      ]
    },
    {
      "categories": [
        "Cross-site Request Forgery (CSRF)",
        "CSRF-High"
      ],
      "exploitable_locations": [
        {
          "type": "url",
          "value": "https://www.bookitprogram.com/bookit_classroom/form/<class_id>/ajax/add-student",
          "created_at": 1678114302,
          "status": "pending"
        }
      ]
    },
    {
      "categories": [
        "Cross-site Request Forgery (CSRF)",
        "CSRF-High"
      ],
      "exploitable_locations": [
        {
          "type": "url",
          "value": "https://www.bookitprogram.com/bookit_classroom/<classroom_id>/delete",
          "created_at": 1678116117,
          "status": "pending"
        },
        {
          "type": "url",
          "value": "https://www.bookitprogram.com/bookit_student/<student_id>/delete",
          "created_at": 1678116117,
          "status": "pending"
        }
      ]
    },
    {
      "categories": [
        "Cross-site Request Forgery (CSRF)",
        "CSRF-Low"
      ],
      "exploitable_locations": [
        {
          "type": "url",
          "value": "https://www.bookitprogram.com/bookit_classroom/[id]/delete",
          "created_at": 1678114790,
          "status": "pending"
        }
      ]
    },
    {
      "categories": [
        "Authorization/Permissions",
        "Insecure Direct Object Reference (Read-Only)"
      ],
      "exploitable_locations": [
        {
          "type": "url",
          "value": "https://www.bookitprogram.com/bookit_school/<SCHOOL_ID>/profile",
          "created_at": 1678114889,
          "status": "pending"
        }
      ]
    },
    {
      "categories": [
        "Authorization/Permissions",
        "Insecure Direct Object Reference (Read & Write)"
      ],
      "exploitable_locations": [
        {
          "type": "url",
          "value": "https://www.bookitprogram.com/bookit_classroom/<ID>/dashboard",
          "created_at": 1678114948,
          "status": "pending"
        },
        {
          "type": "url",
          "value": "https://www.bookitprogram.com/bookit_dashboard/form/747984/<ID>/edit",
          "created_at": 1678114948,
          "status": "pending"
        },
        {
          "type": "url",
          "value": "https://www.bookitprogram.com/bookit_classroom/<ID>/delete",
          "created_at": 1678114948,
          "status": "pending"
        }
      ]
    },
    {
      "categories": [
        "Authorization/Permissions",
        "Access/Privacy Control Violation"
      ],
      "exploitable_locations": [
        {
          "type": "url",
          "value": "https://www.bookitprogram.com/bookit_classroom/<id>/delete",
          "created_at": 1678115181,
          "status": "pending"
        }
      ]
    },
    {
      "categories": [
        "Cross-site Request Forgery (CSRF)",
        "CSRF-Low"
      ],
      "exploitable_locations": [
        {
          "type": "url",
          "value": "https://www.bookitprogram.com/bookit_student/<ID>/delete",
          "created_at": 1678115356,
          "status": "pending"
        }
      ]
    },
    {
      "categories": [
        "Authorization/Permissions",
        "Access/Privacy Control Violation"
      ],
      "exploitable_locations": [
        {
          "type": "url",
          "value": "https://www.bookitprogram.com/bookit_classroom/897201/delete",
          "created_at": 1678115653,
          "status": "pending"
        }
      ]
    },
    {
      "categories": [
        "Authorization/Permissions",
        "Insecure Direct Object Reference (Read-Only)"
      ],
      "exploitable_locations": [
        {
          "type": "url",
          "value": "https://www.bookitprogram.com/bookit_classroom/<id>/dashboard",
          "created_at": 1678116130,
          "status": "pending"
        }
      ]
    },
    {
      "categories": [
        "Cross-site Request Forgery (CSRF)",
        "CSRF-Low"
      ],
      "exploitable_locations": [
        {
          "type": "url",
          "value": "https://www.bookitprogram.com/bookit_classroom/form/897190/ajax/add-student",
          "created_at": 1678116725,
          "status": "pending"
        }
      ]
    },
    {
      "categories": [
        "Cross-site Request Forgery (CSRF)",
        "CSRF-Low"
      ],
      "exploitable_locations": [
        {
          "type": "url",
          "value": "https://www.bookitprogram.com/bookit_classroom/<id>/delete",
          "created_at": 1678117401,
          "status": "pending"
        }
      ]
    },
    {
      "categories": [
        "Authorization/Permissions",
        "Insecure Direct Object Reference (Read & Write)"
      ],
      "exploitable_locations": [
        {
          "type": "url",
          "value": "https://www.bookitprogram.com/bookit_student/<StudentID>/delete",
          "created_at": 1678117725,
          "status": "pending"
        },
        {
          "type": "url",
          "value": "https://www.bookitprogram.com/bookit_dashboard/form/<ClassID>/<StudentID>/edit-student",
          "created_at": 1678117725,
          "status": "pending"
        }
      ]
    },
    {
      "categories": [
        "Authorization/Permissions",
        "Insecure Direct Object Reference (Read-Only)"
      ],
      "exploitable_locations": [
        {
          "type": "url",
          "value": "https://www.bookitprogram.com/bookit_school/<id>/profile",
          "created_at": 1678118341,
          "status": "pending"
        }
      ]
    },
    {
      "categories": [
        "Authorization/Permissions",
        "Insecure Direct Object Reference (Read & Write)"
      ],
      "exploitable_locations": [
        {
          "type": "url",
          "value": "https://www.bookitprogram.com/bookit_classroom/{ID}/dashboard",
          "created_at": 1678099333,
          "status": "pending"
        }
      ]
    },
    {
      "categories": [
        "Authorization/Permissions",
        "Insecure Direct Object Reference (Read & Write)"
      ],
      "exploitable_locations": [
        {
          "type": "url",
          "value": "https://www.bookitprogram.com/bookit_classroom/[ID]/delete",
          "created_at": 1678119035,
          "status": "pending"
        },
        {
          "type": "url",
          "value": "https://www.bookitprogram.com/bookit_classroom/[ID]/dashboard",
          "created_at": 1678119035,
          "status": "pending"
        },
        {
          "type": "url",
          "value": "https://www.bookitprogram.com/bookit_dashboard/form/747984/[ID]/edit",
          "created_at": 1678119035,
          "status": "pending"
        },
        {
          "type": "url",
          "value": "https://www.bookitprogram.com/bookit_classroom/form/[ID]/ajax/add-student",
          "created_at": 1678119035,
          "status": "pending"
        },
        {
          "type": "url",
          "value": "https://www.bookitprogram.com/bookit_school/[ID]/profile",
          "created_at": 1678119035,
          "status": "pending"
        },
        {
          "type": "url",
          "value": "https://www.bookitprogram.com/bookit_student/[STUDENT ID]/[CLASS ID]/profile",
          "created_at": 1678119035,
          "status": "pending"
        },
        {
          "type": "url",
          "value": "https://www.bookitprogram.com/bookit_dashboard/form/[CLASS ID]/[STUDENT ID]/edit-student",
          "created_at": 1678119035,
          "status": "pending"
        },
        {
          "type": "url",
          "value": "https://www.bookitprogram.com/bookit_student/[ID]/delete",
          "created_at": 1678119035,
          "status": "pending"
        }
      ]
    },
    {
      "categories": [
        "Authorization/Permissions",
        "Insecure Direct Object Reference (Read & Write)"
      ],
      "exploitable_locations": [
        {
          "type": "url",
          "value": "https://www.bookitprogram.com/bookit_classroom/<classroom_id>/delete",
          "created_at": 1678118645,
          "status": "pending"
        }
      ]
    },
    {
      "categories": [
        "Authorization/Permissions",
        "Insecure Direct Object Reference (Read & Write)"
      ],
      "exploitable_locations": [
        {
          "type": "url",
          "value": "https://www.bookitprogram.com/bookit_dashboard/form/<STUDENT_ID>/<CLASS_ID>/edit-student",
          "created_at": 1678119355,
          "status": "pending"
        },
        {
          "type": "url",
          "value": "https://www.bookitprogram.com/bookit_student/<STUDENT_ID>/delete",
          "created_at": 1678119355,
          "status": "pending"
        }
      ]
    },
    {
      "categories": [
        "Cross-site Request Forgery (CSRF)",
        "CSRF-Low"
      ],
      "exploitable_locations": [
        {
          "type": "url",
          "value": "https://www.bookitprogram.com/bookit_student/<StudentID>/delete",
          "created_at": 1678119773,
          "status": "pending"
        }
      ]
    },
    {
      "categories": [
        "Authorization/Permissions",
        "Insecure Direct Object Reference (Read & Write)"
      ],
      "exploitable_locations": [
        {
          "type": "url",
          "value": "https://www.bookitprogram.com/bookit_dashboard/form/<school_id>/<classrom_id>/edit",
          "created_at": 1678120794,
          "status": "pending"
        },
        {
          "type": "url",
          "value": "https://www.bookitprogram.com/bookit_dashboard/form/<classroom_id>/<student_id>/edit-student",
          "created_at": 1678120794,
          "status": "pending"
        },
        {
          "type": "url",
          "value": "https://www.bookitprogram.com/bookit_student/<student_id>/delete",
          "created_at": 1678120794,
          "status": "pending"
        },
        {
          "type": "url",
          "value": "https://www.bookitprogram.com/bookit_classroom/<classrom_id>/delete",
          "created_at": 1678120794,
          "status": "pending"
        }
      ]
    },
    {
      "categories": [
        "Authorization/Permissions",
        "Insecure Direct Object Reference (Read-Only)"
      ],
      "exploitable_locations": [
        {
          "type": "url",
          "value": "https://www.bookitprogram.com/bookit_classroom/897271/dashboard",
          "created_at": 1678120296,
          "status": "pending"
        },
        {
          "type": "url",
          "value": "https://www.bookitprogram.com/bookit_school/747983/profile",
          "created_at": 1678120296,
          "status": "pending"
        }
      ]
    },
    {
      "categories": [
        "Authorization/Permissions",
        "Insecure Direct Object Reference (Read & Write)"
      ],
      "exploitable_locations": [
        {
          "type": "url",
          "value": "https://www.bookitprogram.com/bookit_classroom/form/<CLASS_ID>/ajax/add-student",
          "created_at": 1678121161,
          "status": "pending"
        }
      ]
    },
    {
      "categories": [
        "Authorization/Permissions",
        "Insecure Direct Object Reference (Read & Write)"
      ],
      "exploitable_locations": [
        {
          "type": "url",
          "value": "https://www.bookitprogram.com/bookit_school/770008/profile",
          "created_at": 1678100908,
          "status": "pending"
        }
      ]
    },
    {
      "categories": [
        "Authorization/Permissions",
        "Access/Privacy Control Violation"
      ],
      "exploitable_locations": [
        {
          "type": "url",
          "value": "https://www.bookitprogram.com/bookit_classroom/form/896233/ajax/add-student",
          "created_at": 1678121427,
          "status": "pending"
        }
      ]
    },
    {
      "categories": [
        "Cross-site Request Forgery (CSRF)",
        "CSRF-High"
      ],
      "exploitable_locations": [
        {
          "type": "url",
          "value": "https://www.bookitprogram.com/bookit_school/<id>/profile",
          "created_at": 1678121732,
          "status": "pending"
        }
      ]
    },
    {
      "categories": [
        "Information Disclosure",
        "Sensitive Source Code"
      ],
      "exploitable_locations": [
        {
          "type": "url",
          "value": "https://www.bookitprogram.com/web.config",
          "created_at": 1679505719,
          "status": "pending"
        }
      ]
    },
    {
      "categories": [
        "Authorization/Permissions",
        "Insecure Direct Object Reference (Read-Only)"
      ],
      "exploitable_locations": [
        {
          "type": "url",
          "value": "https://www.bookitprogram.com/bookit_classroom/dashboard/reward/897279/3/<student-id>/print",
          "created_at": 1680483088,
          "status": "pending"
        }
      ]
    },
    {
      "categories": [
        "Cross-site Request Forgery (CSRF)",
        "CSRF-Low"
      ],
      "exploitable_locations": [
        {
          "type": "url",
          "value": "https://www.bookitprogram.com/bookit_classroom/student/<studentId>/en/update",
          "created_at": 1680538443,
          "status": "pending"
        },
        {
          "type": "url",
          "value": "https://www.bookitprogram.com/bookit_classroom/student/<studentId>/es/update",
          "created_at": 1680538443,
          "status": "pending"
        }
      ]
    },
    {
      "categories": [
        "Authorization/Permissions",
        "Insecure Direct Object Reference (Read-Only)"
      ],
      "exploitable_locations": [
        {
          "type": "url",
          "value": "https://www.bookitprogram.com/bookit_dashboard/form/896222/<STUDENTID>/edit-student",
          "created_at": 1678110898,
          "status": "pending"
        }
      ]
    },
    {
      "categories": [
        "Authorization/Permissions",
        "Access/Privacy Control Violation"
      ],
      "exploitable_locations": [
        {
          "type": "url",
          "value": "https://www.bookitprogram.com/bookit_student/<studentID>/delete",
          "created_at": 1680714953,
          "status": "pending"
        },
        {
          "type": "url",
          "value": "https://www.bookitprogram.com/bookit_classroom/form/<classID>/ajax/add-student",
          "created_at": 1680714953,
          "status": "pending"
        }
      ]
    },
    {
      "categories": [
        "Cross-site Request Forgery (CSRF)",
        "CSRF-Low"
      ],
      "exploitable_locations": [
        {
          "type": "url",
          "value": "https://www.bookitprogram.com/bookit_dashboard/form/747984/classroom/create",
          "created_at": 1680718281,
          "status": "pending"
        }
      ]
    },
    {
      "categories": [
        "Authorization/Permissions",
        "Insecure Direct Object Reference (Read-Only)"
      ],
      "exploitable_locations": [
        {
          "type": "url",
          "value": "https://www.bookitprogram.com/bookit_classroom/<class-id>/all/celebrate",
          "created_at": 1680763466,
          "status": "pending"
        }
      ]
    },
    {
      "categories": [
        "Cross-site Request Forgery (CSRF)",
        "CSRF-Low"
      ],
      "exploitable_locations": [
        {
          "type": "url",
          "value": "https://www.bookitprogram.com/bookit_dashboard/form/747984/classroom/create",
          "created_at": 1680933622,
          "status": "pending"
        }
      ]
    },
    {
      "categories": [
        "Authorization/Permissions",
        "Access/Privacy Control Violation"
      ],
      "exploitable_locations": [
        {
          "type": "url",
          "value": "https://www.bookitprogram.com/bookit_classroom/<id>/delete",
          "created_at": 1678113538,
          "status": "pending"
        },
        {
          "type": "url",
          "value": "https://www.bookitprogram.com/bookit_student/<id>/delete",
          "created_at": 1678113538,
          "status": "pending"
        }
      ]
    },
    {
      "categories": [
        "Authorization/Permissions",
        "Insecure Direct Object Reference (Read & Write)"
      ],
      "exploitable_locations": [
        {
          "type": "url",
          "value": "https://www.bookitprogram.com/bookit_dashboard/form/<School_ID>/classroom/create",
          "created_at": 1681321686,
          "status": "pending"
        }
      ]
    },
    {
      "categories": [
        "Other",
        "Other - Please describe"
      ],
      "exploitable_locations": [
        {
          "type": "url",
          "value": "https://www.bookitprogram.com/bookit_dashboard/enrolled-user/<user-id>/profile",
          "created_at": 1681923898,
          "status": "pending"
        }
      ]
    },
    {
      "categories": [
        "Functional/Business Logic",
        "Improper Input Validation"
      ],
      "exploitable_locations": [
        {
          "type": "url",
          "value": "https://www.bookitprogram.com/bookit_enrollment/form/enrollment",
          "created_at": 1682272031,
          "status": "pending"
        }
      ]
    },
    {
      "categories": [
        "Functional/Business Logic",
        "Functionality Abuse with Malicious Impact"
      ],
      "exploitable_locations": [
        {
          "type": "url",
          "value": "https://www.bookitprogram.com/bookit_serialized_api/issue",
          "assets_na": false,
          "assets_uids": [
            "6405dbc18c6f7079c3e4e2bf"
          ],
          "created_at": 1686378278,
          "status": "pending"
        }
      ]
    },
    {
      "categories": [
        "Authorization/Permissions",
        "Insecure Direct Object Reference (Read-Only)"
      ],
      "exploitable_locations": [
        {
          "type": "url",
          "value": "https://bookit.haxway.com/bookit_school/<id>/profile",
          "assets_na": false,
          "assets_uids": [
            "6489bc69f666167e1fe0a928"
          ],
          "created_at": 1686750886,
          "status": "pending"
        }
      ]
    },
    {
      "categories": [
        "Authorization/Permissions",
        "Insecure Direct Object Reference (Read & Write)"
      ],
      "exploitable_locations": [
        {
          "type": "url",
          "value": "http://bookit.haxway.com/bookit_classroom/<classroom_ID>/delete",
          "assets_na": false,
          "assets_uids": [
            "6489bc69f666167e1fe0a928",
            "6489bc69f666167e1fe0a92b"
          ],
          "created_at": 1686758233,
          "status": "pending"
        },
        {
          "type": "url",
          "value": "http://bookit.haxway.com/bookit_dashboard/form/770016/<classroom_ID>/edit",
          "assets_na": false,
          "assets_uids": [
            "6489bc69f666167e1fe0a928",
            "6489bc69f666167e1fe0a92b"
          ],
          "created_at": 1686758233,
          "status": "pending"
        }
      ]
    },
    {
      "categories": [
        "Authorization/Permissions",
        "Insecure Direct Object Reference (Read-Only)"
      ],
      "exploitable_locations": [
        {
          "type": "url",
          "value": "https://bookit.haxway.com/bookit_classroom/<class-id>/<month>/celebrate",
          "assets_na": false,
          "assets_uids": [
            "6489bc69f666167e1fe0a92b"
          ],
          "created_at": 1686763703,
          "status": "pending"
        }
      ]
    },
    {
      "categories": [
        "Authorization/Permissions",
        "Insecure Direct Object Reference (Read-Only)"
      ],
      "exploitable_locations": [
        {
          "type": "url",
          "value": "https://bookit.haxway.com/bookit_classroom/<classroom-id>/dashboard",
          "assets_na": false,
          "assets_uids": [
            "6489bc69f666167e1fe0a92b"
          ],
          "created_at": 1686764371,
          "status": "pending"
        }
      ]
    },
    {
      "categories": [
        "Brute Force",
        "Bypass of Rate Limiting Protections (i.e. CAPTCHA)"
      ],
      "exploitable_locations": [
        {
          "type": "url",
          "value": "http://bookit.haxway.com/bookit_enrollment/form/enrollment",
          "assets_na": false,
          "assets_uids": [
            "6489bc69f666167e1fe0a92b"
          ],
          "created_at": 1686766013,
          "status": "pending"
        }
      ]
    },
    {
      "categories": [
        "Functional/Business Logic",
        "Functionality Abuse with Malicious Impact"
      ],
      "exploitable_locations": [
        {
          "type": "url",
          "value": "http://bookit.haxway.com/bookit_serialized_api/issue",
          "assets_na": false,
          "assets_uids": [
            "6489bc69f666167e1fe0a92b"
          ],
          "created_at": 1686810246,
          "status": "pending"
        }
      ]
    },
    {
      "categories": [
        "Cross-site Request Forgery (CSRF)",
        "CSRF-Low"
      ],
      "exploitable_locations": [
        {
          "type": "url",
          "value": "https://www.bookitprogram.com/bookit_serialized_api/<student_id>/<month>/issue/email",
          "assets_na": false,
          "assets_uids": [
            "6405dbc18c6f7079c3e4e2bf"
          ],
          "created_at": 1686811305,
          "status": "pending"
        }
      ]
    },
    {
      "categories": [
        "Cross-site Request Forgery (CSRF)",
        "CSRF-High"
      ],
      "exploitable_locations": [
        {
          "type": "url",
          "value": "https://www.bookitprogram.com/ajax/bookit_dashboard/fingerprint/user/verify/bot_status",
          "assets_na": false,
          "assets_uids": [
            "6405dbc18c6f7079c3e4e2bf"
          ],
          "created_at": 1686909868,
          "status": "pending"
        },
        {
          "type": "url",
          "value": "https://bookit.haxway.com/ajax/bookit_dashboard/fingerprint/user/verify/bot_status",
          "assets_na": false,
          "assets_uids": [
            "6489bc69f666167e1fe0a928"
          ],
          "created_at": 1686909868,
          "status": "pending"
        },
        {
          "type": "url",
          "value": "https://www.bookitprogram.com/ajax/bookit_dashboard/fingerprint/user/verify/country_code",
          "assets_na": false,
          "assets_uids": [
            "6405dbc18c6f7079c3e4e2bf"
          ],
          "created_at": 1686909868,
          "status": "pending"
        },
        {
          "type": "url",
          "value": "https://bookit.haxway.com/ajax/bookit_dashboard/fingerprint/user/verify/country_code",
          "assets_na": false,
          "assets_uids": [
            "6489bc69f666167e1fe0a928"
          ],
          "created_at": 1686909868,
          "status": "pending"
        },
        {
          "type": "url",
          "value": "https://www.bookitprogram.com/ajax/bookit_dashboard/fingerprint/user/verify/fraud_score_exceeded",
          "assets_na": false,
          "assets_uids": [
            "6405dbc18c6f7079c3e4e2bf"
          ],
          "created_at": 1686909868,
          "status": "pending"
        },
        {
          "type": "url",
          "value": "https://bookit.haxway.com/ajax/bookit_dashboard/fingerprint/user/verify/fraud_score_exceeded",
          "assets_na": false,
          "assets_uids": [
            "6489bc69f666167e1fe0a928"
          ],
          "created_at": 1686909868,
          "status": "pending"
        },
        {
          "type": "url",
          "value": "https://www.bookitprogram.com/ajax/bookit_dashboard/fingerprint/user/verify/active_tor",
          "assets_na": false,
          "assets_uids": [
            "6405dbc18c6f7079c3e4e2bf"
          ],
          "created_at": 1686909868,
          "status": "pending"
        },
        {
          "type": "url",
          "value": "https://bookit.haxway.com/ajax/bookit_dashboard/fingerprint/user/verify/active_tor",
          "assets_na": false,
          "assets_uids": [
            "6489bc69f666167e1fe0a928"
          ],
          "created_at": 1686909868,
          "status": "pending"
        }
      ]
    },
    {
      "categories": [
        "Cross-site Request Forgery (CSRF)",
        "CSRF-High"
      ],
      "exploitable_locations": [
        {
          "type": "url",
          "value": "https://bookit.haxway.com/ajax/bookit_dashboard/fingerprint/user/verify/*",
          "assets_na": false,
          "assets_uids": [
            "6489bc69f666167e1fe0a92b"
          ],
          "created_at": 1686913074,
          "status": "pending"
        }
      ]
    },
    {
      "categories": [
        "Cross-site Request Forgery (CSRF)",
        "CSRF-High"
      ],
      "exploitable_locations": [
        {
          "type": "url",
          "value": "https://www.bookitprogram.com/ajax/bookit_dashboard/fingerprint/user/verify/*",
          "assets_na": false,
          "assets_uids": [
            "6405dbc18c6f7079c3e4e2bf"
          ],
          "created_at": 1686912425,
          "status": "pending"
        }
      ]
    },
    {
      "categories": [
        "Authorization/Permissions",
        "Insecure Direct Object Reference (Read & Write)"
      ],
      "exploitable_locations": [
        {
          "type": "url",
          "value": "http://bookit.haxway.com/bookit_classroom/<classroom-id>/print/flyer/all",
          "assets_na": false,
          "assets_uids": [
            "6489bc69f666167e1fe0a92b"
          ],
          "created_at": 1691863917,
          "status": "pending"
        },
        {
          "type": "url",
          "value": "http://bookit.haxway.com/approval/parent/email/add/<id>",
          "assets_na": false,
          "assets_uids": [
            "6489bc69f666167e1fe0a92b"
          ],
          "created_at": 1691863917,
          "status": "pending"
        },
        {
          "type": "url",
          "value": "http://bookit.haxway.com/approval/<id>",
          "assets_na": false,
          "assets_uids": [
            "6489bc69f666167e1fe0a92b"
          ],
          "created_at": 1691863917,
          "status": "pending"
        }
      ]
    },
    {
      "categories": [
        "Cross-site Request Forgery (CSRF)",
        "CSRF-Low"
      ],
      "exploitable_locations": [
        {
          "type": "url",
          "value": "http://bookit.haxway.com/approval/parent/email/add/<id>",
          "assets_na": false,
          "assets_uids": [
            "6489bc69f666167e1fe0a928"
          ],
          "created_at": 1691862039,
          "status": "pending"
        }
      ]
    },
    {
      "categories": [
        "Cross-site Request Forgery (CSRF)",
        "CSRF-High"
      ],
      "exploitable_locations": [
        {
          "type": "url",
          "value": "http://bookit.haxway.com/bookit_student/student-approval/approved/<id>",
          "assets_na": false,
          "assets_uids": [
            "6489bc69f666167e1fe0a928"
          ],
          "created_at": 1691863536,
          "status": "pending"
        },
        {
          "type": "url",
          "value": "http://bookit.haxway.com/bookit_student/student-approval/denied/<id>",
          "assets_na": false,
          "assets_uids": [
            "6489bc69f666167e1fe0a928"
          ],
          "created_at": 1691863536,
          "status": "pending"
        }
      ]
    },
    {
      "categories": [
        "Authorization/Permissions",
        "Insecure Direct Object Reference (Read-Only)"
      ],
      "exploitable_locations": [
        {
          "type": "url",
          "value": "https://www.bookitprogram.com/bookit_school/770000/profile",
          "created_at": 1678108831,
          "status": "pending"
        }
      ]
    },
    {
      "categories": [
        "Cross-site Request Forgery (CSRF)",
        "CSRF-Low"
      ],
      "exploitable_locations": [
        {
          "type": "url",
          "value": "https://www.bookitprogram.com/bookit_dashboard/form/1114183/4415281/edit-student",
          "assets_na": false,
          "assets_uids": [
            "6405dbc18c6f7079c3e4e2bf"
          ],
          "created_at": 1692910896,
          "status": "pending"
        }
      ]
    },
    {
      "categories": [
        "Authorization/Permissions",
        "Insecure Direct Object Reference (Read-Only)"
      ],
      "exploitable_locations": [
        {
          "type": "url",
          "value": "https://www.bookitprogram.com/bookit_classroom/<classroomID>/dashboard",
          "assets_na": false,
          "assets_uids": [
            "6405dbc18c6f7079c3e4e2bf"
          ],
          "created_at": 1692930787,
          "status": "pending"
        }
      ]
    },
    {
      "categories": [
        "Authorization/Permissions",
        "Insecure Direct Object Reference (Read-Only)"
      ],
      "exploitable_locations": [
        {
          "type": "url",
          "value": "https://bookit.haxway.com/bookit_classroom/<class-id>/<homeschool-id>/print/flyer",
          "assets_na": false,
          "assets_uids": [
            "6489bc69f666167e1fe0a928"
          ],
          "created_at": 1692933610,
          "status": "pending"
        }
      ]
    },
    {
      "categories": [
        "Authorization/Permissions",
        "Insecure Direct Object Reference (Read-Only)"
      ],
      "exploitable_locations": [
        {
          "type": "url",
          "value": "https://bookit.haxway.com/bookit_classroom/<class_id>/print/flyer/all",
          "assets_na": false,
          "assets_uids": [
            "6489bc69f666167e1fe0a92b"
          ],
          "created_at": 1692934929,
          "status": "pending"
        }
      ]
    },
    {
      "categories": [
        "Authorization/Permissions",
        "Insecure Direct Object Reference (Read-Only)"
      ],
      "exploitable_locations": [
        {
          "type": "url",
          "value": "https://www.bookitprogram.com/bookit_student/<studentID>/<classroomID>/profile",
          "assets_na": false,
          "assets_uids": [
            "6405dbc18c6f7079c3e4e2bf"
          ],
          "created_at": 1692947143,
          "status": "pending"
        }
      ]
    },
    {
      "categories": [
        "Functional/Business Logic",
        "Improper Input Validation"
      ],
      "exploitable_locations": [
        {
          "type": "url",
          "value": "https://www.bookitprogram.com/bookit_dashboard/form/<ID>/<ID>/edit-student",
          "assets_na": false,
          "assets_uids": [
            "6405dbc18c6f7079c3e4e2bf"
          ],
          "created_at": 1692959443,
          "status": "pending"
        }
      ]
    },
    {
      "categories": [
        "Authorization/Permissions",
        "Insecure Direct Object Reference (Read & Write)"
      ],
      "exploitable_locations": [
        {
          "type": "url",
          "value": "https://www.bookitprogram.com/bookit_classroom/student/<student_id>/en/update",
          "assets_na": false,
          "assets_uids": [
            "6405dbc18c6f7079c3e4e2bf"
          ],
          "created_at": 1692985546,
          "status": "pending"
        },
        {
          "type": "url",
          "value": "https://www.bookitprogram.com/bookit_classroom/student/<student_id>/es/update",
          "assets_na": false,
          "assets_uids": [
            "6405dbc18c6f7079c3e4e2bf"
          ],
          "created_at": 1692985546,
          "status": "pending"
        }
      ]
    }
  ]
}