{
  "listing_id": "hgmxf1d5mc",
  "type": "categories",
  "value": [
    {
      "categories": [
        "Information Disclosure",
        "Sensitive Client Information Disclosed"
      ],
      "exploitable_locations": [
        {
          "type": "url",
          "value": "https://pentest.iot.paloaltonetworks.com/v0.3/zauth/tenantusers",
          "created_at": 1608075412,
          "status": "fixed"
        }
      ]
    },
    {
      "categories": [
        "Authorization/Permissions",
        "Access/Privacy Control Violation"
      ],
      "exploitable_locations": [
        {
          "type": "url",
          "value": "https://x7-test.iot.paloaltonetworks.com/v0.3/api/execinventory/distribution/*",
          "created_at": 1682668600,
          "status": "fixed"
        },
        {
          "type": "url",
          "value": "https://x7-test.iot.paloaltonetworks.com/v0.3/api/dashboard/epp/*",
          "created_at": 1682668600,
          "status": "fixed"
        },
        {
          "type": "url",
          "value": "https://x7-test.iot.paloaltonetworks.com/v0.3/api/ot/maps/*",
          "created_at": 1682668600,
          "status": "fixed"
        },
        {
          "type": "url",
          "value": "https://x7-test.iot.paloaltonetworks.com/v0.3/api/iotacl/profile/appMeta/*",
          "created_at": 1682668600,
          "status": "fixed"
        },
        {
          "type": "url",
          "value": "https://x7-test.iot.paloaltonetworks.com/v0.3/api/execdashboard/deviceAssociation/*",
          "created_at": 1682668600,
          "status": "fixed"
        },
        {
          "type": "url",
          "value": "https://x7-test.iot.paloaltonetworks.com/v0.3/api/alert/retrieve/v2/*",
          "created_at": 1682668600,
          "status": "fixed"
        },
        {
          "type": "url",
          "value": "https://x7-test.iot.paloaltonetworks.com/v0.3/api/ot/*",
          "created_at": 1682668600,
          "status": "fixed"
        },
        {
          "type": "url",
          "value": "https://x7-test.iot.paloaltonetworks.com/v0.3/api/alert/*",
          "created_at": 1682668600,
          "status": "fixed"
        },
        {
          "type": "url",
          "value": "https://x7-test.iot.paloaltonetworks.com/v0.3/api/rules/*",
          "created_at": 1682668600,
          "status": "fixed"
        },
        {
          "type": "url",
          "value": "https://x7-test.iot.paloaltonetworks.com/v0.3/api/execdashboard/*",
          "created_at": 1682668600,
          "status": "fixed"
        },
        {
          "type": "url",
          "value": "https://x7-test.iot.paloaltonetworks.com/v0.3/api/iotprofile/*",
          "created_at": 1682668600,
          "status": "fixed"
        },
        {
          "type": "url",
          "value": "https://x7-test.iot.paloaltonetworks.com/v0.3/api/iotacl/profile/*",
          "created_at": 1682668600,
          "status": "fixed"
        },
        {
          "type": "url",
          "value": "https://x7-test.iot.paloaltonetworks.com/v0.3/api/forensicanalysis/*",
          "created_at": 1682668600,
          "status": "fixed"
        },
        {
          "type": "url",
          "value": "https://x7-test.iot.paloaltonetworks.com/v0.3/api/thirdParty/integration/*",
          "created_at": 1682668600,
          "status": "fixed"
        },
        {
          "type": "url",
          "value": "https://x7-test.iot.paloaltonetworks.com/v0.3/api/site/*",
          "created_at": 1682668600,
          "status": "fixed"
        },
        {
          "type": "url",
          "value": "https://x7-test.iot.paloaltonetworks.com/v0.3/api/tagRule/*",
          "created_at": 1682668600,
          "status": "fixed"
        },
        {
          "type": "url",
          "value": "https://x7-test.iot.paloaltonetworks.com/v0.3/api/customAttr/device/update/*",
          "created_at": 1682668600,
          "status": "fixed"
        },
        {
          "type": "url",
          "value": "https://x7-test.iot.paloaltonetworks.com/v0.3/api/export/forescout/quarantine/*",
          "created_at": 1682668600,
          "status": "fixed"
        },
        {
          "type": "url",
          "value": "https://x7-test.iot.paloaltonetworks.com/v0.3/api/firewall/getACLRule/*",
          "created_at": 1682668600,
          "status": "fixed"
        },
        {
          "type": "url",
          "value": "https://x7-test.iot.paloaltonetworks.com/v0.3/api/export/pxgrid/unquarantine",
          "created_at": 1682668600,
          "status": "fixed"
        },
        {
          "type": "url",
          "value": "https://pentest.iot.paloaltonetworks.com/v0.3/api/channel/reseller/tenants",
          "created_at": 1682668600,
          "status": "fixed"
        },
        {
          "type": "url",
          "value": "https://pentest.iot.paloaltonetworks.com/v0.3/api/channel/reseller/profile",
          "created_at": 1682668600,
          "status": "fixed"
        },
        {
          "type": "url",
          "value": "https://x7-test.iot.paloaltonetworks.com/v0.3/api/site/cidr/remove",
          "created_at": 1682668600,
          "status": "fixed"
        },
        {
          "type": "url",
          "value": "https://pentest.iot.paloaltonetworks.com/v0.3/api/setAlertNotifyPref",
          "created_at": 1682668600,
          "status": "fixed"
        },
        {
          "type": "url",
          "value": "https://pentest.iot.paloaltonetworks.com/v0.3/api/channel/distributor/resellers/*",
          "created_at": 1682668600,
          "status": "fixed"
        },
        {
          "type": "url",
          "value": "https://x7-test.iot.paloaltonetworks.com/v0.3/zauth/accessKey/deactivate",
          "created_at": 1682668600,
          "status": "fixed"
        },
        {
          "type": "url",
          "value": "https://x7-test.iot.paloaltonetworks.com/v0.3/api/export/pxgrid/quarantine",
          "created_at": 1682668600,
          "status": "fixed"
        },
        {
          "type": "url",
          "value": "https://x7-test.iot.paloaltonetworks.com/v0.3/api/export/clearpass/quarantine",
          "created_at": 1682668600,
          "status": "fixed"
        },
        {
          "type": "url",
          "value": "http://x7-test.iot.paloaltonetworks.com/v0.3/api/export/ise/quarantine",
          "created_at": 1682668600,
          "status": "fixed"
        },
        {
          "type": "url",
          "value": "https://x7-test.iot.paloaltonetworks.com/v0.3/api/export/ise/unquarantine",
          "created_at": 1682668600,
          "status": "fixed"
        },
        {
          "type": "url",
          "value": "https://x7-test.iot.paloaltonetworks.com/v0.3/api/subnet/monitor",
          "created_at": 1682668600,
          "status": "fixed"
        }
      ]
    },
    {
      "categories": [
        "Functional/Business Logic",
        "Functionality Abuse with Malicious Impact"
      ],
      "exploitable_locations": [
        {
          "type": "url",
          "value": "https://x7-test.iot.paloaltonetworks.com/v0.3/zauth/login",
          "assets_na": false,
          "assets_uids": [
            "63c41eba29b50fde690304c0"
          ],
          "created_at": 1692637575,
          "status": "wont_fix"
        },
        {
          "type": "url",
          "value": "https://x7-test.iot.paloaltonetworks.com/v0.3/zauth/profile/get",
          "assets_na": false,
          "assets_uids": [
            "63c41eba29b50fde690304c0"
          ],
          "created_at": 1692637575,
          "status": "wont_fix"
        }
      ]
    },
    {
      "categories": [
        "Authorization/Permissions",
        "Server Side Request Forgery(SSRF)- Limited"
      ],
      "exploitable_locations": [
        {
          "type": "url",
          "value": "https://x7-test.iot.paloaltonetworks.com/v0.3/zauth/saml2_sso/validateIdpMetadata",
          "assets_na": false,
          "assets_uids": [
            "63c41eba29b50fde690304c0"
          ],
          "created_at": 1692654990,
          "status": "fixed"
        }
      ]
    },
    {
      "categories": [
        "Authorization/Permissions",
        "Access Control Violation (High Privileged Functions - Read/Write or Write Only)"
      ],
      "exploitable_locations": [
        {
          "type": "url",
          "value": "https://x7-test.iot.paloaltonetworks.com/guardian/administration/tenantaccounts/ssomanagement/upsertsso/new",
          "assets_na": false,
          "assets_uids": [
            "63c41eba29b50fde690304c0"
          ],
          "created_at": 1692668102,
          "status": "pending"
        },
        {
          "type": "url",
          "value": "https://x7-test.iot.paloaltonetworks.com/v0.3/zauth/saml2_sso/validateIdpMetadata",
          "assets_na": false,
          "assets_uids": [
            "63c41eba29b50fde690304c0"
          ],
          "created_at": 1692668102,
          "status": "pending"
        },
        {
          "type": "url",
          "value": "https://x7-test.iot.paloaltonetworks.com/v0.3/api/file/upload",
          "assets_na": false,
          "assets_uids": [
            "63c3276923ff63885641770a"
          ],
          "created_at": 1692668102,
          "status": "pending"
        }
      ]
    },
    {
      "categories": [
        "Authorization/Permissions",
        "Server Side Request Forgery(SSRF)- Full"
      ],
      "exploitable_locations": [
        {
          "type": "url",
          "value": "https://x7-test.iot.paloaltonetworks.com/v0.3/api/thirdParty/integration/info",
          "assets_na": false,
          "assets_uids": [
            "63c3276923ff63885641770a"
          ],
          "created_at": 1693350263,
          "status": "fixed"
        },
        {
          "type": "url",
          "value": "https://x7-test.iot.paloaltonetworks.com/v0.3/api/enterprise/xsoar/snmp/engines",
          "assets_na": false,
          "assets_uids": [
            "63c3276923ff63885641770a"
          ],
          "created_at": 1693350263,
          "status": "fixed"
        }
      ]
    },
    {
      "categories": [
        "Authorization/Permissions",
        "Access Control Violation (Low Privileged Functions-Read Only)"
      ],
      "exploitable_locations": [
        {
          "type": "url",
          "value": "https://x7-test.iot.paloaltonetworks.com/v0.3/api/traffic",
          "assets_na": false,
          "assets_uids": [
            "63c3276923ff63885641770a"
          ],
          "created_at": 1693897943,
          "status": "fixed"
        }
      ]
    },
    {
      "categories": [
        "Content Injection",
        "XML External Entity (XXE)- Full"
      ],
      "exploitable_locations": [
        {
          "type": "url",
          "value": "https://x7-test.iot.paloaltonetworks.com/v0.3/zauth/saml2_sso/acs",
          "assets_na": false,
          "assets_uids": [
            "63c3276923ff63885641770a",
            "63c41eba29b50fde690304c0"
          ],
          "created_at": 1697224993,
          "status": "fixed"
        }
      ]
    },
    {
      "categories": [
        "Functional/Business Logic",
        "Client Side Validation"
      ],
      "exploitable_locations": [
        {
          "type": "url",
          "value": "https://x7-test.iot.paloaltonetworks.com/v0.3/zauth/profile/update",
          "assets_na": false,
          "assets_uids": [
            "63c41eba29b50fde690304c0"
          ],
          "created_at": 1703004207,
          "status": "fixed"
        }
      ]
    },
    {
      "categories": [
        "Content Injection",
        "Spoof HTML Content"
      ],
      "exploitable_locations": [
        {
          "type": "url",
          "value": "https://x7-test.iot.paloaltonetworks.com/v0.3/api/rule",
          "assets_na": false,
          "assets_uids": [
            "63c3276923ff63885641770a"
          ],
          "created_at": 1707078937,
          "status": "fixed"
        }
      ]
    },
    {
      "categories": [
        "Content Injection",
        "Spoof HTML Content"
      ],
      "exploitable_locations": [
        {
          "type": "url",
          "value": "https://x7-test.iot.paloaltonetworks.com/v0.3/api/riskFactor/createRiskCC",
          "assets_na": false,
          "assets_uids": [
            "63c41eba29b50fde690304c0"
          ],
          "created_at": 1736351838,
          "status": "fixed"
        },
        {
          "type": "url",
          "value": "https://x7-test.iot.paloaltonetworks.com/v0.3/api/riskFactor/updateRiskCC",
          "assets_na": false,
          "assets_uids": [
            "63c41eba29b50fde690304c0"
          ],
          "created_at": 1736351838,
          "status": "fixed"
        }
      ]
    },
    {
      "categories": [
        "Content Injection",
        "Spoof HTML Content"
      ],
      "exploitable_locations": [
        {
          "type": "url",
          "value": "https://x7-test.iot.paloaltonetworks.com/v0.3/api/riskFactor/createRiskCCType",
          "assets_na": false,
          "assets_uids": [
            "63c41eba29b50fde690304c0"
          ],
          "created_at": 1738763627,
          "status": "pending"
        },
        {
          "type": "url",
          "value": "https://x7-test.iot.paloaltonetworks.com/v0.3/api/riskFactor/updateRiskCCType",
          "assets_na": false,
          "assets_uids": [
            "63c41eba29b50fde690304c0"
          ],
          "created_at": 1738763627,
          "status": "pending"
        }
      ]
    },
    {
      "categories": [
        "Authorization/Permissions",
        "Access/Privacy Control Violation"
      ],
      "exploitable_locations": [
        {
          "type": "url",
          "value": "https://pentest.iot.paloaltonetworks.com/v0.3/api/channel/distributor/tenants",
          "created_at": 1609211131,
          "status": "fixed"
        }
      ]
    },
    {
      "categories": [
        "Authorization/Permissions",
        "Access/Privacy Control Violation"
      ],
      "exploitable_locations": [
        {
          "type": "url",
          "value": "https://pentest.iot.paloaltonetworks.com/v0.3/api/channel/reseller/tenants",
          "created_at": 1609211993,
          "status": "fixed"
        },
        {
          "type": "url",
          "value": "https://pentest.iot.paloaltonetworks.com/v0.3/api/channel/reseller/profile",
          "created_at": 1609211993,
          "status": "fixed"
        }
      ]
    },
    {
      "categories": [
        "Authorization/Permissions",
        "Insecure Direct Object Reference"
      ],
      "exploitable_locations": [
        {
          "type": "url",
          "value": "https://pentest.iot.paloaltonetworks.com/v0.3/zauth/accessKey/create",
          "created_at": 1608202763,
          "status": "fixed"
        }
      ]
    },
    {
      "categories": [
        "Authorization/Permissions",
        "Access/Privacy Control Violation"
      ],
      "exploitable_locations": [
        {
          "type": "url",
          "value": "https://pentest.iot.paloaltonetworks.com/v1build",
          "created_at": 1609544672,
          "status": "wont_fix"
        }
      ]
    },
    {
      "categories": [
        "Functional/Business Logic",
        "Client Side Validation"
      ],
      "exploitable_locations": [
        {
          "type": "url",
          "value": "https://pentest.iot.paloaltonetworks.com/v0.3/api/onboarding/requestTrial",
          "created_at": 1609555593,
          "status": "fixed"
        },
        {
          "type": "url",
          "value": "https://pentest.iot.paloaltonetworks.com/request_tryout",
          "created_at": 1609555593,
          "status": "fixed"
        }
      ]
    },
    {
      "categories": [
        "Information Disclosure",
        "Sensitive Client Information Disclosed"
      ],
      "exploitable_locations": [
        {
          "type": "url",
          "value": "https://pentest.iot.paloaltonetworks.com/v0.3/zauth/displayTenantTwoFA",
          "created_at": 1609557240,
          "status": "fixed"
        }
      ]
    },
    {
      "categories": [
        "Authorization/Permissions",
        "Insecure Direct Object Reference"
      ],
      "exploitable_locations": [
        {
          "type": "url",
          "value": "https://pentest.iot.paloaltonetworks.com/v0.3/zauth/accessKey/list",
          "created_at": 1608824899,
          "status": "fixed"
        },
        {
          "type": "url",
          "value": "https://pentest.iot.paloaltonetworks.com/v0.3/zauth/accessKey/deactivate",
          "created_at": 1608824899,
          "status": "fixed"
        }
      ]
    },
    {
      "categories": [
        "Information Disclosure",
        "Sensitive Source Code"
      ],
      "exploitable_locations": [
        {
          "type": "url",
          "value": "https://pentest.iot.paloaltonetworks.com/download/JcGEq1z8Wpc6i6SqsnvJ/",
          "created_at": 1612051211,
          "status": "fixed"
        },
        {
          "type": "url",
          "value": "https://pentest.iot.paloaltonetworks.com/download/XSgSWtXfelWedm9VrgYQ/",
          "created_at": 1612051211,
          "status": "fixed"
        }
      ]
    },
    {
      "categories": [
        "Authorization/Permissions",
        "Access/Privacy Control Violation"
      ],
      "exploitable_locations": [
        {
          "type": "url",
          "value": "https://pentest.iot.paloaltonetworks.com/mssp/customers",
          "created_at": 1612091323,
          "status": "fixed"
        }
      ]
    },
    {
      "categories": [
        "Authorization/Permissions",
        "Access/Privacy Control Violation"
      ],
      "exploitable_locations": [
        {
          "type": "url",
          "value": "https://pentest.iot.paloaltonetworks.com/guardian/administration/snmpsettings",
          "created_at": 1612096168,
          "status": "fixed"
        },
        {
          "type": "url",
          "value": "https://pentest.iot.paloaltonetworks.com/guardian/administration/configlist",
          "created_at": 1612096168,
          "status": "fixed"
        },
        {
          "type": "url",
          "value": "https://pentest.iot.paloaltonetworks.com/guardian/integrations/all",
          "created_at": 1612096168,
          "status": "fixed"
        },
        {
          "type": "url",
          "value": "https://pentest.iot.paloaltonetworks.com/guardian/integrations/assetmanagement",
          "created_at": 1612096168,
          "status": "fixed"
        },
        {
          "type": "url",
          "value": "https://pentest.iot.paloaltonetworks.com/guardian/integrations/siemintegration",
          "created_at": 1612096168,
          "status": "fixed"
        },
        {
          "type": "url",
          "value": "https://pentest.iot.paloaltonetworks.com/guardian/integrations/networkaccesscontrol",
          "created_at": 1612096168,
          "status": "fixed"
        },
        {
          "type": "url",
          "value": "https://pentest.iot.paloaltonetworks.com/guardian/integrations/vulnerabilityIntegration",
          "created_at": 1612096168,
          "status": "fixed"
        },
        {
          "type": "url",
          "value": "https://pentest.iot.paloaltonetworks.com/guardian/integrations/firewallintegration",
          "created_at": 1612096168,
          "status": "fixed"
        },
        {
          "type": "url",
          "value": "https://pentest.iot.paloaltonetworks.com/guardian/integrations/phantomintegration",
          "created_at": 1612096168,
          "status": "fixed"
        },
        {
          "type": "url",
          "value": "https://pentest.iot.paloaltonetworks.com/guardian/integrations/primesintegration",
          "created_at": 1612096168,
          "status": "fixed"
        },
        {
          "type": "url",
          "value": "https://pentest.iot.paloaltonetworks.com/guardian/integrations/wlanIntegration",
          "created_at": 1612096168,
          "status": "fixed"
        },
        {
          "type": "url",
          "value": "https://pentest.iot.paloaltonetworks.com/guardian/integrations/symantecIntegration",
          "created_at": 1612096168,
          "status": "fixed"
        }
      ]
    },
    {
      "categories": [
        "Authorization/Permissions",
        "Access/Privacy Control Violation"
      ],
      "exploitable_locations": [
        {
          "type": "url",
          "value": "https://pentest.iot.paloaltonetworks.com/v0.3/api/channel/distributor/resellers",
          "created_at": 1612192466,
          "status": "fixed"
        },
        {
          "type": "url",
          "value": "https://pentest.iot.paloaltonetworks.com/v0.3/api/channel/distributor/addReseller",
          "created_at": 1612192466,
          "status": "fixed"
        }
      ]
    },
    {
      "categories": [
        "Authorization/Permissions",
        "Access/Privacy Control Violation"
      ],
      "exploitable_locations": [
        {
          "type": "url",
          "value": "https://pentest.iot.paloaltonetworks.com/v0.3/api/thirdparty/allconfig",
          "created_at": 1612507698,
          "status": "wont_fix"
        }
      ]
    },
    {
      "categories": [
        "Authorization/Permissions",
        "Access/Privacy Control Violation"
      ],
      "exploitable_locations": [
        {
          "type": "url",
          "value": "https://pentest.iot.paloaltonetworks.com/mssp/administration/tenantaccounts",
          "created_at": 1612535738,
          "status": "wont_fix"
        }
      ]
    },
    {
      "categories": [
        "Cross-Site Scripting (XSS)",
        "**Persistent XSS**"
      ],
      "exploitable_locations": [
        {
          "type": "app-location",
          "value": "Alert Rules Feature",
          "created_at": 1612991558,
          "status": "fixed"
        }
      ]
    },
    {
      "categories": [
        "Authorization/Permissions",
        "Access/Privacy Control Violation"
      ],
      "exploitable_locations": [
        {
          "type": "url",
          "value": "https://pentest.iot.paloaltonetworks.com/v0.3/zauth/profile",
          "created_at": 1608841144,
          "status": "fixed"
        },
        {
          "type": "url",
          "value": "https://pentest.iot.paloaltonetworks.com/v0.3/api/setAlertNotifyPref",
          "created_at": 1608841144,
          "status": "fixed"
        },
        {
          "type": "url",
          "value": "https://pentest.iot.paloaltonetworks.com/v0.3/api/thirdParty/integration/info",
          "created_at": 1608841144,
          "status": "fixed"
        },
        {
          "type": "url",
          "value": "https://pentest.iot.paloaltonetworks.com/v0.3/api/getAlertNotifyPref",
          "created_at": 1608841144,
          "status": "fixed"
        }
      ]
    },
    {
      "categories": [
        "Content Injection",
        "**Spoof HTML Content**"
      ],
      "exploitable_locations": [
        {
          "type": "url",
          "value": "https://pentest.iot.paloaltonetworks.com/v0.3/api/mds2/ingestion/update",
          "created_at": 1623160407,
          "status": "fixed"
        }
      ]
    },
    {
      "categories": [
        "Functional/Business Logic",
        "Improper Input Validation"
      ],
      "exploitable_locations": [
        {
          "type": "url",
          "value": "https://pentest.iot.paloaltonetworks.com/v0.3/api/report/config",
          "created_at": 1627986806,
          "status": "wont_fix"
        },
        {
          "type": "url",
          "value": "https://pentest.iot.paloaltonetworks.com/v0.3/api/report/createConfig",
          "created_at": 1627986806,
          "status": "wont_fix"
        }
      ]
    },
    {
      "categories": [
        "Content Injection",
        "Spoof HTML Content"
      ],
      "exploitable_locations": [
        {
          "type": "url",
          "value": "https://x7-test.iot.paloaltonetworks.com/v0.3/api/rule",
          "created_at": 1630151431,
          "status": "fixed"
        }
      ]
    },
    {
      "categories": [
        "Content Injection",
        "Spoof HTML Content"
      ],
      "exploitable_locations": [
        {
          "type": "url",
          "value": "https://x7-test.iot.paloaltonetworks.com/v0.3/api/iotacl/editACLRuleSet/editACLRuleSetMeta",
          "created_at": 1630693357,
          "status": "fixed"
        }
      ]
    },
    {
      "categories": [
        "Content Injection",
        "Spoof HTML Content"
      ],
      "exploitable_locations": [
        {
          "type": "url",
          "value": "https://x7-test.iot.paloaltonetworks.com/v0.3/api/filter",
          "created_at": 1631132096,
          "status": "fixed"
        }
      ]
    },
    {
      "categories": [
        "Content Injection",
        "Spoof HTML Content"
      ],
      "exploitable_locations": [
        {
          "type": "url",
          "value": "https://x7-test.iot.paloaltonetworks.com/v0.3/api/iotacl/profile/upsertPolicySet",
          "created_at": 1631173129,
          "status": "fixed"
        }
      ]
    },
    {
      "categories": [
        "Content Injection",
        "Spoof HTML Content"
      ],
      "exploitable_locations": [
        {
          "type": "url",
          "value": "https://x7-test.iot.paloaltonetworks.com/v0.3/api/tagRules",
          "created_at": 1632066523,
          "status": "pending"
        }
      ]
    },
    {
      "categories": [
        "Content Injection",
        "Spoof HTML Content"
      ],
      "exploitable_locations": [
        {
          "type": "url",
          "value": "https://x7-test.iot.paloaltonetworks.com/v0.3/api/suppressionRule/create",
          "created_at": 1633457462,
          "status": "fixed"
        }
      ]
    },
    {
      "categories": [
        "Content Injection",
        "Spoof HTML Content"
      ],
      "exploitable_locations": [
        {
          "type": "url",
          "value": "https://x7-test.iot.paloaltonetworks.com/v0.3/api/tagRule/device",
          "created_at": 1633720174,
          "status": "fixed"
        }
      ]
    },
    {
      "categories": [
        "Content Injection",
        "Spoof HTML Content"
      ],
      "exploitable_locations": [
        {
          "type": "url",
          "value": "https://x7-test.iot.paloaltonetworks.com/v0.3/api/iotacl/createACLRuleSet",
          "created_at": 1633721838,
          "status": "fixed"
        }
      ]
    },
    {
      "categories": [
        "Authorization/Permissions",
        "Access/Privacy Control Violation"
      ],
      "exploitable_locations": [
        {
          "type": "url",
          "value": "https://x7-test.iot.paloaltonetworks.com/v0.3/api/channel/reseller/tenants",
          "created_at": 1635398123,
          "status": "fixed"
        }
      ]
    },
    {
      "categories": [
        "Content Injection",
        "Spoof HTML Content"
      ],
      "exploitable_locations": [
        {
          "type": "url",
          "value": "https://x7-test.iot.paloaltonetworks.com/v0.3/api/subnet/update",
          "created_at": 1647373969,
          "status": "fixed"
        }
      ]
    },
    {
      "categories": [
        "Authorization/Permissions",
        "Access/Privacy Control Violation"
      ],
      "exploitable_locations": [
        {
          "type": "url",
          "value": "https://x7-test.iot.paloaltonetworks.com/v0.3/zauth/tenantusers",
          "created_at": 1649403616,
          "status": "wont_fix"
        }
      ]
    },
    {
      "categories": [
        "Authorization/Permissions",
        "Insecure Direct Object Reference (Read & Write)"
      ],
      "exploitable_locations": [
        {
          "type": "url",
          "value": "https://x7-test.iot.paloaltonetworks.com/v0.3/zauth/accessKey/create",
          "created_at": 1649408911,
          "status": "fixed"
        }
      ]
    },
    {
      "categories": [
        "Functional/Business Logic",
        "Unvalidated Redirect Bypass"
      ],
      "exploitable_locations": [
        {
          "type": "url",
          "value": "https://x7-test.iot.paloaltonetworks.com/login",
          "created_at": 1649628637,
          "status": "fixed"
        }
      ]
    },
    {
      "categories": [
        "Authorization/Permissions",
        "Insecure Direct Object Reference (Read & Write)"
      ],
      "exploitable_locations": [
        {
          "type": "url",
          "value": "https://x7-test.iot.paloaltonetworks.com/v0.3/zauth/accessKey/deactivate",
          "created_at": 1649784408,
          "status": "fixed"
        }
      ]
    },
    {
      "categories": [
        "Cross-Site Scripting (XSS)",
        "Persistent XSS"
      ],
      "exploitable_locations": [
        {
          "type": "url",
          "value": "https://x7-test.iot.paloaltonetworks.com/v0.3/zauth/profile/update",
          "created_at": 1649809216,
          "status": "pending"
        }
      ]
    },
    {
      "categories": [
        "Authorization/Permissions",
        "Access/Privacy Control Violation"
      ],
      "exploitable_locations": [
        {
          "type": "url",
          "value": "https://x7-test.iot.paloaltonetworks.com/v0.3/api/site/cidr/remove",
          "created_at": 1650737637,
          "status": "fixed"
        }
      ]
    },
    {
      "categories": [
        "Authorization/Permissions",
        "Insecure Direct Object Reference (Read & Write)"
      ],
      "exploitable_locations": [
        {
          "type": "url",
          "value": "https://x7-test.iot.paloaltonetworks.com/v0.3/api/iotdevice/updateAll",
          "created_at": 1650833585,
          "status": "fixed"
        }
      ]
    },
    {
      "categories": [
        "Authorization/Permissions",
        "Access/Privacy Control Violation"
      ],
      "exploitable_locations": [
        {
          "type": "url",
          "value": "https://pentest.iot.paloaltonetworks.com/v0.3/api/site/remove",
          "created_at": 1608908476,
          "status": "pending"
        }
      ]
    },
    {
      "categories": [
        "Authorization/Permissions",
        "Insecure Direct Object Reference (Read & Write)"
      ],
      "exploitable_locations": [
        {
          "type": "url",
          "value": "https://x7-test.iot.paloaltonetworks.com/v0.3/api/tagRule/device",
          "created_at": 1650834777,
          "status": "fixed"
        }
      ]
    },
    {
      "categories": [
        "Authorization/Permissions",
        "Insecure Direct Object Reference (Read & Write)"
      ],
      "exploitable_locations": [
        {
          "type": "url",
          "value": "https://x7-test.iot.paloaltonetworks.com/v0.3/api/iotdevice/networkTraffic",
          "created_at": 1650835472,
          "status": "fixed"
        }
      ]
    },
    {
      "categories": [
        "Authorization/Permissions",
        "Insecure Direct Object Reference (Read & Write)"
      ],
      "exploitable_locations": [
        {
          "type": "url",
          "value": "https://x7-test.iot.paloaltonetworks.com/v0.3/api/subnet/update",
          "created_at": 1650836603,
          "status": "fixed"
        }
      ]
    },
    {
      "categories": [
        "Authorization/Permissions",
        "Insecure Direct Object Reference (Read & Write)"
      ],
      "exploitable_locations": [
        {
          "type": "url",
          "value": "https://x7-test.iot.paloaltonetworks.com/v0.3/api/report/config",
          "created_at": 1650837342,
          "status": "fixed"
        }
      ]
    },
    {
      "categories": [
        "Authorization/Permissions",
        "Insecure Direct Object Reference (Read & Write)"
      ],
      "exploitable_locations": [
        {
          "type": "url",
          "value": "https://x7-test.iot.paloaltonetworks.com/v0.3/api/iotacl/profile/removePolicySet",
          "created_at": 1650883850,
          "status": "fixed"
        }
      ]
    },
    {
      "categories": [
        "Authorization/Permissions",
        "Insecure Direct Object Reference (Read & Write)"
      ],
      "exploitable_locations": [
        {
          "type": "url",
          "value": "https://x7-test.iot.paloaltonetworks.com/v0.3/api/alert/update",
          "created_at": 1650908329,
          "status": "fixed"
        }
      ]
    },
    {
      "categories": [
        "Authorization/Permissions",
        "Insecure Direct Object Reference (Read & Write)"
      ],
      "exploitable_locations": [
        {
          "type": "url",
          "value": "https://x7-test.iot.paloaltonetworks.com/v0.3/api/export/forescout/quarantine",
          "created_at": 1650910636,
          "status": "fixed"
        },
        {
          "type": "url",
          "value": "https://x7-test.iot.paloaltonetworks.com/v0.3/api/export/forescout/unquarantine",
          "created_at": 1650910636,
          "status": "fixed"
        }
      ]
    },
    {
      "categories": [
        "Authorization/Permissions",
        "Insecure Direct Object Reference (Read & Write)"
      ],
      "exploitable_locations": [
        {
          "type": "url",
          "value": "https://x7-test.iot.paloaltonetworks.com/v0.3/api/export/servicenow/alert",
          "created_at": 1650914409,
          "status": "fixed"
        }
      ]
    },
    {
      "categories": [
        "Authorization/Permissions",
        "Insecure Direct Object Reference (Read & Write)"
      ],
      "exploitable_locations": [
        {
          "type": "url",
          "value": "https://x7-test.iot.paloaltonetworks.com/v0.3/api/export/nuvolo/alert",
          "created_at": 1650915783,
          "status": "fixed"
        }
      ]
    },
    {
      "categories": [
        "Server/Application Misconfiguration",
        "Unclaimed Domain In Use"
      ],
      "exploitable_locations": [
        {
          "type": "url",
          "value": "https://x7-test.iot.paloaltonetworks.com/",
          "created_at": 1652383203,
          "status": "wont_fix"
        }
      ]
    },
    {
      "categories": [
        "Functional/Business Logic",
        "Client Side Validation"
      ],
      "exploitable_locations": [
        {
          "type": "url",
          "value": "https://x7-test.iot.paloaltonetworks.com/v0.3/api/subnet/remove",
          "created_at": 1655460665,
          "status": "fixed"
        }
      ]
    },
    {
      "categories": [
        "Authorization/Permissions",
        "Access/Privacy Control Violation"
      ],
      "exploitable_locations": [
        {
          "type": "url",
          "value": "https://x7-test.iot.paloaltonetworks.com/v0.3/api/export/siem/alert",
          "created_at": 1657653330,
          "status": "fixed"
        }
      ]
    },
    {
      "categories": [
        "Authorization/Permissions",
        "Insecure Direct Object Reference (Read & Write)"
      ],
      "exploitable_locations": [
        {
          "type": "url",
          "value": "http://x7-test.iot.paloaltonetworks.com/v0.3/api/export/ise/quarantine",
          "created_at": 1657653385,
          "status": "fixed"
        },
        {
          "type": "url",
          "value": "https://x7-test.iot.paloaltonetworks.com/v0.3/api/export/ise/unquarantine",
          "created_at": 1657653385,
          "status": "fixed"
        },
        {
          "type": "url",
          "value": "https://x7-test.iot.paloaltonetworks.com/v0.3/api/export/clearpass/quarantine",
          "created_at": 1657653385,
          "status": "fixed"
        },
        {
          "type": "url",
          "value": "https://x7-test.iot.paloaltonetworks.com/v0.3/api/export/clearpass/unquarantine",
          "created_at": 1657653385,
          "status": "fixed"
        },
        {
          "type": "url",
          "value": "https://x7-test.iot.paloaltonetworks.com/v0.3/api/export/pxgrid/quarantine",
          "created_at": 1657653385,
          "status": "fixed"
        },
        {
          "type": "url",
          "value": "https://x7-test.iot.paloaltonetworks.com/v0.3/api/export/pxgrid/unquarantine",
          "created_at": 1657653385,
          "status": "fixed"
        }
      ]
    },
    {
      "categories": [
        "Authorization/Permissions",
        "Access/Privacy Control Violation"
      ],
      "exploitable_locations": [
        {
          "type": "url",
          "value": "https://x7-test.iot.paloaltonetworks.com/v0.3/api/iotdevice/updateAll",
          "created_at": 1657653426,
          "status": "fixed"
        }
      ]
    },
    {
      "categories": [
        "Authorization/Permissions",
        "Access/Privacy Control Violation"
      ],
      "exploitable_locations": [
        {
          "type": "url",
          "value": "https://x7-test.iot.paloaltonetworks.com/v0.3/api/subnet/create",
          "created_at": 1657653455,
          "status": "fixed"
        }
      ]
    },
    {
      "categories": [
        "Authorization/Permissions",
        "Insecure Direct Object Reference (Read & Write)"
      ],
      "exploitable_locations": [
        {
          "type": "url",
          "value": "https://x7-test.iot.paloaltonetworks.com/v0.3/api/subnet/monitor",
          "created_at": 1657653469,
          "status": "fixed"
        }
      ]
    },
    {
      "categories": [
        "Functional/Business Logic",
        "Functionality Abuse with Malicious Impact"
      ],
      "exploitable_locations": [
        {
          "type": "url",
          "value": "https://x7-test.iot.paloaltonetworks.com/assets/pdfjs/web/viewer.html",
          "created_at": 1671450690,
          "status": "fixed"
        }
      ]
    },
    {
      "categories": [
        "Authorization/Permissions",
        "Insecure Direct Object Reference"
      ],
      "exploitable_locations": [
        {
          "type": "url",
          "value": "https://pentest.iot.paloaltonetworks.com/v0.3/zauth/download",
          "created_at": 1609045912,
          "status": "wont_fix"
        }
      ]
    },
    {
      "categories": [
        "Authorization/Permissions",
        "Access/Privacy Control Violation"
      ],
      "exploitable_locations": [
        {
          "type": "url",
          "value": "https://x7-test.iot.paloaltonetworks.com/v0.3/api/site/cidr/remove",
          "created_at": 1672729790,
          "status": "wont_fix"
        }
      ]
    },
    {
      "categories": [
        "Functional/Business Logic",
        "Client Side Validation"
      ],
      "exploitable_locations": [
        {
          "type": "url",
          "value": "https://x7-test.iot.paloaltonetworks.com/v0.3/api/iotdevice/updateAll",
          "created_at": 1672778683,
          "status": "fixed"
        }
      ]
    },
    {
      "categories": [
        "Authorization/Permissions",
        "Server Side Request Forgery(SSRF)- Limited"
      ],
      "exploitable_locations": [
        {
          "type": "url",
          "value": "https://x7-test.iot.paloaltonetworks.com/v0.3/api/thirdParty/integration/info",
          "created_at": 1673827166,
          "status": "fixed"
        }
      ]
    },
    {
      "categories": [
        "Authentication/Session Management",
        "Login Authentication Bypass"
      ],
      "exploitable_locations": [
        {
          "type": "url",
          "value": "https://x7-test.iot.paloaltonetworks.com/v0.3/api/thirdParty/integration/info",
          "created_at": 1673904645,
          "status": "wont_fix"
        }
      ]
    },
    {
      "categories": [
        "Authorization/Permissions",
        "Server Side Request Forgery(SSRF)- Limited"
      ],
      "exploitable_locations": [
        {
          "type": "url",
          "value": "https://x7-test.iot.paloaltonetworks.com/v0.3/api/thirdparty/config",
          "created_at": 1673947919,
          "status": "fixed"
        }
      ]
    }
  ]
}