{
  "listing_id": "hnc512o1ui",
  "type": "categories",
  "value": [
    {
      "categories": [
        "Brute Force",
        "Bypass of Rate Limiting Protections (i.e. CAPTCHA)"
      ],
      "exploitable_locations": [
        {
          "type": "url",
          "value": "https://preprod.dominos.pizza/api/web-bff/graphql",
          "assets_na": false,
          "assets_uids": [
            "664ca69788689ea236901983"
          ],
          "created_at": 1725479520,
          "status": "pending"
        }
      ]
    },
    {
      "categories": [
        "Information Disclosure",
        "Sensitive API Keys"
      ],
      "exploitable_locations": [
        {
          "type": "url",
          "value": "https://preprod.dominos.pizza/env.yaml",
          "assets_na": false,
          "assets_uids": [
            "664ca69788689ea236901983"
          ],
          "created_at": 1727619195,
          "status": "fixed"
        }
      ]
    },
    {
      "categories": [
        "Authorization/Permissions",
        "Insecure Direct Object Reference (Read & Write)"
      ],
      "exploitable_locations": [
        {
          "type": "url",
          "value": "https://preprod.dominos.pizza/api/web-bff/graphql",
          "assets_na": false,
          "assets_uids": [
            "664ca69788689ea236901983"
          ],
          "created_at": 1728255903,
          "status": "pending"
        },
        {
          "type": "other",
          "value": "\"operationName\":\"AddDealToCart\"",
          "assets_na": false,
          "assets_uids": [
            "664ca69788689ea236901983"
          ],
          "created_at": 1728255903,
          "status": "pending"
        },
        {
          "type": "url",
          "value": "https://preprod.dominos.pizza/api/web-bff/graphql",
          "assets_na": false,
          "assets_uids": [
            "664ca69788689ea236901983"
          ],
          "created_at": 1728255903,
          "status": "pending"
        },
        {
          "type": "other",
          "value": "DealValidations",
          "assets_na": false,
          "assets_uids": [
            "664ca69788689ea236901983"
          ],
          "created_at": 1728255903,
          "status": "pending"
        }
      ]
    },
    {
      "categories": [
        "Authorization/Permissions",
        "Server Side Request Forgery(SSRF)- Limited"
      ],
      "exploitable_locations": [
        {
          "type": "url",
          "value": "https://preprod.dominos.pizza/api/web-bff/graphql",
          "assets_na": false,
          "assets_uids": [
            "664ca69788689ea236901983"
          ],
          "created_at": 1728418786,
          "status": "pending"
        }
      ]
    },
    {
      "categories": [
        "Functional/Business Logic",
        "Improper Input Validation"
      ],
      "exploitable_locations": [
        {
          "type": "url",
          "value": "https://preprod.dominos.pizza/api/web-bff/graphql",
          "assets_na": false,
          "assets_uids": [
            "664ca69788689ea236901983"
          ],
          "created_at": 1728656860,
          "status": "pending"
        }
      ]
    }
  ]
}