{
  "listing_id": "hpc9tol8v1",
  "type": "categories",
  "value": [
    {
      "categories": [
        "Cross-Site Scripting (XSS)",
        "Reflected XSS"
      ],
      "exploitable_locations": [
        {
          "type": "url",
          "value": "https://testing.bepress.com/cgi/notification.cgi",
          "created_at": 1655115488,
          "status": "wont_fix"
        }
      ]
    },
    {
      "categories": [
        "Cross-Site Scripting (XSS)",
        "Reflected XSS"
      ],
      "exploitable_locations": [
        {
          "type": "url",
          "value": "https://testing.bepress.com/cgi/areyousure.cgi",
          "created_at": 1655115582,
          "status": "fixed"
        }
      ]
    },
    {
      "categories": [
        "Cross-Site Scripting (XSS)",
        "Reflected XSS"
      ],
      "exploitable_locations": [
        {
          "type": "url",
          "value": "https://testing.bepress.com/do/api/signup/success",
          "created_at": 1655115583,
          "status": "wont_fix"
        }
      ]
    },
    {
      "categories": [
        "Authorization/Permissions",
        "Insecure Direct Object Reference (Read-Only)"
      ],
      "exploitable_locations": [
        {
          "type": "url",
          "value": "https://testing.bepress.com/cgi/viewcontent.cgi",
          "created_at": 1655117887,
          "status": "wont_fix"
        }
      ]
    },
    {
      "categories": [
        "Cross-site Request Forgery (CSRF)",
        "CSRF-Low"
      ],
      "exploitable_locations": [
        {
          "type": "url",
          "value": "https://testing.bepress.com/cgi/preview.cgi",
          "created_at": 1655194309,
          "status": "wont_fix"
        }
      ]
    },
    {
      "categories": [
        "Information Disclosure",
        "Unverifiable Credentials"
      ],
      "exploitable_locations": [
        {
          "type": "file",
          "value": "https://testing.bepress.com/.htpasswd",
          "created_at": 1655108981,
          "status": "wont_fix"
        }
      ]
    },
    {
      "categories": [
        "Cross-Site Scripting (XSS)",
        "Persistent XSS"
      ],
      "exploitable_locations": [
        {
          "type": "url",
          "value": "https://testing.bepress.com/cgi/accountinfo.cgi",
          "created_at": 1655201431,
          "status": "fixed"
        }
      ]
    },
    {
      "categories": [
        "Cross-Site Scripting (XSS)",
        "Reflected XSS"
      ],
      "exploitable_locations": [
        {
          "type": "url",
          "value": "https://testing.bepress.com/cgi/areyousure.cgi",
          "created_at": 1655212473,
          "status": "wont_fix"
        },
        {
          "type": "url",
          "value": "https://demo.works.bepress.com/cgi/areyousure.cgi",
          "created_at": 1655212473,
          "status": "wont_fix"
        },
        {
          "type": "url",
          "value": "https://charlestonlaw.works.bepress.com/cgi/areyousure.cgi",
          "created_at": 1655212473,
          "status": "wont_fix"
        },
        {
          "type": "url",
          "value": "https://upennbiostats.works.bepress.com/cgi/areyousure.cgi",
          "created_at": 1655212473,
          "status": "wont_fix"
        },
        {
          "type": "url",
          "value": "https://commonwealthlawwidener.works.bepress.com/cgi/areyousure.cgi",
          "created_at": 1655212473,
          "status": "wont_fix"
        },
        {
          "type": "url",
          "value": "https://usclaw.works.bepress.com/cgi/areyousure.cgi",
          "created_at": 1655212473,
          "status": "wont_fix"
        },
        {
          "type": "url",
          "value": "https://rutgerslawnewark.works.bepress.com/cgi/areyousure.cgi",
          "created_at": 1655212473,
          "status": "wont_fix"
        },
        {
          "type": "url",
          "value": "https://lincolnlaw.works.bepress.com/cgi/areyousure.cgi",
          "created_at": 1655212473,
          "status": "wont_fix"
        },
        {
          "type": "url",
          "value": "https://lawusd.works.bepress.com/cgi/areyousure.cgi",
          "created_at": 1655212473,
          "status": "wont_fix"
        }
      ]
    },
    {
      "categories": [
        "Cross-Site Scripting (XSS)",
        "Persistent XSS"
      ],
      "exploitable_locations": [
        {
          "type": "url",
          "value": "https://testing.bepress.com/cgi/submit.cgi",
          "created_at": 1677087483,
          "status": "fixed"
        }
      ]
    },
    {
      "categories": [
        "Cross-Site Scripting (XSS)",
        "Persistent XSS"
      ],
      "exploitable_locations": [
        {
          "type": "url",
          "value": "https://testing.bepress.com/cgi/ir_submit.cgi",
          "created_at": 1677215607,
          "status": "fixed"
        }
      ]
    },
    {
      "categories": [
        "Cross-Site Scripting (XSS)",
        "Reflected XSS"
      ],
      "exploitable_locations": [
        {
          "type": "url",
          "value": "https://testing.bepress.com/cgi/preview.cgi",
          "created_at": 1677236513,
          "status": "wont_fix"
        },
        {
          "type": "url",
          "value": "https://testing.bepress.com/cgi/areyousure.cgi",
          "created_at": 1677236513,
          "status": "wont_fix"
        }
      ]
    },
    {
      "categories": [
        "Cross-Site Scripting (XSS)",
        "Reflected DOM-Based XSS"
      ],
      "exploitable_locations": [
        {
          "type": "url",
          "value": "https://testing.bepress.com/do/search",
          "created_at": 1677082912,
          "status": "wont_fix"
        }
      ]
    },
    {
      "categories": [
        "Cross-site Request Forgery (CSRF)",
        "CSRF-High"
      ],
      "exploitable_locations": [
        {
          "type": "url",
          "value": "https://testing.bepress.com/do/api/signup/succes",
          "created_at": 1684242272,
          "status": "fixed"
        }
      ]
    },
    {
      "categories": [
        "Functional/Business Logic",
        "Improper Input Validation"
      ],
      "exploitable_locations": [
        {
          "type": "url",
          "value": "https://dsp-api-pen-test.elsevier.cn/sys/user/edit",
          "assets_na": false,
          "assets_uids": [
            "6720cec1bfd2c7e15373272e"
          ],
          "created_at": 1733218303,
          "status": "pending"
        }
      ]
    },
    {
      "categories": [
        "Authorization/Permissions",
        "Access Control Violation (High Privileged Functions - Read/Write or Write Only)"
      ],
      "exploitable_locations": [
        {
          "type": "url",
          "value": "https://dsp-api-pen-test.elsevier.cn/sys/user/list",
          "assets_na": false,
          "assets_uids": [
            "6720cec1bfd2c7e15373272e"
          ],
          "created_at": 1733218621,
          "status": "fixed"
        },
        {
          "type": "url",
          "value": "https://dsp-api-pen-test.elsevier.cn/sys/user/add",
          "assets_na": false,
          "assets_uids": [
            "6720cec1bfd2c7e15373272e"
          ],
          "created_at": 1733218621,
          "status": "fixed"
        },
        {
          "type": "url",
          "value": "https://dsp-api-pen-test.elsevier.cn/sys/user/deleteBatch",
          "assets_na": false,
          "assets_uids": [
            "6720cec1bfd2c7e15373272e"
          ],
          "created_at": 1733218621,
          "status": "fixed"
        }
      ]
    },
    {
      "categories": [
        "Authorization/Permissions",
        "Access Control Violation (High Privileged Functions-Read Only)"
      ],
      "exploitable_locations": [
        {
          "type": "url",
          "value": "https://dsp-api-pen-test.elsevier.cn/userBehavior/list",
          "assets_na": false,
          "assets_uids": [
            "6720cec1bfd2c7e15373272e"
          ],
          "created_at": 1733218671,
          "status": "pending"
        }
      ]
    },
    {
      "categories": [
        "Authorization/Permissions",
        "Access Control Violation (High Privileged Functions - Read/Write or Write Only)"
      ],
      "exploitable_locations": [
        {
          "type": "url",
          "value": "https://dsp-api-pen-test.elsevier.cn/wechat/account/getWechatAccountList",
          "assets_na": false,
          "assets_uids": [
            "6720cec1bfd2c7e15373272e"
          ],
          "created_at": 1733218697,
          "status": "pending"
        },
        {
          "type": "url",
          "value": "https://dsp-api-pen-test.elsevier.cn/wechat/user/edit",
          "assets_na": false,
          "assets_uids": [
            "6720cec1bfd2c7e15373272e"
          ],
          "created_at": 1733218697,
          "status": "pending"
        }
      ]
    },
    {
      "categories": [
        "Authorization/Permissions",
        "Access Control Violation (High Privileged Functions - Read/Write or Write Only)"
      ],
      "exploitable_locations": [
        {
          "type": "url",
          "value": "https://dsp-api-pen-test.elsevier.cn/sys/tenant/list",
          "assets_na": false,
          "assets_uids": [
            "6720cec1bfd2c7e15373272b"
          ],
          "created_at": 1733218806,
          "status": "fixed"
        },
        {
          "type": "url",
          "value": "https://dsp-api-pen-test.elsevier.cn/sys/tenant/add",
          "assets_na": false,
          "assets_uids": [
            "6720cec1bfd2c7e15373272b"
          ],
          "created_at": 1733218806,
          "status": "fixed"
        }
      ]
    },
    {
      "categories": [
        "Cross-Site Scripting (XSS)",
        "Reflected XSS"
      ],
      "exploitable_locations": [
        {
          "type": "url",
          "value": "https://www.elsevier.es/es-formacion",
          "assets_na": false,
          "assets_uids": [
            "66fd7121ef4109da42b9edc3",
            "66fd7121ef4109da42b9edc6"
          ],
          "created_at": 1733219016,
          "status": "fixed"
        }
      ]
    },
    {
      "categories": [
        "Authorization/Permissions",
        "Access Control Violation (Low Privileged Functions-Read Only)"
      ],
      "exploitable_locations": [
        {
          "type": "url",
          "value": "https://dsp-api-pen-test.elsevier.cn/sys/online/list",
          "assets_na": false,
          "assets_uids": [
            "6720cec1bfd2c7e15373272e"
          ],
          "created_at": 1733219074,
          "status": "pending"
        }
      ]
    },
    {
      "categories": [
        "Authorization/Permissions",
        "Access Control Violation (High Privileged Functions - Read/Write or Write Only)"
      ],
      "exploitable_locations": [
        {
          "type": "url",
          "value": "https://dsp-api-pen-test.elsevier.cn/sys/annountCement/add",
          "assets_na": false,
          "assets_uids": [
            "6720cec1bfd2c7e15373272e"
          ],
          "created_at": 1733219112,
          "status": "pending"
        }
      ]
    },
    {
      "categories": [
        "Authorization/Permissions",
        "Access Control Violation (High Privileged Functions - Read/Write or Write Only)"
      ],
      "exploitable_locations": [
        {
          "type": "url",
          "value": "https://dsp-api-pen-test.elsevier.cn/globalConfig/edit",
          "assets_na": false,
          "assets_uids": [
            "6720cec1bfd2c7e15373272e"
          ],
          "created_at": 1733219154,
          "status": "pending"
        }
      ]
    },
    {
      "categories": [
        "Authorization/Permissions",
        "Access Control Violation (High Privileged Functions - Read/Write or Write Only)"
      ],
      "exploitable_locations": [
        {
          "type": "url",
          "value": "https://dsp-api-pen-test.elsevier.cn/sys/annountCement/list",
          "assets_na": false,
          "assets_uids": [
            "6720cec1bfd2c7e15373272e"
          ],
          "created_at": 1733219193,
          "status": "pending"
        },
        {
          "type": "url",
          "value": "https://dsp-api-pen-test.elsevier.cn/sys/annountCement/delete",
          "assets_na": false,
          "assets_uids": [
            "6720cec1bfd2c7e15373272e"
          ],
          "created_at": 1733219193,
          "status": "pending"
        }
      ]
    },
    {
      "categories": [
        "Authorization/Permissions",
        "Access Control Violation (Low Privileged Functions-Read/Write or Write Only)"
      ],
      "exploitable_locations": [
        {
          "type": "url",
          "value": "https://dsp-api-pen-test.elsevier.cn/journal/master/list",
          "assets_na": false,
          "assets_uids": [
            "6720cec1bfd2c7e15373272b"
          ],
          "created_at": 1733219365,
          "status": "fixed"
        },
        {
          "type": "url",
          "value": "https://dsp-api-pen-test.elsevier.cn/journal/master/edit",
          "assets_na": false,
          "assets_uids": [
            "6720cec1bfd2c7e15373272b"
          ],
          "created_at": 1733219365,
          "status": "fixed"
        }
      ]
    },
    {
      "categories": [
        "Authorization/Permissions",
        "Access Control Violation (High Privileged Functions - Read/Write or Write Only)"
      ],
      "exploitable_locations": [
        {
          "type": "url",
          "value": "https://dsp-api-pen-test.elsevier.cn/sys/category/add",
          "assets_na": false,
          "assets_uids": [
            "6720cec1bfd2c7e15373272e"
          ],
          "created_at": 1733219438,
          "status": "pending"
        }
      ]
    },
    {
      "categories": [
        "Authorization/Permissions",
        "Access Control Violation (High Privileged Functions - Read/Write or Write Only)"
      ],
      "exploitable_locations": [
        {
          "type": "url",
          "value": "https://dsp-api-pen-test.elsevier.cn/sys/sysDepart/add",
          "assets_na": false,
          "assets_uids": [
            "6720cec1bfd2c7e15373272e"
          ],
          "created_at": 1733219488,
          "status": "pending"
        }
      ]
    },
    {
      "categories": [
        "Authorization/Permissions",
        "Access Control Violation (High Privileged Functions - Read/Write or Write Only)"
      ],
      "exploitable_locations": [
        {
          "type": "url",
          "value": "https://dsp-api-pen-test.elsevier.cn/wechat/osvc/save",
          "assets_na": false,
          "assets_uids": [
            "6720cec1bfd2c7e15373272e"
          ],
          "created_at": 1733217804,
          "status": "pending"
        },
        {
          "type": "url",
          "value": "https://dsp-api-pen-test.elsevier.cn/wechat/osvc/load",
          "assets_na": false,
          "assets_uids": [
            "6720cec1bfd2c7e15373272e"
          ],
          "created_at": 1733217804,
          "status": "pending"
        }
      ]
    },
    {
      "categories": [
        "Authorization/Permissions",
        "Access Control Violation (Low Privileged Functions-Read/Write or Write Only)"
      ],
      "exploitable_locations": [
        {
          "type": "url",
          "value": "https://dsp-api-pen-test.elsevier.cn/sys/dict/add",
          "assets_na": false,
          "assets_uids": [
            "6720cec1bfd2c7e15373272e"
          ],
          "created_at": 1733219716,
          "status": "pending"
        }
      ]
    },
    {
      "categories": [
        "Cross-Site Scripting (XSS)",
        "Reflected XSS"
      ],
      "exploitable_locations": [
        {
          "type": "url",
          "value": "https://www.elsevier.es/es-colecciones-tematicas-tecnicas-4",
          "assets_na": false,
          "assets_uids": [
            "66fd7121ef4109da42b9edc6"
          ],
          "created_at": 1733219968,
          "status": "fixed"
        }
      ]
    },
    {
      "categories": [
        "Authorization/Permissions",
        "Access Control Violation (Low Privileged Functions-Read/Write or Write Only)"
      ],
      "exploitable_locations": [
        {
          "type": "url",
          "value": "https://dsp-api-pen-test.elsevier.cn/les/promotionCode/list",
          "assets_na": false,
          "assets_uids": [
            "6720cec1bfd2c7e15373272b"
          ],
          "created_at": 1733219973,
          "status": "fixed"
        },
        {
          "type": "url",
          "value": "https://dsp-api-pen-test.elsevier.cn/les/promotionCode/add",
          "assets_na": false,
          "assets_uids": [
            "6720cec1bfd2c7e15373272e"
          ],
          "created_at": 1733219973,
          "status": "fixed"
        },
        {
          "type": "url",
          "value": "https://dsp-api-pen-test.elsevier.cn/les/promotionCode/edit",
          "assets_na": false,
          "assets_uids": [
            "6720cec1bfd2c7e15373272b"
          ],
          "created_at": 1733219973,
          "status": "fixed"
        }
      ]
    },
    {
      "categories": [
        "Authorization/Permissions",
        "Access Control Violation (Low Privileged Functions-Read/Write or Write Only)"
      ],
      "exploitable_locations": [
        {
          "type": "url",
          "value": "https://dsp-api-pen-test.elsevier.cn/sys/gatewayRoute/list",
          "assets_na": false,
          "assets_uids": [
            "6720cec1bfd2c7e15373272e"
          ],
          "created_at": 1733220114,
          "status": "fixed"
        },
        {
          "type": "url",
          "value": "https://dsp-api-pen-test.elsevier.cn/sys/gatewayRoute/updateAll",
          "assets_na": false,
          "assets_uids": [
            "6720cec1bfd2c7e15373272e"
          ],
          "created_at": 1733220114,
          "status": "fixed"
        }
      ]
    },
    {
      "categories": [
        "SQL Injection",
        "SQL Injection- Full"
      ],
      "exploitable_locations": [
        {
          "type": "url",
          "value": "https://www.pharmapendium.com/services/contactGroups/search",
          "assets_na": false,
          "assets_uids": [
            "6720cf555239f1382ec38004"
          ],
          "created_at": 1733222604,
          "status": "fixed"
        }
      ]
    },
    {
      "categories": [
        "SQL Injection",
        "SQL Injection- Full"
      ],
      "exploitable_locations": [
        {
          "type": "url",
          "value": "https://www.pharmapendium.com/services/savedQueries/search",
          "assets_na": false,
          "assets_uids": [
            "6720cf555239f1382ec38004"
          ],
          "created_at": 1734030332,
          "status": "fixed"
        }
      ]
    },
    {
      "categories": [
        "Authorization/Permissions",
        "Access Control Violation (High Privileged Functions - Read/Write or Write Only)"
      ],
      "exploitable_locations": [
        {
          "type": "url",
          "value": "https://dsp-api-pen-test.elsevier.cn/serviceAccount/list",
          "assets_na": false,
          "assets_uids": [
            "6720cec1bfd2c7e15373272b"
          ],
          "created_at": 1733217931,
          "status": "fixed"
        },
        {
          "type": "url",
          "value": "https://dsp-api-pen-test.elsevier.cn/serviceAccount/edit",
          "assets_na": false,
          "assets_uids": [
            "6720cec1bfd2c7e15373272b"
          ],
          "created_at": 1733217931,
          "status": "fixed"
        }
      ]
    },
    {
      "categories": [
        "Cross-Site Scripting (XSS)",
        "Reflected XSS"
      ],
      "exploitable_locations": [
        {
          "type": "url",
          "value": "https://testing.bepress.com/cgi/ir_submit.cgi",
          "assets_na": false,
          "assets_uids": [
            "63ea1bbc63b62b506d347f56"
          ],
          "created_at": 1734113356,
          "status": "fixed"
        }
      ]
    },
    {
      "categories": [
        "Information Disclosure",
        "Sensitive Directory/File Contents Disclosed"
      ],
      "exploitable_locations": [
        {
          "type": "url",
          "value": "https://launch.smarthealthit.org/env.js",
          "assets_na": false,
          "assets_uids": [
            "6745e9da90341409729e5ef6"
          ],
          "created_at": 1735762875,
          "status": "wont_fix"
        }
      ]
    },
    {
      "categories": [
        "Cryptography",
        "Cryptography Implementation Flaw"
      ],
      "exploitable_locations": [
        {
          "type": "url",
          "value": "https://launch.smarthealthit.org/v/r4/fhir/Practitioner",
          "assets_na": false,
          "assets_uids": [
            "66c4b03c43ad08d4fcd8dbc6"
          ],
          "created_at": 1735814511,
          "status": "wont_fix"
        }
      ]
    },
    {
      "categories": [
        "Cross-site Request Forgery (CSRF)",
        "CSRF-High"
      ],
      "exploitable_locations": [
        {
          "type": "url",
          "value": "https://www.elsevier.es/es-mi-cuenta-password",
          "assets_na": false,
          "assets_uids": [
            "66fd7121ef4109da42b9edc6"
          ],
          "created_at": 1735904035,
          "status": "fixed"
        }
      ]
    },
    {
      "categories": [
        "Cross-site Request Forgery (CSRF)",
        "CSRF-Low"
      ],
      "exploitable_locations": [
        {
          "type": "url",
          "value": "https://www.elsevier.es/es-mi-cuenta-direccion",
          "assets_na": false,
          "assets_uids": [
            "66fd7121ef4109da42b9edc6"
          ],
          "created_at": 1735905367,
          "status": "fixed"
        }
      ]
    },
    {
      "categories": [
        "Cross-Site Scripting (XSS)",
        "Reflected XSS"
      ],
      "exploitable_locations": [
        {
          "type": "url",
          "value": "https://www.elsevier.es/es-buscar",
          "assets_na": false,
          "assets_uids": [
            "66fd7121ef4109da42b9edc6"
          ],
          "created_at": 1733217992,
          "status": "fixed"
        }
      ]
    },
    {
      "categories": [
        "Cross-Site Scripting (XSS)",
        "Reflected XSS"
      ],
      "exploitable_locations": [
        {
          "type": "url",
          "value": "https://www.elsevier.es/es-buscar-limpiar-filtros",
          "assets_na": false,
          "assets_uids": [
            "66fd7121ef4109da42b9edc3"
          ],
          "created_at": 1737116031,
          "status": "fixed"
        }
      ]
    },
    {
      "categories": [
        "Cross-Site Scripting (XSS)",
        "Reflected XSS"
      ],
      "exploitable_locations": [
        {
          "type": "url",
          "value": "https://www.elsevier.es/es-buscar",
          "assets_na": false,
          "assets_uids": [
            "66fd7121ef4109da42b9edc6"
          ],
          "created_at": 1737130904,
          "status": "fixed"
        }
      ]
    },
    {
      "categories": [
        "Server/Application Misconfiguration",
        "Cross-Origin Resource Sharing (CORS)"
      ],
      "exploitable_locations": [
        {
          "type": "url",
          "value": "https://launch.smarthealthit.org",
          "assets_na": false,
          "assets_uids": [
            "66c4b03c43ad08d4fcd8dbc6"
          ],
          "created_at": 1737131882,
          "status": "wont_fix"
        }
      ]
    },
    {
      "categories": [
        "Cross-Site Scripting (XSS)",
        "DOM-based XSS"
      ],
      "exploitable_locations": [
        {
          "type": "url",
          "value": "https://www.pharmapendium.com/appError",
          "assets_na": false,
          "assets_uids": [
            "6720cf555239f1382ec38004"
          ],
          "created_at": 1737173853,
          "status": "pending"
        }
      ]
    },
    {
      "categories": [
        "Cross-Site Scripting (XSS)",
        "Reflected XSS"
      ],
      "exploitable_locations": [
        {
          "type": "url",
          "value": "https://www.elsevier.es/index.php",
          "assets_na": false,
          "assets_uids": [
            "66fd7121ef4109da42b9edc6"
          ],
          "created_at": 1737174618,
          "status": "fixed"
        }
      ]
    },
    {
      "categories": [
        "Authorization/Permissions",
        "Access Control Violation (Low Privileged Functions-Read Only)"
      ],
      "exploitable_locations": [
        {
          "type": "url",
          "value": "https://dsp-portal-pen-test.elsevier.cn/cops/log-transfer",
          "assets_na": false,
          "assets_uids": [
            "6720ce875239f1382ec38002"
          ],
          "created_at": 1737215335,
          "status": "pending"
        }
      ]
    },
    {
      "categories": [
        "Authorization/Permissions",
        "Access Control Violation (Low Privileged Functions-Read Only)"
      ],
      "exploitable_locations": [
        {
          "type": "url",
          "value": "https://dsp-portal-pen-test.elsevier.cn/fapiao",
          "assets_na": false,
          "assets_uids": [
            "6720ce875239f1382ec38002"
          ],
          "created_at": 1737302141,
          "status": "pending"
        }
      ]
    },
    {
      "categories": [
        "Authorization/Permissions",
        "Insecure Direct Object Reference (Read & Write)"
      ],
      "exploitable_locations": [
        {
          "type": "url",
          "value": "https://www.pharmapendium.com/services/contactGroups/create",
          "assets_na": false,
          "assets_uids": [
            "6720cf555239f1382ec38004"
          ],
          "created_at": 1733218087,
          "status": "pending"
        }
      ]
    },
    {
      "categories": [
        "Authorization/Permissions",
        "Server Side Request Forgery(SSRF)- Full"
      ],
      "exploitable_locations": [
        {
          "type": "url",
          "value": "https://dsp-api-pen-test.elsevier.cn/sys/common/transitRESTful",
          "assets_na": false,
          "assets_uids": [
            "6720cec1bfd2c7e15373272e"
          ],
          "created_at": 1737306482,
          "status": "pending"
        }
      ]
    },
    {
      "categories": [
        "Cross-Site Scripting (XSS)",
        "Persistent XSS"
      ],
      "exploitable_locations": [
        {
          "type": "url",
          "value": "https://testing.bepress.com/cgi/ir_submit.cgi",
          "assets_na": false,
          "assets_uids": [
            "63ea1bbc63b62b506d347f56"
          ],
          "created_at": 1737310707,
          "status": "fixed"
        }
      ]
    },
    {
      "categories": [
        "Functional/Business Logic",
        "Improper Input Validation"
      ],
      "exploitable_locations": [
        {
          "type": "url",
          "value": "https://dsp-api-pen-test.elsevier.cn/wechat/accounttag/edit",
          "assets_na": false,
          "assets_uids": [
            "6720cec1bfd2c7e15373272e"
          ],
          "created_at": 1737360372,
          "status": "pending"
        }
      ]
    },
    {
      "categories": [
        "Functional/Business Logic",
        "Client Side Validation"
      ],
      "exploitable_locations": [
        {
          "type": "url",
          "value": "https://dsp-api-pen-test.elsevier.cn/st/manuscript/subscribe/edit",
          "assets_na": false,
          "assets_uids": [
            "6720cec1bfd2c7e15373272e"
          ],
          "created_at": 1737358481,
          "status": "pending"
        }
      ]
    },
    {
      "categories": [
        "Functional/Business Logic",
        "Improper Input Validation"
      ],
      "exploitable_locations": [
        {
          "type": "url",
          "value": "https://dsp-api-pen-test.elsevier.cn/st/journal/tag/edit",
          "assets_na": false,
          "assets_uids": [
            "6720cec1bfd2c7e15373272e"
          ],
          "created_at": 1737360443,
          "status": "pending"
        }
      ]
    },
    {
      "categories": [
        "Cross-Site Scripting (XSS)",
        "Reflected XSS"
      ],
      "exploitable_locations": [
        {
          "type": "url",
          "value": "https://www.elsevier.es/es-covid",
          "assets_na": false,
          "assets_uids": [
            "66fd7121ef4109da42b9edc6"
          ],
          "created_at": 1737360314,
          "status": "fixed"
        }
      ]
    },
    {
      "categories": [
        "Functional/Business Logic",
        "Improper Input Validation"
      ],
      "exploitable_locations": [
        {
          "type": "url",
          "value": "https://dsp-api-pen-test.elsevier.cn/st/file/add",
          "assets_na": false,
          "assets_uids": [
            "6720cec1bfd2c7e15373272e"
          ],
          "created_at": 1737361174,
          "status": "pending"
        }
      ]
    },
    {
      "categories": [
        "Authorization/Permissions",
        "Access Control Violation (High Privileged Functions - Read/Write or Write Only)"
      ],
      "exploitable_locations": [
        {
          "type": "url",
          "value": "https://dsp-api-pen-test.elsevier.cn/sys/role/add",
          "assets_na": false,
          "assets_uids": [
            "6720cec1bfd2c7e15373272e"
          ],
          "created_at": 1733218105,
          "status": "fixed"
        },
        {
          "type": "url",
          "value": "https://dsp-api-pen-test.elsevier.cn/sys/role/list",
          "assets_na": false,
          "assets_uids": [
            "6720cec1bfd2c7e15373272e"
          ],
          "created_at": 1733218105,
          "status": "fixed"
        },
        {
          "type": "url",
          "value": "https://dsp-api-pen-test.elsevier.cn/sys/role/edit",
          "assets_na": false,
          "assets_uids": [
            "6720cec1bfd2c7e15373272e"
          ],
          "created_at": 1733218105,
          "status": "fixed"
        }
      ]
    },
    {
      "categories": [
        "Functional/Business Logic",
        "Improper Input Validation"
      ],
      "exploitable_locations": [
        {
          "type": "url",
          "value": "https://dsp-api-pen-test.elsevier.cn/wechat/accounttag/add",
          "assets_na": false,
          "assets_uids": [
            "6720cec1bfd2c7e15373272e"
          ],
          "created_at": 1737362939,
          "status": "pending"
        }
      ]
    },
    {
      "categories": [
        "Cross-Site Scripting (XSS)",
        "Persistent XSS"
      ],
      "exploitable_locations": [
        {
          "type": "url",
          "value": "https://dsp-api-pen-test.elsevier.cn/sys/annountCement/edit",
          "assets_na": false,
          "assets_uids": [
            "6720cec1bfd2c7e15373272e"
          ],
          "created_at": 1737363529,
          "status": "pending"
        }
      ]
    },
    {
      "categories": [
        "Cross-Site Scripting (XSS)",
        "Persistent XSS"
      ],
      "exploitable_locations": [
        {
          "type": "url",
          "value": "https://dsp-api-pen-test.elsevier.cn/sys/annountCement/add",
          "assets_na": false,
          "assets_uids": [
            "6720cec1bfd2c7e15373272e"
          ],
          "created_at": 1737364748,
          "status": "pending"
        }
      ]
    },
    {
      "categories": [
        "Cross-Site Scripting (XSS)",
        "Reflected XSS"
      ],
      "exploitable_locations": [
        {
          "type": "url",
          "value": "https://www.elsevier.es/en-colecciones-tematicas-casos-clinicos-1",
          "assets_na": false,
          "assets_uids": [
            "66fd7121ef4109da42b9edc3"
          ],
          "created_at": 1737374505,
          "status": "fixed"
        }
      ]
    },
    {
      "categories": [
        "Cross-Site Scripting (XSS)",
        "Reflected XSS"
      ],
      "exploitable_locations": [
        {
          "type": "url",
          "value": "https://www.elsevier.es/es-colecciones-tematicas-aviso-email",
          "assets_na": false,
          "assets_uids": [
            "66fd7121ef4109da42b9edc3"
          ],
          "created_at": 1737375123,
          "status": "fixed"
        }
      ]
    },
    {
      "categories": [
        "Cross-Site Scripting (XSS)",
        "Reflected XSS"
      ],
      "exploitable_locations": [
        {
          "type": "url",
          "value": "https://www.elsevier.es/en-buscar",
          "assets_na": false,
          "assets_uids": [
            "66fd7121ef4109da42b9edc3"
          ],
          "created_at": 1737382528,
          "status": "fixed"
        }
      ]
    },
    {
      "categories": [
        "Authorization/Permissions",
        "Access Control Violation (High Privileged Functions - Read/Write or Write Only)"
      ],
      "exploitable_locations": [
        {
          "type": "url",
          "value": "https://dsp-api-pen-test.elsevier.cn/billing/data/upload",
          "assets_na": false,
          "assets_uids": [
            "6720cec1bfd2c7e15373272b"
          ],
          "created_at": 1737396667,
          "status": "pending"
        }
      ]
    },
    {
      "categories": [
        "Authorization/Permissions",
        "Access Control Violation (High Privileged Functions - Read/Write or Write Only)"
      ],
      "exploitable_locations": [
        {
          "type": "url",
          "value": "https://dsp-api-pen-test.elsevier.cn/wechat/usertag/list",
          "assets_na": false,
          "assets_uids": [
            "6720cec1bfd2c7e15373272b"
          ],
          "created_at": 1733218292,
          "status": "fixed"
        },
        {
          "type": "url",
          "value": "https://dsp-api-pen-test.elsevier.cn/wechat/accounttag/edit",
          "assets_na": false,
          "assets_uids": [
            "6720cec1bfd2c7e15373272b"
          ],
          "created_at": 1733218292,
          "status": "fixed"
        }
      ]
    }
  ]
}