{
  "listing_id": "iakvo4ftu4",
  "type": "categories",
  "value": [
    {
      "categories": [
        "Authorization/Permissions",
        "Insecure Direct Object Reference (Read-Only)"
      ],
      "exploitable_locations": [
        {
          "type": "url",
          "value": "https://m.ruralvia.com/cms/dinamico/system/modules/com.alkacon.opencms.formgenerator/elements/formexport.jsp",
          "assets_na": false,
          "assets_uids": [
            "6560d145000dbd2e5258a3d3"
          ],
          "created_at": 1739552186,
          "status": "pending"
        }
      ]
    }
  ]
}