{
  "listing_id": "isc7f4e7bj",
  "type": "categories",
  "value": [
    {
      "categories": [
        "Information Disclosure",
        "Sensitive Directory/File Contents Disclosed"
      ],
      "exploitable_locations": [
        {
          "type": "url",
          "value": "https://192.35.79.232/dead.letter",
          "created_at": 1645563794,
          "status": "fixed"
        },
        {
          "type": "ip",
          "protocol": "tcp",
          "address": "192.35.79.232",
          "port": "443",
          "created_at": 1645563794,
          "status": "fixed"
        },
        {
          "type": "url",
          "value": "https://www.lerner.ccf.org/education/postdoc/application/*",
          "created_at": 1645563794,
          "status": "fixed"
        }
      ]
    },
    {
      "categories": [
        "Authorization/Permissions",
        "Server Side Request Forgery(SSRF)- Limited"
      ],
      "exploitable_locations": [
        {
          "type": "ip",
          "protocol": "tcp",
          "address": "192.35.79.185",
          "port": "443",
          "created_at": 1646691677,
          "status": "fixed"
        },
        {
          "type": "ip",
          "protocol": "tcp",
          "address": "192.35.79.89",
          "port": "80",
          "created_at": 1646691677,
          "status": "fixed"
        },
        {
          "type": "ip",
          "protocol": "tcp",
          "address": "192.35.79.246",
          "port": "80",
          "created_at": 1646691677,
          "status": "fixed"
        },
        {
          "type": "ip",
          "protocol": "tcp",
          "address": "192.35.79.201",
          "port": "80",
          "created_at": 1646691677,
          "status": "fixed"
        },
        {
          "type": "ip",
          "protocol": "tcp",
          "address": "192.35.79.143",
          "port": "80",
          "created_at": 1646691677,
          "status": "fixed"
        },
        {
          "type": "ip",
          "protocol": "tcp",
          "address": "192.35.79.142",
          "port": "80",
          "created_at": 1646691677,
          "status": "fixed"
        }
      ]
    },
    {
      "categories": [
        "SQL Injection",
        "SQL Injection- Full"
      ],
      "exploitable_locations": [
        {
          "type": "ip",
          "protocol": "tcp",
          "address": "192.35.79.249",
          "port": "443",
          "assets_na": false,
          "assets_uids": [
            "ee307918168998876e83585c"
          ],
          "created_at": 1695781774,
          "status": "fixed"
        },
        {
          "type": "url",
          "value": "https://itview.ccf.org/WebService/AQNetWebService.asmx/DownloadImageData",
          "assets_na": false,
          "assets_uids": [
            "ee307918168998876e83585c"
          ],
          "created_at": 1695781774,
          "status": "fixed"
        },
        {
          "type": "url",
          "value": "https://itview.ccf.org/WebService/AQNetWebService.asmx/DownloadStudyData",
          "assets_na": false,
          "assets_uids": [
            "ee307918168998876e83585c"
          ],
          "created_at": 1695781774,
          "status": "fixed"
        },
        {
          "type": "url",
          "value": "https://itview.ccf.org/WebService/AQNetWebService.asmx/DownloadSeriesInfo",
          "assets_na": false,
          "assets_uids": [
            "ee307918168998876e83585c"
          ],
          "created_at": 1695781774,
          "status": "fixed"
        }
      ]
    },
    {
      "categories": [
        "SQL Injection",
        "SQL Injection- Full"
      ],
      "exploitable_locations": [
        {
          "type": "url",
          "value": "https://itview.ccf.org/WebService/AQNetWebService.asmx/IsTokenValid",
          "assets_na": false,
          "assets_uids": [
            "ee307918168998876e83585c"
          ],
          "created_at": 1695781795,
          "status": "fixed"
        },
        {
          "type": "ip",
          "protocol": "tcp",
          "address": "192.35.79.249",
          "port": "443",
          "assets_na": false,
          "assets_uids": [
            "ee307918168998876e83585c"
          ],
          "created_at": 1695781795,
          "status": "fixed"
        }
      ]
    },
    {
      "categories": [
        "SQL Injection",
        "SQL Injection- Full"
      ],
      "exploitable_locations": [
        {
          "type": "ip",
          "protocol": "tcp",
          "address": "192.35.79.249",
          "port": "443",
          "assets_na": false,
          "assets_uids": [
            "ee307918168998876e83585c"
          ],
          "created_at": 1695781819,
          "status": "fixed"
        },
        {
          "type": "url",
          "value": "https://itview.ccf.org/WebService/AQNetWebService.asmx/GetTempUserinGroup",
          "assets_na": false,
          "assets_uids": [
            "ee307918168998876e83585c"
          ],
          "created_at": 1695781819,
          "status": "fixed"
        }
      ]
    },
    {
      "categories": [
        "Information Disclosure",
        "Sensitive Client Information Disclosed"
      ],
      "exploitable_locations": [
        {
          "type": "url",
          "value": "https://206.244.170.15/oauth/idp/.well-known/openid-configuration",
          "assets_na": false,
          "assets_uids": [
            "2593ae450e0361e98d2c078e",
            "6286580a02fc72e87a456260",
            "7076caf67b5a1d2ce2b23ac0"
          ],
          "created_at": 1698147277,
          "status": "fixed"
        },
        {
          "type": "url",
          "value": "https://192.35.79.88/oauth/idp/.well-known/openid-configuration",
          "assets_na": false,
          "assets_uids": [
            "2593ae450e0361e98d2c078e",
            "6286580a02fc72e87a456260",
            "7076caf67b5a1d2ce2b23ac0"
          ],
          "created_at": 1698147277,
          "status": "fixed"
        },
        {
          "type": "url",
          "value": "https://192.35.79.154/oauth/idp/.well-known/openid-configuration",
          "assets_na": false,
          "assets_uids": [
            "2593ae450e0361e98d2c078e",
            "6286580a02fc72e87a456260",
            "7076caf67b5a1d2ce2b23ac0"
          ],
          "created_at": 1698147277,
          "status": "fixed"
        }
      ]
    },
    {
      "categories": [
        "Information Disclosure",
        "Leaked Credentials (Low Privilege)"
      ],
      "exploitable_locations": [
        {
          "type": "ip",
          "protocol": "tcp",
          "address": "98.103.157.87",
          "port": "443",
          "assets_na": true,
          "assets_uids": [],
          "created_at": 1707252980,
          "status": "fixed"
        }
      ]
    },
    {
      "categories": [
        "Information Disclosure",
        "Leaked Credentials (Low Privilege)"
      ],
      "exploitable_locations": [
        {
          "type": "ip",
          "protocol": "tcp",
          "address": "192.35.79.127",
          "port": "443",
          "assets_na": true,
          "assets_uids": [],
          "created_at": 1710074385,
          "status": "fixed"
        }
      ]
    },
    {
      "categories": [
        "Remote Execution",
        "Remote Code Execution"
      ],
      "exploitable_locations": [
        {
          "type": "ip",
          "protocol": "tcp",
          "address": "192.35.79.223",
          "port": "443",
          "assets_na": true,
          "assets_uids": [],
          "created_at": 1715284833,
          "status": "fixed"
        },
        {
          "type": "url",
          "value": "https://my.clevelandclinic.org/sitecore/login",
          "assets_na": true,
          "assets_uids": [],
          "created_at": 1715284833,
          "status": "fixed"
        }
      ]
    },
    {
      "categories": [
        "Remote Execution",
        "Remote Code Execution"
      ],
      "exploitable_locations": [
        {
          "type": "ip",
          "protocol": "tcp",
          "address": "192.35.79.31",
          "port": "443",
          "assets_na": true,
          "assets_uids": [],
          "created_at": 1715580833,
          "status": "fixed"
        },
        {
          "type": "ip",
          "protocol": "tcp",
          "address": "192.35.79.35",
          "port": "443",
          "assets_na": true,
          "assets_uids": [],
          "created_at": 1715580833,
          "status": "fixed"
        },
        {
          "type": "ip",
          "protocol": "tcp",
          "address": "192.35.79.38",
          "port": "443",
          "assets_na": true,
          "assets_uids": [],
          "created_at": 1715580833,
          "status": "fixed"
        },
        {
          "type": "ip",
          "protocol": "tcp",
          "address": "192.35.79.39",
          "port": "443",
          "assets_na": true,
          "assets_uids": [],
          "created_at": 1715580833,
          "status": "fixed"
        },
        {
          "type": "url",
          "value": "https://empwellfittst.ccf.org/empwellfit/ApplicationDocuments2018/process.asp",
          "assets_na": true,
          "assets_uids": [],
          "created_at": 1715580833,
          "status": "fixed"
        },
        {
          "type": "url",
          "value": "https://empwellfittst.ccf.org/empwellfitAPP/ApplicationDocuments2022/process.asp",
          "assets_na": true,
          "assets_uids": [],
          "created_at": 1715580833,
          "status": "fixed"
        },
        {
          "type": "url",
          "value": "https://biospecrequesttst.ccf.org/empwellfit/ApplicationDocuments2018/process.asp",
          "assets_na": true,
          "assets_uids": [],
          "created_at": 1715580833,
          "status": "fixed"
        },
        {
          "type": "url",
          "value": "https://biospecrequesttst.ccf.org/empwellfitAPP/ApplicationDocuments2022/process.asp",
          "assets_na": true,
          "assets_uids": [],
          "created_at": 1715580833,
          "status": "fixed"
        },
        {
          "type": "url",
          "value": "https://vendordemexttst.ccf.org/empwellfit/ApplicationDocuments2018/process.asp",
          "assets_na": true,
          "assets_uids": [],
          "created_at": 1715580833,
          "status": "fixed"
        },
        {
          "type": "url",
          "value": "https://vendordemexttst.ccf.org/empwellfit/ApplicationDocuments2018/process.asp",
          "assets_na": true,
          "assets_uids": [],
          "created_at": 1715580833,
          "status": "fixed"
        }
      ]
    },
    {
      "categories": [
        "Authorization/Permissions",
        "Path Traversal"
      ],
      "exploitable_locations": [
        {
          "type": "ip",
          "protocol": "tcp",
          "address": "192.35.79.31",
          "port": "443",
          "assets_na": true,
          "assets_uids": [],
          "created_at": 1715580838,
          "status": "fixed"
        },
        {
          "type": "ip",
          "protocol": "tcp",
          "address": "192.35.79.35",
          "port": "443",
          "assets_na": true,
          "assets_uids": [],
          "created_at": 1715580838,
          "status": "fixed"
        },
        {
          "type": "ip",
          "protocol": "tcp",
          "address": "192.35.79.38",
          "port": "443",
          "assets_na": true,
          "assets_uids": [],
          "created_at": 1715580838,
          "status": "fixed"
        },
        {
          "type": "ip",
          "protocol": "tcp",
          "address": "192.35.79.39",
          "port": "443",
          "assets_na": true,
          "assets_uids": [],
          "created_at": 1715580838,
          "status": "fixed"
        },
        {
          "type": "url",
          "value": "https://empwellfittst.ccf.org/empwellfit/ApplicationDocuments2018/process.asp",
          "assets_na": true,
          "assets_uids": [],
          "created_at": 1715580838,
          "status": "fixed"
        },
        {
          "type": "url",
          "value": "https://empwellfittst.ccf.org/empwellfitAPP/ApplicationDocuments2022/process.asp",
          "assets_na": true,
          "assets_uids": [],
          "created_at": 1715580838,
          "status": "fixed"
        },
        {
          "type": "url",
          "value": "https://biospecrequesttst.ccf.org/empwellfit/ApplicationDocuments2018/process.asp",
          "assets_na": true,
          "assets_uids": [],
          "created_at": 1715580838,
          "status": "fixed"
        },
        {
          "type": "url",
          "value": "https://biospecrequesttst.ccf.org/empwellfitAPP/ApplicationDocuments2022/process.asp",
          "assets_na": true,
          "assets_uids": [],
          "created_at": 1715580838,
          "status": "fixed"
        },
        {
          "type": "url",
          "value": "https://vendordemexttst.ccf.org/empwellfit/ApplicationDocuments2018/process.asp",
          "assets_na": true,
          "assets_uids": [],
          "created_at": 1715580838,
          "status": "fixed"
        },
        {
          "type": "url",
          "value": "https://vendordemexttst.ccf.org/empwellfit/ApplicationDocuments2018/process.asp",
          "assets_na": true,
          "assets_uids": [],
          "created_at": 1715580838,
          "status": "fixed"
        }
      ]
    },
    {
      "categories": [
        "Remote Execution",
        "Remote Code Execution"
      ],
      "exploitable_locations": [
        {
          "type": "ip",
          "protocol": "tcp",
          "address": "192.35.79.31",
          "port": "443",
          "assets_na": true,
          "assets_uids": [],
          "created_at": 1715580849,
          "status": "fixed"
        },
        {
          "type": "ip",
          "protocol": "tcp",
          "address": "192.35.79.35",
          "port": "443",
          "assets_na": true,
          "assets_uids": [],
          "created_at": 1715580849,
          "status": "fixed"
        },
        {
          "type": "ip",
          "protocol": "tcp",
          "address": "192.35.79.38",
          "port": "443",
          "assets_na": true,
          "assets_uids": [],
          "created_at": 1715580849,
          "status": "fixed"
        },
        {
          "type": "ip",
          "protocol": "tcp",
          "address": "192.35.79.39",
          "port": "443",
          "assets_na": true,
          "assets_uids": [],
          "created_at": 1715580849,
          "status": "fixed"
        },
        {
          "type": "url",
          "value": "https://cloudflaretest.clevelandclinic.org/sitecore/login",
          "assets_na": true,
          "assets_uids": [],
          "created_at": 1715580849,
          "status": "fixed"
        }
      ]
    },
    {
      "categories": [
        "Authentication/Session Management",
        "Default Credentials Non-Admin"
      ],
      "exploitable_locations": [
        {
          "type": "ip",
          "protocol": "tcp",
          "address": "192.35.79.31",
          "port": "443",
          "assets_na": true,
          "assets_uids": [],
          "created_at": 1716230517,
          "status": "fixed"
        },
        {
          "type": "url",
          "value": "https://tstmychart.ccf.org/asset-manager-web/",
          "assets_na": true,
          "assets_uids": [],
          "created_at": 1716230517,
          "status": "fixed"
        },
        {
          "type": "ip",
          "protocol": "tcp",
          "address": "192.35.79.38",
          "port": "443",
          "assets_na": true,
          "assets_uids": [],
          "created_at": 1716230517,
          "status": "fixed"
        },
        {
          "type": "ip",
          "protocol": "tcp",
          "address": "192.35.79.39",
          "port": "443",
          "assets_na": true,
          "assets_uids": [],
          "created_at": 1716230517,
          "status": "fixed"
        },
        {
          "type": "ip",
          "protocol": "tcp",
          "address": "192.35.79.35",
          "port": "443",
          "assets_na": true,
          "assets_uids": [],
          "created_at": 1716230517,
          "status": "fixed"
        },
        {
          "type": "ip",
          "protocol": "tcp",
          "address": "192.35.79.33",
          "port": "443",
          "assets_na": true,
          "assets_uids": [],
          "created_at": 1716230517,
          "status": "fixed"
        }
      ]
    },
    {
      "categories": [
        "SQL Injection",
        "SQL Injection- Full"
      ],
      "exploitable_locations": [
        {
          "type": "ip",
          "protocol": "tcp",
          "address": "192.35.79.223",
          "port": "443",
          "assets_na": true,
          "assets_uids": [],
          "created_at": 1716292959,
          "status": "fixed"
        },
        {
          "type": "ip",
          "protocol": "tcp",
          "address": "192.35.79.249",
          "port": "443",
          "assets_na": true,
          "assets_uids": [],
          "created_at": 1716292959,
          "status": "fixed"
        },
        {
          "type": "url",
          "value": "https://192.35.79.249/onlinelearning/cometvs10/csharpMobileService.aspx",
          "assets_na": true,
          "assets_uids": [],
          "created_at": 1716292959,
          "status": "fixed"
        },
        {
          "type": "url",
          "value": "https://192.35.79.223/onlinelearning/cometvs10/csharpMobileService.aspx",
          "assets_na": true,
          "assets_uids": [],
          "created_at": 1716292959,
          "status": "fixed"
        }
      ]
    },
    {
      "categories": [
        "Authorization/Permissions",
        "Access Control Violation (High Privileged Functions - Read/Write or Write Only)"
      ],
      "exploitable_locations": [
        {
          "type": "url",
          "value": "https://192.35.79.249/printers/",
          "assets_na": true,
          "assets_uids": [],
          "created_at": 1716384655,
          "status": "fixed"
        },
        {
          "type": "ip",
          "protocol": "tcp",
          "address": "192.35.79.249",
          "port": "443",
          "assets_na": true,
          "assets_uids": [],
          "created_at": 1716384655,
          "status": "fixed"
        },
        {
          "type": "url",
          "value": "https://192.35.79.139/printers",
          "assets_na": true,
          "assets_uids": [],
          "created_at": 1716384655,
          "status": "fixed"
        },
        {
          "type": "url",
          "value": "https://192.35.79.202/printers",
          "assets_na": true,
          "assets_uids": [],
          "created_at": 1716384655,
          "status": "fixed"
        },
        {
          "type": "url",
          "value": "https://192.35.79.223/printers",
          "assets_na": true,
          "assets_uids": [],
          "created_at": 1716384655,
          "status": "fixed"
        },
        {
          "type": "ip",
          "protocol": "tcp",
          "address": "192.35.79.139",
          "port": "443",
          "assets_na": true,
          "assets_uids": [],
          "created_at": 1716384655,
          "status": "fixed"
        },
        {
          "type": "ip",
          "protocol": "tcp",
          "address": "192.35.79.202",
          "port": "443",
          "assets_na": true,
          "assets_uids": [],
          "created_at": 1716384655,
          "status": "fixed"
        },
        {
          "type": "ip",
          "protocol": "tcp",
          "address": "192.35.79.223",
          "port": "443",
          "assets_na": true,
          "assets_uids": [],
          "created_at": 1716384655,
          "status": "fixed"
        }
      ]
    },
    {
      "categories": [
        "Authorization/Permissions",
        "File Inclusion (No execution)"
      ],
      "exploitable_locations": [
        {
          "type": "url",
          "value": "https://212.36.144.33/clients/MyCRL",
          "assets_na": true,
          "assets_uids": [],
          "created_at": 1717045458,
          "status": "fixed"
        }
      ]
    },
    {
      "categories": [
        "SQL Injection",
        "SQL Injection- Full"
      ],
      "exploitable_locations": [
        {
          "type": "ip",
          "protocol": "tcp",
          "address": "192.35.79.135",
          "port": "443",
          "assets_na": false,
          "assets_uids": [
            "b95ca54e22b0838957bdbb7b"
          ],
          "created_at": 1719345456,
          "status": "fixed"
        },
        {
          "type": "ip",
          "protocol": "tcp",
          "address": "192.35.79.141",
          "port": "443",
          "assets_na": false,
          "assets_uids": [
            "cfc070a9bd3cc8b7ba4741d2"
          ],
          "created_at": 1719345456,
          "status": "fixed"
        },
        {
          "type": "ip",
          "protocol": "tcp",
          "address": "192.35.79.152",
          "port": "443",
          "assets_na": false,
          "assets_uids": [
            "f8f5fe92a35a2dde0d1d39ed"
          ],
          "created_at": 1719345456,
          "status": "fixed"
        },
        {
          "type": "ip",
          "protocol": "tcp",
          "address": "192.35.79.246",
          "port": "443",
          "assets_na": false,
          "assets_uids": [
            "4e824a70fb3fc4f9a87c8a30"
          ],
          "created_at": 1719345456,
          "status": "fixed"
        },
        {
          "type": "url",
          "value": "https://biospecrequesttst.ccf.org/EMPWellManage/ApplicationDocuments2018/process.asp",
          "assets_na": true,
          "assets_uids": [],
          "created_at": 1719345456,
          "status": "fixed"
        },
        {
          "type": "other",
          "value": "CreateSearchServerResponse action",
          "assets_na": true,
          "assets_uids": [],
          "created_at": 1719345456,
          "status": "fixed"
        },
        {
          "type": "url",
          "value": "https://vendordemexttst.ccf.org/EMPWellManage/ApplicationDocuments2018/process.asp",
          "assets_na": true,
          "assets_uids": [],
          "created_at": 1719345456,
          "status": "fixed"
        },
        {
          "type": "other",
          "value": "CreateSearchServerResponse action",
          "assets_na": true,
          "assets_uids": [],
          "created_at": 1719345456,
          "status": "fixed"
        },
        {
          "type": "url",
          "value": "https://biospecrequesttst.ccf.org/EMPWellManage/ApplicationDocuments2018/temp/<guid>_SearchResults.aspx",
          "assets_na": true,
          "assets_uids": [],
          "created_at": 1719345456,
          "status": "fixed"
        },
        {
          "type": "url",
          "value": "https://vendordemexttst.ccf.org/EMPWellManage/ApplicationDocuments2018/temp/<guid>_SearchResults.aspx",
          "assets_na": true,
          "assets_uids": [],
          "created_at": 1719345456,
          "status": "fixed"
        }
      ]
    },
    {
      "categories": [
        "SQL Injection",
        "SQL Injection- Full"
      ],
      "exploitable_locations": [
        {
          "type": "ip",
          "protocol": "tcp",
          "address": "192.35.79.135",
          "port": "443",
          "assets_na": false,
          "assets_uids": [
            "b95ca54e22b0838957bdbb7b"
          ],
          "created_at": 1719345482,
          "status": "fixed"
        },
        {
          "type": "ip",
          "protocol": "tcp",
          "address": "192.35.79.141",
          "port": "443",
          "assets_na": false,
          "assets_uids": [
            "cfc070a9bd3cc8b7ba4741d2"
          ],
          "created_at": 1719345482,
          "status": "fixed"
        },
        {
          "type": "ip",
          "protocol": "tcp",
          "address": "192.35.79.152",
          "port": "443",
          "assets_na": false,
          "assets_uids": [
            "f8f5fe92a35a2dde0d1d39ed"
          ],
          "created_at": 1719345482,
          "status": "fixed"
        },
        {
          "type": "ip",
          "protocol": "tcp",
          "address": "192.35.79.246",
          "port": "443",
          "assets_na": false,
          "assets_uids": [
            "4e824a70fb3fc4f9a87c8a30"
          ],
          "created_at": 1719345482,
          "status": "fixed"
        },
        {
          "type": "url",
          "value": "https://biospecrequesttst.ccf.org/EMPWellManage/ApplicationDocuments2018/process.asp",
          "assets_na": true,
          "assets_uids": [],
          "created_at": 1719345482,
          "status": "fixed"
        },
        {
          "type": "other",
          "value": "CreateLUPServerResponse action",
          "assets_na": true,
          "assets_uids": [],
          "created_at": 1719345482,
          "status": "fixed"
        },
        {
          "type": "url",
          "value": "https://vendordemexttst.ccf.org/EMPWellManage/ApplicationDocuments2018/process.asp",
          "assets_na": true,
          "assets_uids": [],
          "created_at": 1719345482,
          "status": "fixed"
        },
        {
          "type": "other",
          "value": "CreateLUPServerResponse action",
          "assets_na": true,
          "assets_uids": [],
          "created_at": 1719345482,
          "status": "fixed"
        },
        {
          "type": "url",
          "value": "https://biospecrequesttst.ccf.org/EMPWellManage/ApplicationDocuments2018/temp/<guid>_ServerResponse.html",
          "assets_na": true,
          "assets_uids": [],
          "created_at": 1719345482,
          "status": "fixed"
        },
        {
          "type": "url",
          "value": "https://vendordemexttst.ccf.org/EMPWellManage/ApplicationDocuments2018/temp/<guid>_ServerResponse.html",
          "assets_na": true,
          "assets_uids": [],
          "created_at": 1719345482,
          "status": "fixed"
        }
      ]
    },
    {
      "categories": [
        "Authorization/Permissions",
        "Access Control Violation (High Privileged Functions - Read/Write or Write Only)"
      ],
      "exploitable_locations": [
        {
          "type": "ip",
          "protocol": "tcp",
          "address": "192.35.79.135",
          "port": "443",
          "assets_na": false,
          "assets_uids": [
            "b95ca54e22b0838957bdbb7b"
          ],
          "created_at": 1719345506,
          "status": "fixed"
        },
        {
          "type": "ip",
          "protocol": "tcp",
          "address": "192.35.79.141",
          "port": "443",
          "assets_na": false,
          "assets_uids": [
            "cfc070a9bd3cc8b7ba4741d2"
          ],
          "created_at": 1719345506,
          "status": "fixed"
        },
        {
          "type": "ip",
          "protocol": "tcp",
          "address": "192.35.79.152",
          "port": "443",
          "assets_na": false,
          "assets_uids": [
            "f8f5fe92a35a2dde0d1d39ed"
          ],
          "created_at": 1719345506,
          "status": "fixed"
        },
        {
          "type": "ip",
          "protocol": "tcp",
          "address": "192.35.79.246",
          "port": "443",
          "assets_na": false,
          "assets_uids": [
            "4e824a70fb3fc4f9a87c8a30"
          ],
          "created_at": 1719345506,
          "status": "fixed"
        },
        {
          "type": "url",
          "value": "https://biospecrequesttst.ccf.org/EMPWellManage/ApplicationDocuments2018/Admin.aspx",
          "assets_na": true,
          "assets_uids": [],
          "created_at": 1719345506,
          "status": "fixed"
        },
        {
          "type": "url",
          "value": "https://biospecrequesttst.ccf.org/EMPWellManage/ApplicationDocuments2018/Search.aspx",
          "assets_na": true,
          "assets_uids": [],
          "created_at": 1719345506,
          "status": "fixed"
        },
        {
          "type": "url",
          "value": "https://biospecrequesttst.ccf.org/EMPWellManage/ApplicationDocuments2018/AFKW-LUP.aspx",
          "assets_na": true,
          "assets_uids": [],
          "created_at": 1719345506,
          "status": "fixed"
        },
        {
          "type": "url",
          "value": "https://biospecrequesttst.ccf.org/EMPWellManage/ApplicationDocuments2018/AFKW-MNU.aspx",
          "assets_na": true,
          "assets_uids": [],
          "created_at": 1719345506,
          "status": "fixed"
        },
        {
          "type": "url",
          "value": "https://biospecrequesttst.ccf.org/EMPWellManage/ApplicationDocuments2018/process.asp",
          "assets_na": true,
          "assets_uids": [],
          "created_at": 1719345506,
          "status": "fixed"
        },
        {
          "type": "other",
          "value": "CreateLUPServerResponse, CreateSearchServerResponse, CreateLoadAppInfoServerResponse,CreateMNUServerResponse actions",
          "assets_na": true,
          "assets_uids": [],
          "created_at": 1719345506,
          "status": "fixed"
        },
        {
          "type": "url",
          "value": "https://vendordemexttst.ccf.org/EMPWellManage/ApplicationDocuments2018/Admin.aspx",
          "assets_na": true,
          "assets_uids": [],
          "created_at": 1719345506,
          "status": "fixed"
        },
        {
          "type": "url",
          "value": "https://vendordemexttst.ccf.org/EMPWellManage/ApplicationDocuments2018/Search.aspx",
          "assets_na": true,
          "assets_uids": [],
          "created_at": 1719345506,
          "status": "fixed"
        },
        {
          "type": "url",
          "value": "https://vendordemexttst.ccf.org/EMPWellManage/ApplicationDocuments2018/AFKW-LUP.aspx",
          "assets_na": true,
          "assets_uids": [],
          "created_at": 1719345506,
          "status": "fixed"
        },
        {
          "type": "url",
          "value": "https://vendordemexttst.ccf.org/EMPWellManage/ApplicationDocuments2018/AFKW-MNU.aspx",
          "assets_na": true,
          "assets_uids": [],
          "created_at": 1719345506,
          "status": "fixed"
        },
        {
          "type": "url",
          "value": "https://vendordemexttst.ccf.org/EMPWellManage/ApplicationDocuments2018/process.asp",
          "assets_na": true,
          "assets_uids": [],
          "created_at": 1719345506,
          "status": "fixed"
        },
        {
          "type": "other",
          "value": "CreateLUPServerResponse, CreateSearchServerResponse, CreateLoadAppInfoServerResponse,CreateMNUServerResponse actions",
          "assets_na": true,
          "assets_uids": [],
          "created_at": 1719345506,
          "status": "fixed"
        }
      ]
    },
    {
      "categories": [
        "Authorization/Permissions",
        "Server Side Request Forgery(SSRF)- Full"
      ],
      "exploitable_locations": [
        {
          "type": "ip",
          "protocol": "tcp",
          "address": "192.35.79.135",
          "port": "443",
          "assets_na": false,
          "assets_uids": [
            "b95ca54e22b0838957bdbb7b"
          ],
          "created_at": 1719345526,
          "status": "fixed"
        },
        {
          "type": "ip",
          "protocol": "tcp",
          "address": "192.35.79.141",
          "port": "443",
          "assets_na": false,
          "assets_uids": [
            "cfc070a9bd3cc8b7ba4741d2"
          ],
          "created_at": 1719345526,
          "status": "fixed"
        },
        {
          "type": "ip",
          "protocol": "tcp",
          "address": "192.35.79.152",
          "port": "443",
          "assets_na": false,
          "assets_uids": [
            "f8f5fe92a35a2dde0d1d39ed"
          ],
          "created_at": 1719345526,
          "status": "fixed"
        },
        {
          "type": "ip",
          "protocol": "tcp",
          "address": "192.35.79.243",
          "port": "443",
          "assets_na": false,
          "assets_uids": [
            "afd8eea537170160949f59c8"
          ],
          "created_at": 1719345526,
          "status": "fixed"
        },
        {
          "type": "ip",
          "protocol": "tcp",
          "address": "192.35.79.246",
          "port": "443",
          "assets_na": false,
          "assets_uids": [
            "4e824a70fb3fc4f9a87c8a30"
          ],
          "created_at": 1719345526,
          "status": "fixed"
        }
      ]
    },
    {
      "categories": [
        "Remote Execution",
        "Remote Code Execution"
      ],
      "exploitable_locations": [
        {
          "type": "ip",
          "protocol": "tcp",
          "address": "192.35.79.135",
          "port": "443",
          "assets_na": false,
          "assets_uids": [
            "b95ca54e22b0838957bdbb7b"
          ],
          "created_at": 1719345541,
          "status": "fixed"
        },
        {
          "type": "ip",
          "protocol": "tcp",
          "address": "192.35.79.141",
          "port": "443",
          "assets_na": false,
          "assets_uids": [
            "cfc070a9bd3cc8b7ba4741d2"
          ],
          "created_at": 1719345541,
          "status": "fixed"
        },
        {
          "type": "ip",
          "protocol": "tcp",
          "address": "192.35.79.152",
          "port": "443",
          "assets_na": false,
          "assets_uids": [
            "f8f5fe92a35a2dde0d1d39ed"
          ],
          "created_at": 1719345541,
          "status": "fixed"
        },
        {
          "type": "ip",
          "protocol": "tcp",
          "address": "192.35.79.246",
          "port": "443",
          "assets_na": false,
          "assets_uids": [
            "4e824a70fb3fc4f9a87c8a30"
          ],
          "created_at": 1719345541,
          "status": "fixed"
        },
        {
          "type": "url",
          "value": "https://biospecrequesttst.ccf.org/EMPWellManage/ApplicationDocuments2018/process.asp",
          "assets_na": true,
          "assets_uids": [],
          "created_at": 1719345541,
          "status": "fixed"
        },
        {
          "type": "url",
          "value": "https://vendordemexttst.ccf.org/EMPWellManage/ApplicationDocuments2018/process.asp",
          "assets_na": true,
          "assets_uids": [],
          "created_at": 1719345541,
          "status": "fixed"
        }
      ]
    },
    {
      "categories": [
        "Authorization/Permissions",
        "Path Traversal"
      ],
      "exploitable_locations": [
        {
          "type": "ip",
          "protocol": "tcp",
          "address": "192.35.79.135",
          "port": "443",
          "assets_na": false,
          "assets_uids": [
            "b95ca54e22b0838957bdbb7b"
          ],
          "created_at": 1719345776,
          "status": "fixed"
        },
        {
          "type": "ip",
          "protocol": "tcp",
          "address": "192.35.79.141",
          "port": "443",
          "assets_na": false,
          "assets_uids": [
            "cfc070a9bd3cc8b7ba4741d2"
          ],
          "created_at": 1719345776,
          "status": "fixed"
        },
        {
          "type": "ip",
          "protocol": "tcp",
          "address": "192.35.79.152",
          "port": "443",
          "assets_na": false,
          "assets_uids": [
            "f8f5fe92a35a2dde0d1d39ed"
          ],
          "created_at": 1719345776,
          "status": "fixed"
        },
        {
          "type": "ip",
          "protocol": "tcp",
          "address": "192.35.79.246",
          "port": "443",
          "assets_na": false,
          "assets_uids": [
            "4e824a70fb3fc4f9a87c8a30"
          ],
          "created_at": 1719345776,
          "status": "fixed"
        },
        {
          "type": "url",
          "value": "https://biospecrequesttst.ccf.org/EMPWellManage/ApplicationDocuments2018/process.asp",
          "assets_na": true,
          "assets_uids": [],
          "created_at": 1719345776,
          "status": "fixed"
        },
        {
          "type": "url",
          "value": "https://vendordemexttst.ccf.org/EMPWellManage/ApplicationDocuments2018/process.asp",
          "assets_na": true,
          "assets_uids": [],
          "created_at": 1719345776,
          "status": "fixed"
        }
      ]
    },
    {
      "categories": [
        "Server/Application Misconfiguration",
        "Using Known Vulnerable Software"
      ],
      "exploitable_locations": [
        {
          "type": "ip",
          "protocol": "tcp",
          "address": "192.35.79.192",
          "port": "22",
          "assets_na": false,
          "assets_uids": [
            "cadb7b8013566d63aa09da39"
          ],
          "created_at": 1720127607,
          "status": "fixed"
        },
        {
          "type": "ip",
          "protocol": "tcp",
          "address": "192.35.79.194",
          "port": "22",
          "assets_na": false,
          "assets_uids": [
            "1b5bce870a2596ffbd1db73e"
          ],
          "created_at": 1720127607,
          "status": "fixed"
        },
        {
          "type": "ip",
          "protocol": "tcp",
          "address": "192.35.79.197",
          "port": "22",
          "assets_na": false,
          "assets_uids": [
            "90212fe0ccce3be9029d5c9b"
          ],
          "created_at": 1720127607,
          "status": "fixed"
        }
      ]
    },
    {
      "categories": [
        "Remote Execution",
        "Remote Code Execution"
      ],
      "exploitable_locations": [
        {
          "type": "url",
          "value": "http://66.203.131.33/sms/sms_test.php",
          "created_at": 1648142188,
          "status": "fixed"
        }
      ]
    },
    {
      "categories": [
        "Authentication/Session Management",
        "Default Credentials Non-Admin"
      ],
      "exploitable_locations": [
        {
          "type": "url",
          "value": "https://itview.ccf.org/ ",
          "created_at": 1648186176,
          "status": "fixed"
        },
        {
          "type": "url",
          "value": "https://itshare.ccf.org/",
          "created_at": 1648186176,
          "status": "fixed"
        },
        {
          "type": "ip",
          "protocol": "tcp",
          "address": "192.35.79.202",
          "port": "443",
          "created_at": 1648186176,
          "status": "fixed"
        }
      ]
    },
    {
      "categories": [
        "Authentication/Session Management",
        "Default Credentials Non-Admin"
      ],
      "exploitable_locations": [
        {
          "type": "url",
          "value": "https://cce.ccf.org/ccecme/",
          "created_at": 1648452607,
          "status": "fixed"
        },
        {
          "type": "ip",
          "protocol": "tcp",
          "address": "192.35.79.223",
          "port": "443",
          "created_at": 1648452607,
          "status": "fixed"
        }
      ]
    },
    {
      "categories": [
        "Information Disclosure",
        "Sensitive API Keys"
      ],
      "exploitable_locations": [
        {
          "type": "url",
          "value": "https://api.clevelandclinicwellness.com/widgetJs/configuration.js",
          "created_at": 1648534090,
          "status": "fixed"
        },
        {
          "type": "ip",
          "protocol": "tcp",
          "address": "192.35.79.202",
          "port": "443",
          "created_at": 1648534090,
          "status": "fixed"
        }
      ]
    },
    {
      "categories": [
        "Information Disclosure",
        "Sensitive Client Information Disclosed"
      ],
      "exploitable_locations": [
        {
          "type": "url",
          "value": "https://api.stressfreenow.clevelandclinicwellness.com/api/MealOrder/GetApprovedMealOrderReportByVendorDeatilId",
          "created_at": 1648592999,
          "status": "fixed"
        },
        {
          "type": "ip",
          "protocol": "tcp",
          "address": "192.35.79.202",
          "port": "443",
          "created_at": 1648592999,
          "status": "fixed"
        }
      ]
    },
    {
      "categories": [
        "Authentication/Session Management",
        "Login Authentication Bypass"
      ],
      "exploitable_locations": [
        {
          "type": "url",
          "value": "https://api.clevelandclinicwellness.com/staywellroomsregistration.htm",
          "created_at": 1648595804,
          "status": "fixed"
        },
        {
          "type": "ip",
          "protocol": "tcp",
          "address": "192.35.79.202",
          "port": "443",
          "created_at": 1648595804,
          "status": "fixed"
        }
      ]
    },
    {
      "categories": [
        "SQL Injection",
        "SQL Injection- Full"
      ],
      "exploitable_locations": [
        {
          "type": "url",
          "value": "https://portal.cclcm.ccf.org/cclcm/getfile.aspx",
          "created_at": 1646283859,
          "status": "fixed"
        },
        {
          "type": "ip",
          "protocol": "tcp",
          "address": "192.35.79.127",
          "port": "443",
          "created_at": 1646283859,
          "status": "fixed"
        }
      ]
    },
    {
      "categories": [
        "Authentication/Session Management",
        "Default Credentials Non-Admin"
      ],
      "exploitable_locations": [
        {
          "type": "url",
          "value": "https://mdl.cclcm.ccf.org/login/index.php",
          "created_at": 1648888629,
          "status": "fixed"
        },
        {
          "type": "ip",
          "protocol": "tcp",
          "address": "192.35.79.223",
          "port": "443",
          "created_at": 1648888629,
          "status": "fixed"
        }
      ]
    },
    {
      "categories": [
        "Remote Execution",
        "Remote Code Execution"
      ],
      "exploitable_locations": [
        {
          "type": "ip",
          "protocol": "tcp",
          "address": "198.136.38.20",
          "port": 443,
          "created_at": 1649086394,
          "status": "fixed"
        }
      ]
    },
    {
      "categories": [
        "SQL Injection",
        "SQL Injection- Partial"
      ],
      "exploitable_locations": [
        {
          "type": "url",
          "value": "https://12.152.73.108/hrs/startdxv.asp",
          "created_at": 1651282335,
          "status": "fixed"
        },
        {
          "type": "ip",
          "protocol": "tcp",
          "address": "12.152.73.108",
          "port": "443",
          "created_at": 1651282335,
          "status": "fixed"
        }
      ]
    },
    {
      "categories": [
        "Cross-Site Scripting (XSS)",
        "Persistent Blind XSS"
      ],
      "exploitable_locations": [
        {
          "type": "url",
          "value": "http://eweb4.ccf.org/onlinelearning/browserDetect/CheckBrowser.aspx",
          "created_at": 1651356076,
          "status": "fixed"
        },
        {
          "type": "ip",
          "protocol": "tcp",
          "address": "192.35.79.99",
          "port": "443",
          "created_at": 1651356076,
          "status": "fixed"
        }
      ]
    },
    {
      "categories": [
        "Cross-Site Scripting (XSS)",
        "Persistent Blind XSS"
      ],
      "exploitable_locations": [
        {
          "type": "url",
          "value": "https://ewebapps.ccf.org/photorequest/",
          "created_at": 1651375808,
          "status": "fixed"
        },
        {
          "type": "ip",
          "protocol": "tcp",
          "address": "192.35.79.65",
          "port": "443",
          "created_at": 1651375808,
          "status": "fixed"
        }
      ]
    },
    {
      "categories": [
        "Authorization/Permissions",
        "Access/Privacy Control Violation"
      ],
      "exploitable_locations": [
        {
          "type": "url",
          "value": "https://ewebcr.ccf.org/ORAnywhereBE/api/user/update",
          "created_at": 1651502351,
          "status": "fixed"
        },
        {
          "type": "ip",
          "protocol": "tcp",
          "address": "192.35.79.65",
          "port": "443",
          "created_at": 1651502351,
          "status": "fixed"
        },
        {
          "type": "url",
          "value": "https://ewebcr.ccf.org/ORAnywhereBE/api/user/",
          "created_at": 1651502351,
          "status": "fixed"
        },
        {
          "type": "ip",
          "protocol": "tcp",
          "address": "192.35.79.65",
          "port": "443",
          "created_at": 1651502351,
          "status": "fixed"
        }
      ]
    },
    {
      "categories": [
        "Authorization/Permissions",
        "Access/Privacy Control Violation"
      ],
      "exploitable_locations": [
        {
          "type": "url",
          "value": "https://ewebcr.ccf.org/ORAnywhereBE/api/room/create",
          "created_at": 1651511508,
          "status": "fixed"
        },
        {
          "type": "url",
          "value": "https://ewebcr.ccf.org/ORAnywhereBE/api/room/update",
          "created_at": 1651511508,
          "status": "fixed"
        },
        {
          "type": "url",
          "value": "https://ewebcr.ccf.org/ORAnywhereBE/api/room/delete",
          "created_at": 1651511508,
          "status": "fixed"
        },
        {
          "type": "url",
          "value": "https://ewebcr.ccf.org/ORAnywhereBE/api/room/getAllRooms",
          "created_at": 1651511508,
          "status": "fixed"
        },
        {
          "type": "ip",
          "protocol": "tcp",
          "address": "192.35.79.65",
          "port": "443",
          "created_at": 1651511508,
          "status": "fixed"
        }
      ]
    },
    {
      "categories": [
        "Authorization/Permissions",
        "Access/Privacy Control Violation"
      ],
      "exploitable_locations": [
        {
          "type": "url",
          "value": "https://ewebcr.ccf.org/ORAnywhereBE/api/request/getAllRequestsByUserId",
          "created_at": 1651512897,
          "status": "fixed"
        },
        {
          "type": "ip",
          "protocol": "tcp",
          "address": "192.35.79.65",
          "port": "443",
          "created_at": 1651512897,
          "status": "fixed"
        }
      ]
    },
    {
      "categories": [
        "SQL Injection",
        "SQL Injection- Full"
      ],
      "exploitable_locations": [
        {
          "type": "url",
          "value": "https://portal.cclcm.ccf.org/cclcm/popups/getfile.aspx",
          "created_at": 1646335843,
          "status": "fixed"
        },
        {
          "type": "ip",
          "protocol": "tcp",
          "address": "192.35.79.127",
          "port": "443",
          "created_at": 1646335843,
          "status": "fixed"
        }
      ]
    },
    {
      "categories": [
        "Authorization/Permissions",
        "Access/Privacy Control Violation"
      ],
      "exploitable_locations": [
        {
          "type": "url",
          "value": "https://ewebcr.ccf.org/ORAnywhereBE/api/location/create",
          "created_at": 1651514695,
          "status": "fixed"
        },
        {
          "type": "url",
          "value": "https://ewebcr.ccf.org/ORAnywhereBE/api/location/update",
          "created_at": 1651514695,
          "status": "fixed"
        },
        {
          "type": "url",
          "value": "https://ewebcr.ccf.org/ORAnywhereBE/api/location/delete",
          "created_at": 1651514695,
          "status": "fixed"
        },
        {
          "type": "url",
          "value": "https://ewebcr.ccf.org/ORAnywhereBE/api/location/",
          "created_at": 1651514695,
          "status": "fixed"
        },
        {
          "type": "ip",
          "protocol": "tcp",
          "address": "192.35.79.65",
          "port": "443",
          "created_at": 1651514695,
          "status": "fixed"
        }
      ]
    },
    {
      "categories": [
        "Authorization/Permissions",
        "Access/Privacy Control Violation"
      ],
      "exploitable_locations": [
        {
          "type": "url",
          "value": "https://ewebcr.ccf.org/ORAnywhereBE/api/service/create",
          "created_at": 1651519397,
          "status": "fixed"
        },
        {
          "type": "url",
          "value": "https://ewebcr.ccf.org/ORAnywhereBE/api/service/getAllServices",
          "created_at": 1651519397,
          "status": "fixed"
        },
        {
          "type": "ip",
          "protocol": "tcp",
          "address": "192.35.79.65",
          "port": "443",
          "created_at": 1651519397,
          "status": "fixed"
        }
      ]
    },
    {
      "categories": [
        "SQL Injection",
        "SQL Injection- Full"
      ],
      "exploitable_locations": [
        {
          "type": "url",
          "value": "https://hmi.irmc.cc/WPP/ShowStudyListHTML.asp",
          "created_at": 1651564244,
          "status": "fixed"
        },
        {
          "type": "ip",
          "protocol": "tcp",
          "address": "12.152.73.108",
          "port": "443",
          "created_at": 1651564244,
          "status": "fixed"
        }
      ]
    },
    {
      "categories": [
        "Authentication/Session Management",
        "Login Authentication Bypass"
      ],
      "exploitable_locations": [
        {
          "type": "url",
          "value": "https://hmi.irmc.cc/emr/LoginExecute.asp",
          "created_at": 1651565270,
          "status": "fixed"
        },
        {
          "type": "ip",
          "protocol": "tcp",
          "address": "12.152.73.108",
          "port": "443",
          "created_at": 1651565270,
          "status": "fixed"
        }
      ]
    },
    {
      "categories": [
        "Authorization/Permissions",
        "Access/Privacy Control Violation"
      ],
      "exploitable_locations": [
        {
          "type": "url",
          "value": "https://hvisonesprecath.ccf.org/SearchPatientsWithDemographics",
          "created_at": 1651580731,
          "status": "fixed"
        },
        {
          "type": "ip",
          "protocol": "tcp",
          "address": "192.35.79.65",
          "port": "443",
          "created_at": 1651580731,
          "status": "fixed"
        }
      ]
    },
    {
      "categories": [
        "Authorization/Permissions",
        "Access/Privacy Control Violation"
      ],
      "exploitable_locations": [
        {
          "type": "url",
          "value": "https://hvisonesprecath.ccf.org/ActivePatientInInstitute",
          "created_at": 1651581449,
          "status": "fixed"
        },
        {
          "type": "ip",
          "protocol": "tcp",
          "address": "192.35.79.65",
          "port": "443",
          "created_at": 1651581449,
          "status": "fixed"
        }
      ]
    },
    {
      "categories": [
        "Authentication/Session Management",
        "Login Authentication Bypass"
      ],
      "exploitable_locations": [
        {
          "type": "ip",
          "protocol": "tcp",
          "address": "192.35.79.223",
          "port": "443",
          "created_at": 1651588767,
          "status": "fixed"
        },
        {
          "type": "url",
          "value": "https://empwellfit.ccf.org/empwellfit/ApplicationDocuments2018/Search.aspx",
          "created_at": 1651588767,
          "status": "fixed"
        },
        {
          "type": "url",
          "value": "https://empwellfit.ccf.org/empwellfit/ApplicationDocuments2018/Admin.aspx",
          "created_at": 1651588767,
          "status": "fixed"
        },
        {
          "type": "url",
          "value": "https://empwellfit.ccf.org/empwellfit/ApplicationDocuments2018/AFKW-LUP.aspx",
          "created_at": 1651588767,
          "status": "fixed"
        },
        {
          "type": "url",
          "value": "https://empwellfit.ccf.org/empwellfit/ApplicationDocuments2018/AFKW-MNU.aspx",
          "created_at": 1651588767,
          "status": "fixed"
        }
      ]
    },
    {
      "categories": [
        "Authorization/Permissions",
        "File Inclusion (No execution)"
      ],
      "exploitable_locations": [
        {
          "type": "url",
          "value": "https://hmi.irmc.cc/WPP/srvWebPacs.asp",
          "created_at": 1651966823,
          "status": "fixed"
        },
        {
          "type": "ip",
          "protocol": "tcp",
          "address": "12.152.73.108",
          "port": "443",
          "created_at": 1651966823,
          "status": "fixed"
        }
      ]
    },
    {
      "categories": [
        "Authorization/Permissions",
        "File Inclusion (No execution)"
      ],
      "exploitable_locations": [
        {
          "type": "url",
          "value": "https://hmi.irmc.cc/api/legacy/files",
          "created_at": 1651967242,
          "status": "fixed"
        },
        {
          "type": "ip",
          "protocol": "tcp",
          "address": "12.152.73.108",
          "port": "443",
          "created_at": 1651967242,
          "status": "fixed"
        }
      ]
    },
    {
      "categories": [
        "Cross-Site Scripting (XSS)",
        "Persistent Blind XSS"
      ],
      "exploitable_locations": [
        {
          "type": "url",
          "value": "https://ewebapps.ccf.org/KidneyReferral/Patient/Create",
          "created_at": 1652195650,
          "status": "fixed"
        },
        {
          "type": "ip",
          "protocol": "tcp",
          "address": "192.35.79.65",
          "port": "443",
          "created_at": 1652195650,
          "status": "fixed"
        }
      ]
    },
    {
      "categories": [
        "Information Disclosure",
        "Sensitive Client Information Disclosed"
      ],
      "exploitable_locations": [
        {
          "type": "url",
          "value": "https://ccnavigator.app/clear",
          "created_at": 1646349165,
          "status": "fixed"
        },
        {
          "type": "ip",
          "protocol": "tcp",
          "address": "192.35.79.65",
          "port": "443",
          "created_at": 1646349165,
          "status": "fixed"
        }
      ]
    },
    {
      "categories": [
        "Cross-Site Scripting (XSS)",
        "Persistent XSS"
      ],
      "exploitable_locations": [
        {
          "type": "url",
          "value": "https://cce.ccf.org/ccecme/process",
          "created_at": 1664728051,
          "status": "fixed"
        },
        {
          "type": "ip",
          "protocol": "tcp",
          "address": "192.35.79.223",
          "port": "443",
          "created_at": 1664728051,
          "status": "fixed"
        }
      ]
    },
    {
      "categories": [
        "Authorization/Permissions",
        "Server Side Request Forgery(SSRF)- Limited"
      ],
      "exploitable_locations": [
        {
          "type": "url",
          "value": "https://cce.ccf.org/",
          "created_at": 1664767629,
          "status": "fixed"
        },
        {
          "type": "ip",
          "protocol": "tcp",
          "address": "192.35.79.223",
          "port": "443",
          "created_at": 1664767629,
          "status": "fixed"
        }
      ]
    },
    {
      "categories": [
        "Authorization/Permissions",
        "Server Side Request Forgery(SSRF)- Limited"
      ],
      "exploitable_locations": [
        {
          "type": "ip",
          "protocol": "tcp",
          "address": "192.35.79.35",
          "port": "443",
          "created_at": 1665106551,
          "status": "fixed"
        },
        {
          "type": "ip",
          "protocol": "tcp",
          "address": "192.35.79.202",
          "port": "443",
          "created_at": 1665106551,
          "status": "fixed"
        },
        {
          "type": "ip",
          "protocol": "tcp",
          "address": "192.35.79.127",
          "port": "443",
          "created_at": 1665106551,
          "status": "fixed"
        }
      ]
    },
    {
      "categories": [
        "Authentication/Session Management",
        "Login Authentication Bypass"
      ],
      "exploitable_locations": [
        {
          "type": "ip",
          "protocol": "tcp",
          "address": "192.35.79.202",
          "port": "443",
          "created_at": 1668574932,
          "status": "fixed"
        },
        {
          "type": "url",
          "value": "https://cconcall.ccf.org/isweb2/",
          "created_at": 1668574932,
          "status": "fixed"
        }
      ]
    },
    {
      "categories": [
        "Authorization/Permissions",
        "Server Side Request Forgery(SSRF)- Limited"
      ],
      "exploitable_locations": [
        {
          "type": "ip",
          "protocol": "tcp",
          "address": "66.203.131.33",
          "port": "80",
          "created_at": 1668745326,
          "status": "fixed"
        },
        {
          "type": "url",
          "value": "http://66.203.131.33/sms/sms_test.php",
          "created_at": 1668745326,
          "status": "fixed"
        }
      ]
    },
    {
      "categories": [
        "Remote Execution",
        "Remote Code Execution"
      ],
      "exploitable_locations": [
        {
          "type": "ip",
          "protocol": "tcp",
          "address": "66.203.131.33",
          "port": "80",
          "created_at": 1668745336,
          "status": "fixed"
        },
        {
          "type": "url",
          "value": "http://66.203.131.33/sms/sms_test.php",
          "created_at": 1668745336,
          "status": "fixed"
        }
      ]
    },
    {
      "categories": [
        "Authentication/Session Management",
        "Default Credentials Non-Admin"
      ],
      "exploitable_locations": [
        {
          "type": "url",
          "value": "https://cclpacsweb.ccf.org",
          "created_at": 1669449309,
          "status": "fixed"
        },
        {
          "type": "ip",
          "protocol": "tcp",
          "address": "212.36.144.39",
          "port": "443",
          "created_at": 1669449309,
          "status": "fixed"
        }
      ]
    },
    {
      "categories": [
        "Authorization/Permissions",
        "Access/Privacy Control Violation"
      ],
      "exploitable_locations": [
        {
          "type": "url",
          "value": "https://eivtweb.ccf.org/auth/monitoring",
          "created_at": 1669447179,
          "status": "fixed"
        },
        {
          "type": "url",
          "value": "https://eivtweb.ccf.org/share/sessions",
          "created_at": 1669447179,
          "status": "fixed"
        },
        {
          "type": "ip",
          "protocol": "tcp",
          "address": "192.35.79.202",
          "port": "443",
          "created_at": 1669447179,
          "status": "fixed"
        },
        {
          "type": "url",
          "value": "https://cclpacsweb.ccf.org/share/sessions",
          "created_at": 1669447179,
          "status": "fixed"
        },
        {
          "type": "ip",
          "protocol": "tcp",
          "address": "212.36.144.39",
          "port": "443",
          "created_at": 1669447179,
          "status": "fixed"
        }
      ]
    },
    {
      "categories": [
        "Authorization/Permissions",
        "Access/Privacy Control Violation"
      ],
      "exploitable_locations": [
        {
          "type": "url",
          "value": "https://timsapi.lab.ccf.org/api/customer/*",
          "created_at": 1646351392,
          "status": "fixed"
        },
        {
          "type": "ip",
          "protocol": "tcp",
          "address": "192.35.79.127",
          "port": "443",
          "created_at": 1646351392,
          "status": "fixed"
        }
      ]
    },
    {
      "categories": [
        "SQL Injection",
        "SQL Injection- Full"
      ],
      "exploitable_locations": [
        {
          "type": "url",
          "value": "https://www.cchs.net/onlinelearning/cometvs10/pedrad/newUserRegistration.aspx",
          "created_at": 1669457167,
          "status": "fixed"
        },
        {
          "type": "ip",
          "protocol": "tcp",
          "address": "192.35.79.223",
          "port": "443",
          "created_at": 1669457167,
          "status": "fixed"
        }
      ]
    },
    {
      "categories": [
        "SQL Injection",
        "SQL Injection- Full"
      ],
      "exploitable_locations": [
        {
          "type": "url",
          "value": "https://survey.clevelandclinic.org/UploadedImageDisplay.aspx",
          "created_at": 1669501125,
          "status": "fixed"
        },
        {
          "type": "ip",
          "protocol": "tcp",
          "address": "192.35.79.223",
          "port": "443",
          "created_at": 1669501125,
          "status": "fixed"
        }
      ]
    },
    {
      "categories": [
        "SQL Injection",
        "SQL Injection- Full"
      ],
      "exploitable_locations": [
        {
          "type": "url",
          "value": "https://survey.clevelandclinic.org/TakeSurveyAction.aspx",
          "created_at": 1669528649,
          "status": "fixed"
        },
        {
          "type": "ip",
          "protocol": "tcp",
          "address": "192.35.79.223",
          "port": "443",
          "created_at": 1669528649,
          "status": "fixed"
        },
        {
          "type": "url",
          "value": "https://survey.clevelandclinic.org/(S(*))/TakeSurveyAction.aspx",
          "created_at": 1669528649,
          "status": "fixed"
        }
      ]
    },
    {
      "categories": [
        "Remote Execution",
        "Remote Code Execution"
      ],
      "exploitable_locations": [
        {
          "type": "url",
          "value": "http://66.203.131.33/PhoneBackup/",
          "created_at": 1675450817,
          "status": "fixed"
        },
        {
          "type": "ip",
          "protocol": "tcp",
          "address": "66.203.131.33",
          "port": "80",
          "created_at": 1675450817,
          "status": "fixed"
        }
      ]
    },
    {
      "categories": [
        "Authorization/Permissions",
        "Server Side Request Forgery(SSRF)- Full"
      ],
      "exploitable_locations": [
        {
          "type": "url",
          "value": "https://ccnavigator.app/pma.php",
          "created_at": 1646429472,
          "status": "fixed"
        },
        {
          "type": "ip",
          "protocol": "tcp",
          "address": "192.35.79.65",
          "port": "443",
          "created_at": 1646429472,
          "status": "fixed"
        }
      ]
    },
    {
      "categories": [
        "Remote Execution",
        "Remote Code Execution"
      ],
      "exploitable_locations": [
        {
          "type": "url",
          "value": "https://empwellfit.ccf.org/empwellfitAPP/ApplicationDocuments2022/process.asp",
          "created_at": 1681904028,
          "status": "fixed"
        },
        {
          "type": "ip",
          "protocol": "tcp",
          "address": "192.35.79.223",
          "port": "443",
          "created_at": 1681904028,
          "status": "fixed"
        }
      ]
    },
    {
      "categories": [
        "Authorization/Permissions",
        "File Inclusion (No execution)"
      ],
      "exploitable_locations": [
        {
          "type": "url",
          "value": "https://empwellfit.ccf.org/empwellfitAPP/ApplicationDocuments2022/process.asp",
          "created_at": 1681904093,
          "status": "fixed"
        },
        {
          "type": "ip",
          "protocol": "tcp",
          "address": "192.35.79.223",
          "port": "443",
          "created_at": 1681904093,
          "status": "fixed"
        }
      ]
    },
    {
      "categories": [
        "Information Disclosure",
        "Sensitive Client Information Disclosed"
      ],
      "exploitable_locations": [
        {
          "type": "url",
          "value": "https://portal.cclcm.ccf.org/facapp/getFile.aspx",
          "created_at": 1681904203,
          "status": "fixed"
        },
        {
          "type": "ip",
          "protocol": "tcp",
          "address": "192.35.79.127",
          "port": "443",
          "created_at": 1681904203,
          "status": "fixed"
        }
      ]
    },
    {
      "categories": [
        "Remote Execution",
        "Remote Code Execution"
      ],
      "exploitable_locations": [
        {
          "type": "url",
          "value": "https://api.healthybrains.org/web/register",
          "assets_na": false,
          "assets_uids": [
            "0a6cc9989120d8f4475c2cc9"
          ],
          "created_at": 1687196964,
          "status": "fixed"
        },
        {
          "type": "ip",
          "protocol": "tcp",
          "address": "192.35.79.127",
          "port": "443",
          "assets_na": false,
          "assets_uids": [
            "35b90cd738c6e89f49c811fe"
          ],
          "created_at": 1687196964,
          "status": "fixed"
        }
      ]
    },
    {
      "categories": [
        "SQL Injection",
        "SQL Injection- Full"
      ],
      "exploitable_locations": [
        {
          "type": "url",
          "value": "http://eweb4.ccf.org/dataentry/cometscorm/login.aspx",
          "created_at": 1646437668,
          "status": "fixed"
        },
        {
          "type": "ip",
          "protocol": "tcp",
          "address": "192.35.79.99",
          "port": "80",
          "created_at": 1646437668,
          "status": "fixed"
        }
      ]
    },
    {
      "categories": [
        "Remote Execution",
        "Remote Code Execution"
      ],
      "exploitable_locations": [
        {
          "type": "url",
          "value": "https://identity.healthybrains.org/id/register",
          "assets_na": false,
          "assets_uids": [
            "0a6cc9989120d8f4475c2cc9"
          ],
          "created_at": 1687201419,
          "status": "fixed"
        },
        {
          "type": "ip",
          "protocol": "tcp",
          "address": "192.35.79.223",
          "port": "443",
          "assets_na": false,
          "assets_uids": [
            "fbb1492bafbe2b7faba30f8c"
          ],
          "created_at": 1687201419,
          "status": "fixed"
        }
      ]
    },
    {
      "categories": [
        "Information Disclosure",
        "Leaked Credentials (Low Privilege)"
      ],
      "exploitable_locations": [
        {
          "type": "url",
          "value": "https://myrefills.clevelandclinic.net/Default.aspx",
          "assets_na": false,
          "assets_uids": [
            "0a6cc9989120d8f4475c2cc9"
          ],
          "created_at": 1687437324,
          "status": "fixed"
        },
        {
          "type": "ip",
          "protocol": "tcp",
          "address": "192.35.79.137",
          "port": "443",
          "assets_na": false,
          "assets_uids": [
            "0a6cc9989120d8f4475c2cc9"
          ],
          "created_at": 1687437324,
          "status": "fixed"
        },
        {
          "type": "url",
          "value": "https://lifestyleeap.com/login.aspx",
          "assets_na": false,
          "assets_uids": [
            "0a6cc9989120d8f4475c2cc9"
          ],
          "created_at": 1687437324,
          "status": "fixed"
        },
        {
          "type": "ip",
          "protocol": "tcp",
          "address": "192.35.79.138",
          "port": "443",
          "assets_na": false,
          "assets_uids": [
            "0a6cc9989120d8f4475c2cc9"
          ],
          "created_at": 1687437324,
          "status": "fixed"
        }
      ]
    },
    {
      "categories": [
        "Authentication/Session Management",
        "Default Credentials Non-Admin"
      ],
      "exploitable_locations": [
        {
          "type": "url",
          "value": "https://eiradengage.ccf.org/webconnect/",
          "assets_na": false,
          "assets_uids": [
            "0a6cc9989120d8f4475c2cc9"
          ],
          "created_at": 1687885347,
          "status": "fixed"
        },
        {
          "type": "url",
          "value": "https://eiradengage.ccf.org/minerva/api/login",
          "created_at": 1687885347,
          "status": "fixed"
        }
      ]
    },
    {
      "categories": [
        "Information Disclosure",
        "Unverifiable Credentials"
      ],
      "exploitable_locations": [
        {
          "type": "url",
          "value": "https://redcap.ccf.org/redcap/redcap_v13.1.30/.circleci/config.yml",
          "assets_na": false,
          "assets_uids": [
            "fbb1492bafbe2b7faba30f8c"
          ],
          "created_at": 1688045408,
          "status": "wont_fix"
        },
        {
          "type": "ip",
          "protocol": "tcp",
          "address": "192.35.79.223",
          "port": "443",
          "assets_na": false,
          "assets_uids": [
            "fbb1492bafbe2b7faba30f8c"
          ],
          "created_at": 1688045408,
          "status": "wont_fix"
        }
      ]
    },
    {
      "categories": [
        "Remote Execution",
        "Remote Code Execution"
      ],
      "exploitable_locations": [
        {
          "type": "ip",
          "protocol": "tcp",
          "address": "192.35.79.223",
          "port": "443",
          "assets_na": false,
          "assets_uids": [
            "fbb1492bafbe2b7faba30f8c"
          ],
          "created_at": 1688120239,
          "status": "fixed"
        },
        {
          "type": "url",
          "value": "https://redcap.ccf.org/redcap/index.php",
          "assets_na": false,
          "assets_uids": [
            "fbb1492bafbe2b7faba30f8c"
          ],
          "created_at": 1688120239,
          "status": "fixed"
        }
      ]
    },
    {
      "categories": [
        "Content Injection",
        "XML External Entity (XXE)- Full"
      ],
      "exploitable_locations": [
        {
          "type": "url",
          "value": "https://eweb4.ccf.org/dataentry/cometScorm/Upload.aspx",
          "created_at": 1646528220,
          "status": "fixed"
        },
        {
          "type": "ip",
          "protocol": "tcp",
          "address": "192.35.79.136",
          "port": "443",
          "created_at": 1646528220,
          "status": "fixed"
        },
        {
          "type": "ip",
          "protocol": "tcp",
          "address": "192.35.79.223",
          "port": "443",
          "created_at": 1646528220,
          "status": "fixed"
        },
        {
          "type": "ip",
          "protocol": "tcp",
          "address": "192.35.79.99",
          "port": "443",
          "created_at": 1646528220,
          "status": "fixed"
        },
        {
          "type": "ip",
          "protocol": "tcp",
          "address": "192.35.79.249",
          "port": "443",
          "created_at": 1646528220,
          "status": "fixed"
        }
      ]
    },
    {
      "categories": [
        "SQL Injection",
        "SQL Injection- Full"
      ],
      "exploitable_locations": [
        {
          "type": "ip",
          "protocol": "tcp",
          "address": "192.35.79.223",
          "port": "443",
          "assets_na": false,
          "assets_uids": [
            "fbb1492bafbe2b7faba30f8c"
          ],
          "created_at": 1688172485,
          "status": "fixed"
        },
        {
          "type": "url",
          "value": "https://redcap.ccf.org/redcap/surveys/index.php",
          "assets_na": false,
          "assets_uids": [
            "fbb1492bafbe2b7faba30f8c"
          ],
          "created_at": 1688172485,
          "status": "fixed"
        }
      ]
    },
    {
      "categories": [
        "Server/Application Misconfiguration",
        "Open Mail Relay"
      ],
      "exploitable_locations": [
        {
          "type": "ip",
          "protocol": "tcp",
          "address": "192.35.79.84",
          "port": "25",
          "assets_na": false,
          "assets_uids": [
            "05f03412160d1273378d2eca"
          ],
          "created_at": 1688246107,
          "status": "fixed"
        }
      ]
    },
    {
      "categories": [
        "SQL Injection",
        "SQL Injection- Full"
      ],
      "exploitable_locations": [
        {
          "type": "url",
          "value": "https://mychart.ccf.org/tst/ccfstuff/ccpc.asp",
          "assets_na": false,
          "assets_uids": [
            "0a6cc9989120d8f4475c2cc9"
          ],
          "created_at": 1688516020,
          "status": "fixed"
        },
        {
          "type": "url",
          "value": "https://mychart.ccf.org/tst/ccfstuff/ccimm.asp",
          "assets_na": false,
          "assets_uids": [
            "0a6cc9989120d8f4475c2cc9"
          ],
          "created_at": 1688516020,
          "status": "fixed"
        },
        {
          "type": "ip",
          "protocol": "tcp",
          "address": "192.35.79.99",
          "port": "443",
          "assets_na": false,
          "assets_uids": [
            "93fbf8914d1f47afb735a3f8"
          ],
          "created_at": 1688516020,
          "status": "fixed"
        }
      ]
    },
    {
      "categories": [
        "Information Disclosure",
        "Identity of Network Topology"
      ],
      "exploitable_locations": [
        {
          "type": "ip",
          "protocol": "udp",
          "address": "195.110.78.207",
          "port": "161",
          "assets_na": true,
          "assets_uids": [],
          "created_at": 1691822797,
          "status": "fixed"
        },
        {
          "type": "ip",
          "protocol": "udp",
          "address": "212.36.144.34",
          "port": "161",
          "assets_na": true,
          "assets_uids": [],
          "created_at": 1691822797,
          "status": "fixed"
        },
        {
          "type": "ip",
          "protocol": "udp",
          "address": "212.36.144.47",
          "port": "161",
          "created_at": 1691822797,
          "status": "fixed"
        }
      ]
    },
    {
      "categories": [
        "SQL Injection",
        "SQL Injection- Full"
      ],
      "exploitable_locations": [
        {
          "type": "url",
          "value": "http://eweb4.ccf.org/dataentry/cometscorm/login.aspx",
          "created_at": 1646531897,
          "status": "fixed"
        },
        {
          "type": "ip",
          "protocol": "tcp",
          "address": "192.35.79.249",
          "port": "80",
          "created_at": 1646531897,
          "status": "fixed"
        },
        {
          "type": "ip",
          "protocol": "tcp",
          "address": "192.35.79.136",
          "port": "80",
          "created_at": 1646531897,
          "status": "fixed"
        },
        {
          "type": "ip",
          "protocol": "tcp",
          "address": "192.35.79.223",
          "port": "80",
          "created_at": 1646531897,
          "status": "fixed"
        }
      ]
    },
    {
      "categories": [
        "Information Disclosure",
        "Identity of Network Topology"
      ],
      "exploitable_locations": [
        {
          "type": "ip",
          "protocol": "udp",
          "address": "195.110.78.194",
          "port": "161",
          "assets_na": true,
          "assets_uids": [],
          "created_at": 1691822798,
          "status": "fixed"
        },
        {
          "type": "ip",
          "protocol": "udp",
          "address": "167.90.215.249",
          "port": "161",
          "assets_na": true,
          "assets_uids": [],
          "created_at": 1691822798,
          "status": "fixed"
        },
        {
          "type": "ip",
          "protocol": "udp",
          "address": "195.110.78.192",
          "port": "161",
          "assets_na": true,
          "assets_uids": [],
          "created_at": 1691822798,
          "status": "fixed"
        }
      ]
    },
    {
      "categories": [
        "Remote Execution",
        "Remote Code Execution"
      ],
      "exploitable_locations": [
        {
          "type": "url",
          "value": "https://empwellfit.ccf.org/empwellfit/ApplicationDocuments2018/process.asp",
          "assets_na": false,
          "assets_uids": [
            "239697779bdc056e963537f5",
            "3083745329245a03fa84b46c",
            "35b90cd738c6e89f49c811fe",
            "3eb2ed45a8f9b95f6ddbb75b",
            "4e824a70fb3fc4f9a87c8a30",
            "5c51826e8537a8d4a4bd62f7",
            "65c562609ff70d631f95f306",
            "662170c184aa2c35425f4553",
            "73114669ab81619430b3d0fc",
            "77660bf1038c3f800ddd8cbd",
            "9675f10b9490eaf2e84edf2b",
            "ca63d0d5fcc448a72fe54e91",
            "cfc070a9bd3cc8b7ba4741d2",
            "d67d1ba549f2dc58838a4774",
            "d875c6cff968ce0c60095bca",
            "eab813a737dad63f6d071c13",
            "ee307918168998876e83585c",
            "fbb1492bafbe2b7faba30f8c",
            "fcd7b9e0a83ee137a2185c11"
          ],
          "created_at": 1695331476,
          "status": "fixed"
        },
        {
          "type": "ip",
          "protocol": "tcp",
          "address": "192.35.79.33",
          "port": "443",
          "created_at": 1695331476,
          "status": "fixed"
        }
      ]
    },
    {
      "categories": [
        "SQL Injection",
        "SQL Injection- Full"
      ],
      "exploitable_locations": [
        {
          "type": "ip",
          "protocol": "tcp",
          "address": "192.35.79.249",
          "port": "443",
          "assets_na": false,
          "assets_uids": [
            "ee307918168998876e83585c"
          ],
          "created_at": 1695781750,
          "status": "fixed"
        },
        {
          "type": "url",
          "value": "https://itview.ccf.org/WebService/AQNetWebService.asmx/GetG2MAcctInfo",
          "assets_na": false,
          "assets_uids": [
            "ee307918168998876e83585c"
          ],
          "created_at": 1695781750,
          "status": "fixed"
        },
        {
          "type": "url",
          "value": "https://itview.ccf.org/WebService/AQNetWebService.asmx/CloneUserToken",
          "assets_na": false,
          "assets_uids": [
            "ee307918168998876e83585c"
          ],
          "created_at": 1695781750,
          "status": "fixed"
        },
        {
          "type": "url",
          "value": "https://itview.ccf.org/WebService/AQNetWebService.asmx/SetG2MAcctInfo",
          "assets_na": false,
          "assets_uids": [
            "ee307918168998876e83585c"
          ],
          "created_at": 1695781750,
          "status": "fixed"
        },
        {
          "type": "url",
          "value": "https://itview.ccf.org/WebService/AQNetWebService.asmx/GetUserInfoByValidUserToken",
          "assets_na": false,
          "assets_uids": [
            "ee307918168998876e83585c"
          ],
          "created_at": 1695781750,
          "status": "fixed"
        },
        {
          "type": "url",
          "value": "https://itview.ccf.org/WebService/AQNetWebService.asmx/JoinSession",
          "assets_na": false,
          "assets_uids": [
            "ee307918168998876e83585c"
          ],
          "created_at": 1695781750,
          "status": "fixed"
        },
        {
          "type": "url",
          "value": "https://itview.ccf.org/WebService/AQNetWebService.asmx/JoinSSLSession",
          "assets_na": false,
          "assets_uids": [
            "ee307918168998876e83585c"
          ],
          "created_at": 1695781750,
          "status": "fixed"
        },
        {
          "type": "url",
          "value": "https://itview.ccf.org/WebService/AQNetWebService.asmx/GetGroupID",
          "assets_na": false,
          "assets_uids": [
            "ee307918168998876e83585c"
          ],
          "created_at": 1695781750,
          "status": "fixed"
        },
        {
          "type": "url",
          "value": "https://itview.ccf.org/WebService/AQNetWebService.asmx/UserTokenToLoginIDs",
          "assets_na": false,
          "assets_uids": [
            "ee307918168998876e83585c"
          ],
          "created_at": 1695781750,
          "status": "fixed"
        },
        {
          "type": "url",
          "value": "https://itview.ccf.org/WebService/AQNetWebService.asmx/ReleaseUseToken",
          "assets_na": false,
          "assets_uids": [
            "ee307918168998876e83585c"
          ],
          "created_at": 1695781750,
          "status": "fixed"
        },
        {
          "type": "url",
          "value": "https://itview.ccf.org/WebService/AQNetWebService.asmx/GetTotalSeriesCount",
          "assets_na": false,
          "assets_uids": [
            "ee307918168998876e83585c"
          ],
          "created_at": 1695781750,
          "status": "fixed"
        },
        {
          "type": "url",
          "value": "https://itview.ccf.org/WebService/AQNetWebService.asmx/GetSeriesInformation",
          "assets_na": false,
          "assets_uids": [
            "ee307918168998876e83585c"
          ],
          "created_at": 1695781750,
          "status": "fixed"
        },
        {
          "type": "url",
          "value": "https://itview.ccf.org/WebService/AQNetWebService.asmx/GetTempUserAccount",
          "assets_na": false,
          "assets_uids": [
            "ee307918168998876e83585c"
          ],
          "created_at": 1695781750,
          "status": "fixed"
        },
        {
          "type": "url",
          "value": "https://itview.ccf.org/WebService/AQNetWebService.asmx/DisableTempUser",
          "assets_na": false,
          "assets_uids": [
            "ee307918168998876e83585c"
          ],
          "created_at": 1695781750,
          "status": "fixed"
        },
        {
          "type": "url",
          "value": "https://itview.ccf.org/WebService/AQNetWebService.asmx/HasExportRights",
          "assets_na": false,
          "assets_uids": [
            "ee307918168998876e83585c"
          ],
          "created_at": 1695781750,
          "status": "fixed"
        },
        {
          "type": "url",
          "value": "https://itview.ccf.org/WebService/AQNetWebService.asmx/CheckDataReady",
          "assets_na": false,
          "assets_uids": [
            "ee307918168998876e83585c"
          ],
          "created_at": 1695781750,
          "status": "fixed"
        },
        {
          "type": "url",
          "value": "https://itview.ccf.org/WebService/AQNetWebService.asmx/GetSeriesInfo",
          "assets_na": false,
          "assets_uids": [
            "ee307918168998876e83585c"
          ],
          "created_at": 1695781750,
          "status": "fixed"
        }
      ]
    },
    {
      "categories": [
        "SQL Injection",
        "SQL Injection- Full"
      ],
      "exploitable_locations": [
        {
          "type": "url",
          "value": "https://mychart2018.ccf.org/pjx/ccfstuff/ccimm.asp",
          "assets_na": false,
          "assets_uids": [
            "634ea396bf38770001dfa2e7"
          ],
          "created_at": 1691865300,
          "status": "fixed"
        },
        {
          "type": "url",
          "value": "https://mychart2018.ccf.org/pjx/ccfstuff/ccpc.asp",
          "assets_na": false,
          "assets_uids": [
            "634ea396bf38770001dfa2e7"
          ],
          "created_at": 1691865300,
          "status": "fixed"
        },
        {
          "type": "other",
          "value": "192.35.79.99",
          "created_at": 1691865300,
          "status": "fixed"
        }
      ]
    }
  ]
}