{
  "listing_id": "kauqjyx0si",
  "type": "categories",
  "value": [
    {
      "categories": [
        "Authorization/Permissions",
        "Access/Privacy Control Violation"
      ],
      "exploitable_locations": [
        {
          "type": "other",
          "value": "Request Header - Authorization: Basic dGVzdHByZ29sb0B5YWhvby5jb206cGFzc3dvcmQ=",
          "created_at": 1491850428,
          "status": "pending"
        }
      ]
    },
    {
      "categories": [
        "Other",
        "Other - Please describe"
      ],
      "exploitable_locations": [
        {
          "type": "app-location",
          "value": "sessionStorage.dpz_authorization and sessionStorage.Customer",
          "created_at": 1506978333,
          "status": "pending"
        }
      ]
    },
    {
      "categories": [
        "Functional/Business Logic",
        "Improper Input Validation"
      ],
      "exploitable_locations": [
        {
          "type": "url",
          "value": "https://golo-mi-preprod.dominos.com/power/paymentGateway/processPayment",
          "created_at": 1520444297,
          "status": "pending"
        }
      ]
    },
    {
      "categories": [
        "Brute Force",
        "Lack of Rate Limiting Protections  (i.e. CAPTCHA)"
      ],
      "exploitable_locations": [
        {
          "type": "url",
          "value": "https://golo-mi-qa1.dominos.com/power/oneTimePassword",
          "created_at": 1520660763,
          "status": "pending"
        }
      ]
    },
    {
      "categories": [
        "Brute Force",
        "Login Credentials (OLD DNU)"
      ],
      "exploitable_locations": [
        {
          "type": "url",
          "value": "http://ALL_MARKET_URLs",
          "created_at": 1544649659,
          "status": "pending"
        }
      ]
    },
    {
      "categories": [
        "Authorization/Permissions",
        "Insecure Direct Object Reference"
      ],
      "exploitable_locations": [
        {
          "type": "url",
          "value": "https://golo-mi-preprod.dominos.com/orderstorage/GetTrackerData",
          "created_at": 1544796887,
          "status": "pending"
        }
      ]
    },
    {
      "categories": [
        "Functional/Business Logic",
        "Functionality Abuse with Malicious Impact"
      ],
      "exploitable_locations": [
        {
          "type": "url",
          "value": "https://golo-mi-preprod.dominos.com/power/price-order",
          "created_at": 1544832217,
          "status": "pending"
        }
      ]
    },
    {
      "categories": [
        "Content Injection",
        "**Spoof HTML Content**"
      ],
      "exploitable_locations": [
        {
          "type": "url",
          "value": "https://golo-mi-preprod.dominos.com/power/customer",
          "created_at": 1555975679,
          "status": "pending"
        },
        {
          "type": "url",
          "value": "https://golo-mi-preprod.dominos.com/power/change-password",
          "created_at": 1555975679,
          "status": "pending"
        }
      ]
    },
    {
      "categories": [
        "Information Disclosure",
        "Sensitive Client Information Disclosed"
      ],
      "exploitable_locations": [
        {
          "type": "url",
          "value": "https://golo-mi-preprod.dominos.com/orderstorage/GetTrackerData",
          "created_at": 1556065573,
          "status": "pending"
        }
      ]
    },
    {
      "categories": [
        "Functional/Business Logic",
        "Unvalidated Redirects"
      ],
      "exploitable_locations": [
        {
          "type": "url",
          "value": "https://pentest.intellisurvey.com/util/login/forgot",
          "created_at": 1566147063,
          "status": "pending"
        }
      ]
    },
    {
      "categories": [
        "Functional/Business Logic",
        "Unvalidated Redirects"
      ],
      "exploitable_locations": [
        {
          "type": "url",
          "value": "https://pentest.intellisurvey.com/util/login",
          "created_at": 1566151099,
          "status": "pending"
        }
      ]
    },
    {
      "categories": [
        "Information Disclosure",
        "Sensitive Source Code"
      ],
      "exploitable_locations": [
        {
          "type": "url",
          "value": "https://nolo-ca-preprod.dominos.ca/assets/build/js/site/boot.js",
          "created_at": 1584735418,
          "status": "pending"
        }
      ]
    },
    {
      "categories": [
        "Information Disclosure",
        "Sensitive Directory/File Contents Disclosed"
      ],
      "exploitable_locations": [
        {
          "type": "url",
          "value": "https://golo-mi-preprod.dominos.com//power/services",
          "created_at": 1584823116,
          "status": "pending"
        }
      ]
    },
    {
      "categories": [
        "Authorization/Permissions",
        "Access/Privacy Control Violation"
      ],
      "exploitable_locations": [
        {
          "type": "url",
          "value": "https://golo-mi-preprod.dominos.com/power/paymentGateway/status",
          "created_at": 1491892880,
          "status": "pending"
        }
      ]
    },
    {
      "categories": [
        "Information Disclosure",
        "Sensitive API Keys"
      ],
      "exploitable_locations": [
        {
          "type": "url",
          "value": "https://golo-mi-preprod.dominos.com//assets/build/js/modules/dpz.maps.bing.js",
          "created_at": 1584823426,
          "status": "pending"
        }
      ]
    },
    {
      "categories": [
        "Information Disclosure",
        "Sensitive API Keys"
      ],
      "exploitable_locations": [
        {
          "type": "url",
          "value": "https://cache.dominos.com/olo/6_25_0/assets/build/market/AT/_en/dpz.marketConfig.js",
          "created_at": 1592569151,
          "status": "pending"
        }
      ]
    },
    {
      "categories": [
        "Information Disclosure",
        "Sensitive Client Information Disclosed"
      ],
      "exploitable_locations": [
        {
          "type": "url",
          "value": "https://order.golo02.dominos.com/assets/build/xdomain/proxy.html",
          "created_at": 1603547884,
          "status": "pending"
        }
      ]
    },
    {
      "categories": [
        "Information Disclosure",
        "Sensitive Source Code"
      ],
      "exploitable_locations": [
        {
          "type": "url",
          "value": "https://golo-mi-qa1.dominos.com/power/change-password",
          "created_at": 1606667872,
          "status": "pending"
        }
      ]
    },
    {
      "categories": [
        "Cross-Site Scripting (XSS)",
        "**Persistent XSS**"
      ],
      "exploitable_locations": [
        {
          "type": "app-location",
          "value": "AddEdit.aspx",
          "created_at": 1615389564,
          "status": "pending"
        }
      ]
    },
    {
      "categories": [
        "Information Disclosure",
        "Sensitive API Keys"
      ],
      "exploitable_locations": [
        {
          "type": "url",
          "value": "https://golo-mi-preprod.dominos.com/pt/",
          "created_at": 1618238976,
          "status": "pending"
        }
      ]
    },
    {
      "categories": [
        "Information Disclosure",
        "Sensitive API Keys"
      ],
      "exploitable_locations": [
        {
          "type": "url",
          "value": "https://golo-mi-preprod.dominos.com",
          "created_at": 1622836999,
          "status": "pending"
        }
      ]
    },
    {
      "categories": [
        "Information Disclosure",
        "Sensitive API Keys"
      ],
      "exploitable_locations": [
        {
          "type": "url",
          "value": "https://golo-mi-qa.dominos.com/assets/build/market/SA/_en/dpz.marketConfig.js",
          "created_at": 1624965119,
          "status": "pending"
        }
      ]
    },
    {
      "categories": [
        "Cross-Site Scripting (XSS)",
        "Persistent XSS"
      ],
      "exploitable_locations": [
        {
          "type": "url",
          "value": "https://dominopentstsb2.sbus2.blackline.com/Modules/Reconciliations/ExecGrid.aspx",
          "created_at": 1643227865,
          "status": "pending"
        },
        {
          "type": "url",
          "value": "https://dominopentstsb2.sbus2.blackline.com/accounts/uploadedaccountinfo",
          "created_at": 1643227865,
          "status": "pending"
        }
      ]
    },
    {
      "categories": [
        "Information Disclosure",
        "Unverifiable Credentials"
      ],
      "exploitable_locations": [
        {
          "type": "url",
          "value": "https://golo-mi-preprod.dominos.com/assets/build/js/site/boot.js",
          "assets_na": false,
          "assets_uids": [
            "3f076c2efcf81b141e0a6898"
          ],
          "created_at": 1698846882,
          "status": "pending"
        }
      ]
    },
    {
      "categories": [
        "Information Disclosure",
        "Leaked Credentials (High Privilege)"
      ],
      "exploitable_locations": [
        {
          "type": "other",
          "value": "Sensitive URL",
          "assets_na": true,
          "assets_uids": [],
          "created_at": 1734436240,
          "status": "pending"
        }
      ]
    },
    {
      "categories": [
        "Functional/Business Logic",
        "Functionality Abuse with Malicious Impact"
      ],
      "exploitable_locations": [
        {
          "type": "url",
          "value": "https://golo-mi-preprod.dominos.com/power/paymentGateway/processPayment",
          "created_at": 1492158061,
          "status": "pending"
        }
      ]
    },
    {
      "categories": [
        "Functional/Business Logic",
        "Functionality Abuse with Malicious Impact"
      ],
      "exploitable_locations": [
        {
          "type": "url",
          "value": "https://golo-mi-qa1.dominos.com/power/paymentGateway/processPayment",
          "created_at": 1492282077,
          "status": "pending"
        }
      ]
    },
    {
      "categories": [
        "Functional/Business Logic",
        "Functionality Abuse with Malicious Impact"
      ],
      "exploitable_locations": [
        {
          "type": "url",
          "value": "https://golo-mi-preprod.dominos.com/power/paymentGateway/processPayment",
          "created_at": 1506960394,
          "status": "pending"
        }
      ]
    },
    {
      "categories": [
        "Authorization/Permissions",
        "Insecure Direct Object Reference"
      ],
      "exploitable_locations": [
        {
          "type": "url",
          "value": "https://golo-mi-preprod.dominos.com/power/store/99911/profile",
          "created_at": 1506960863,
          "status": "pending"
        }
      ]
    }
  ]
}