{
  "listing_id": "kazmdhsxz8",
  "type": "categories",
  "value": [
    {
      "categories": [
        "Functional/Business Logic",
        "Functionality Abuse with Malicious Impact"
      ],
      "exploitable_locations": [
        {
          "type": "url",
          "value": "https://kwb-sierra.soa-rd.aws.3mhis.net/nlpengine-eprs-support/api/document-problem/AddOrUpdateDocumentProblem",
          "created_at": 1675685617,
          "status": "fixed"
        }
      ]
    },
    {
      "categories": [
        "Authorization/Permissions",
        "Insecure Direct Object Reference (Read-Only)"
      ],
      "exploitable_locations": [
        {
          "type": "url",
          "value": "https://kwb-sierra.soa-rd.aws.3mhis.net/nlpengine-eprs-support/api/corpus/getCorpusByPage",
          "created_at": 1675695806,
          "status": "wont_fix"
        }
      ]
    },
    {
      "categories": [
        "Functional/Business Logic",
        "Functionality Abuse with Malicious Impact"
      ],
      "exploitable_locations": [
        {
          "type": "url",
          "value": "https://nlpboost-deltalot.soa-rd.aws.3mhis.net/api/evidence/submit",
          "created_at": 1675757644,
          "status": "fixed"
        }
      ]
    },
    {
      "categories": [
        "Authorization/Permissions",
        "Insecure Direct Object Reference (Read & Write)"
      ],
      "exploitable_locations": [
        {
          "type": "url",
          "value": "https://nlpboost-deltalot.soa-rd.aws.3mhis.net/api/evidenceReview/test/c21ed69c-6198-4750-b739-49ac83d9210f/delete",
          "created_at": 1675759817,
          "status": "wont_fix"
        }
      ]
    },
    {
      "categories": [
        "Authorization/Permissions",
        "Access/Privacy Control Violation"
      ],
      "exploitable_locations": [
        {
          "type": "url",
          "value": "https://kwb-sierra.soa-rd.aws.3mhis.net/nlpengine-eprs-support/ANY_MENU_IN_ENTITY_TAB",
          "created_at": 1675782037,
          "status": "fixed"
        },
        {
          "type": "url",
          "value": "https://kwb-sierra.soa-rd.aws.3mhis.net/nlpengine-eprs-support/attribute-type",
          "created_at": 1675782037,
          "status": "fixed"
        },
        {
          "type": "url",
          "value": "https://kwb-sierra.soa-rd.aws.3mhis.net/nlpengine-eprs-support/corpus",
          "created_at": 1675782037,
          "status": "fixed"
        },
        {
          "type": "url",
          "value": "https://kwb-sierra.soa-rd.aws.3mhis.net/nlpengine-eprs-support/wb-user",
          "created_at": 1675782037,
          "status": "fixed"
        },
        {
          "type": "url",
          "value": "https://kwb-sierra.soa-rd.aws.3mhis.net/nlpengine-eprs-support/document-problem",
          "created_at": 1675782037,
          "status": "fixed"
        },
        {
          "type": "url",
          "value": "https://kwb-sierra.soa-rd.aws.3mhis.net/nlpengine-eprs-support/enterprise",
          "created_at": 1675782037,
          "status": "fixed"
        },
        {
          "type": "url",
          "value": "https://kwb-sierra.soa-rd.aws.3mhis.net/nlpengine-eprs-support/facility",
          "created_at": 1675782037,
          "status": "fixed"
        },
        {
          "type": "url",
          "value": "https://kwb-sierra.soa-rd.aws.3mhis.net/nlpengine-eprs-support/plugin",
          "created_at": 1675782037,
          "status": "fixed"
        },
        {
          "type": "url",
          "value": "https://kwb-sierra.soa-rd.aws.3mhis.net/nlpengine-eprs-support/problem-attribute",
          "created_at": 1675782037,
          "status": "fixed"
        },
        {
          "type": "url",
          "value": "https://kwb-sierra.soa-rd.aws.3mhis.net/nlpengine-eprs-support/registry-endpoint",
          "created_at": 1675782037,
          "status": "fixed"
        },
        {
          "type": "url",
          "value": "https://kwb-sierra.soa-rd.aws.3mhis.net/nlpengine-eprs-support/search-queries",
          "created_at": 1675782037,
          "status": "fixed"
        },
        {
          "type": "url",
          "value": "https://kwb-sierra.soa-rd.aws.3mhis.net/nlpengine-eprs-support/search-query-stats",
          "created_at": 1675782037,
          "status": "fixed"
        },
        {
          "type": "url",
          "value": "https://kwb-sierra.soa-rd.aws.3mhis.net/nlpengine-eprs-support/site",
          "created_at": 1675782037,
          "status": "fixed"
        },
        {
          "type": "url",
          "value": "https://kwb-sierra.soa-rd.aws.3mhis.net/nlpengine-eprs-support/tenant",
          "created_at": 1675782037,
          "status": "fixed"
        }
      ]
    },
    {
      "categories": [
        "Authorization/Permissions",
        "Access/Privacy Control Violation"
      ],
      "exploitable_locations": [
        {
          "type": "url",
          "value": "https://kwb-sierra.soa-rd.aws.3mhis.net/nlpengine-eprs-support/plugins/mackinac/#/plank",
          "created_at": 1675929524,
          "status": "fixed"
        },
        {
          "type": "url",
          "value": "https://kwb-sierra.soa-rd.aws.3mhis.net/nlpengine-eprs-support/plugins/PLUGIN_NAME",
          "created_at": 1675929524,
          "status": "fixed"
        }
      ]
    },
    {
      "categories": [
        "Cross-Site Scripting (XSS)",
        "Persistent XSS"
      ],
      "exploitable_locations": [
        {
          "type": "url",
          "value": "https://kwb-sierra.soa-rd.aws.3mhis.net/nlpengine-eprs-support/api/plugins",
          "created_at": 1675681773,
          "status": "fixed"
        }
      ]
    },
    {
      "categories": [
        "Cross-Site Scripting (XSS)",
        "DOM-based XSS"
      ],
      "exploitable_locations": [
        {
          "type": "url",
          "value": "https://kwb-sierra.soa-rd.aws.3mhis.net/nlpengine-eprs-support/swagger-ui/index.html",
          "created_at": 1675678434,
          "status": "fixed"
        }
      ]
    }
  ]
}