{
  "listing_id": "kazmdhsxz8",
  "type": "categories",
  "value": [
    {
      "categories": [
        "Authorization/Permissions",
        "Access Control Violation (High Privileged Functions - Read/Write or Write Only)"
      ],
      "exploitable_locations": [
        {
          "type": "url",
          "value": "https://kwb-sierra.soa-rd.aws.3mhis.net/nlpengine-eprs-support/api/comments",
          "assets_na": false,
          "assets_uids": [
            "67ab67e6492170acd88832f6"
          ],
          "created_at": 1739798708,
          "status": "pending"
        }
      ]
    },
    {
      "categories": [
        "Authorization/Permissions",
        "Access Control Violation (High Privileged Functions - Read/Write or Write Only)"
      ],
      "exploitable_locations": [
        {
          "type": "url",
          "value": "https://kwb-sierra.soa-rd.aws.3mhis.net/nlpengine-eprs-support/api/task-ratings",
          "assets_na": false,
          "assets_uids": [
            "67ab67e6492170acd88832f6"
          ],
          "created_at": 1739800228,
          "status": "pending"
        }
      ]
    },
    {
      "categories": [
        "Authorization/Permissions",
        "Access Control Violation (High Privileged Functions - Read/Write or Write Only)"
      ],
      "exploitable_locations": [
        {
          "type": "url",
          "value": "https://kwb-sierra.soa-rd.aws.3mhis.net/nlpengine-eprs-support/task-rating",
          "assets_na": false,
          "assets_uids": [
            "67ab67e6492170acd88832f6"
          ],
          "created_at": 1739800279,
          "status": "pending"
        },
        {
          "type": "url",
          "value": "https://kwb-sierra.soa-rd.aws.3mhis.net/nlpengine-eprs-support/api/task-ratings",
          "assets_na": false,
          "assets_uids": [
            "67ab67e6492170acd88832f6"
          ],
          "created_at": 1739800279,
          "status": "pending"
        },
        {
          "type": "url",
          "value": "https://kwb-sierra.soa-rd.aws.3mhis.net/nlpengine-eprs-support/api/task-ratings/1",
          "assets_na": false,
          "assets_uids": [
            "67ab67e6492170acd88832f6"
          ],
          "created_at": 1739800279,
          "status": "pending"
        }
      ]
    },
    {
      "categories": [
        "Authorization/Permissions",
        "Access Control Violation (High Privileged Functions - Read/Write or Write Only)"
      ],
      "exploitable_locations": [
        {
          "type": "url",
          "value": "https://kwb-sierra.soa-rd.aws.3mhis.net/nlpengine-eprs-support/score-system",
          "assets_na": false,
          "assets_uids": [
            "67ab67e6492170acd88832f6"
          ],
          "created_at": 1739800706,
          "status": "pending"
        },
        {
          "type": "url",
          "value": "https://kwb-sierra.soa-rd.aws.3mhis.net/nlpengine-eprs-support/api/tasks/675",
          "assets_na": false,
          "assets_uids": [
            "67ab67e6492170acd88832f6"
          ],
          "created_at": 1739800706,
          "status": "pending"
        },
        {
          "type": "url",
          "value": "https://kwb-sierra.soa-rd.aws.3mhis.net/nlpengine-eprs-support/api/tasks",
          "assets_na": false,
          "assets_uids": [
            "67ab67e6492170acd88832f6"
          ],
          "created_at": 1739800706,
          "status": "pending"
        }
      ]
    },
    {
      "categories": [
        "Authorization/Permissions",
        "Access Control Violation (High Privileged Functions-Read Only)"
      ],
      "exploitable_locations": [
        {
          "type": "url",
          "value": "https://kwb-sierra.soa-rd.aws.3mhis.net/nlpengine-eprs-support/api/projects",
          "assets_na": false,
          "assets_uids": [
            "67ab67e6492170acd88832f6"
          ],
          "created_at": 1739801476,
          "status": "pending"
        }
      ]
    },
    {
      "categories": [
        "Authorization/Permissions",
        "Access Control Violation (High Privileged Functions-Read Only)"
      ],
      "exploitable_locations": [
        {
          "type": "url",
          "value": "https://kwb-sierra.soa-rd.aws.3mhis.net/nlpengine-eprs-support/api/enterprises",
          "assets_na": false,
          "assets_uids": [
            "67ab67e6492170acd88832f6"
          ],
          "created_at": 1739802657,
          "status": "pending"
        },
        {
          "type": "url",
          "value": "https://kwb-sierra.soa-rd.aws.3mhis.net/nlpengine-eprs-support/api/facilities",
          "assets_na": false,
          "assets_uids": [
            "67ab67e6492170acd88832f6"
          ],
          "created_at": 1739802657,
          "status": "pending"
        },
        {
          "type": "url",
          "value": "https://kwb-sierra.soa-rd.aws.3mhis.net/nlpengine-eprs-support/api/plugins",
          "assets_na": false,
          "assets_uids": [
            "67ab67e6492170acd88832f6"
          ],
          "created_at": 1739802657,
          "status": "pending"
        },
        {
          "type": "url",
          "value": "https://kwb-sierra.soa-rd.aws.3mhis.net/nlpengine-eprs-support/api/tenants",
          "assets_na": false,
          "assets_uids": [
            "67ab67e6492170acd88832f6"
          ],
          "created_at": 1739802657,
          "status": "pending"
        },
        {
          "type": "url",
          "value": "https://kwb-sierra.soa-rd.aws.3mhis.net/nlpengine-eprs-support/api/sites",
          "assets_na": false,
          "assets_uids": [
            "67ab67e6492170acd88832f6"
          ],
          "created_at": 1739802657,
          "status": "pending"
        },
        {
          "type": "url",
          "value": "https://kwb-sierra.soa-rd.aws.3mhis.net/nlpengine-eprs-support/api/registry-endpoints",
          "assets_na": false,
          "assets_uids": [
            "67ab67e6492170acd88832f6"
          ],
          "created_at": 1739802657,
          "status": "pending"
        }
      ]
    },
    {
      "categories": [
        "Authorization/Permissions",
        "Access Control Violation (High Privileged Functions - Read/Write or Write Only)"
      ],
      "exploitable_locations": [
        {
          "type": "url",
          "value": "https://kwb-sierra.soa-rd.aws.3mhis.net/nlpengine-eprs-support/api/comments",
          "assets_na": false,
          "assets_uids": [
            "67ab67e6492170acd88832f6"
          ],
          "created_at": 1739798890,
          "status": "pending"
        },
        {
          "type": "url",
          "value": "https://kwb-sierra.soa-rd.aws.3mhis.net/nlpengine-eprs-support/api/tasks",
          "assets_na": false,
          "assets_uids": [
            "67ab67e6492170acd88832f6"
          ],
          "created_at": 1739798890,
          "status": "pending"
        },
        {
          "type": "url",
          "value": "https://kwb-sierra.soa-rd.aws.3mhis.net/nlpengine-eprs-support/api/attribute-types",
          "assets_na": false,
          "assets_uids": [
            "67ab67e6492170acd88832f6"
          ],
          "created_at": 1739798890,
          "status": "pending"
        },
        {
          "type": "url",
          "value": "https://kwb-sierra.soa-rd.aws.3mhis.net/nlpengine-eprs-support/api/comments",
          "assets_na": false,
          "assets_uids": [
            "67ab67e6492170acd88832f6"
          ],
          "created_at": 1739798890,
          "status": "pending"
        }
      ]
    },
    {
      "categories": [
        "Authorization/Permissions",
        "Access Control Violation (High Privileged Functions - Read/Write or Write Only)"
      ],
      "exploitable_locations": [
        {
          "type": "url",
          "value": "https://kwb-sierra.soa-rd.aws.3mhis.net/nlpengine-eprs-support/api/attribute-types",
          "assets_na": false,
          "assets_uids": [
            "67ab67e6492170acd88832f6"
          ],
          "created_at": 1739798942,
          "status": "pending"
        }
      ]
    },
    {
      "categories": [
        "Authorization/Permissions",
        "Access Control Violation (High Privileged Functions - Read/Write or Write Only)"
      ],
      "exploitable_locations": [
        {
          "type": "url",
          "value": "https://kwb-sierra.soa-rd.aws.3mhis.net/nlpengine-eprs-support/api/score-systems",
          "assets_na": false,
          "assets_uids": [
            "67ab67e6492170acd88832f6"
          ],
          "created_at": 1739799135,
          "status": "pending"
        }
      ]
    },
    {
      "categories": [
        "Authorization/Permissions",
        "Access Control Violation (High Privileged Functions - Read/Write or Write Only)"
      ],
      "exploitable_locations": [
        {
          "type": "url",
          "value": "https://kwb-sierra.soa-rd.aws.3mhis.net/nlpengine-eprs-support/api/kwbCorpus/corpora",
          "assets_na": false,
          "assets_uids": [
            "67ab67e6492170acd88832f6"
          ],
          "created_at": 1739799175,
          "status": "pending"
        }
      ]
    },
    {
      "categories": [
        "Authorization/Permissions",
        "Access Control Violation (High Privileged Functions - Read/Write or Write Only)"
      ],
      "exploitable_locations": [
        {
          "type": "url",
          "value": "https://kwb-sierra.soa-rd.aws.3mhis.net/nlpengine-eprs-support/api/score-mappings",
          "assets_na": false,
          "assets_uids": [
            "67ab67e6492170acd88832f6"
          ],
          "created_at": 1739799308,
          "status": "pending"
        }
      ]
    },
    {
      "categories": [
        "Authorization/Permissions",
        "Access Control Violation (High Privileged Functions - Read/Write or Write Only)"
      ],
      "exploitable_locations": [
        {
          "type": "url",
          "value": "https://kwb-sierra.soa-rd.aws.3mhis.net/nlpengine-eprs-support/api/document-problems",
          "assets_na": false,
          "assets_uids": [
            "67ab67e6492170acd88832f6"
          ],
          "created_at": 1739799478,
          "status": "pending"
        },
        {
          "type": "file",
          "value": "https://kwb-sierra.soa-rd.aws.3mhis.net/nlpengine-eprs-support/api/document-problems/2400",
          "assets_na": false,
          "assets_uids": [
            "67ab67e6492170acd88832f6"
          ],
          "created_at": 1739799478,
          "status": "pending"
        }
      ]
    },
    {
      "categories": [
        "Authorization/Permissions",
        "Access Control Violation (High Privileged Functions - Read/Write or Write Only)"
      ],
      "exploitable_locations": [
        {
          "type": "url",
          "value": "https://kwb-sierra.soa-rd.aws.3mhis.net/nlpengine-eprs-support/api/problem-attributes",
          "assets_na": false,
          "assets_uids": [
            "67ab67e6492170acd88832f6"
          ],
          "created_at": 1739799548,
          "status": "pending"
        }
      ]
    },
    {
      "categories": [
        "Authorization/Permissions",
        "Access Control Violation (High Privileged Functions - Read/Write or Write Only)"
      ],
      "exploitable_locations": [
        {
          "type": "url",
          "value": "https://kwb-sierra.soa-rd.aws.3mhis.net/nlpengine-eprs-support/api/task-properties/1729",
          "assets_na": false,
          "assets_uids": [
            "67ab67e6492170acd88832f6"
          ],
          "created_at": 1739799925,
          "status": "pending"
        },
        {
          "type": "url",
          "value": "https://kwb-sierra.soa-rd.aws.3mhis.net/nlpengine-eprs-support/api/task-properties",
          "assets_na": false,
          "assets_uids": [
            "67ab67e6492170acd88832f6"
          ],
          "created_at": 1739799925,
          "status": "pending"
        }
      ]
    }
  ]
}