{
  "listing_id": "kgzapj9mzb",
  "type": "categories",
  "value": [
    {
      "categories": [
        "Information Disclosure",
        "Identity of Software Architecture"
      ],
      "exploitable_locations": [
        {
          "type": "url",
          "value": "https://193.138.64.140/api/core/*",
          "created_at": 1589042361,
          "status": "pending"
        }
      ]
    },
    {
      "categories": [
        "Information Disclosure",
        "Sensitive Directory/File Contents Disclosed"
      ],
      "exploitable_locations": [
        {
          "type": "url",
          "value": "http://www.oddo.eu/cms/api/core/getdoc/",
          "created_at": 1591182444,
          "status": "pending"
        },
        {
          "type": "ip",
          "protocol": "tcp",
          "address": "193.138.64.243",
          "port": "80",
          "created_at": 1591182444,
          "status": "pending"
        }
      ]
    },
    {
      "categories": [
        "Information Disclosure",
        "Identity of Network Topology"
      ],
      "exploitable_locations": [
        {
          "type": "ip",
          "protocol": "tcp",
          "address": "193.138.64.20",
          "port": "53",
          "created_at": 1591300935,
          "status": "pending"
        }
      ]
    },
    {
      "categories": [
        "Server/Application Misconfiguration",
        "Insecure Data Storage"
      ],
      "exploitable_locations": [
        {
          "type": "url",
          "value": "https://193.138.64.247/api/Library/GetFile",
          "created_at": 1591366943,
          "status": "pending"
        },
        {
          "type": "url",
          "value": "https://193.138.64.249/api/Library/GetFile",
          "created_at": 1591366943,
          "status": "pending"
        },
        {
          "type": "url",
          "value": "https://193.138.64.245/api/Library/GetFile",
          "created_at": 1591366943,
          "status": "pending"
        },
        {
          "type": "url",
          "value": "https://193.138.64.224/api/Library/GetFile",
          "created_at": 1591366943,
          "status": "pending"
        },
        {
          "type": "url",
          "value": "https://193.138.64.228/api/Library/GetFile",
          "created_at": 1591366943,
          "status": "pending"
        },
        {
          "type": "ip",
          "protocol": "tcp",
          "address": "https://193.138.64.143/api/Library/GetFile?id=ID",
          "port": "443",
          "created_at": 1591366943,
          "status": "pending"
        },
        {
          "type": "ip",
          "protocol": "tcp",
          "address": "https://193.138.64.200/api/Library/GetFile?id=ID",
          "port": "443",
          "created_at": 1591366943,
          "status": "pending"
        },
        {
          "type": "ip",
          "protocol": "tcp",
          "address": "https://193.138.64.189/api/Library/GetFile?id=ID",
          "port": "443",
          "created_at": 1591366943,
          "status": "pending"
        },
        {
          "type": "ip",
          "protocol": "tcp",
          "address": "https://193.138.64.234/api/Library/GetFile?id=ID",
          "port": "443",
          "created_at": 1591366943,
          "status": "pending"
        },
        {
          "type": "ip",
          "protocol": "tcp",
          "address": "https://193.138.64.97/api/Library/GetFile?id=ID",
          "port": "443",
          "created_at": 1591366943,
          "status": "pending"
        }
      ]
    },
    {
      "categories": [
        "Server/Application Misconfiguration",
        "DNS Zone Takeover"
      ],
      "exploitable_locations": [
        {
          "type": "ip",
          "protocol": "tcp",
          "address": "193.138.64.220",
          "port": "53",
          "created_at": 1591375444,
          "status": "pending"
        }
      ]
    },
    {
      "categories": [
        "Server/Application Misconfiguration",
        "Insecure Data Storage"
      ],
      "exploitable_locations": [
        {
          "type": "url",
          "value": "https://am.oddo-bhf.com/portugal/en/non_professional_investor/DownloadSingleDocumentML",
          "created_at": 1591449030,
          "status": "pending"
        },
        {
          "type": "url",
          "value": "https://am.oddo-bhf.com/osterreich/de/finanzberater_fondsvertrieb/DownloadSingleDocumentML",
          "created_at": 1591449030,
          "status": "pending"
        },
        {
          "type": "url",
          "value": "https://am.oddo-bhf.com/portugal/en/non_professional_investor/DownloadSingleDocumentML",
          "created_at": 1591449030,
          "status": "pending"
        }
      ]
    },
    {
      "categories": [
        "Server/Application Misconfiguration",
        "Application Level Protection"
      ],
      "exploitable_locations": [
        {
          "type": "url",
          "value": "http://193.138.64.234/ http://193.138.64.189/ http://193.138.64.224/ http://193.138.64.228/ http://193.138.64.249/ http://193.138.64.247/ http://193.138.64.97/ https://193.138.64.246/ https://193.138.64.236/",
          "created_at": 1634816811,
          "status": "pending"
        }
      ]
    },
    {
      "categories": [
        "Information Disclosure",
        "Sensitive Directory/File Contents Disclosed"
      ],
      "exploitable_locations": [
        {
          "type": "url",
          "value": "https://www.oddo.fr/",
          "created_at": 1648469496,
          "status": "pending"
        },
        {
          "type": "url",
          "value": "https://www.oddo-bhf.com/",
          "created_at": 1648469496,
          "status": "pending"
        },
        {
          "type": "ip",
          "protocol": "tcp",
          "address": "193.138.64.220",
          "port": "443",
          "created_at": 1648469496,
          "status": "pending"
        }
      ]
    },
    {
      "categories": [
        "Server/Application Misconfiguration",
        "Using Known Vulnerable Software"
      ],
      "exploitable_locations": [
        {
          "type": "url",
          "value": "http://193.138.64.224/test.aspx",
          "created_at": 1589047130,
          "status": "pending"
        }
      ]
    },
    {
      "categories": [
        "Functional/Business Logic",
        "Unrestricted File Upload (No Execution Server-Side)"
      ],
      "exploitable_locations": [
        {
          "type": "url",
          "value": "https://oddo.fr/en/Careers/Candidature",
          "created_at": 1648476811,
          "status": "pending"
        },
        {
          "type": "ip",
          "protocol": "tcp",
          "address": "193.138.64.243",
          "port": "443",
          "created_at": 1648476811,
          "status": "pending"
        }
      ]
    },
    {
      "categories": [
        "Information Disclosure",
        "Sensitive Directory/File Contents Disclosed"
      ],
      "exploitable_locations": [
        {
          "type": "url",
          "value": "http://www.oddo.eu/Careers.zip",
          "created_at": 1648561884,
          "status": "pending"
        }
      ]
    },
    {
      "categories": [
        "Information Disclosure",
        "Sensitive Directory/File Contents Disclosed"
      ],
      "exploitable_locations": [
        {
          "type": "url",
          "value": "https://www.oddo-bhf.com/news.zip",
          "created_at": 1653178158,
          "status": "pending"
        },
        {
          "type": "url",
          "value": "http://www.oddo.eu/news.zip",
          "created_at": 1653178158,
          "status": "pending"
        },
        {
          "type": "url",
          "value": "https://www.oddo.fr/news.zip",
          "created_at": 1653178158,
          "status": "pending"
        },
        {
          "type": "url",
          "value": "http://www.oddo.eu/news.zip",
          "created_at": 1653178158,
          "status": "pending"
        }
      ]
    },
    {
      "categories": [
        "Server/Application Misconfiguration",
        "Insecure Data Storage"
      ],
      "exploitable_locations": [
        {
          "type": "url",
          "value": "https://library.oddo-bhf.com/api/Library/GetImage",
          "created_at": 1676589437,
          "status": "pending"
        },
        {
          "type": "ip",
          "protocol": "tcp",
          "address": "172.65.254.239",
          "port": "443",
          "created_at": 1676589437,
          "status": "pending"
        }
      ]
    },
    {
      "categories": [
        "Cross-Site Scripting (XSS)",
        "**Reflected XSS (OLD DNU)**"
      ],
      "exploitable_locations": [
        {
          "type": "url",
          "value": "https://193.138.64.225/dana-na/setup/psaldownload.cgi",
          "assets_na": false,
          "assets_uids": [
            "0e2eec8da144bfeaeb467943"
          ],
          "created_at": 1700263031,
          "status": "pending"
        }
      ]
    },
    {
      "categories": [
        "Server/Application Misconfiguration",
        "Improper Filesystem Permissions"
      ],
      "exploitable_locations": [
        {
          "type": "url",
          "value": "http://193.138.64.93",
          "assets_na": false,
          "assets_uids": [
            "e6cdcd4f9cbf7981c2a9c163"
          ],
          "created_at": 1710810708,
          "status": "pending"
        }
      ]
    },
    {
      "categories": [
        "Content Injection",
        "XML External Entity (XXE)- Limited"
      ],
      "exploitable_locations": [
        {
          "type": "url",
          "value": "https://193.138.64.250/dana-na/auth/saml-sso.cgi",
          "assets_na": false,
          "assets_uids": [
            "537fd9568c8436aca727424c"
          ],
          "created_at": 1713726112,
          "status": "pending"
        },
        {
          "type": "url",
          "value": "https://193.138.64.225/dana-na/auth/saml-sso.cgi",
          "assets_na": false,
          "assets_uids": [
            "0e2eec8da144bfeaeb467943"
          ],
          "created_at": 1713726112,
          "status": "pending"
        }
      ]
    },
    {
      "categories": [
        "Information Disclosure",
        "Sensitive Client Information Disclosed"
      ],
      "exploitable_locations": [
        {
          "type": "url",
          "value": "https://www.bv-activebanking.de/loginapplication-trinkaus/help/de/Onlinebanking_Information.pdf",
          "assets_na": false,
          "assets_uids": [
            "64e5e94ecd4940be582ba7d1"
          ],
          "created_at": 1716280700,
          "status": "pending"
        }
      ]
    },
    {
      "categories": [
        "Authorization/Permissions",
        "File Inclusion (No execution)"
      ],
      "exploitable_locations": [
        {
          "type": "url",
          "value": "https://micollab01.oddo-bhf.com",
          "assets_na": false,
          "assets_uids": [
            "5365f8cb159defbe00ca8dc0"
          ],
          "created_at": 1733680346,
          "status": "pending"
        }
      ]
    },
    {
      "categories": [
        "Authorization/Permissions",
        "Access/Privacy Control Violation"
      ],
      "exploitable_locations": [
        {
          "type": "url",
          "value": "https://193.138.64.140/api/core/findResDisclosure",
          "created_at": 1589057545,
          "status": "pending"
        }
      ]
    },
    {
      "categories": [
        "Authorization/Permissions",
        "File Inclusion (No execution)"
      ],
      "exploitable_locations": [
        {
          "type": "url",
          "value": "https://micollab02.oddo-bhf.com",
          "assets_na": false,
          "assets_uids": [
            "cf2ab27fe97296b8f2c48906"
          ],
          "created_at": 1733804999,
          "status": "pending"
        }
      ]
    },
    {
      "categories": [
        "Functional/Business Logic",
        "Improper Input Validation"
      ],
      "exploitable_locations": [
        {
          "type": "url",
          "value": "https://193.138.64.140/api/core/openRecoFile",
          "created_at": 1589059756,
          "status": "pending"
        },
        {
          "type": "url",
          "value": "https://193.138.64.140/api/core/openRecoFiFile",
          "created_at": 1589059756,
          "status": "pending"
        }
      ]
    },
    {
      "categories": [
        "Information Disclosure",
        "Sensitive Client Information Disclosed"
      ],
      "exploitable_locations": [
        {
          "type": "url",
          "value": "https://www.securities.oddo-bhf.com/#",
          "created_at": 1589074004,
          "status": "pending"
        },
        {
          "type": "ip",
          "protocol": "tcp",
          "address": "193.138.64.140",
          "port": "443",
          "created_at": 1589074004,
          "status": "pending"
        }
      ]
    },
    {
      "categories": [
        "Information Disclosure",
        "Sensitive Client Information Disclosed"
      ],
      "exploitable_locations": [
        {
          "type": "url",
          "value": "https://library.oddo-bhf.com/api/Library/GetImage",
          "created_at": 1589277771,
          "status": "pending"
        }
      ]
    },
    {
      "categories": [
        "Information Disclosure",
        "Sensitive Source Code"
      ],
      "exploitable_locations": [
        {
          "type": "url",
          "value": "https://kyc.oddo.fr/Authentification/RecoverPassword_Banquier_OBP.aspx",
          "created_at": 1591162145,
          "status": "pending"
        },
        {
          "type": "ip",
          "protocol": "tcp",
          "address": "193.138.64.93",
          "port": "443",
          "created_at": 1591162145,
          "status": "pending"
        }
      ]
    }
  ]
}