{
  "listing_id": "lu4591ik0m",
  "type": "categories",
  "value": [
    {
      "categories": [
        "Functional/Business Logic",
        "Improper Input Validation"
      ],
      "exploitable_locations": [
        {
          "type": "url",
          "value": "https://tools-intl-mi-preprod.us.dominos.com/store-management-service/stores/99685",
          "created_at": 1471025119,
          "status": "fixed"
        }
      ]
    },
    {
      "categories": [
        "Functional/Business Logic",
        "Improper Input Validation"
      ],
      "exploitable_locations": [
        {
          "type": "url",
          "value": "https://tools-intl-mi-preprod.us.dominos.com/store-management-service/stores/16510",
          "created_at": 1471035345,
          "status": "wont_fix"
        }
      ]
    },
    {
      "categories": [
        "Information Disclosure",
        "Sensitive Information Leak to third-parties"
      ],
      "exploitable_locations": [
        {
          "type": "url",
          "value": "https://tools-intl-mi-preprod.us.dominos.com/sm/#stores/%2F%2Fmurmuring-ridge-75585.herokuapp.com",
          "created_at": 1532186920,
          "status": "fixed"
        },
        {
          "value": "https://tools-intl-mi-preprod.us.dominos.com/wam/#/campaigns/%2F%2Fmurmuring-ridge-75585.herokuapp.com.",
          "type": "url",
          "created_at": 1532186920,
          "status": "fixed"
        }
      ]
    },
    {
      "categories": [
        "Authentication/Session Management",
        "Session Fixation"
      ],
      "exploitable_locations": [
        {
          "type": "url",
          "value": "https://tools-intl-mi-preprod.us.dominos.com/sm",
          "created_at": 1532203568,
          "status": "fixed"
        }
      ]
    },
    {
      "categories": [
        "Content Injection",
        "CSV Injection (OLD DNU)"
      ],
      "exploitable_locations": [
        {
          "type": "url",
          "value": "https://tools-intl-mi-preprod.us.dominos.com/store-management-service/markets/N16538/storeTerritoryFile",
          "created_at": 1532385381,
          "status": "fixed"
        }
      ]
    },
    {
      "categories": [
        "Information Disclosure",
        "Sensitive Information Leak to third-parties"
      ],
      "exploitable_locations": [
        {
          "type": "url",
          "value": "https://tools-intl-mi-preprod.us.dominos.com/sm/#stores/%2Eexample%2Ecom%2Fstore-management-service%2Fstores%2F19001",
          "created_at": 1552919168,
          "status": "fixed"
        }
      ]
    },
    {
      "categories": [
        "SQL Injection",
        "**Blind**"
      ],
      "exploitable_locations": [
        {
          "type": "url",
          "value": "https://tools-intl-mi-preprod.us.dominos.com/store-management-service/storeSummaries",
          "created_at": 1470880004,
          "status": "fixed"
        }
      ]
    },
    {
      "categories": [
        "Information Disclosure",
        "Sensitive API Keys"
      ],
      "exploitable_locations": [
        {
          "type": "url",
          "value": "https://tools-intl-mi-preprod.us.dominos.com/sm/_envconfig.js",
          "created_at": 1614868645,
          "status": "fixed"
        }
      ]
    },
    {
      "categories": [
        "Cross-Site Scripting (XSS)",
        "**Persistent XSS**"
      ],
      "exploitable_locations": [
        {
          "type": "url",
          "value": "https://tools-intl-mi-preprod.us.dominos.com/sm/#phone-dom/%2Fstore-management-service%2FtelephonyConfigurations/store/%2Fstore-management-service%2Fstores%2F1005/boundaries",
          "created_at": 1619381481,
          "status": "fixed"
        }
      ]
    },
    {
      "categories": [
        "Content Injection",
        "**XML External Entity (XXE)**"
      ],
      "exploitable_locations": [
        {
          "type": "url",
          "value": "https://tools-intl-mi-preprod.us.dominos.com/store-management-service/markets/:id/storeTerritoryFile",
          "created_at": 1621253357,
          "status": "fixed"
        }
      ]
    },
    {
      "categories": [
        "Cross-Site Scripting (XSS)",
        "**DOM Based XSS**"
      ],
      "exploitable_locations": [
        {
          "type": "url",
          "value": "https://tools-intl-mi-preprod.us.dominos.com/sm/#/stores/19908aaa<img%20src=x%20onerror=document.body.innerHTML='modified';alert(1)>",
          "created_at": 1470880606,
          "status": "fixed"
        }
      ]
    },
    {
      "categories": [
        "Server/Application Misconfiguration",
        "Cross-Origin Resource Sharing (CORS)"
      ],
      "exploitable_locations": [
        {
          "type": "url",
          "value": "https://tools-intl-mi-preprod.us.dominos.com/sm/auth.html",
          "created_at": 1625751629,
          "status": "fixed"
        }
      ]
    },
    {
      "categories": [
        "Functional/Business Logic",
        "Client Side Validation"
      ],
      "exploitable_locations": [
        {
          "type": "url",
          "value": "https://tools-intl-mi-preprod.us.dominos.com/store-management-service/stores/N82898",
          "created_at": 1663811665,
          "status": "pending"
        }
      ]
    },
    {
      "categories": [
        "Cross-Site Scripting (XSS)",
        "Persistent XSS"
      ],
      "exploitable_locations": [
        {
          "type": "url",
          "value": "https://tools-intl-mi-preprod.us.dominos.com/sm/#/store-search/filter[marketId]={market_ID}&filter[status]=Open,New,Preopen&filter[status]=Open,New,Preopen/store//store-management-service/stores/{store_ID}/boundaries",
          "created_at": 1682614184,
          "status": "fixed"
        },
        {
          "type": "url",
          "value": "https://tools-intl-mi-preprod.us.dominos.com/store-management-service/deliveryHotspots/<hotspot_ID>",
          "created_at": 1682614184,
          "status": "fixed"
        },
        {
          "type": "url",
          "value": "https://tools-intl-mi-preprod.us.dominos.com/store-management-service/storeBoundaries/<store_ID>",
          "created_at": 1682614184,
          "status": "fixed"
        },
        {
          "type": "url",
          "value": "https://tools-intl-mi-preprod.us.dominos.com/sm/",
          "created_at": 1682614184,
          "status": "fixed"
        }
      ]
    },
    {
      "categories": [
        "Cross-Site Scripting (XSS)",
        "DOM-based XSS"
      ],
      "exploitable_locations": [
        {
          "type": "url",
          "value": "https://tools-intl-mi-preprod.us.dominos.com/store-management-service/swagger-ui/index.html",
          "assets_na": false,
          "assets_uids": [
            "9fd5df2817fbe294bf1262e7"
          ],
          "created_at": 1690991553,
          "status": "pending"
        }
      ]
    },
    {
      "categories": [
        "Cross-Site Scripting (XSS)",
        "**DOM Based XSS**"
      ],
      "exploitable_locations": [
        {
          "type": "url",
          "value": "https://tools-intl-mi-preprod.us.dominos.com/sm/#/store-search/{%22marketId%22%3A%22N15155%22}/store/99971S%3CIMG%20SRC=1%20onerror=alert(document.domain)%3E",
          "badURI": true,
          "created_at": 1470882247,
          "status": "fixed"
        },
        {
          "type": "url",
          "value": "https://tools-intl-mi-preprod.us.dominos.com/sm/#/store-search/{}/store/99971S%3CIMG%20SRC=1%20onerror=alert(document.domain)%3E",
          "badURI": true,
          "created_at": 1470882247,
          "status": "fixed"
        }
      ]
    },
    {
      "categories": [
        "Functional/Business Logic",
        "Client Side Validation"
      ],
      "exploitable_locations": [
        {
          "type": "url",
          "value": "https://tools-intl-mi-preprod.us.dominos.com/store-management-service/stores/<id>/laborEfficiency",
          "assets_na": false,
          "assets_uids": [
            "9fd5df2817fbe294bf1262e7"
          ],
          "created_at": 1720555176,
          "status": "pending"
        }
      ]
    },
    {
      "categories": [
        "Authorization/Permissions",
        "Access Control Violation (High Privileged Functions - Read/Write or Write Only)"
      ],
      "exploitable_locations": [
        {
          "type": "url",
          "value": "https://tools-intl-mi-preprod.us.dominos.com/store-management-service/telephonyConfigurations",
          "assets_na": false,
          "assets_uids": [
            "9fd5df2817fbe294bf1262e7"
          ],
          "created_at": 1722158082,
          "status": "pending"
        }
      ]
    },
    {
      "categories": [
        "Authorization/Permissions",
        "Insecure Direct Object Reference (Read & Write)"
      ],
      "exploitable_locations": [
        {
          "type": "url",
          "value": "https://tools-intl-mi-preprod.us.dominos.com/store-management-service/stores/98001",
          "assets_na": false,
          "assets_uids": [
            "9fd5df2817fbe294bf1262e7"
          ],
          "created_at": 1722480390,
          "status": "pending"
        }
      ]
    },
    {
      "categories": [
        "Other",
        "Other - Please describe"
      ],
      "exploitable_locations": [
        {
          "type": "url",
          "value": "https://auth-intl-preprod.dominos.com/as/authorization.oauth2",
          "created_at": 1470885009,
          "status": "fixed"
        },
        {
          "type": "url",
          "value": "https://tools-intl-mi-preprod.us.dominos.com/sm/auth.html",
          "created_at": 1470885009,
          "status": "fixed"
        }
      ]
    },
    {
      "categories": [
        "Authorization/Permissions",
        "Access Control Violation (Low Privileged Functions-Read/Write or Write Only)"
      ],
      "exploitable_locations": [
        {
          "type": "url",
          "value": "https://tools-intl-mi-preprod.us.dominos.com/store-management-service/stores/19003",
          "assets_na": false,
          "assets_uids": [
            "9fd5df2817fbe294bf1262e7"
          ],
          "created_at": 1723051680,
          "status": "pending"
        }
      ]
    }
  ]
}