{
  "listing_id": "m90top2omv",
  "type": "categories",
  "value": [
    {
      "categories": [
        "Authorization/Permissions",
        "Access Control Violation (High Privileged Functions - Read/Write or Write Only)"
      ],
      "exploitable_locations": [
        {
          "type": "url",
          "value": "https://pdmqa.ls.aws.3mhis.net/MicroStrategy/asp/Main.aspx",
          "assets_na": false,
          "assets_uids": [
            "6740af0190341409729e5cb6"
          ],
          "created_at": 1739287199,
          "status": "pending"
        }
      ]
    }
  ]
}