{
  "listing_id": "mt1qi6rqum",
  "type": "categories",
  "value": [
    {
      "categories": [
        "Authorization/Permissions",
        "Insecure Direct Object Reference"
      ],
      "exploitable_locations": [
        {
          "type": "url",
          "value": "https://www02.frgbeta.com/api/order/<uuid>/shipMethod/1",
          "created_at": 1595471401,
          "status": "pending"
        }
      ]
    },
    {
      "categories": [
        "Authorization/Permissions",
        "Insecure Direct Object Reference"
      ],
      "exploitable_locations": [
        {
          "type": "url",
          "value": "https://www02.frgbeta.com/api/experience/address-payment",
          "created_at": 1595472411,
          "status": "pending"
        }
      ]
    },
    {
      "categories": [
        "Authorization/Permissions",
        "Insecure Direct Object Reference"
      ],
      "exploitable_locations": [
        {
          "type": "url",
          "value": "https://www02.frgbeta.com/api/experience/create-order",
          "created_at": 1595475108,
          "status": "pending"
        }
      ]
    },
    {
      "categories": [
        "Authorization/Permissions",
        "Insecure Direct Object Reference"
      ],
      "exploitable_locations": [
        {
          "type": "url",
          "value": "https://www02.frgbeta.com/api/account/addresses",
          "created_at": 1595493250,
          "status": "pending"
        }
      ]
    },
    {
      "categories": [
        "Information Disclosure",
        "Sensitive API Keys"
      ],
      "exploitable_locations": [
        {
          "type": "url",
          "value": "https://www02.frgbeta.com/account/address-book",
          "created_at": 1595579067,
          "status": "pending"
        }
      ]
    },
    {
      "categories": [
        "Information Disclosure",
        "Sensitive API Keys"
      ],
      "exploitable_locations": [
        {
          "type": "url",
          "value": "https://www02.frgbeta.com/login",
          "created_at": 1595593755,
          "status": "pending"
        },
        {
          "type": "url",
          "value": "https://www02.frgbeta.com/cart",
          "created_at": 1595593755,
          "status": "pending"
        },
        {
          "type": "url",
          "value": "https://www02.frgbeta.com/track-order",
          "created_at": 1595593755,
          "status": "pending"
        },
        {
          "type": "url",
          "value": "https://www02.frgbeta.com/",
          "created_at": 1595593755,
          "status": "pending"
        }
      ]
    },
    {
      "categories": [
        "Authorization/Permissions",
        "Access/Privacy Control Violation"
      ],
      "exploitable_locations": [
        {
          "type": "app-location",
          "value": "https://www02.frgbeta.com/api/order/find-order?orderNumber=4660-0419-8968&useFindOrderEndpoint=true ",
          "created_at": 1605666974,
          "status": "pending"
        }
      ]
    },
    {
      "categories": [
        "Functional/Business Logic",
        "Functionality Abuse with Malicious Impact"
      ],
      "exploitable_locations": [
        {
          "type": "url",
          "value": "https://www02.frgbeta.com/account/update",
          "created_at": 1605879568,
          "status": "pending"
        }
      ]
    },
    {
      "categories": [
        "Authentication/Session Management",
        "Account Enumeration"
      ],
      "exploitable_locations": [
        {
          "type": "url",
          "value": "https://www02.frgbeta.com/register",
          "created_at": 1615864957,
          "status": "pending"
        }
      ]
    },
    {
      "categories": [
        "Brute Force",
        "Lack of Rate Limiting Protections  (i.e. CAPTCHA)"
      ],
      "exploitable_locations": [
        {
          "type": "url",
          "value": "https://www02.frgbeta.com/register",
          "created_at": 1615867821,
          "status": "pending"
        }
      ]
    },
    {
      "categories": [
        "Server/Application Misconfiguration",
        "Application Level Protection"
      ],
      "exploitable_locations": [
        {
          "type": "url",
          "value": "https://www02.frgbeta.com/register",
          "created_at": 1615872285,
          "status": "pending"
        }
      ]
    },
    {
      "categories": [
        "Functional/Business Logic",
        "Functionality Abuse with Malicious Impact"
      ],
      "exploitable_locations": [
        {
          "type": "url",
          "value": "https://www02.frgbeta.com/register",
          "created_at": 1616359346,
          "status": "pending"
        }
      ]
    },
    {
      "categories": [
        "Information Disclosure",
        "Sensitive Directory/File Contents Disclosed"
      ],
      "exploitable_locations": [
        {
          "type": "url",
          "value": "https://www02.frgbeta.com/api/cart/c5119a30-8bc7-11eb-a2a6-73498ba2c76e/promotion",
          "created_at": 1616500217,
          "status": "pending"
        }
      ]
    },
    {
      "categories": [
        "Information Disclosure",
        "Sensitive API Keys"
      ],
      "exploitable_locations": [
        {
          "type": "url",
          "value": "https://www02.frgbeta.com/account/address-book/add-new",
          "created_at": 1617173751,
          "status": "pending"
        }
      ]
    },
    {
      "categories": [
        "Information Disclosure",
        "Sensitive Source Code"
      ],
      "exploitable_locations": [
        {
          "type": "url",
          "value": "https://www02.frgbeta.com/api/order/find-order",
          "created_at": 1618342831,
          "status": "pending"
        }
      ]
    },
    {
      "categories": [
        "Server/Application Misconfiguration",
        "Security HTTP Headers"
      ],
      "exploitable_locations": [
        {
          "type": "url",
          "value": "https://www02.frgbeta.com/",
          "created_at": 1619714074,
          "status": "pending"
        }
      ]
    },
    {
      "categories": [
        "Functional/Business Logic",
        "Client Side Validation"
      ],
      "exploitable_locations": [
        {
          "type": "url",
          "value": "https://www02.frgbeta.com/api/experience",
          "created_at": 1625508044,
          "status": "pending"
        }
      ]
    },
    {
      "categories": [
        "Brute Force",
        "Lack of Rate Limiting Protections  (i.e. CAPTCHA)"
      ],
      "exploitable_locations": [
        {
          "type": "url",
          "value": "https://www02.frgbeta.com/api/cart/<CART ID>/promotion",
          "created_at": 1625644504,
          "status": "pending"
        }
      ]
    },
    {
      "categories": [
        "Information Disclosure",
        "Sensitive API Keys"
      ],
      "exploitable_locations": [
        {
          "type": "url",
          "value": "https://www02.frgbeta.com/static/1.1.0-rc-20200708-1.23082/js/common.js",
          "created_at": 1595410344,
          "status": "pending"
        },
        {
          "type": "url",
          "value": "https://www02.frgbeta.com/user-prefs/data-subject-request",
          "created_at": 1595410344,
          "status": "pending"
        }
      ]
    },
    {
      "categories": [
        "Authorization/Permissions",
        "Access/Privacy Control Violation"
      ],
      "exploitable_locations": [
        {
          "type": "url",
          "value": "https://www02.frgbeta.com/account/orders/ID",
          "created_at": 1626274025,
          "status": "pending"
        }
      ]
    },
    {
      "categories": [
        "Content Injection",
        "**Spoof HTML Content**"
      ],
      "exploitable_locations": [
        {
          "type": "url",
          "value": "https://www02.frgbeta.com/login/forgot-password",
          "created_at": 1627315193,
          "status": "pending"
        },
        {
          "type": "url",
          "value": "https://www02.frgbeta.com/api/account",
          "created_at": 1627315193,
          "status": "pending"
        }
      ]
    },
    {
      "categories": [
        "Authorization/Permissions",
        "Access/Privacy Control Violation"
      ],
      "exploitable_locations": [
        {
          "type": "url",
          "value": "https://www02.frgbeta.com/api/account/profiles/{id}",
          "created_at": 1634457212,
          "status": "pending"
        }
      ]
    },
    {
      "categories": [
        "Information Disclosure",
        "Sensitive Client Information Disclosed"
      ],
      "exploitable_locations": [
        {
          "type": "url",
          "value": "https://www02.frgbeta.com/api/syf/authenticate",
          "created_at": 1635400438,
          "status": "pending"
        }
      ]
    },
    {
      "categories": [
        "Authorization/Permissions",
        "Insecure Direct Object Reference (Read-Only)"
      ],
      "exploitable_locations": [
        {
          "type": "url",
          "value": "https://www02.frgbeta.com/account/orders/<>",
          "created_at": 1635608351,
          "status": "pending"
        }
      ]
    },
    {
      "categories": [
        "Authorization/Permissions",
        "Insecure Direct Object Reference (Read-Only)"
      ],
      "exploitable_locations": [
        {
          "type": "url",
          "value": "https://www02.frgbeta.com/api/order/find-order",
          "created_at": 1635614884,
          "status": "pending"
        }
      ]
    },
    {
      "categories": [
        "Information Disclosure",
        "Sensitive API Keys"
      ],
      "exploitable_locations": [
        {
          "type": "url",
          "value": "https://www02.frgbeta.com/x-18",
          "created_at": 1595412069,
          "status": "pending"
        }
      ]
    },
    {
      "categories": [
        "Authorization/Permissions",
        "Insecure Direct Object Reference (Read & Write)"
      ],
      "exploitable_locations": [
        {
          "type": "url",
          "value": "https://www02.frgbeta.com/api/experience/address-payment",
          "created_at": 1635885774,
          "status": "pending"
        }
      ]
    },
    {
      "categories": [
        "Authentication/Session Management",
        "Credential/Session Prediction"
      ],
      "exploitable_locations": [
        {
          "type": "url",
          "value": "https://www02.frgbeta.com/api/account",
          "created_at": 1641743095,
          "status": "pending"
        }
      ]
    },
    {
      "categories": [
        "Functional/Business Logic",
        "Improper Input Validation"
      ],
      "exploitable_locations": [
        {
          "type": "url",
          "value": "https://www02.frgbeta.com/account/update",
          "created_at": 1642192851,
          "status": "pending"
        }
      ]
    },
    {
      "categories": [
        "Information Disclosure",
        "Identity of Software Architecture"
      ],
      "exploitable_locations": [
        {
          "type": "url",
          "value": "https://www02.frgbeta.com/api/account/profiles/187da6e0-77fa-11ec-a819-5bbb4047ee40",
          "created_at": 1642473127,
          "status": "pending"
        }
      ]
    },
    {
      "categories": [
        "Authentication/Session Management",
        "Login Authentication Bypass"
      ],
      "exploitable_locations": [
        {
          "type": "url",
          "value": "https://www02.frgbeta.com/register",
          "created_at": 1642783691,
          "status": "pending"
        }
      ]
    },
    {
      "categories": [
        "Brute Force",
        "Lack of Rate Limiting Protections  (i.e. CAPTCHA)"
      ],
      "exploitable_locations": [
        {
          "type": "url",
          "value": "https://www02.frgbeta.com/login/forgot-password",
          "created_at": 1642849106,
          "status": "pending"
        }
      ]
    },
    {
      "categories": [
        "Authorization/Permissions",
        "Insecure Direct Object Reference (Read-Only)"
      ],
      "exploitable_locations": [
        {
          "type": "url",
          "value": "https://www02.frgbeta.com/api/order/find-order-full",
          "created_at": 1663111362,
          "status": "pending"
        }
      ]
    },
    {
      "categories": [
        "Cross-Site Scripting (XSS)",
        "Reflected XSS"
      ],
      "exploitable_locations": [
        {
          "type": "url",
          "value": "https://www02.frgbeta.com/login",
          "assets_na": false,
          "assets_uids": [
            "5f11ff139e40ab00011fcf21"
          ],
          "created_at": 1686636736,
          "status": "pending"
        }
      ]
    },
    {
      "categories": [
        "Cross-Site Scripting (XSS)",
        "Reflected XSS"
      ],
      "exploitable_locations": [
        {
          "type": "url",
          "value": "https://www02.frgbeta.com/login/forgot-password",
          "assets_na": false,
          "assets_uids": [
            "5f11ff139e40ab00011fcf21"
          ],
          "created_at": 1686637337,
          "status": "pending"
        }
      ]
    },
    {
      "categories": [
        "Cross-Site Scripting (XSS)",
        "Reflected XSS"
      ],
      "exploitable_locations": [
        {
          "type": "url",
          "value": "https://www02.frgbeta.com/login",
          "assets_na": false,
          "assets_uids": [
            "5f11ff139e40ab00011fcf21"
          ],
          "created_at": 1686638708,
          "status": "pending"
        }
      ]
    },
    {
      "categories": [
        "Cross-Site Scripting (XSS)",
        "Reflected XSS"
      ],
      "exploitable_locations": [
        {
          "type": "url",
          "value": "https://www02.frgbeta.com/account/orders",
          "assets_na": false,
          "assets_uids": [
            "5f11ff139e40ab00011fcf21"
          ],
          "created_at": 1686639431,
          "status": "pending"
        }
      ]
    },
    {
      "categories": [
        "Cross-Site Scripting (XSS)",
        "Reflected XSS"
      ],
      "exploitable_locations": [
        {
          "type": "url",
          "value": "https://www02.frgbeta.com/account",
          "assets_na": false,
          "assets_uids": [
            "5f11ff139e40ab00011fcf21"
          ],
          "created_at": 1686639832,
          "status": "pending"
        }
      ]
    },
    {
      "categories": [
        "Information Disclosure",
        "Sensitive API Keys"
      ],
      "exploitable_locations": [
        {
          "type": "url",
          "value": "https://www02.frgbeta.com/static/1.1.0-rc-20200708-1.23082/js/common.js",
          "created_at": 1595414617,
          "status": "pending"
        },
        {
          "type": "url",
          "value": "https://www02.frgbeta.com/account/address-book/add-new",
          "created_at": 1595414617,
          "status": "pending"
        }
      ]
    },
    {
      "categories": [
        "Cross-Site Scripting (XSS)",
        "Reflected XSS"
      ],
      "exploitable_locations": [
        {
          "type": "url",
          "value": "https://www02.frgbeta.com/account/address-book",
          "assets_na": false,
          "assets_uids": [
            "5f11ff139e40ab00011fcf21"
          ],
          "created_at": 1686640341,
          "status": "pending"
        }
      ]
    },
    {
      "categories": [
        "Cross-Site Scripting (XSS)",
        "Reflected XSS"
      ],
      "exploitable_locations": [
        {
          "type": "url",
          "value": "https://www02.frgbeta.com/account/update",
          "assets_na": false,
          "assets_uids": [
            "5f11ff139e40ab00011fcf21"
          ],
          "created_at": 1686640690,
          "status": "pending"
        }
      ]
    },
    {
      "categories": [
        "Cross-Site Scripting (XSS)",
        "Reflected XSS"
      ],
      "exploitable_locations": [
        {
          "type": "url",
          "value": "https://www02.frgbeta.com/account/bid-watch-list",
          "assets_na": false,
          "assets_uids": [
            "5f11ff139e40ab00011fcf21"
          ],
          "created_at": 1686640883,
          "status": "pending"
        }
      ]
    },
    {
      "categories": [
        "Cross-Site Scripting (XSS)",
        "Reflected XSS"
      ],
      "exploitable_locations": [
        {
          "type": "url",
          "value": "https://www02.frgbeta.com/account/payment-methods",
          "assets_na": false,
          "assets_uids": [
            "5f11ff139e40ab00011fcf21"
          ],
          "created_at": 1686641234,
          "status": "pending"
        }
      ]
    },
    {
      "categories": [
        "Cross-Site Scripting (XSS)",
        "Reflected XSS"
      ],
      "exploitable_locations": [
        {
          "type": "url",
          "value": "https://www02.frgbeta.com/account/bid-history",
          "assets_na": false,
          "assets_uids": [
            "5f11ff139e40ab00011fcf21"
          ],
          "created_at": 1686641580,
          "status": "pending"
        }
      ]
    },
    {
      "categories": [
        "Cross-Site Scripting (XSS)",
        "Reflected XSS"
      ],
      "exploitable_locations": [
        {
          "type": "url",
          "value": "https://www02.frgbeta.com/account/myfancash",
          "assets_na": false,
          "assets_uids": [
            "5f11ff139e40ab00011fcf21"
          ],
          "created_at": 1686641956,
          "status": "pending"
        }
      ]
    },
    {
      "categories": [
        "Cross-Site Scripting (XSS)",
        "Persistent XSS"
      ],
      "exploitable_locations": [
        {
          "type": "url",
          "value": "https://www02.frgbeta.com/register",
          "assets_na": false,
          "assets_uids": [
            "5f11f81b9e40ab00011fcf07"
          ],
          "created_at": 1691445584,
          "status": "pending"
        }
      ]
    },
    {
      "categories": [
        "Cross-Site Scripting (XSS)",
        "Persistent XSS"
      ],
      "exploitable_locations": [
        {
          "type": "url",
          "value": "https://www02.frgbeta.com/shipping",
          "assets_na": false,
          "assets_uids": [
            "5f11f81b9e40ab00011fcf07"
          ],
          "created_at": 1691446989,
          "status": "pending"
        }
      ]
    },
    {
      "categories": [
        "Authorization/Permissions",
        "Insecure Direct Object Reference (Read & Write)"
      ],
      "exploitable_locations": [
        {
          "type": "url",
          "value": "https://www02.frgbeta.com/api/experience/address-payment",
          "assets_na": false,
          "assets_uids": [
            "5f11ff139e40ab00011fcf21"
          ],
          "created_at": 1692134130,
          "status": "pending"
        }
      ]
    },
    {
      "categories": [
        "Cross-Site Scripting (XSS)",
        "Persistent XSS"
      ],
      "exploitable_locations": [
        {
          "type": "url",
          "value": "https://www02.frgbeta.com/api/account/",
          "assets_na": false,
          "assets_uids": [
            "5f11f81b9e40ab00011fcf07"
          ],
          "created_at": 1692239827,
          "status": "pending"
        },
        {
          "type": "url",
          "value": "https://www02.frgbeta.com/api/account/profiles/<Profile ID>",
          "assets_na": false,
          "assets_uids": [
            "5f11f81b9e40ab00011fcf07"
          ],
          "created_at": 1692239827,
          "status": "pending"
        }
      ]
    },
    {
      "categories": [
        "Cross-Site Scripting (XSS)",
        "Reflected XSS"
      ],
      "exploitable_locations": [
        {
          "type": "url",
          "value": "https://www02.frgbeta.com/",
          "assets_na": false,
          "assets_uids": [
            "5f11f81b9e40ab00011fcf07"
          ],
          "created_at": 1692307690,
          "status": "pending"
        }
      ]
    },
    {
      "categories": [
        "Cross-Site Scripting (XSS)",
        "Reflected XSS"
      ],
      "exploitable_locations": [
        {
          "type": "url",
          "value": "https://www02.frgbeta.com/hs-1",
          "assets_na": false,
          "assets_uids": [
            "5f11f81b9e40ab00011fcf07"
          ],
          "created_at": 1692311772,
          "status": "pending"
        }
      ]
    },
    {
      "categories": [
        "Cross-Site Scripting (XSS)",
        "Reflected XSS"
      ],
      "exploitable_locations": [
        {
          "type": "url",
          "value": "https://www02.frgbeta.com/register",
          "assets_na": false,
          "assets_uids": [
            "5f11ff139e40ab00011fcf21"
          ],
          "created_at": 1706376010,
          "status": "pending"
        },
        {
          "type": "url",
          "value": "https://www02.frgbeta.com/api/account/ ",
          "assets_na": false,
          "assets_uids": [
            "5f11ff139e40ab00011fcf21"
          ],
          "created_at": 1706376010,
          "status": "pending"
        },
        {
          "type": "url",
          "value": "https://www02.frgbeta.com/fan/flow",
          "assets_na": false,
          "assets_uids": [
            "5f11ff139e40ab00011fcf21"
          ],
          "created_at": 1706376010,
          "status": "pending"
        }
      ]
    },
    {
      "categories": [
        "Cross-Site Scripting (XSS)",
        "Persistent XSS"
      ],
      "exploitable_locations": [
        {
          "type": "url",
          "value": "https://www02.frgbeta.com/register",
          "assets_na": false,
          "assets_uids": [
            "64a6800db132e16db0f93803"
          ],
          "created_at": 1706739508,
          "status": "pending"
        },
        {
          "type": "url",
          "value": "https://www02.frgbeta.com/api/account/",
          "assets_na": false,
          "assets_uids": [
            "64a6800db132e16db0f93803"
          ],
          "created_at": 1706739508,
          "status": "pending"
        },
        {
          "type": "url",
          "value": "https://www02.frgbeta.com/fan/flow",
          "assets_na": false,
          "assets_uids": [
            "64a6800db132e16db0f93803"
          ],
          "created_at": 1706739508,
          "status": "pending"
        }
      ]
    },
    {
      "categories": [
        "Cross-Site Scripting (XSS)",
        "Reflected XSS"
      ],
      "exploitable_locations": [
        {
          "type": "url",
          "value": "https://www02.frgbeta.com/login",
          "assets_na": false,
          "assets_uids": [
            "5f11ff139e40ab00011fcf21"
          ],
          "created_at": 1706953792,
          "status": "pending"
        }
      ]
    },
    {
      "categories": [
        "Cross-Site Scripting (XSS)",
        "Persistent XSS"
      ],
      "exploitable_locations": [
        {
          "type": "url",
          "value": "https://www02.frgbeta.com/cart",
          "assets_na": false,
          "assets_uids": [
            "5f11f81b9e40ab00011fcf07"
          ],
          "created_at": 1708496080,
          "status": "pending"
        }
      ]
    },
    {
      "categories": [
        "Cross-Site Scripting (XSS)",
        "Persistent XSS"
      ],
      "exploitable_locations": [
        {
          "type": "url",
          "value": "https://www02.frgbeta.com/login",
          "assets_na": false,
          "assets_uids": [
            "5f11ff139e40ab00011fcf21"
          ],
          "created_at": 1709764494,
          "status": "pending"
        }
      ]
    },
    {
      "categories": [
        "Authorization/Permissions",
        "Insecure Direct Object Reference"
      ],
      "exploitable_locations": [
        {
          "type": "url",
          "value": "https://www02.frgbeta.com/api/cart/5bf37d80-cc77-11ea-83ac-edf69d5100f6/promotion",
          "created_at": 1595470358,
          "status": "pending"
        }
      ]
    },
    {
      "categories": [
        "Functional/Business Logic",
        "Client Side Validation"
      ],
      "exploitable_locations": [
        {
          "type": "url",
          "value": "https://www02.frgbeta.com/api/account/",
          "assets_na": false,
          "assets_uids": [
            "5f11ff139e40ab00011fcf21"
          ],
          "created_at": 1716402640,
          "status": "pending"
        }
      ]
    },
    {
      "categories": [
        "Authentication/Session Management",
        "Credential/Session Prediction"
      ],
      "exploitable_locations": [
        {
          "type": "url",
          "value": "https://www02.frgbeta.com/api/account/profiles/<UUIDv1>",
          "assets_na": false,
          "assets_uids": [
            "64a6800db132e16db0f93803"
          ],
          "created_at": 1717698593,
          "status": "pending"
        },
        {
          "type": "other",
          "value": "profileID body parameter",
          "assets_na": false,
          "assets_uids": [
            "5f11ff139e40ab00011fcf21"
          ],
          "created_at": 1717698593,
          "status": "pending"
        }
      ]
    },
    {
      "categories": [
        "Cross-Site Scripting (XSS)",
        "Reflected XSS"
      ],
      "exploitable_locations": [
        {
          "type": "url",
          "value": "https://www02.frgbeta.com/acc/nc-state-wolfpack/women/t-12104618+ga-02+z-998661-2316308158",
          "assets_na": false,
          "assets_uids": [
            "5f11ff139e40ab00011fcf21"
          ],
          "created_at": 1719764928,
          "status": "pending"
        }
      ]
    },
    {
      "categories": [
        "Cross-Site Scripting (XSS)",
        "Reflected XSS"
      ],
      "exploitable_locations": [
        {
          "type": "url",
          "value": "https://www02.frgbeta.com/hs-1",
          "assets_na": false,
          "assets_uids": [
            "5f11f81b9e40ab00011fcf07"
          ],
          "created_at": 1727799914,
          "status": "pending"
        }
      ]
    },
    {
      "categories": [
        "Authorization/Permissions",
        "Access Control Violation (Low Privileged Functions-Read Only)"
      ],
      "exploitable_locations": [
        {
          "type": "url",
          "value": "https://www02.frgbeta.com/",
          "assets_na": false,
          "assets_uids": [
            "5f11ff139e40ab00011fcf21"
          ],
          "created_at": 1734982396,
          "status": "pending"
        }
      ]
    },
    {
      "categories": [
        "Cross-Site Scripting (XSS)",
        "Reflected XSS"
      ],
      "exploitable_locations": [
        {
          "type": "url",
          "value": "https://www02.frgbeta.com/nhl/o-2428+z-935562038-1765108222",
          "assets_na": false,
          "assets_uids": [
            "5f11f81b9e40ab00011fcf07",
            "5f11ff139e40ab00011fcf21"
          ],
          "created_at": 1736488268,
          "status": "pending"
        }
      ]
    },
    {
      "categories": [
        "Cross-Site Scripting (XSS)",
        "Persistent XSS"
      ],
      "exploitable_locations": [
        {
          "type": "url",
          "value": "https://www02.frgbeta.com/api/account/profiles/9ae472c0-179a-11ef-8d42-cbfe63013d14",
          "assets_na": true,
          "assets_uids": [],
          "created_at": 1716318264,
          "status": "pending"
        }
      ]
    },
    {
      "categories": [
        "Cross-Site Scripting (XSS)",
        "Persistent XSS"
      ],
      "exploitable_locations": [
        {
          "type": "url",
          "value": "https://www02.frgbeta.com/api/account/",
          "assets_na": true,
          "assets_uids": [],
          "created_at": 1716323514,
          "status": "pending"
        }
      ]
    },
    {
      "categories": [
        "Cross-Site Scripting (XSS)",
        "Persistent XSS"
      ],
      "exploitable_locations": [
        {
          "type": "url",
          "value": "https://www02.frgbeta.com/api/account/addresses/5f7713d0-17ba-11ef-8d42-cbfe63013d14",
          "assets_na": false,
          "assets_uids": [
            "664c9e8c88689ea23690197f"
          ],
          "created_at": 1716328550,
          "status": "pending"
        }
      ]
    },
    {
      "categories": [
        "Cross-Site Scripting (XSS)",
        "Persistent XSS"
      ],
      "exploitable_locations": [
        {
          "type": "url",
          "value": "https://www02.frgbeta.com/api/account/addresses",
          "assets_na": false,
          "assets_uids": [
            "5f11ff139e40ab00011fcf21"
          ],
          "created_at": 1716330335,
          "status": "pending"
        }
      ]
    },
    {
      "categories": [
        "Functional/Business Logic",
        "Client Side Validation"
      ],
      "exploitable_locations": [
        {
          "type": "url",
          "value": "https://www02.frgbeta.com/api/account/addresses/5f7713d0-17ba-11ef-8d42-cbfe63013d14",
          "assets_na": false,
          "assets_uids": [
            "5f11ff139e40ab00011fcf21"
          ],
          "created_at": 1716400131,
          "status": "pending"
        }
      ]
    },
    {
      "categories": [
        "Functional/Business Logic",
        "Client Side Validation"
      ],
      "exploitable_locations": [
        {
          "type": "url",
          "value": "https://www02.frgbeta.com/api/account/addresses",
          "assets_na": false,
          "assets_uids": [
            "5f11ff139e40ab00011fcf21"
          ],
          "created_at": 1716400237,
          "status": "pending"
        }
      ]
    },
    {
      "categories": [
        "Functional/Business Logic",
        "Client Side Validation"
      ],
      "exploitable_locations": [
        {
          "type": "url",
          "value": "https://www02.frgbeta.com/api/account/profiles/0d4e37f0-17c9-11ef-8d42-cbfe63013d14",
          "assets_na": false,
          "assets_uids": [
            "5f11ff139e40ab00011fcf21"
          ],
          "created_at": 1716401711,
          "status": "pending"
        }
      ]
    }
  ]
}