{
  "listing_id": "mx93oyo87b",
  "type": "categories",
  "value": [
    {
      "categories": [
        "SQL Injection",
        "SQL Injection- Partial"
      ],
      "exploitable_locations": [
        {
          "type": "url",
          "value": "https://www.finanzasconsumo.com/consumptionweb/rest/consumptionweb/signature/avalible",
          "created_at": 1653857397,
          "status": "pending"
        }
      ]
    },
    {
      "categories": [
        "SQL Injection",
        "SQL Injection- Partial"
      ],
      "exploitable_locations": [
        {
          "type": "url",
          "value": "https://www.finanzasconsumo.com/consumptionweb/rest/consumptionweb/selectuser",
          "created_at": 1653864810,
          "status": "pending"
        }
      ]
    },
    {
      "categories": [
        "SQL Injection",
        "SQL Injection- Partial"
      ],
      "exploitable_locations": [
        {
          "type": "url",
          "value": "https://www.finanzasconsumo.com/consumptionweb/rest/consumptionweb/operationsnoneconomic",
          "created_at": 1653865590,
          "status": "pending"
        }
      ]
    },
    {
      "categories": [
        "SQL Injection",
        "SQL Injection- Partial"
      ],
      "exploitable_locations": [
        {
          "type": "url",
          "value": "https://www.finanzasconsumo.com/consumptionweb/rest/consumptionweb/operationsnoneconomic/admin",
          "created_at": 1653866506,
          "status": "pending"
        }
      ]
    },
    {
      "categories": [
        "SQL Injection",
        "SQL Injection- Partial"
      ],
      "exploitable_locations": [
        {
          "type": "url",
          "value": "https://www.finanzasconsumo.com/consumptionweb/rest/consumptionweb/signature/avalible",
          "created_at": 1654005261,
          "status": "pending"
        }
      ]
    },
    {
      "categories": [
        "SQL Injection",
        "SQL Injection- Partial"
      ],
      "exploitable_locations": [
        {
          "type": "url",
          "value": "https://www.finanzasconsumo.com/consumptionweb/rest/consumptionweb/operationsnoneconomic",
          "created_at": 1654007068,
          "status": "pending"
        }
      ]
    },
    {
      "categories": [
        "SQL Injection",
        "SQL Injection- Partial"
      ],
      "exploitable_locations": [
        {
          "type": "url",
          "value": "https://www.finanzasconsumo.com/consumptionweb/rest/consumptionweb/admin/usercontracts",
          "created_at": 1654033980,
          "status": "pending"
        }
      ]
    },
    {
      "categories": [
        "SQL Injection",
        "SQL Injection- Partial"
      ],
      "exploitable_locations": [
        {
          "type": "url",
          "value": "https://www.finanzasconsumo.com/consumptionweb/rest/consumptionweb/operationsnoneconomic/admin",
          "created_at": 1654038914,
          "status": "pending"
        }
      ]
    },
    {
      "categories": [
        "SQL Injection",
        "SQL Injection- Partial"
      ],
      "exploitable_locations": [
        {
          "type": "url",
          "value": "https://www.finanzasconsumo.com/consumptionweb/rest/consumptionweb/selectuser",
          "created_at": 1654046616,
          "status": "pending"
        }
      ]
    },
    {
      "categories": [
        "SQL Injection",
        "SQL Injection- Full"
      ],
      "exploitable_locations": [
        {
          "type": "url",
          "value": "https://www.finanzasconsumo.com/consumptionweb/rest/consumptionweb/signature/avalible",
          "created_at": 1659671730,
          "status": "pending"
        }
      ]
    },
    {
      "categories": [
        "Authorization/Permissions",
        "Insecure Direct Object Reference (Read-Only)"
      ],
      "exploitable_locations": [
        {
          "type": "url",
          "value": "https://www.finanzasconsumo.com/consumptionweb/rest/consumptionweb/processexternalidquery",
          "created_at": 1659691354,
          "status": "pending"
        }
      ]
    },
    {
      "categories": [
        "Authorization/Permissions",
        "Insecure Direct Object Reference (Read-Only)"
      ],
      "exploitable_locations": [
        {
          "type": "url",
          "value": "https://www.finanzasconsumo.com/consumptionweb/rest/consumptionweb/processexternalidquery",
          "created_at": 1661972128,
          "status": "pending"
        }
      ]
    },
    {
      "categories": [
        "Authorization/Permissions",
        "Server Side Request Forgery(SSRF)- Limited"
      ],
      "exploitable_locations": [
        {
          "type": "url",
          "value": "https://ruralserviciosinformaticos.com/UsuUnico/..%2fuddiexplorer/SearchPublicRegistries.jsp",
          "created_at": 1663229263,
          "status": "pending"
        }
      ]
    },
    {
      "categories": [
        "Cross-Site Scripting (XSS)",
        "Reflected XSS"
      ],
      "exploitable_locations": [
        {
          "type": "url",
          "value": "https://ruralserviciosinformaticos.com/UsuUnico/..%2fuddiexplorer/SearchPublicRegistries.jsp",
          "created_at": 1664807904,
          "status": "pending"
        }
      ]
    },
    {
      "categories": [
        "Authentication/Session Management",
        "Login Authentication Bypass"
      ],
      "exploitable_locations": [
        {
          "type": "url",
          "value": "https://www.tutarjetaregalo.com/#/dashboard/newCard",
          "created_at": 1637519232,
          "status": "pending"
        }
      ]
    },
    {
      "categories": [
        "Authorization/Permissions",
        "Server Side Request Forgery(SSRF)- Limited"
      ],
      "exploitable_locations": [
        {
          "type": "url",
          "value": "https://ruralserviciosinformaticos.com/UsuUnico/..%2fuddiexplorer/SearchPublicRegistries.jsp",
          "created_at": 1637893394,
          "status": "pending"
        },
        {
          "type": "url",
          "value": "https://teruel.ruralvia.com/UsuUnico/..%2fuddiexplorer/SearchPublicRegistries.jsp",
          "created_at": 1637893394,
          "status": "pending"
        },
        {
          "type": "url",
          "value": "https://algemesi.ruralvia.com/UsuUnico/..%2fuddiexplorer/SearchPublicRegistries.jsp",
          "created_at": 1637893394,
          "status": "pending"
        },
        {
          "type": "url",
          "value": "https://www.sincontacto.ruralvia.com/UsuUnico/..%2fuddiexplorer/SearchPublicRegistries.jsp",
          "created_at": 1637893394,
          "status": "pending"
        },
        {
          "type": "url",
          "value": "https://alcora.ruralvia.com/UsuUnico/..%2fuddiexplorer/SearchPublicRegistries.jsp",
          "created_at": 1637893394,
          "status": "pending"
        },
        {
          "type": "url",
          "value": "https://seguridad.ruralvia.com/UsuUnico/..%2fuddiexplorer/SearchPublicRegistries.jsp",
          "created_at": 1637893394,
          "status": "pending"
        },
        {
          "type": "url",
          "value": "https://ftp.ruralvia.com/UsuUnico/..%2fuddiexplorer/SearchPublicRegistries.jsp",
          "created_at": 1637893394,
          "status": "pending"
        }
      ]
    },
    {
      "categories": [
        "Cross-Site Scripting (XSS)",
        "Reflected XSS"
      ],
      "exploitable_locations": [
        {
          "type": "url",
          "value": "https://www.ruralserviciosinformaticos.com:443/cms/dinamico/web/es/interface/buscador_oficinas_accesible.html",
          "created_at": 1636998456,
          "status": "pending"
        }
      ]
    },
    {
      "categories": [
        "Cross-Site Scripting (XSS)",
        "DOM-based XSS"
      ],
      "exploitable_locations": [
        {
          "type": "url",
          "value": "https://www02.ruralvia.com/en_UK/acceso/accesoSeguro.htm",
          "assets_na": false,
          "assets_uids": [
            "6560cb80000dbd2e5258a393"
          ],
          "created_at": 1723541704,
          "status": "pending"
        }
      ]
    },
    {
      "categories": [
        "Cross-Site Scripting (XSS)",
        "DOM-based XSS"
      ],
      "exploitable_locations": [
        {
          "type": "url",
          "value": "https://www.ruralserviciosinformaticos.com/cms/dinamico/system/workplace/resources/editors/fckeditor/editor/filemanager/browser/default/browser.html",
          "assets_na": false,
          "assets_uids": [
            "6560cac0000dbd2e5258a37b"
          ],
          "created_at": 1723552710,
          "status": "pending"
        }
      ]
    },
    {
      "categories": [
        "Cross-Site Scripting (XSS)",
        "Reflected XSS"
      ],
      "exploitable_locations": [
        {
          "type": "url",
          "value": "http://www.ruralvia.com/isum/BorrarCache1.jsp",
          "assets_na": false,
          "assets_uids": [
            "6560cae89520683e42863bcb"
          ],
          "created_at": 1723558150,
          "status": "pending"
        }
      ]
    },
    {
      "categories": [
        "Cross-Site Scripting (XSS)",
        "Reflected XSS"
      ],
      "exploitable_locations": [
        {
          "type": "url",
          "value": "https://ruralvia.com/integraajax/jsp/checkEarVersion.jsp",
          "assets_na": false,
          "assets_uids": [
            "6560cae89520683e42863bcb"
          ],
          "created_at": 1723559873,
          "status": "pending"
        }
      ]
    },
    {
      "categories": [
        "Cross-Site Scripting (XSS)",
        "Reflected XSS"
      ],
      "exploitable_locations": [
        {
          "type": "url",
          "value": "https://www.ruralvia.com/portal_rvia/menu/jsp/cargar.jsp",
          "assets_na": false,
          "assets_uids": [
            "6560cae89520683e42863bcb"
          ],
          "created_at": 1723571121,
          "status": "pending"
        }
      ]
    },
    {
      "categories": [
        "Cross-site Request Forgery (CSRF)",
        "CSRF-Low"
      ],
      "exploitable_locations": [
        {
          "type": "url",
          "value": "https://ruralvia.com/isum/admin/cache/ResetCache.jsp",
          "assets_na": false,
          "assets_uids": [
            "6560cae89520683e42863bcb"
          ],
          "created_at": 1723581134,
          "status": "pending"
        }
      ]
    },
    {
      "categories": [
        "Cross-Site Scripting (XSS)",
        "Reflected XSS"
      ],
      "exploitable_locations": [
        {
          "type": "url",
          "value": "https://www.areaprepago.com/areaPrepago/ServletDirectorPortal",
          "assets_na": false,
          "assets_uids": [
            "6560c5b9000dbd2e5258a363"
          ],
          "created_at": 1725637115,
          "status": "pending"
        }
      ]
    },
    {
      "categories": [
        "Cross-Site Scripting (XSS)",
        "Reflected XSS"
      ],
      "exploitable_locations": [
        {
          "type": "url",
          "value": "https://www.ruralvia.com/portal_rvia/ServletDirectorPortal#BDP_BANCA_PRIVADA_SICAVS_DETALLE",
          "assets_na": false,
          "assets_uids": [
            "6560cae89520683e42863bce"
          ],
          "created_at": 1727023814,
          "status": "pending"
        }
      ]
    },
    {
      "categories": [
        "Cross-Site Scripting (XSS)",
        "Reflected XSS"
      ],
      "exploitable_locations": [
        {
          "type": "url",
          "value": "https://www.areaprepago.com/areaPrepago/ServletDirectorPortal",
          "assets_na": false,
          "assets_uids": [
            "6560c5b9000dbd2e5258a363"
          ],
          "created_at": 1727194652,
          "status": "pending"
        }
      ]
    },
    {
      "categories": [
        "Brute Force",
        "Admin Login Credentials"
      ],
      "exploitable_locations": [
        {
          "type": "url",
          "value": "https://blogempresas.cajaruraldenavarra.com/",
          "assets_na": false,
          "assets_uids": [
            "6560cc3e000dbd2e5258a3af"
          ],
          "created_at": 1734233074,
          "status": "pending"
        }
      ]
    },
    {
      "categories": [
        "Information Disclosure",
        "Sensitive API Keys"
      ],
      "exploitable_locations": [
        {
          "type": "url",
          "value": "https://bancadigital.ruralvia.com/CA-FRONT/NBE/web/particulares/js/222.0f913f1e1f2b83e3e0aa.js",
          "assets_na": false,
          "assets_uids": [
            "6560cb19000dbd2e5258a385"
          ],
          "created_at": 1734972619,
          "status": "pending"
        }
      ]
    },
    {
      "categories": [
        "Other",
        "Other - Please describe"
      ],
      "exploitable_locations": [
        {
          "type": "url",
          "value": "https://ruralserviciosinformaticos.com/cms/dinamico/asturias/ruralvia/es/particulares/campanas/2019/banca_privada/user/accounts/feriglesias.yaml",
          "assets_na": false,
          "assets_uids": [
            "6560c61a000dbd2e5258a372"
          ],
          "created_at": 1734995575,
          "status": "pending"
        }
      ]
    },
    {
      "categories": [
        "Information Disclosure",
        "Sensitive API Keys"
      ],
      "exploitable_locations": [
        {
          "type": "url",
          "value": "https://cdn.rm-static.com/CA-LAB/lab/open-maps/script/main.js",
          "assets_na": false,
          "assets_uids": [
            "6560cc13000dbd2e5258a3a2"
          ],
          "created_at": 1736525853,
          "status": "pending"
        }
      ]
    },
    {
      "categories": [
        "Information Disclosure",
        "Sensitive API Keys"
      ],
      "exploitable_locations": [
        {
          "type": "url",
          "value": "https://empresas.ruralvia.com/CA-FRONT/NBE/web/particulares/js/app.0a8f2a322fc13ca1049b.js",
          "assets_na": false,
          "assets_uids": [
            "6560cb2f000dbd2e5258a38a"
          ],
          "created_at": 1736541181,
          "status": "pending"
        }
      ]
    },
    {
      "categories": [
        "Cross-Site Scripting (XSS)",
        "Reflected XSS"
      ],
      "exploitable_locations": [
        {
          "type": "url",
          "value": "https://ruralserviciosinformaticos.com/cms/dinamico/system/modules/com.ruralvia.multicanalidad.module/elements/adb/create_materials.jsp",
          "assets_na": false,
          "assets_uids": [
            "6560c61a000dbd2e5258a372"
          ],
          "created_at": 1736782697,
          "status": "pending"
        }
      ]
    },
    {
      "categories": [
        "Authorization/Permissions",
        "Access Control Violation (High Privileged Functions - Read/Write or Write Only)"
      ],
      "exploitable_locations": [
        {
          "type": "url",
          "value": "https://blogempresas.cajaruraldenavarra.com/user/register",
          "assets_na": false,
          "assets_uids": [
            "6560cc3e000dbd2e5258a3ac"
          ],
          "created_at": 1702645062,
          "status": "pending"
        },
        {
          "type": "url",
          "value": "https://blogempresas.cajaruraldenavarra.com/user/login",
          "assets_na": false,
          "assets_uids": [
            "6560cc3e000dbd2e5258a3ac"
          ],
          "created_at": 1702645062,
          "status": "pending"
        },
        {
          "type": "url",
          "value": "https://blogempresas.cajaruraldenavarra.com/user/password",
          "assets_na": false,
          "assets_uids": [
            "6560cc3e000dbd2e5258a3ac"
          ],
          "created_at": 1702645062,
          "status": "pending"
        }
      ]
    },
    {
      "categories": [
        "Cross-Site Scripting (XSS)",
        "Reflected XSS"
      ],
      "exploitable_locations": [
        {
          "type": "url",
          "value": "https://ruralserviciosinformaticos.com/cms/dinamico/system/modules/com.ruralvia.multicanalidad.module/elements/create_materials.jsp",
          "assets_na": false,
          "assets_uids": [
            "6560c61a000dbd2e5258a372"
          ],
          "created_at": 1737379483,
          "status": "pending"
        }
      ]
    },
    {
      "categories": [
        "Authorization/Permissions",
        "Insecure Direct Object Reference (Read-Only)"
      ],
      "exploitable_locations": [
        {
          "type": "url",
          "value": "https://ruralserviciosinformaticos.com/cms/dinamico/system/modules/com.alkacon.opencms.formgenerator/elements/formexport.jsp",
          "assets_na": false,
          "assets_uids": [
            "6560c61a000dbd2e5258a372"
          ],
          "created_at": 1739225601,
          "status": "pending"
        }
      ]
    },
    {
      "categories": [
        "Cross-Site Scripting (XSS)",
        "DOM-based XSS"
      ],
      "exploitable_locations": [
        {
          "type": "url",
          "value": "https://www.ruralserviciosinformaticos.com/cms/dinamico/system/workplace/resources/editors/fckeditor/editor/filemanager/browser/default/browser.html",
          "assets_na": false,
          "assets_uids": [
            "6560cac0000dbd2e5258a37b"
          ],
          "created_at": 1739524828,
          "status": "pending"
        }
      ]
    },
    {
      "categories": [
        "Cross-Site Scripting (XSS)",
        "DOM-based XSS"
      ],
      "exploitable_locations": [
        {
          "type": "url",
          "value": "https://ruralserviciosinformaticos.com/cms/dinamico/system/workplace/resources/editors/fckeditor/editor/filemanager/browser/default/browser.html",
          "assets_na": false,
          "assets_uids": [
            "6560c61a000dbd2e5258a372"
          ],
          "created_at": 1739525301,
          "status": "pending"
        }
      ]
    },
    {
      "categories": [
        "Cross-Site Scripting (XSS)",
        "Reflected XSS"
      ],
      "exploitable_locations": [
        {
          "type": "url",
          "value": "https://www.areaprepago.com/areaPrepago/ServletDirectorPortal",
          "assets_uids": [
            "6560c5b9000dbd2e5258a363"
          ],
          "created_at": 1706141810,
          "status": "pending"
        }
      ]
    },
    {
      "categories": [
        "Content Injection",
        "Spoof HTML Content"
      ],
      "exploitable_locations": []
    },
    {
      "categories": [
        "Cross-Site Scripting (XSS)",
        "Reflected XSS"
      ],
      "exploitable_locations": [
        {
          "type": "url",
          "value": "https://www.areaprepago.com/areaPrepago/ServletDirectorPortal",
          "assets_na": false,
          "assets_uids": [
            "6560c5b9000dbd2e5258a363"
          ],
          "created_at": 1706359832,
          "status": "pending"
        }
      ]
    },
    {
      "categories": [
        "Cross-Site Scripting (XSS)",
        "Reflected XSS"
      ],
      "exploitable_locations": [
        {
          "type": "url",
          "value": "https://www.ruralvia.com/isum/Main",
          "assets_uids": [
            "6560cae89520683e42863bcb"
          ],
          "created_at": 1706661304,
          "status": "pending"
        }
      ]
    },
    {
      "categories": [
        "Cross-Site Scripting (XSS)",
        "DOM-based XSS"
      ],
      "exploitable_locations": [
        {
          "type": "url",
          "value": "http://www02.ruralvia.com/en_UK/acceso/acceso.htm",
          "assets_na": false,
          "assets_uids": [
            "6560cb80000dbd2e5258a393"
          ],
          "created_at": 1701938383,
          "status": "pending"
        }
      ]
    },
    {
      "categories": [
        "Authorization/Permissions",
        "Access Control Violation (High Privileged Functions - Read/Write or Write Only)"
      ],
      "exploitable_locations": [
        {
          "type": "url",
          "value": "https://www.bangecredit.com/user/register",
          "assets_na": false,
          "assets_uids": [
            "6560cc4c000dbd2e5258a3b1"
          ],
          "created_at": 1701956842,
          "status": "pending"
        },
        {
          "type": "url",
          "value": "https://www.bangecredit.com/user/login",
          "assets_na": false,
          "assets_uids": [
            "6560cc4c000dbd2e5258a3b1"
          ],
          "created_at": 1701956842,
          "status": "pending"
        },
        {
          "type": "url",
          "value": "https://www.bangecredit.com/user/password",
          "assets_na": false,
          "assets_uids": [
            "6560cc4c000dbd2e5258a3b1"
          ],
          "created_at": 1701956842,
          "status": "pending"
        }
      ]
    },
    {
      "categories": [
        "Content Injection",
        "Spoof HTML Content"
      ],
      "exploitable_locations": [
        {
          "type": "url",
          "value": "https://ruralvia.com/cms/dinamico/system/modules/com.module.resources/elements/sendMail.jsp",
          "assets_na": false,
          "assets_uids": [
            "6560cae89520683e42863bcb"
          ],
          "created_at": 1707229848,
          "status": "pending"
        },
        {
          "type": "url",
          "value": "https://www02.ruralvia.com/cms/dinamico/system/modules/com.module.resources/elements/sendMail.jsp",
          "assets_na": false,
          "assets_uids": [
            "6560cb80000dbd2e5258a393"
          ],
          "created_at": 1707229848,
          "status": "pending"
        }
      ]
    },
    {
      "categories": [
        "Information Disclosure",
        "Sensitive Source Code"
      ],
      "exploitable_locations": [
        {
          "type": "url",
          "value": "https://www02.ruralvia.com/envioNEW.jar",
          "assets_na": false,
          "assets_uids": [
            "6560cb80000dbd2e5258a393"
          ],
          "created_at": 1707400582,
          "status": "pending"
        },
        {
          "type": "url",
          "value": "https://www02.ruralvia.com/TokenSeguridad.jar",
          "assets_na": false,
          "assets_uids": [
            "6560cb80000dbd2e5258a393"
          ],
          "created_at": 1707400582,
          "status": "pending"
        },
        {
          "type": "url",
          "value": "https://www02.ruralvia.com/envioNEW.cab",
          "assets_na": false,
          "assets_uids": [
            "6560cb80000dbd2e5258a393"
          ],
          "created_at": 1707400582,
          "status": "pending"
        },
        {
          "type": "url",
          "value": "https://www02.ruralvia.com/envio.jar",
          "assets_na": false,
          "assets_uids": [
            "6560cb80000dbd2e5258a393"
          ],
          "created_at": 1707400582,
          "status": "pending"
        },
        {
          "type": "url",
          "value": "https://www02.ruralvia.com/envio.cab",
          "assets_na": false,
          "assets_uids": [
            "6560cb80000dbd2e5258a393"
          ],
          "created_at": 1707400582,
          "status": "pending"
        },
        {
          "type": "url",
          "value": "https://www02.ruralvia.com/externos.jar",
          "assets_na": false,
          "assets_uids": [
            "6560cb80000dbd2e5258a393"
          ],
          "created_at": 1707400582,
          "status": "pending"
        }
      ]
    },
    {
      "categories": [
        "Server/Application Misconfiguration",
        "Unclaimed Domain In Use"
      ],
      "exploitable_locations": [
        {
          "type": "url",
          "value": "https://ruralvia.com/acceso_rvia_NTF.html",
          "assets_na": false,
          "assets_uids": [
            "6560cae89520683e42863bcb"
          ],
          "created_at": 1708300952,
          "status": "pending"
        }
      ]
    },
    {
      "categories": [
        "Information Disclosure",
        "Unverifiable Credentials"
      ],
      "exploitable_locations": [
        {
          "type": "url",
          "value": "http://www02.ruralvia.com/jsp/mig3065.jsp",
          "assets_na": false,
          "assets_uids": [
            "6560cb80000dbd2e5258a396"
          ],
          "created_at": 1708466517,
          "status": "pending"
        }
      ]
    },
    {
      "categories": [
        "Cross-Site Scripting (XSS)",
        "Reflected XSS"
      ],
      "exploitable_locations": [
        {
          "type": "url",
          "value": "https://cajasiete.ruralvia.com/",
          "assets_na": false,
          "assets_uids": [
            "6560cae89520683e42863bcb"
          ],
          "created_at": 1712525537,
          "status": "pending"
        }
      ]
    },
    {
      "categories": [
        "Cross-Site Scripting (XSS)",
        "Reflected XSS"
      ],
      "exploitable_locations": [
        {
          "type": "url",
          "value": "https://crsalamanca.ruralvia.com/detalle-apartamento-en-venta-en-zamora-en-zamora/016105152012/[injection point]/",
          "assets_na": false,
          "assets_uids": [
            "6560cae89520683e42863bcb"
          ],
          "created_at": 1701990570,
          "status": "pending"
        }
      ]
    },
    {
      "categories": [
        "Cross-Site Scripting (XSS)",
        "Reflected XSS"
      ],
      "exploitable_locations": [
        {
          "type": "url",
          "value": "https://caixapopular.ruralvia.com/comun/obtener_url_busq.jsp",
          "assets_na": false,
          "assets_uids": [
            "6560cae89520683e42863bcb"
          ],
          "created_at": 1712527191,
          "status": "pending"
        }
      ]
    },
    {
      "categories": [
        "Cross-Site Scripting (XSS)",
        "Reflected XSS"
      ],
      "exploitable_locations": [
        {
          "type": "url",
          "value": "https://crsalamanca.ruralvia.com",
          "assets_na": false,
          "assets_uids": [
            "6560cae89520683e42863bcb"
          ],
          "created_at": 1712582659,
          "status": "pending"
        }
      ]
    },
    {
      "categories": [
        "Brute Force",
        "Bypass of Rate Limiting Protections (i.e. CAPTCHA)"
      ],
      "exploitable_locations": [
        {
          "type": "url",
          "value": "https://www.bangecredit.com/node/5",
          "assets_na": false,
          "assets_uids": [
            "6560cc4c000dbd2e5258a3b4"
          ],
          "created_at": 1712616236,
          "status": "pending"
        }
      ]
    },
    {
      "categories": [
        "Brute Force",
        "Bypass of Rate Limiting Protections (i.e. CAPTCHA)"
      ],
      "exploitable_locations": [
        {
          "type": "url",
          "value": "https://www.bangecredit.com/empresas/prestamos/det-prestamo/formulario-prestamo",
          "assets_na": false,
          "assets_uids": [
            "6560cc4c000dbd2e5258a3b4"
          ],
          "created_at": 1712616163,
          "status": "pending"
        }
      ]
    },
    {
      "categories": [
        "Brute Force",
        "Bypass of Rate Limiting Protections (i.e. CAPTCHA)"
      ],
      "exploitable_locations": [
        {
          "type": "url",
          "value": "https://blogempresas.cajaruraldenavarra.com/te-escuchamos",
          "assets_na": false,
          "assets_uids": [
            "6560cc3e000dbd2e5258a3ac"
          ],
          "created_at": 1712627330,
          "status": "pending"
        }
      ]
    },
    {
      "categories": [
        "Information Disclosure",
        "Sensitive Client Information Disclosed"
      ],
      "exploitable_locations": [
        {
          "type": "url",
          "value": "https://cdntest.ruralvia.com/server-status/",
          "assets_na": false,
          "assets_uids": [
            "6560cc20000dbd2e5258a3a7"
          ],
          "created_at": 1713431190,
          "status": "pending"
        }
      ]
    },
    {
      "categories": [
        "Cross-Site Scripting (XSS)",
        "Reflected XSS"
      ],
      "exploitable_locations": [
        {
          "type": "url",
          "value": "https://crjaen.ruralvia.com/buscador/cargar_resultados.jsp",
          "assets_na": false,
          "assets_uids": [
            "6560cae89520683e42863bcb"
          ],
          "created_at": 1702011675,
          "status": "pending"
        }
      ]
    },
    {
      "categories": [
        "Cross-Site Scripting (XSS)",
        "Reflected XSS"
      ],
      "exploitable_locations": [
        {
          "type": "url",
          "value": "https://areaprepago.com/areaPrepago/ServletDirectorPortal",
          "assets_na": false,
          "assets_uids": [
            "6560c5b9000dbd2e5258a363"
          ],
          "created_at": 1715110505,
          "status": "pending"
        }
      ]
    },
    {
      "categories": [
        "Cross-Site Scripting (XSS)",
        "Reflected XSS"
      ],
      "exploitable_locations": [
        {
          "type": "url",
          "value": "https://areaprepago.com/areaPrepago/jsp/login/errorLogin.jsp",
          "assets_na": false,
          "assets_uids": [
            "6560c5b9000dbd2e5258a363"
          ],
          "created_at": 1715110491,
          "status": "pending"
        },
        {
          "type": "url",
          "value": "https://areaprepago.com/areaPrepago/jsp/login/accesoSeguro.jsp",
          "assets_na": false,
          "assets_uids": [
            "6560c5b9000dbd2e5258a363"
          ],
          "created_at": 1715110491,
          "status": "pending"
        }
      ]
    },
    {
      "categories": [
        "Information Disclosure",
        "Sensitive Client Information Disclosed"
      ],
      "exploitable_locations": [
        {
          "type": "url",
          "value": "https://ruralvia.com/cms/dinamico/system/modules/com.ruralvia.generico.module/elements/interfaz_8/dataOficinasHtml5.json",
          "assets_na": false,
          "assets_uids": [
            "6560cae89520683e42863bcb"
          ],
          "created_at": 1715461956,
          "status": "pending"
        }
      ]
    },
    {
      "categories": [
        "Information Disclosure",
        "Sensitive Client Information Disclosed"
      ],
      "exploitable_locations": [
        {
          "type": "url",
          "value": "https://webapp-challenges-psd2.ruralserviciosinformaticos.com/psd2webapp-challenges/actuator/",
          "assets_na": false,
          "assets_uids": [
            "6560c68b9520683e42863bc6"
          ],
          "created_at": 1715971709,
          "status": "pending"
        }
      ]
    },
    {
      "categories": [
        "Content Injection",
        "Spoof HTML Content"
      ],
      "exploitable_locations": [
        {
          "type": "url",
          "value": "https://ruralvia.com/isum/services/ruralvia/login/prueba.jsp",
          "assets_na": false,
          "assets_uids": [
            "6560cae89520683e42863bcb"
          ],
          "created_at": 1721158792,
          "status": "pending"
        }
      ]
    },
    {
      "categories": [
        "Cross-Site Scripting (XSS)",
        "Reflected XSS"
      ],
      "exploitable_locations": [
        {
          "type": "url",
          "value": "https://ruralvia.com/portal_rvia/menu/jsp/prueba.jsp",
          "assets_na": false,
          "assets_uids": [
            "6560cae89520683e42863bcb"
          ],
          "created_at": 1721413970,
          "status": "pending"
        }
      ]
    },
    {
      "categories": [
        "Cross-Site Scripting (XSS)",
        "Reflected XSS"
      ],
      "exploitable_locations": [
        {
          "type": "url",
          "value": "https://ruralvia.com/portal_rvia/menu/jsp/prueba.jsp",
          "assets_na": false,
          "assets_uids": [
            "6560cae89520683e42863bce"
          ],
          "created_at": 1721521534,
          "status": "pending"
        }
      ]
    },
    {
      "categories": [
        "Information Disclosure",
        "Unverifiable Credentials"
      ],
      "exploitable_locations": [
        {
          "type": "url",
          "value": "https://ruralserviciosinformaticos.com/cms/dinamico/asturias/ruralvia/es/particulares/campanas/2019/banca_privada/user/accounts/feriglesias.yaml",
          "assets_na": false,
          "assets_uids": [
            "6560c61a000dbd2e5258a372"
          ],
          "created_at": 1722252949,
          "status": "pending"
        }
      ]
    },
    {
      "categories": [
        "Information Disclosure",
        "Unverifiable Credentials"
      ],
      "exploitable_locations": [
        {
          "type": "url",
          "value": "https://www02.ruralvia.com/Login.jsp",
          "assets_na": false,
          "assets_uids": [
            "6560cb80000dbd2e5258a393"
          ],
          "created_at": 1702403891,
          "status": "pending"
        }
      ]
    },
    {
      "categories": [
        "Cross-Site Scripting (XSS)",
        "Reflected XSS"
      ],
      "exploitable_locations": [
        {
          "type": "url",
          "value": "http://ruralvia.com/isum/",
          "assets_na": false,
          "assets_uids": [
            "6560cae89520683e42863bcb"
          ],
          "created_at": 1723446119,
          "status": "pending"
        }
      ]
    },
    {
      "categories": [
        "Information Disclosure",
        "Sensitive Client Information Disclosed"
      ],
      "exploitable_locations": [
        {
          "type": "url",
          "value": "https://www02.ruralvia.com/h.html",
          "assets_na": false,
          "assets_uids": [
            "6560cb80000dbd2e5258a393"
          ],
          "created_at": 1723480139,
          "status": "pending"
        }
      ]
    }
  ]
}