{
  "listing_id": "nc8lpj34bg",
  "type": "categories",
  "value": [
    {
      "categories": [
        "Brute Force",
        "Bypass of Rate Limiting Protections (i.e. CAPTCHA)"
      ],
      "exploitable_locations": [
        {
          "type": "url",
          "value": "https://www.tescomobile.com/customer/account/login/referer/aHR0cHM6Ly93d3cudGVzY29tb2JpbGUuY29tL2N1c3RvbWVyL2FjY291bnQvaW5kZXgv/",
          "created_at": 1636967364,
          "status": "pending"
        }
      ]
    },
    {
      "categories": [
        "Authorization/Permissions",
        "Access/Privacy Control Violation"
      ],
      "exploitable_locations": [
        {
          "type": "url",
          "value": "https://www.tescomobile.com/content/dam/",
          "created_at": 1661803381,
          "status": "pending"
        },
        {
          "type": "url",
          "value": "https://mcprod.tescomobile.com/content/dam/",
          "created_at": 1661803381,
          "status": "pending"
        },
        {
          "type": "ip",
          "protocol": "tcp",
          "address": "104.47.160.14",
          "port": "443",
          "created_at": 1661803381,
          "status": "pending"
        },
        {
          "type": "ip",
          "protocol": "tcp",
          "address": "3.11.22.64",
          "port": "443",
          "created_at": 1661803381,
          "status": "pending"
        }
      ]
    },
    {
      "categories": [
        "Information Disclosure",
        "Unverifiable Credentials"
      ],
      "exploitable_locations": [
        {
          "type": "url",
          "value": "https://mcstaging.tescomobile.com/coverage-checker",
          "assets_na": false,
          "assets_uids": [
            "65c520fbbc4c066118475bba"
          ],
          "created_at": 1707804001,
          "status": "pending"
        }
      ]
    },
    {
      "categories": [
        "Information Disclosure",
        "Sensitive API Keys"
      ],
      "exploitable_locations": [
        {
          "type": "url",
          "value": "https://www.tescomobile.com/status-checker",
          "assets_na": false,
          "assets_uids": [
            "653bc0599feaacc08d54d0fe"
          ],
          "created_at": 1718737524,
          "status": "pending"
        }
      ]
    },
    {
      "categories": [
        "Content Injection",
        "XML External Entity (XXE)- Limited"
      ],
      "exploitable_locations": [
        {
          "type": "url",
          "value": "https://www.tescomobile.com/rest/V1/guest-carts/1/estimate-shipping-methods",
          "assets_na": false,
          "assets_uids": [
            "653bc0599feaacc08d54d0fe"
          ],
          "created_at": 1719410572,
          "status": "pending"
        }
      ]
    },
    {
      "categories": [
        "Content Injection",
        "XML External Entity (XXE)- Limited"
      ],
      "exploitable_locations": [
        {
          "type": "url",
          "value": "https://mcprod.tescomobile.com/rest/V1/guest-carts/1/estimate-shipping-methods",
          "assets_na": false,
          "assets_uids": [
            "653bc0b09feaacc08d54d103"
          ],
          "created_at": 1719411049,
          "status": "pending"
        }
      ]
    },
    {
      "categories": [
        "Content Injection",
        "XML External Entity (XXE)- Full"
      ],
      "exploitable_locations": [
        {
          "type": "url",
          "value": "https://www.tescomobile.com/rest/V1/guest-carts/1/estimate-shipping-methods",
          "assets_na": false,
          "assets_uids": [
            "653bc0599feaacc08d54d0fe"
          ],
          "created_at": 1719479992,
          "status": "pending"
        }
      ]
    },
    {
      "categories": [
        "Content Injection",
        "XML External Entity (XXE)- Full"
      ],
      "exploitable_locations": [
        {
          "type": "url",
          "value": "https://mcprod.tescomobile.com/rest/V1/guest-carts/1/estimate-shipping-methods",
          "assets_na": false,
          "assets_uids": [
            "653bc0b09feaacc08d54d103"
          ],
          "created_at": 1719480214,
          "status": "pending"
        }
      ]
    },
    {
      "categories": [
        "Information Disclosure",
        "Sensitive API Keys"
      ],
      "exploitable_locations": [
        {
          "type": "url",
          "value": "https://www.tescomobile.com",
          "assets_na": false,
          "assets_uids": [
            "653bc0599feaacc08d54d0fe"
          ],
          "created_at": 1700592895,
          "status": "pending"
        },
        {
          "type": "url",
          "value": "https://www.mytescomobile.com",
          "assets_na": false,
          "assets_uids": [
            "653bc02f9feaacc08d54d0fc"
          ],
          "created_at": 1700592895,
          "status": "pending"
        }
      ]
    },
    {
      "categories": [
        "Content Injection",
        "Spoof HTML Content"
      ],
      "exploitable_locations": [
        {
          "type": "url",
          "value": "https://www.tescomobile.com/",
          "assets_na": false,
          "assets_uids": [
            "653bc0599feaacc08d54d0fe"
          ],
          "created_at": 1704987074,
          "status": "pending"
        }
      ]
    },
    {
      "categories": [
        "Information Disclosure",
        "Sensitive Source Code"
      ],
      "exploitable_locations": [
        {
          "type": "url",
          "value": "https://www.tescomobile.com/graphql",
          "assets_na": false,
          "assets_uids": [
            "653bc0599feaacc08d54d0fe"
          ],
          "created_at": 1706106210,
          "status": "pending"
        }
      ]
    },
    {
      "categories": [
        "Brute Force",
        "Bypass of Rate Limiting Protections (i.e. CAPTCHA)"
      ],
      "exploitable_locations": [
        {
          "type": "url",
          "value": "https://mcstaging.tescomobile.com/customer/account/loginPost/",
          "assets_na": false,
          "assets_uids": [
            "65c520fbbc4c066118475bba"
          ],
          "created_at": 1707419667,
          "status": "pending"
        }
      ]
    },
    {
      "categories": [
        "Information Disclosure",
        "Sensitive API Keys"
      ],
      "exploitable_locations": [
        {
          "type": "url",
          "value": "https://www.tescomobile.com/",
          "assets_na": false,
          "assets_uids": [
            "653bc0599feaacc08d54d0fe"
          ],
          "created_at": 1727949881,
          "status": "pending"
        }
      ]
    },
    {
      "categories": [
        "Information Disclosure",
        "Sensitive API Keys"
      ],
      "exploitable_locations": [
        {
          "type": "url",
          "value": "https://www.tescomobile.com/no-contract-sim",
          "assets_na": false,
          "assets_uids": [
            "653bc0599feaacc08d54d0fe"
          ],
          "created_at": 1727977418,
          "status": "pending"
        }
      ]
    },
    {
      "categories": [
        "Information Disclosure",
        "Sensitive API Keys"
      ],
      "exploitable_locations": [
        {
          "type": "url",
          "value": "https://www.tescomobile.com/coverage-checker",
          "assets_na": false,
          "assets_uids": [
            "653bc0599feaacc08d54d0fe"
          ],
          "created_at": 1728112264,
          "status": "pending"
        }
      ]
    },
    {
      "categories": [
        "Information Disclosure",
        "Sensitive API Keys"
      ],
      "exploitable_locations": [
        {
          "type": "url",
          "value": "https://stores.tescomobile.com/",
          "assets_na": false,
          "assets_uids": [
            "654bbb7edda49c18655651c1"
          ],
          "created_at": 1728842987,
          "status": "pending"
        },
        {
          "type": "url",
          "value": "https://www.googleapis.com/geolocation/v1/geolocate",
          "assets_na": false,
          "assets_uids": [
            "654bbb7edda49c18655651c1"
          ],
          "created_at": 1728842987,
          "status": "pending"
        }
      ]
    },
    {
      "categories": [
        "Cross-Site Scripting (XSS)",
        "DOM-based XSS"
      ],
      "exploitable_locations": [
        {
          "type": "url",
          "value": "https://www.tescomobile.com/checkout/cart/",
          "assets_na": false,
          "assets_uids": [
            "653bc0599feaacc08d54d0fe"
          ],
          "created_at": 1729421445,
          "status": "pending"
        }
      ]
    },
    {
      "categories": [
        "Information Disclosure",
        "Sensitive Information Leak to third-parties"
      ],
      "exploitable_locations": [
        {
          "type": "url",
          "value": "https://mcstaging.tescomobile.com/graphql/graphql/",
          "assets_na": false,
          "assets_uids": [
            "65c520fbbc4c066118475bbd"
          ],
          "created_at": 1729865700,
          "status": "pending"
        },
        {
          "type": "url",
          "value": "https://mcstaging.tescomobile.com/graphql/graphql",
          "assets_na": false,
          "assets_uids": [
            "65c520fbbc4c066118475bbd"
          ],
          "created_at": 1729865700,
          "status": "pending"
        }
      ]
    },
    {
      "categories": [
        "Information Disclosure",
        "Sensitive Source Code"
      ],
      "exploitable_locations": [
        {
          "type": "url",
          "value": "https://lptag.liveperson.net/lptag/api/account/17569646/configuration/applications/taglets/.jsonp",
          "assets_na": true,
          "assets_uids": [],
          "created_at": 1730051084,
          "status": "pending"
        }
      ]
    }
  ]
}