{
  "listing_id": "orce2lqdho",
  "type": "categories",
  "value": [
    {
      "categories": [
        "Brute Force",
        "Admin Login Credentials"
      ],
      "exploitable_locations": [
        {
          "type": "url",
          "value": "https://blog.pizzahut.com/wp-login.php",
          "assets_na": false,
          "assets_uids": [
            "5dc99cacf04377000194884b"
          ],
          "created_at": 1739702418,
          "status": "pending"
        },
        {
          "type": "url",
          "value": "https://blog.pizzahut.com/xmlrpc.php",
          "assets_na": false,
          "assets_uids": [
            "5dc99cacf04377000194884b"
          ],
          "created_at": 1739702418,
          "status": "pending"
        }
      ]
    },
    {
      "categories": [
        "Information Disclosure",
        "Leaked Credentials (Low Privilege)"
      ],
      "exploitable_locations": [
        {
          "type": "url",
          "value": "http://staging1-sprint-services.pizzahut.com/phorders3/test.php",
          "assets_na": false,
          "assets_uids": [
            "66213f3521dc1a0f9e2d631e"
          ],
          "created_at": 1739774698,
          "status": "pending"
        }
      ]
    },
    {
      "categories": [
        "Cross-Site Scripting (XSS)",
        "Reflected XSS"
      ],
      "exploitable_locations": [
        {
          "type": "url",
          "value": "http://staging1-deploy-services.pizzahut.com/phorders3/directions.php",
          "assets_na": false,
          "assets_uids": [
            "66213f3521dc1a0f9e2d631e"
          ],
          "created_at": 1739905704,
          "status": "pending"
        }
      ]
    }
  ]
}