{
  "listing_id": "ow36tpeman",
  "type": "categories",
  "value": [
    {
      "categories": [
        "Cross-Site Scripting (XSS)",
        "Persistent XSS"
      ],
      "exploitable_locations": [
        {
          "type": "url",
          "value": "https://api.fedex.com/catalog/fedexoffice/v1/items/13d0d3a958_84b1452",
          "created_at": 1633479245,
          "status": "pending"
        }
      ]
    },
    {
      "categories": [
        "Server/Application Misconfiguration",
        "Unclaimed Domain In Use"
      ],
      "exploitable_locations": [
        {
          "type": "url",
          "value": "https://www.fedex.com/apps/printonline/",
          "created_at": 1633632928,
          "status": "pending"
        }
      ]
    },
    {
      "categories": [
        "Server/Application Misconfiguration",
        "Unclaimed Domain In Use"
      ],
      "exploitable_locations": [
        {
          "type": "url",
          "value": "https://www.fedex.com/apps/printonline/",
          "created_at": 1634065252,
          "status": "pending"
        }
      ]
    },
    {
      "categories": [
        "Cross-Site Scripting (XSS)",
        "Persistent XSS"
      ],
      "exploitable_locations": [
        {
          "type": "url",
          "value": "https://www.fedex.com/apps/printonline/#!preview/pid%3D",
          "created_at": 1634596290,
          "status": "pending"
        }
      ]
    },
    {
      "categories": [
        "Cross-Site Scripting (XSS)",
        "DOM-based XSS"
      ],
      "exploitable_locations": [
        {
          "type": "url",
          "value": "https://www.fedex.com/apps/ondemand-login/login",
          "created_at": 1636152927,
          "status": "pending"
        }
      ]
    },
    {
      "categories": [
        "Server/Application Misconfiguration",
        "Cross-Origin Resource Sharing (CORS)"
      ],
      "exploitable_locations": [
        {
          "type": "url",
          "value": "https://dunc.fedex.com/document/fedexoffice/v1/documents/*",
          "created_at": 1643660257,
          "status": "pending"
        }
      ]
    },
    {
      "categories": [
        "Cross-Site Scripting (XSS)",
        "Persistent XSS"
      ],
      "exploitable_locations": [
        {
          "type": "url",
          "value": "https://api.fedex.com/user/fedexoffice/v1/users/abc.def@gmail.com/session",
          "created_at": 1645789428,
          "status": "pending"
        }
      ]
    },
    {
      "categories": [
        "Functional/Business Logic",
        "Unvalidated Redirect Bypass"
      ],
      "exploitable_locations": [
        {
          "type": "url",
          "value": "https://api.fedex.com/user/fedexoffice/v2/users/token",
          "created_at": 1645819586,
          "status": "pending"
        }
      ]
    },
    {
      "categories": [
        "Cross-Site Scripting (XSS)",
        "Reflected DOM-Based XSS"
      ],
      "exploitable_locations": [
        {
          "type": "url",
          "value": "https://www.fedex.com/apps/ondemand-login/login",
          "created_at": 1645907604,
          "status": "pending"
        }
      ]
    },
    {
      "categories": [
        "Authorization/Permissions",
        "Access/Privacy Control Violation"
      ],
      "exploitable_locations": [
        {
          "type": "url",
          "value": "https://dunc.fedex.com/document/fedexoffice/v1/documents/ID",
          "created_at": 1649826631,
          "status": "pending"
        }
      ]
    },
    {
      "categories": [
        "Authorization/Permissions",
        "Access/Privacy Control Violation"
      ],
      "exploitable_locations": [
        {
          "type": "url",
          "value": "https://dunc.fedex.com/document/fedexoffice/v1/documents",
          "created_at": 1649828108,
          "status": "pending"
        }
      ]
    },
    {
      "categories": [
        "Information Disclosure",
        "Sensitive API Keys"
      ],
      "exploitable_locations": [
        {
          "type": "url",
          "value": "https://www.fedex.com/images/us/office/easyprint/config/resources/properties/envproperties.LP.json",
          "created_at": 1652448185,
          "status": "pending"
        }
      ]
    },
    {
      "categories": [
        "Content Injection",
        "Spoof HTML Content"
      ],
      "exploitable_locations": [
        {
          "type": "url",
          "value": "https://api.fedex.com/user/fedexoffice/v2/users/user@gmail.com/profile/profile/contact",
          "created_at": 1656144169,
          "status": "pending"
        }
      ]
    },
    {
      "categories": [
        "Content Injection",
        "Spoof HTML Content"
      ],
      "exploitable_locations": [
        {
          "type": "url",
          "value": "https://api.fedex.com/user/v2/users/new",
          "created_at": 1659368011,
          "status": "pending"
        }
      ]
    },
    {
      "categories": [
        "Content Injection",
        "Spoof HTML Content"
      ],
      "exploitable_locations": [
        {
          "type": "url",
          "value": "https://api.fedex.com/user/v2/users/new",
          "created_at": 1666967962,
          "status": "pending"
        }
      ]
    },
    {
      "categories": [
        "Information Disclosure",
        "Sensitive API Keys"
      ],
      "exploitable_locations": [
        {
          "type": "url",
          "value": "https://api.fedex.com/auth/oauth/v2/token",
          "created_at": 1633359593,
          "status": "pending"
        }
      ]
    },
    {
      "categories": [
        "Information Disclosure",
        "Leaked Credentials (Low Privilege)"
      ],
      "exploitable_locations": [
        {
          "type": "url",
          "value": "https://www.fedex.com/apps/ondemand-login/login",
          "created_at": 1675092546,
          "status": "pending"
        }
      ]
    },
    {
      "categories": [
        "Functional/Business Logic",
        "Unvalidated Redirect Bypass"
      ],
      "exploitable_locations": [
        {
          "type": "url",
          "value": "https://www.fedex.com/apps/ondemand-login/login",
          "created_at": 1675092469,
          "status": "pending"
        }
      ]
    },
    {
      "categories": [
        "Server/Application Misconfiguration",
        "Cross-Origin Resource Sharing (CORS)"
      ],
      "exploitable_locations": [
        {
          "type": "url",
          "value": "https://api.office.fedex.com/application/fedexoffice/v2/preferences",
          "created_at": 1680954299,
          "status": "pending"
        }
      ]
    },
    {
      "categories": [
        "Authentication/Session Management",
        "SSO Authentication Bypass"
      ],
      "exploitable_locations": [
        {
          "type": "url",
          "value": "https://api.office.fedex.com/auth/oauth/v2/token",
          "assets_na": false,
          "assets_uids": [
            "61521263d3c0590001431d8d"
          ],
          "created_at": 1689594210,
          "status": "pending"
        }
      ]
    },
    {
      "categories": [
        "Information Disclosure",
        "Unverifiable Credentials"
      ],
      "exploitable_locations": [
        {
          "type": "url",
          "value": "https://printonline.fedex.com/v3.8.0_s8/js/fdx.loader.js",
          "assets_na": false,
          "assets_uids": [
            "615af59ed3c0590001432168"
          ],
          "created_at": 1710091282,
          "status": "pending"
        }
      ]
    },
    {
      "categories": [
        "Content Injection",
        "Spoof HTML Content"
      ],
      "exploitable_locations": [
        {
          "type": "url",
          "value": "https://www.office.fedex.com/default/checkout/cart/",
          "assets_na": false,
          "assets_uids": [
            "64f1d8d532b342cf5e3440a8"
          ],
          "created_at": 1710093080,
          "status": "pending"
        }
      ]
    },
    {
      "categories": [
        "Cross-Site Scripting (XSS)",
        "Reflected XSS"
      ],
      "exploitable_locations": [
        {
          "type": "url",
          "value": "https://www.office.fedex.com/default/configurator/index/index",
          "assets_na": false,
          "assets_uids": [
            "64f1d8d532b342cf5e3440a8"
          ],
          "created_at": 1710093818,
          "status": "pending"
        }
      ]
    },
    {
      "categories": [
        "Authorization/Permissions",
        "Insecure Direct Object Reference (Read & Write)"
      ],
      "exploitable_locations": [
        {
          "type": "url",
          "value": "https://www.office.fedex.com/default/orderhistory/order/reorder",
          "assets_na": false,
          "assets_uids": [
            "64f1d8d532b342cf5e3440ab"
          ],
          "created_at": 1710109747,
          "status": "pending"
        }
      ]
    },
    {
      "categories": [
        "Authorization/Permissions",
        "Insecure Direct Object Reference (Read & Write)"
      ],
      "exploitable_locations": [
        {
          "type": "url",
          "value": "https://dunc.fedex.com/document/fedexoffice/v1/documents/98980515319045468578305570143840437139258/preview",
          "assets_na": false,
          "assets_uids": [
            "61f80d3cf6553f00010e94ae"
          ],
          "created_at": 1710121606,
          "status": "pending"
        }
      ]
    },
    {
      "categories": [
        "Authentication/Session Management",
        "Step-Up Authentication Bypass"
      ],
      "exploitable_locations": [
        {
          "type": "url",
          "value": "https://api.fedex.com/user/fedexoffice/v2/users/token",
          "created_at": 1633448944,
          "status": "pending"
        }
      ]
    },
    {
      "categories": [
        "Functional/Business Logic",
        "Unvalidated Redirect Bypass"
      ],
      "exploitable_locations": [
        {
          "type": "url",
          "value": "https://www.fedex.com/apps/ondemand-login/login",
          "created_at": 1633454944,
          "status": "pending"
        }
      ]
    },
    {
      "categories": [
        "Cross-Site Scripting (XSS)",
        "**Persistent XSS**"
      ],
      "exploitable_locations": [
        {
          "type": "url",
          "value": "https://api.fedex.com/user/v2/users/contacts",
          "created_at": 1611797063,
          "status": "pending"
        }
      ]
    },
    {
      "categories": [
        "Information Disclosure",
        "Sensitive Client Information Disclosed"
      ],
      "exploitable_locations": [
        {
          "type": "url",
          "value": "https://github.com/r7lemieux/xmpie/blob/bf2c4502784e002d1867cf0cd995dfa78f704ad6/src/assets/data/people.csv",
          "created_at": 1655040640,
          "status": "pending"
        }
      ]
    },
    {
      "categories": [
        "Cross-Site Scripting (XSS)",
        "Reflected XSS"
      ],
      "exploitable_locations": [
        {
          "type": "url",
          "value": "https://www.fedex.com/fcl/oadrContactInfoGeccoAction.do",
          "created_at": 1659395638,
          "status": "pending"
        }
      ]
    },
    {
      "categories": [
        "Cross-Site Scripting (XSS)",
        "Reflected XSS"
      ],
      "exploitable_locations": [
        {
          "type": "url",
          "value": "https://www.fedex.com/fcl/oadrContactInfoAction.do",
          "created_at": 1659396807,
          "status": "pending"
        }
      ]
    },
    {
      "categories": [
        "Cross-Site Scripting (XSS)",
        "Reflected XSS"
      ],
      "exploitable_locations": [
        {
          "type": "url",
          "value": "https://www.fedex.com/en-us/customer-support.html",
          "created_at": 1659410713,
          "status": "pending"
        }
      ]
    },
    {
      "categories": [
        "Information Disclosure",
        "Software Version Disclosed"
      ],
      "exploitable_locations": [
        {
          "type": "url",
          "value": "https://www.fedex.com/etc/services/",
          "created_at": 1632545987,
          "status": "pending"
        }
      ]
    },
    {
      "categories": [
        "Cross-Site Scripting (XSS)",
        "Persistent XSS"
      ],
      "exploitable_locations": [
        {
          "type": "url",
          "value": "https://www.fedex.com/DPC/UploadDocs",
          "created_at": 1659527531,
          "status": "pending"
        }
      ]
    },
    {
      "categories": [
        "Cross-Site Scripting (XSS)",
        "DOM-based XSS"
      ],
      "exploitable_locations": [
        {
          "type": "url",
          "value": "http://www.fedex.com/ca_english/helpguide/Published/interactive/ca/en/trainer/8.0.0.841/start.html",
          "created_at": 1659546362,
          "status": "pending"
        }
      ]
    },
    {
      "categories": [
        "Cross-Site Scripting (XSS)",
        "DOM-based XSS"
      ],
      "exploitable_locations": [
        {
          "type": "url",
          "value": "http://www.fedex.com/ca_english/helpguide/Published/interactive/ca/en/trainer/8.0.0.841/start.html",
          "created_at": 1659581895,
          "status": "pending"
        }
      ]
    },
    {
      "categories": [
        "Cross-Site Scripting (XSS)",
        "Reflected XSS"
      ],
      "exploitable_locations": [
        {
          "type": "url",
          "value": "https://www.fedex.com/WGTM/Profile",
          "created_at": 1659586446,
          "status": "pending"
        }
      ]
    },
    {
      "categories": [
        "Cross-Site Scripting (XSS)",
        "Reflected XSS"
      ],
      "exploitable_locations": [
        {
          "type": "url",
          "value": "https://www.fedex.com/DPC",
          "created_at": 1659593211,
          "status": "pending"
        }
      ]
    },
    {
      "categories": [
        "Cross-Site Scripting (XSS)",
        "Persistent Blind XSS"
      ],
      "exploitable_locations": [
        {
          "type": "url",
          "value": "https://api.fedex.com/user/v2/users/contacts",
          "created_at": 1632573329,
          "status": "pending"
        }
      ]
    },
    {
      "categories": [
        "Cross-Site Scripting (XSS)",
        "Reflected XSS"
      ],
      "exploitable_locations": [
        {
          "type": "url",
          "value": "https://www.fedex.com/FID",
          "created_at": 1659725401,
          "status": "pending"
        }
      ]
    },
    {
      "categories": [
        "Cross-Site Scripting (XSS)",
        "Reflected XSS"
      ],
      "exploitable_locations": [
        {
          "type": "url",
          "value": "https://www.fedex.com/swab/ReferenceTab.jsp",
          "created_at": 1659900807,
          "status": "pending"
        }
      ]
    },
    {
      "categories": [
        "Cross-Site Scripting (XSS)",
        "Persistent Blind XSS"
      ],
      "exploitable_locations": [
        {
          "type": "url",
          "value": "https://advantage.van.fedex.com/login/request_login.php",
          "created_at": 1660127966,
          "status": "pending"
        }
      ]
    },
    {
      "categories": [
        "Functional/Business Logic",
        "Unvalidated Redirect Bypass"
      ],
      "exploitable_locations": [
        {
          "type": "url",
          "value": "https://www.fedex.com/fcl/web/jsp/logout.jsp",
          "created_at": 1660214676,
          "status": "pending"
        }
      ]
    },
    {
      "categories": [
        "Authorization/Permissions",
        "Access/Privacy Control Violation"
      ],
      "exploitable_locations": [
        {
          "type": "url",
          "value": "https://www.fedex.com/insight/utilities/tracking_number_viewer.jsp",
          "created_at": 1632615649,
          "status": "pending"
        }
      ]
    },
    {
      "categories": [
        "Cross-Site Scripting (XSS)",
        "Reflected XSS"
      ],
      "exploitable_locations": [
        {
          "type": "url",
          "value": "https://www.fedex.com/shipping/returnShipAction.handle",
          "created_at": 1660757191,
          "status": "pending"
        }
      ]
    },
    {
      "categories": [
        "Authorization/Permissions",
        "Insecure Direct Object Reference (Read-Only)"
      ],
      "exploitable_locations": [
        {
          "type": "url",
          "value": "http://www.fedex.com/trackingCal/retrievePDF.jsp",
          "created_at": 1660905199,
          "status": "pending"
        }
      ]
    },
    {
      "categories": [
        "Authorization/Permissions",
        "Server Side Request Forgery(SSRF)- Limited"
      ],
      "exploitable_locations": [
        {
          "type": "url",
          "value": "https://fedexcaresgiving.fedex.com/s_Login.jsp",
          "created_at": 1661006383,
          "status": "pending"
        }
      ]
    },
    {
      "categories": [
        "Cross-Site Scripting (XSS)",
        "Persistent XSS"
      ],
      "exploitable_locations": [
        {
          "type": "url",
          "value": "https://www.fedex.com/fsmReport/reports/AdminReports/runReport/ID",
          "created_at": 1661691205,
          "status": "pending"
        },
        {
          "type": "url",
          "value": "https://www.fedex.com/shipping/shipAjaxAction.handle",
          "created_at": 1661691205,
          "status": "pending"
        }
      ]
    },
    {
      "categories": [
        "Information Disclosure",
        "Sensitive API Keys"
      ],
      "exploitable_locations": [
        {
          "type": "url",
          "value": "https://industryportal.fedex.com",
          "created_at": 1661409736,
          "status": "pending"
        }
      ]
    },
    {
      "categories": [
        "Cross-Site Scripting (XSS)",
        "Persistent XSS"
      ],
      "exploitable_locations": [
        {
          "type": "url",
          "value": "https://www.fedex.com/fcl/web/jsp/accountInfo1.jsp",
          "created_at": 1661460168,
          "status": "pending"
        },
        {
          "type": "url",
          "value": "https://www.fedex.com/fcl/accountInfo1Action.do",
          "created_at": 1661460168,
          "status": "pending"
        },
        {
          "type": "url",
          "value": "https://api.fedex.com/user/v2/users/contacts",
          "created_at": 1661460168,
          "status": "pending"
        }
      ]
    },
    {
      "categories": [
        "Cross-Site Scripting (XSS)",
        "Persistent XSS"
      ],
      "exploitable_locations": [
        {
          "type": "url",
          "value": "https://www.fedex.com/DPC/UploadDocs",
          "created_at": 1661521505,
          "status": "pending"
        }
      ]
    },
    {
      "categories": [
        "Content Injection",
        "Spoof HTML Content"
      ],
      "exploitable_locations": [
        {
          "type": "url",
          "value": "https://www.fedex.com/grd/maps/MapEntry.do",
          "created_at": 1633102618,
          "status": "pending"
        }
      ]
    },
    {
      "categories": [
        "Cross-Site Scripting (XSS)",
        "Reflected XSS"
      ],
      "exploitable_locations": [
        {
          "type": "url",
          "value": "https://www.fedex.com/GTM/ConvertCurrency",
          "created_at": 1661573262,
          "status": "pending"
        }
      ]
    },
    {
      "categories": [
        "Information Disclosure",
        "Sensitive Client Information Disclosed"
      ],
      "exploitable_locations": [
        {
          "type": "url",
          "value": "https://github.com/a19110402/TorchPHP/blob/de6eca58150a44ff7fbb1a42b0ee83396fce734d/.env",
          "created_at": 1661747215,
          "status": "pending"
        }
      ]
    },
    {
      "categories": [
        "Information Disclosure",
        "Sensitive Client Information Disclosed"
      ],
      "exploitable_locations": [
        {
          "type": "url",
          "value": "http://www.fedex.com/us/account/fbo/paymentfile.txt",
          "created_at": 1662741580,
          "status": "pending"
        }
      ]
    },
    {
      "categories": [
        "Server/Application Misconfiguration",
        "DNS Zone Takeover"
      ],
      "exploitable_locations": [
        {
          "type": "url",
          "value": "http://lab-002-primary.tntsnbx1.az.fxei.fedex.com/",
          "created_at": 1662910253,
          "status": "pending"
        }
      ]
    },
    {
      "categories": [
        "Server/Application Misconfiguration",
        "Unclaimed Domain In Use"
      ],
      "exploitable_locations": [
        {
          "type": "url",
          "value": "https://www.fedex.com/en-us/small-business/articles-insights/set-a-price-point-for-profit.html",
          "created_at": 1662934600,
          "status": "pending"
        }
      ]
    },
    {
      "categories": [
        "Server/Application Misconfiguration",
        "DNS Zone Takeover"
      ],
      "exploitable_locations": [
        {
          "type": "url",
          "value": "http://moey.lab-003-sandbox.tntsnbx1.az.fxei.fedex.com/",
          "created_at": 1677017657,
          "status": "pending"
        }
      ]
    },
    {
      "categories": [
        "Server/Application Misconfiguration",
        "DNS Zone Takeover"
      ],
      "exploitable_locations": [
        {
          "type": "url",
          "value": "http://lab-002-primary.tntsnbx1.az.fxei.fedex.com/",
          "created_at": 1677017771,
          "status": "pending"
        }
      ]
    },
    {
      "categories": [
        "Authorization/Permissions",
        "Access/Privacy Control Violation"
      ],
      "exploitable_locations": [
        {
          "type": "url",
          "value": "https://www.fedex.com/fedextrack/",
          "created_at": 1633177179,
          "status": "pending"
        }
      ]
    },
    {
      "categories": [
        "Information Disclosure",
        "Unverifiable Credentials"
      ],
      "exploitable_locations": [
        {
          "type": "url",
          "value": "https://www.fedex.com/secure-login/en-us/assets/configs/oauth.json",
          "created_at": 1677836329,
          "status": "pending"
        }
      ]
    },
    {
      "categories": [
        "Information Disclosure",
        "Sensitive Directory/File Contents Disclosed"
      ],
      "exploitable_locations": [
        {
          "type": "url",
          "value": "http://custombrandedboxes.fedex.com/metrics",
          "created_at": 1680449735,
          "status": "pending"
        }
      ]
    },
    {
      "categories": [
        "Information Disclosure",
        "Sensitive Directory/File Contents Disclosed"
      ],
      "exploitable_locations": [
        {
          "type": "url",
          "value": "http://custombrandedboxes.fedex.com/loggers",
          "created_at": 1680450393,
          "status": "pending"
        }
      ]
    },
    {
      "categories": [
        "Information Disclosure",
        "Sensitive Directory/File Contents Disclosed"
      ],
      "exploitable_locations": [
        {
          "type": "url",
          "value": "http://custombrandedboxes.fedex.com/autoconfig",
          "created_at": 1680450962,
          "status": "pending"
        },
        {
          "type": "url",
          "value": "http://custombrandedboxes.fedex.com/configprops",
          "created_at": 1680450962,
          "status": "pending"
        }
      ]
    },
    {
      "categories": [
        "Information Disclosure",
        "Sensitive Directory/File Contents Disclosed"
      ],
      "exploitable_locations": [
        {
          "type": "url",
          "value": "http://custombrandedboxes.fedex.com/mappings",
          "created_at": 1680451357,
          "status": "pending"
        }
      ]
    },
    {
      "categories": [
        "Cross-Site Scripting (XSS)",
        "Persistent XSS"
      ],
      "exploitable_locations": [
        {
          "type": "url",
          "value": "https://www.fedex.com/DPC",
          "created_at": 1633202233,
          "status": "pending"
        }
      ]
    },
    {
      "categories": [
        "Functional/Business Logic",
        "Functionality Abuse with Malicious Impact"
      ],
      "exploitable_locations": [
        {
          "type": "url",
          "value": "https://www.fedex.com/apps/shipadmin/",
          "assets_na": false,
          "assets_uids": [
            "61f85c860a117c000102692e"
          ],
          "created_at": 1686939484,
          "status": "pending"
        }
      ]
    },
    {
      "categories": [
        "Content Injection",
        "Spoof HTML Content"
      ],
      "exploitable_locations": [
        {
          "type": "url",
          "value": "https://api.fedex.com/administration/v2/companies",
          "assets_na": false,
          "assets_uids": [
            "600ef099fa63f40001de50b2"
          ],
          "created_at": 1686941254,
          "status": "pending"
        }
      ]
    },
    {
      "categories": [
        "Authorization/Permissions",
        "Insecure Direct Object Reference (Read-Only)"
      ],
      "exploitable_locations": [
        {
          "type": "url",
          "value": "https://www.fedex.com/adminCal/v1/users/<COMPANY_ID>",
          "assets_na": false,
          "assets_uids": [
            "6144a9b1d3c05900014305a9"
          ],
          "created_at": 1687021860,
          "status": "pending"
        }
      ]
    },
    {
      "categories": [
        "Server/Application Misconfiguration",
        "Cross-Origin Resource Sharing (CORS)"
      ],
      "exploitable_locations": [
        {
          "type": "url",
          "value": "https://www.fedex.com",
          "assets_na": false,
          "assets_uids": [
            "6143a9f1fb72900001ec1116"
          ],
          "created_at": 1696110901,
          "status": "pending"
        }
      ]
    },
    {
      "categories": [
        "Information Disclosure",
        "Leaked Credentials (High Privilege)"
      ],
      "exploitable_locations": [
        {
          "type": "url",
          "value": "https://api.fedex.com/auth/oauth/v2/token",
          "assets_na": false,
          "assets_uids": [
            "600ef099fa63f40001de50b2"
          ],
          "created_at": 1705778330,
          "status": "pending"
        }
      ]
    },
    {
      "categories": [
        "Authentication/Session Management",
        "Credential/Session Prediction"
      ],
      "exploitable_locations": [
        {
          "type": "url",
          "value": "https://api.fedex.com/auth/oauth/v2/token",
          "assets_na": false,
          "assets_uids": [
            "600ef099fa63f40001de50b2"
          ],
          "created_at": 1705780655,
          "status": "pending"
        }
      ]
    },
    {
      "categories": [
        "Cross-Site Scripting (XSS)",
        "Reflected XSS"
      ],
      "exploitable_locations": [
        {
          "type": "url",
          "value": "https://www.fedex.com/swab/ImportExportHistory.do",
          "assets_na": false,
          "assets_uids": [
            "6143a9f1fb72900001ec1116"
          ],
          "created_at": 1710158590,
          "status": "pending"
        }
      ]
    },
    {
      "categories": [
        "Functional/Business Logic",
        "Unvalidated Redirect Bypass"
      ],
      "exploitable_locations": [
        {
          "type": "url",
          "value": "https://www.fedex.com/fcl/",
          "assets_na": false,
          "assets_uids": [
            "6143a9f1fb72900001ec1116"
          ],
          "created_at": 1710183107,
          "status": "pending"
        }
      ]
    },
    {
      "categories": [
        "Information Disclosure",
        "Unverifiable Credentials"
      ],
      "exploitable_locations": [
        {
          "type": "url",
          "value": "https://www.fedex.com/payment/main.c9c89387b97fe146579a.js",
          "assets_na": false,
          "assets_uids": [
            "6143a9f1fb72900001ec1116"
          ],
          "created_at": 1711551031,
          "status": "pending"
        }
      ]
    },
    {
      "categories": [
        "Cross-Site Scripting (XSS)",
        "Reflected XSS"
      ],
      "exploitable_locations": [
        {
          "type": "url",
          "value": "https://www.fedex.com/fcl/FclStep3.do",
          "assets_na": false,
          "assets_uids": [
            "65a6f6cb981e7175a56ac929"
          ],
          "created_at": 1712151839,
          "status": "pending"
        }
      ]
    },
    {
      "categories": [
        "Cross-Site Scripting (XSS)",
        "Reflected XSS"
      ],
      "exploitable_locations": [
        {
          "type": "url",
          "value": "https://www.office.fedex.com/customer/account/accountsandcreditcards/",
          "assets_na": false,
          "assets_uids": [
            "65a6f6cb981e7175a56ac929"
          ],
          "created_at": 1712617701,
          "status": "pending"
        }
      ]
    },
    {
      "categories": [
        "Cross-Site Scripting (XSS)",
        "Reflected XSS"
      ],
      "exploitable_locations": [
        {
          "type": "url",
          "value": "https://www.office.fedex.com/configurator/index/index/Ajax/DataUrl/Excluded",
          "assets_na": false,
          "assets_uids": [
            "65a6f6cb981e7175a56ac929"
          ],
          "created_at": 1714662267,
          "status": "pending"
        }
      ]
    },
    {
      "categories": [
        "Cross-Site Scripting (XSS)",
        "Reflected XSS"
      ],
      "exploitable_locations": [
        {
          "type": "url",
          "value": "https://www.office.fedex.com/configurator/index/index/mage/url",
          "assets_na": false,
          "assets_uids": [
            "65a6f6cb981e7175a56ac929"
          ],
          "created_at": 1714663220,
          "status": "pending"
        }
      ]
    },
    {
      "categories": [
        "Information Disclosure",
        "Sensitive Client Information Disclosed"
      ],
      "exploitable_locations": [
        {
          "type": "url",
          "value": "https://api.fedex.com/track/v2/shipments",
          "assets_na": false,
          "assets_uids": [
            "600ef099fa63f40001de50b2"
          ],
          "created_at": 1714741409,
          "status": "pending"
        }
      ]
    },
    {
      "categories": [
        "Authorization/Permissions",
        "Insecure Direct Object Reference (Read & Write)"
      ],
      "exploitable_locations": [
        {
          "type": "url",
          "value": "https://www.office.fedex.com/default/customer/account/addnewaccount ",
          "assets_na": false,
          "assets_uids": [
            "65a6f6cb981e7175a56ac929"
          ],
          "created_at": 1719778618,
          "status": "pending"
        },
        {
          "type": "url",
          "value": "https://www.office.fedex.com/default/customer/account/preferredpaymentmethod",
          "assets_na": false,
          "assets_uids": [
            "65a6f6cb981e7175a56ac929"
          ],
          "created_at": 1719778618,
          "status": "pending"
        },
        {
          "type": "url",
          "value": "https://www.office.fedex.com/default/customer/account/preferreddeliverymethod",
          "assets_na": false,
          "assets_uids": [
            "65a6f6cb981e7175a56ac929"
          ],
          "created_at": 1719778618,
          "status": "pending"
        },
        {
          "type": "url",
          "value": "https://www.office.fedex.com/default/customer/account/updateaccount",
          "assets_na": false,
          "assets_uids": [
            "65a6f6cb981e7175a56ac929"
          ],
          "created_at": 1719778618,
          "status": "pending"
        }
      ]
    },
    {
      "categories": [
        "Other",
        "Other - Please describe"
      ],
      "exploitable_locations": [
        {
          "type": "url",
          "value": "https://www.fedex.com/forgot-login-password/en-us/#/userid",
          "assets_na": false,
          "assets_uids": [
            "6144a9b1d3c05900014305a9",
            "65a6f6cb981e7175a56ac929"
          ],
          "created_at": 1720207552,
          "status": "pending"
        }
      ]
    },
    {
      "categories": [
        "Other",
        "Other - Please describe"
      ],
      "exploitable_locations": [
        {
          "type": "url",
          "value": "https://auth.fedex.com",
          "assets_na": false,
          "assets_uids": [
            "6143a9f1fb72900001ec1116",
            "65a6f6cb981e7175a56ac929"
          ],
          "created_at": 1720636584,
          "status": "pending"
        }
      ]
    },
    {
      "categories": [
        "Other",
        "Other - Please describe"
      ],
      "exploitable_locations": [
        {
          "type": "url",
          "value": "https://auth.fedex.com",
          "assets_na": true,
          "assets_uids": [],
          "created_at": 1721056960,
          "status": "pending"
        }
      ]
    },
    {
      "categories": [
        "Cross-Site Scripting (XSS)",
        "Reflected XSS"
      ],
      "exploitable_locations": [
        {
          "type": "url",
          "value": "https://developer.fedex.com/api/en-dz/accept-invite.html",
          "assets_na": true,
          "assets_uids": [],
          "created_at": 1721228473,
          "status": "pending"
        }
      ]
    },
    {
      "categories": [
        "Cross-Site Scripting (XSS)",
        "Reflected XSS"
      ],
      "exploitable_locations": [
        {
          "type": "url",
          "value": "https://www.office.fedex.com/fedexcatalog/product/breadcrumb/1721952629296",
          "assets_uids": [
            "65a6f6cb981e7175a56ac929"
          ],
          "created_at": 1722103162,
          "status": "pending"
        }
      ]
    },
    {
      "categories": [
        "Cross-Site Scripting (XSS)",
        "Persistent XSS"
      ],
      "exploitable_locations": [
        {
          "type": "url",
          "value": "https://www.fedex.com/DOCASSIST",
          "assets_na": false,
          "assets_uids": [
            "6143a9f1fb72900001ec1116"
          ],
          "created_at": 1722542318,
          "status": "pending"
        }
      ]
    },
    {
      "categories": [
        "Content Injection",
        "**Spoof HTML Content**"
      ],
      "exploitable_locations": [
        {
          "type": "url",
          "value": "https://fedex.com/DOCASSIST ",
          "assets_na": false,
          "assets_uids": [
            "6143a9f1fb72900001ec1116"
          ],
          "created_at": 1722629187,
          "status": "pending"
        }
      ]
    },
    {
      "categories": [
        "Cross-site Request Forgery (CSRF)",
        "CSRF-Low"
      ],
      "exploitable_locations": [
        {
          "type": "url",
          "value": "https://fedex.com/DOCASSIST",
          "assets_na": false,
          "assets_uids": [
            "6144a9b1d3c05900014305a9"
          ],
          "created_at": 1722629228,
          "status": "pending"
        }
      ]
    },
    {
      "categories": [
        "Authorization/Permissions",
        "Access Control Violation (Low Privileged Functions-Read Only)"
      ],
      "exploitable_locations": [
        {
          "type": "url",
          "value": "https://api.fedex.com/track/v2/shipments",
          "assets_na": false,
          "assets_uids": [
            "600ef099fa63f40001de50b2"
          ],
          "created_at": 1722847635,
          "status": "pending"
        }
      ]
    },
    {
      "categories": [
        "Cross-site Request Forgery (CSRF)",
        "CSRF-Low"
      ],
      "exploitable_locations": [
        {
          "type": "url",
          "value": "https://fedex.com/DOCASSIST",
          "assets_na": false,
          "assets_uids": [
            "6143a9f1fb72900001ec1116"
          ],
          "created_at": 1722949364,
          "status": "pending"
        }
      ]
    },
    {
      "categories": [
        "Cross-Site Scripting (XSS)",
        "Reflected XSS"
      ],
      "exploitable_locations": [
        {
          "type": "url",
          "value": "https://www.office.fedex.com/configurator/index",
          "assets_na": false,
          "assets_uids": [],
          "created_at": 1723210373,
          "status": "pending"
        }
      ]
    },
    {
      "categories": [
        "Cross-Site Scripting (XSS)",
        "Reflected XSS"
      ],
      "exploitable_locations": [
        {
          "type": "url",
          "value": "https://www.office.fedex.com/",
          "assets_na": false,
          "assets_uids": [
            "64f1d8d532b342cf5e3440ab"
          ],
          "created_at": 1723407376,
          "status": "pending"
        }
      ]
    },
    {
      "categories": [
        "Cross-Site Scripting (XSS)",
        "Reflected XSS"
      ],
      "exploitable_locations": [
        {
          "type": "url",
          "value": "https://www.office.fedex.com/default/customer/address/edit/id",
          "assets_na": false,
          "assets_uids": [
            "64f1d8d532b342cf5e3440ab"
          ],
          "created_at": 1723407263,
          "status": "pending"
        }
      ]
    },
    {
      "categories": [
        "Cross-Site Scripting (XSS)",
        "Reflected XSS"
      ],
      "exploitable_locations": [
        {
          "type": "url",
          "value": "https://printonline.fedex.com/focalv3.8.0/dwr/exec/PartnerUploadMonitor.getUploadInfo.dwr",
          "assets_na": false,
          "assets_uids": [
            "65f894c2cd0acf2a75a9f4e0"
          ],
          "created_at": 1725566354,
          "status": "pending"
        }
      ]
    },
    {
      "categories": [
        "Cross-Site Scripting (XSS)",
        "Reflected XSS"
      ],
      "exploitable_locations": [
        {
          "type": "url",
          "value": "https://printonline.fedex.com/focalv3.8.0/dwr/exec/PartnerUploadMonitor.getUploadInfo.dwr",
          "assets_na": false,
          "assets_uids": [
            "65f894c2cd0acf2a75a9f4e0"
          ],
          "created_at": 1725566921,
          "status": "pending"
        }
      ]
    },
    {
      "categories": [
        "Cross-Site Scripting (XSS)",
        "Reflected XSS"
      ],
      "exploitable_locations": [
        {
          "type": "url",
          "value": "https://www.fedex.com/DOCASSIST",
          "assets_na": false,
          "assets_uids": [
            "6143a9f1fb72900001ec1116"
          ],
          "created_at": 1725992259,
          "status": "pending"
        }
      ]
    },
    {
      "categories": [
        "Cross-Site Scripting (XSS)",
        "Reflected XSS"
      ],
      "exploitable_locations": [
        {
          "type": "url",
          "value": "https://www.office.fedex.com/static/version1726283577/frontend/Fedex/office/en_US",
          "assets_na": false,
          "assets_uids": [
            "65a6f6cb981e7175a56ac929"
          ],
          "created_at": 1726330333,
          "status": "pending"
        }
      ]
    },
    {
      "categories": [
        "Cross-Site Scripting (XSS)",
        "Reflected XSS"
      ],
      "exploitable_locations": [
        {
          "type": "url",
          "value": "https://www.office.fedex.com/all-print-products.html",
          "assets_na": false,
          "assets_uids": [
            "65a6f6cb981e7175a56ac929"
          ],
          "created_at": 1726350233,
          "status": "pending"
        },
        {
          "type": "url",
          "value": "https://www.office.fedex.com/default/architecture-construction-engineering.html",
          "assets_na": false,
          "assets_uids": [
            "65a6f6cb981e7175a56ac929"
          ],
          "created_at": 1726350233,
          "status": "pending"
        },
        {
          "type": "url",
          "value": "https://www.office.fedex.com/default/backlit-poster.html",
          "assets_na": false,
          "assets_uids": [
            "65a6f6cb981e7175a56ac929"
          ],
          "created_at": 1726350233,
          "status": "pending"
        },
        {
          "type": "url",
          "value": "https://www.office.fedex.com/default/banners-signs-posters.html",
          "assets_na": false,
          "assets_uids": [
            "65a6f6cb981e7175a56ac929"
          ],
          "created_at": 1726350233,
          "status": "pending"
        },
        {
          "type": "url",
          "value": "https://www.office.fedex.com/default/brochures.html",
          "assets_na": false,
          "assets_uids": [
            "65a6f6cb981e7175a56ac929"
          ],
          "created_at": 1726350233,
          "status": "pending"
        },
        {
          "type": "url",
          "value": "https://www.office.fedex.com/default/cards-invitations.html",
          "assets_na": false,
          "assets_uids": [
            "65a6f6cb981e7175a56ac929"
          ],
          "created_at": 1726350233,
          "status": "pending"
        },
        {
          "type": "url",
          "value": "https://www.office.fedex.com/default/canvas-prints.html",
          "assets_na": false,
          "assets_uids": [
            "65a6f6cb981e7175a56ac929"
          ],
          "created_at": 1726350233,
          "status": "pending"
        }
      ]
    },
    {
      "categories": [
        "Cross-Site Scripting (XSS)",
        "Reflected XSS"
      ],
      "exploitable_locations": [
        {
          "type": "url",
          "value": "https://www.office.fedex.com/ondemand",
          "assets_na": false,
          "assets_uids": [
            "65a6f6cb981e7175a56ac929"
          ],
          "created_at": 1726358285,
          "status": "pending"
        },
        {
          "type": "url",
          "value": "https://www.office.fedex.com/ondemand/checkout",
          "assets_na": false,
          "assets_uids": [
            "65a6f6cb981e7175a56ac929"
          ],
          "created_at": 1726358285,
          "status": "pending"
        },
        {
          "type": "url",
          "value": "https://www.office.fedex.com/ondemand/checkout/cart",
          "assets_na": false,
          "assets_uids": [
            "65a6f6cb981e7175a56ac929"
          ],
          "created_at": 1726358285,
          "status": "pending"
        }
      ]
    },
    {
      "categories": [
        "Cross-Site Scripting (XSS)",
        "DOM-based XSS"
      ],
      "exploitable_locations": [
        {
          "type": "url",
          "value": "https://www.fedex.com/content/fedex-com/sites/us/en_us/search.html",
          "assets_na": false,
          "assets_uids": [
            "6143a9f1fb72900001ec1116"
          ],
          "created_at": 1736679074,
          "status": "pending"
        }
      ]
    },
    {
      "categories": [
        "Information Disclosure",
        "Sensitive API Keys"
      ],
      "exploitable_locations": [
        {
          "type": "url",
          "value": "https://www.fedex.com/profile-overview/en-us/assets/configs/oauth.json",
          "assets_na": false,
          "assets_uids": [
            "6143a9f1fb72900001ec1116"
          ],
          "created_at": 1737178082,
          "status": "pending"
        }
      ]
    },
    {
      "categories": [
        "Information Disclosure",
        "Sensitive Client Information Disclosed"
      ],
      "exploitable_locations": [
        {
          "type": "url",
          "value": "https://www.fedex.com/wtrk/landing-page/assets/properties/LP-Properties.json",
          "assets_na": false,
          "assets_uids": [
            "6143a9f1fb72900001ec1116"
          ],
          "created_at": 1737305569,
          "status": "pending"
        }
      ]
    },
    {
      "categories": [
        "Information Disclosure",
        "Sensitive API Keys"
      ],
      "exploitable_locations": [
        {
          "type": "url",
          "value": "https://api.fedex.com/auth/oauth/v2/token",
          "assets_na": false,
          "assets_uids": [
            "61522030d3c0590001431dab"
          ],
          "created_at": 1737661005,
          "status": "pending"
        }
      ]
    },
    {
      "categories": [
        "Cross-site Request Forgery (CSRF)",
        "CSRF-Low"
      ],
      "exploitable_locations": [
        {
          "type": "url",
          "value": "https://www.fedex.com/SEDINFO",
          "created_at": 1633447205,
          "status": "pending"
        }
      ]
    },
    {
      "categories": [
        "Cross-site Request Forgery (CSRF)",
        "CSRF-Low"
      ],
      "exploitable_locations": [
        {
          "type": "url",
          "value": "https://www.fedex.com/WGTM/FileManager",
          "created_at": 1633451084,
          "status": "pending"
        }
      ]
    },
    {
      "categories": [
        "Cross-site Request Forgery (CSRF)",
        "CSRF-Low"
      ],
      "exploitable_locations": [
        {
          "type": "url",
          "value": "https://www.fedex.com",
          "created_at": 1633461269,
          "status": "pending"
        }
      ]
    },
    {
      "categories": [
        "Authorization/Permissions",
        "Insecure Direct Object Reference (Read-Only)"
      ],
      "exploitable_locations": [
        {
          "type": "url",
          "value": "https://www.fedex.com/DOCASSIST",
          "created_at": 1633462479,
          "status": "pending"
        }
      ]
    },
    {
      "categories": [
        "Authorization/Permissions",
        "Insecure Direct Object Reference (Read & Write)"
      ],
      "exploitable_locations": [
        {
          "type": "url",
          "value": "https://www.fedex.com/DPC/PendingDocs",
          "created_at": 1633463706,
          "status": "pending"
        }
      ]
    },
    {
      "categories": [
        "Information Disclosure",
        "Sensitive API Keys"
      ],
      "exploitable_locations": [
        {
          "type": "url",
          "value": "https://www.fedex.com/images/us/office/easyprint/config/resources/properties/envproperties.LP.json",
          "created_at": 1633470171,
          "status": "pending"
        }
      ]
    },
    {
      "categories": [
        "Server/Application Misconfiguration",
        "Unclaimed Domain In Use"
      ],
      "exploitable_locations": [
        {
          "type": "url",
          "value": "https://www.fedex.com/apps/printonline/",
          "created_at": 1633474370,
          "status": "pending"
        }
      ]
    },
    {
      "categories": [
        "Cross-site Request Forgery (CSRF)",
        "CSRF-Low"
      ],
      "exploitable_locations": [
        {
          "type": "url",
          "value": "https://www.fedex.com/swab/Customize.do",
          "created_at": 1633476212,
          "status": "pending"
        }
      ]
    },
    {
      "categories": [
        "Cross-site Request Forgery (CSRF)",
        "CSRF-Low"
      ],
      "exploitable_locations": [
        {
          "type": "url",
          "value": "https://www.fedex.com/FID",
          "created_at": 1634040123,
          "status": "pending"
        }
      ]
    },
    {
      "categories": [
        "Cross-site Request Forgery (CSRF)",
        "CSRF-Low"
      ],
      "exploitable_locations": [
        {
          "type": "url",
          "value": "https://www.fedex.com/DPS",
          "created_at": 1634054426,
          "status": "pending"
        }
      ]
    },
    {
      "categories": [
        "Information Disclosure",
        "Sensitive Client Information Disclosed"
      ],
      "exploitable_locations": [
        {
          "type": "url",
          "value": "http://custombrandedboxes.fedex.com/trace",
          "created_at": 1634154920,
          "status": "pending"
        }
      ]
    },
    {
      "categories": [
        "Information Disclosure",
        "Sensitive Client Information Disclosed"
      ],
      "exploitable_locations": [
        {
          "type": "url",
          "value": "http://custombrandedboxes.fedex.com/env",
          "created_at": 1634155161,
          "status": "pending"
        }
      ]
    },
    {
      "categories": [
        "Information Disclosure",
        "Sensitive Client Information Disclosed"
      ],
      "exploitable_locations": [
        {
          "type": "url",
          "value": "http://custombrandedboxes.fedex.com/heapdump",
          "created_at": 1634156682,
          "status": "pending"
        }
      ]
    },
    {
      "categories": [
        "Authorization/Permissions",
        "Path Traversal"
      ],
      "exploitable_locations": [
        {
          "type": "url",
          "value": "https://shippingchannel.fedex.com/",
          "created_at": 1644941338,
          "status": "pending"
        }
      ]
    },
    {
      "categories": [
        "Authorization/Permissions",
        "Path Traversal"
      ],
      "exploitable_locations": [
        {
          "type": "url",
          "value": "https://shippingchannel.fedex.com/",
          "created_at": 1644945609,
          "status": "pending"
        }
      ]
    },
    {
      "categories": [
        "Other",
        "Other - Please describe"
      ],
      "exploitable_locations": [
        {
          "type": "url",
          "value": "https://212.8.180.157/fscm/account/signin.do",
          "created_at": 1645291727,
          "status": "pending"
        }
      ]
    },
    {
      "categories": [
        "Cross-Site Scripting (XSS)",
        "Reflected XSS"
      ],
      "exploitable_locations": [
        {
          "type": "url",
          "value": "https://www.fedex.com/fcl/FclStep3.do",
          "created_at": 1646850041,
          "status": "pending"
        }
      ]
    },
    {
      "categories": [
        "Information Disclosure",
        "Sensitive Client Information Disclosed"
      ],
      "exploitable_locations": [
        {
          "type": "url",
          "value": "https://www.fedex.com/etc/services/getapigconfigs.jsonp",
          "created_at": 1647254953,
          "status": "pending"
        },
        {
          "type": "url",
          "value": "https://api.fedex.com/auth/oauth/v2/token",
          "created_at": 1647254953,
          "status": "pending"
        }
      ]
    },
    {
      "categories": [
        "SQL Injection",
        "SQL Injection- Partial"
      ],
      "exploitable_locations": [
        {
          "type": "url",
          "value": "https://suppliers.sourcing.fedex.com/fsrpregister2.asp",
          "created_at": 1647340624,
          "status": "pending"
        }
      ]
    },
    {
      "categories": [
        "SQL Injection",
        "SQL Injection- Partial"
      ],
      "exploitable_locations": [
        {
          "type": "url",
          "value": "https://suppliers.sourcing.fedex.com/fsrpregval.asp",
          "created_at": 1647341574,
          "status": "pending"
        }
      ]
    },
    {
      "categories": [
        "SQL Injection",
        "SQL Injection- Partial"
      ],
      "exploitable_locations": [
        {
          "type": "url",
          "value": "https://suppliers.sourcing.fedex.com/passwordchange.asp",
          "created_at": 1647342347,
          "status": "pending"
        }
      ]
    },
    {
      "categories": [
        "Information Disclosure",
        "Sensitive Information Leak to third-parties"
      ],
      "exploitable_locations": [
        {
          "type": "url",
          "value": "https://developer-sandbox.supplychain.fedex.com/sandbox/product",
          "created_at": 1651519529,
          "status": "pending"
        },
        {
          "type": "url",
          "value": "https://api-sandbox.supplychain.fedex.com/api/sandbox",
          "created_at": 1651519529,
          "status": "pending"
        }
      ]
    },
    {
      "categories": [
        "Server/Application Misconfiguration",
        "Subdomain Takeover"
      ],
      "exploitable_locations": [
        {
          "type": "url",
          "value": "https://ecom-gateway-ws.freight.fedex.com",
          "created_at": 1652161839,
          "status": "pending"
        }
      ]
    },
    {
      "categories": [
        "Information Disclosure",
        "Sensitive Directory/File Contents Disclosed"
      ],
      "exploitable_locations": [
        {
          "type": "url",
          "value": "http://fxfzonelocator.van.fedex.com/info.php",
          "created_at": 1654253361,
          "status": "pending"
        }
      ]
    },
    {
      "categories": [
        "SQL Injection",
        "SQL Injection- Full"
      ],
      "exploitable_locations": [
        {
          "type": "url",
          "value": "https://promoproducts.fedex.com/special_ajax_product_listing.php",
          "created_at": 1654349740,
          "status": "pending"
        }
      ]
    },
    {
      "categories": [
        "SQL Injection",
        "SQL Injection- Full"
      ],
      "exploitable_locations": [
        {
          "type": "url",
          "value": "https://promoproducts.fedex.com/special_ajax_product_listing.php",
          "created_at": 1654528090,
          "status": "pending"
        }
      ]
    },
    {
      "categories": [
        "Cross-Site Scripting (XSS)",
        "Persistent XSS"
      ],
      "exploitable_locations": [
        {
          "type": "url",
          "value": "https://www.fedex.com/DPC/UploadDocs",
          "created_at": 1654541089,
          "status": "pending"
        }
      ]
    },
    {
      "categories": [
        "Information Disclosure",
        "Unverifiable Credentials"
      ],
      "exploitable_locations": [
        {
          "type": "url",
          "value": "http://scorecard.sourcing.fedex.com/collections.asp",
          "created_at": 1654640290,
          "status": "pending"
        },
        {
          "type": "ip",
          "protocol": "tcp",
          "address": "199.81.197.127",
          "port": "443",
          "created_at": 1654640290,
          "status": "pending"
        }
      ]
    },
    {
      "categories": [
        "Cross-site Request Forgery (CSRF)",
        "CSRF-High"
      ],
      "exploitable_locations": [
        {
          "type": "url",
          "value": "https://www.fedex.com/login/resetPasswordAction.do",
          "created_at": 1652206105,
          "status": "pending"
        }
      ]
    },
    {
      "categories": [
        "Information Disclosure",
        "Sensitive Client Information Disclosed"
      ],
      "exploitable_locations": [
        {
          "type": "url",
          "value": "https://api.fedex.com/user/v1/login",
          "created_at": 1652220283,
          "status": "pending"
        }
      ]
    },
    {
      "categories": [
        "Content Injection",
        "Spoof HTML Content"
      ],
      "exploitable_locations": [
        {
          "type": "url",
          "value": "https://suppliers.sourcing.fedex.com/fsrpregister2.asp",
          "assets_na": false,
          "assets_uids": [
            "622f543219e61c00014f9f1f"
          ],
          "created_at": 1726671362,
          "status": "pending"
        }
      ]
    },
    {
      "categories": [
        "Content Injection",
        "Spoof HTML Content"
      ],
      "exploitable_locations": [
        {
          "type": "url",
          "value": "https://suppliers.sourcing.fedex.com/fsrpfedexregister2.asp",
          "assets_na": false,
          "assets_uids": [
            "622f543219e61c00014f9f1f"
          ],
          "created_at": 1726736585,
          "status": "pending"
        }
      ]
    }
  ]
}