{
  "listing_id": "q7zw67m66o",
  "type": "categories",
  "value": [
    {
      "categories": [
        "Authorization/Permissions",
        "Access/Privacy Control Violation"
      ],
      "exploitable_locations": [
        {
          "type": "url",
          "value": "https://logging-service.apps.paloaltonetworks.com/api/actionservice/explore/logviewer/v1/logs",
          "created_at": 1606740161,
          "status": "fixed"
        }
      ]
    },
    {
      "categories": [
        "SQL Injection",
        "**Error-based**"
      ],
      "exploitable_locations": [
        {
          "type": "url",
          "value": "https://logging-service.apps.paloaltonetworks.com/api/actionservice/explore/acc/v1/report",
          "created_at": 1610978196,
          "status": "fixed"
        }
      ]
    },
    {
      "categories": [
        "Authorization/Permissions",
        "**Server-side Request Forgery (SSRF)**"
      ],
      "exploitable_locations": [
        {
          "type": "url",
          "value": "https://logging-service-qa.qa.appsvc.paloaltonetworks.com/api/v2/logging-service/logFwdCheckConnection",
          "created_at": 1616260289,
          "status": "fixed"
        }
      ]
    },
    {
      "categories": [
        "Authorization/Permissions",
        "Access Control Violation (Low Privileged Functions-Read/Write or Write Only)"
      ],
      "exploitable_locations": [
        {
          "type": "url",
          "value": "https://logging-service-qa.qa.appsvc.paloaltonetworks.com/api/v2/logging-service/config",
          "assets_na": false,
          "assets_uids": [
            "67aa7b3ef7fc7f55a4b3fe93"
          ],
          "created_at": 1739260955,
          "status": "pending"
        }
      ]
    },
    {
      "categories": [
        "Functional/Business Logic",
        "Client Side Validation"
      ],
      "exploitable_locations": [
        {
          "type": "url",
          "value": "https://logging-service-qa.qa.appsvc.paloaltonetworks.com/api/v2/logging-service/config",
          "assets_na": false,
          "assets_uids": [
            "67aa7b3ef7fc7f55a4b3fe93"
          ],
          "created_at": 1739261131,
          "status": "pending"
        }
      ]
    },
    {
      "categories": [
        "Authorization/Permissions",
        "Access Control Violation (High Privileged Functions - Read/Write or Write Only)"
      ],
      "exploitable_locations": [
        {
          "type": "url",
          "value": "https://logging-service-qa.qa.appsvc.paloaltonetworks.com/api/v4/logging-service/logFwdConfig",
          "assets_na": false,
          "assets_uids": [
            "67aa7b3ef7fc7f55a4b3fe93"
          ],
          "created_at": 1739264035,
          "status": "pending"
        }
      ]
    },
    {
      "categories": [
        "SQL Injection",
        "**Error-based**"
      ],
      "exploitable_locations": [
        {
          "type": "url",
          "value": "https://logging-service.apps.paloaltonetworks.com/api/actionservice/explore/logviewer/v1/logs",
          "created_at": 1606741146,
          "status": "fixed"
        }
      ]
    },
    {
      "categories": [
        "Authorization/Permissions",
        "Server Side Request Forgery(SSRF)- Limited"
      ],
      "exploitable_locations": [
        {
          "type": "url",
          "value": "https://logging-service-qa.qa.appsvc.paloaltonetworks.com/api/v4/logging-service/logFwdCheckConnectionClientAuth",
          "assets_na": false,
          "assets_uids": [
            "67aa7b3ef7fc7f55a4b3fe93"
          ],
          "created_at": 1739393343,
          "status": "pending"
        }
      ]
    },
    {
      "categories": [
        "Cross-Site Scripting (XSS)",
        "**Reflected XSS (OLD DNU)**"
      ],
      "exploitable_locations": [
        {
          "type": "url",
          "value": "https://logging-service.apps.paloaltonetworks.com/saml/consume",
          "created_at": 1606921071,
          "status": "fixed"
        }
      ]
    },
    {
      "categories": [
        "SQL Injection",
        "**Error-based**"
      ],
      "exploitable_locations": [
        {
          "type": "url",
          "value": "https://logging-service.apps.paloaltonetworks.com/api/actionservice/explore/logviewer/v1/logscount",
          "created_at": 1609280474,
          "status": "fixed"
        }
      ]
    },
    {
      "categories": [
        "Authorization/Permissions",
        "Path Traversal"
      ],
      "exploitable_locations": [
        {
          "type": "url",
          "value": "https://logging-service.apps.paloaltonetworks.com/api/actionservice/explore/logviewer/v1/jobs/1",
          "created_at": 1609582911,
          "status": "fixed"
        }
      ]
    },
    {
      "categories": [
        "SQL Injection",
        "**Error-based**"
      ],
      "exploitable_locations": [
        {
          "type": "url",
          "value": "https://logging-service.apps.paloaltonetworks.com/api/actionservice/explore/saas/v1/similarApplications",
          "created_at": 1609606104,
          "status": "fixed"
        }
      ]
    },
    {
      "categories": [
        "SQL Injection",
        "**Error-based**"
      ],
      "exploitable_locations": [
        {
          "type": "url",
          "value": "https://logging-service.apps.paloaltonetworks.com/api/actionservice/explore/saas/v1/usageByApp",
          "created_at": 1609606477,
          "status": "fixed"
        }
      ]
    },
    {
      "categories": [
        "SQL Injection",
        "SQL Injection- Full"
      ],
      "exploitable_locations": [
        {
          "type": "url",
          "value": "https://api.qa.reporting.paloaltonetworks.com/reporting/query/v1/netTopApplicationsBySessions",
          "assets_na": false,
          "assets_uids": [
            "64b19bedf95f517597df9fe3"
          ],
          "created_at": 1700270061,
          "status": "fixed"
        }
      ]
    },
    {
      "categories": [
        "SQL Injection",
        "SQL Injection- Full"
      ],
      "exploitable_locations": [
        {
          "type": "url",
          "value": "https://api.qa.reporting.paloaltonetworks.com/reporting/query/v1/uarTotalUniqueUrlsAccessedByUser",
          "assets_na": false,
          "assets_uids": [
            "64b19bedf95f517597df9fe3"
          ],
          "created_at": 1700275093,
          "status": "fixed"
        }
      ]
    },
    {
      "categories": [
        "SQL Injection",
        "SQL Injection- Full"
      ],
      "exploitable_locations": [
        {
          "type": "url",
          "value": "https://api.qa.reporting.paloaltonetworks.com/reporting/queryFast/v1/ipAddress",
          "assets_na": false,
          "assets_uids": [
            "64b19bedf95f517597df9fe3"
          ],
          "created_at": 1700325348,
          "status": "fixed"
        }
      ]
    },
    {
      "categories": [
        "SQL Injection",
        "SQL Injection- Full"
      ],
      "exploitable_locations": [
        {
          "type": "url",
          "value": "https://api.qa.reporting.paloaltonetworks.com/reporting/queryFast/v1/uarTop10BlockedUrlsBySessions",
          "assets_na": false,
          "assets_uids": [
            "64b19bedf95f517597df9fe0"
          ],
          "created_at": 1700330925,
          "status": "fixed"
        }
      ]
    },
    {
      "categories": [
        "SQL Injection",
        "SQL Injection- Full"
      ],
      "exploitable_locations": [
        {
          "type": "url",
          "value": "https://api.qa.reporting.paloaltonetworks.com/reporting/query/v1/ipAddress",
          "assets_na": false,
          "assets_uids": [
            "64b19bedf95f517597df9fe0"
          ],
          "created_at": 1700340032,
          "status": "fixed"
        }
      ]
    },
    {
      "categories": [
        "SQL Injection",
        "SQL Injection- Full"
      ],
      "exploitable_locations": [
        {
          "type": "url",
          "value": "https://api.qa.reporting.paloaltonetworks.com/reporting/queryFast/v1/cdlLogSystem",
          "assets_na": true,
          "assets_uids": [],
          "created_at": 1713607521,
          "status": "fixed"
        }
      ]
    },
    {
      "categories": [
        "SQL Injection",
        "SQL Injection- Full"
      ],
      "exploitable_locations": [
        {
          "type": "url",
          "value": "https://api.qa.reporting.paloaltonetworks.com/reporting/queryFast/v1/cdlFirewallTraffic",
          "assets_na": false,
          "assets_uids": [
            "65a0509ceb11eb985a4003b4"
          ],
          "created_at": 1713528869,
          "status": "fixed"
        }
      ]
    }
  ]
}