{
  "listing_id": "q7zw67m66o",
  "type": "categories",
  "value": [
    {
      "categories": [
        "Authorization/Permissions",
        "Server Side Request Forgery(SSRF)- Limited"
      ],
      "exploitable_locations": [
        {
          "type": "url",
          "value": "https://logging-service-qa-ft.qa.appsvc.paloaltonetworks.com/logforwarding/syslog/5d7b516b-ad31-4862-b98a-7152af7c3e1c",
          "created_at": 1639514047,
          "status": "pending"
        }
      ]
    },
    {
      "categories": [
        "Authorization/Permissions",
        "Server Side Request Forgery(SSRF)- Limited"
      ],
      "exploitable_locations": [
        {
          "type": "url",
          "value": "https://logging-service-qa-ft.qa.appsvc.paloaltonetworks.com/logforwarding/https/260f2bfc-3d22-47de-bc8e-c7facacc69d8",
          "created_at": 1639517479,
          "status": "pending"
        }
      ]
    },
    {
      "categories": [
        "Authorization/Permissions",
        "Insecure Direct Object Reference (Read & Write)"
      ],
      "exploitable_locations": [
        {
          "type": "url",
          "value": "https://logging-service-qa.qa.appsvc.paloaltonetworks.com/api/v4/logging-service/logFwdCheckConnectionClientAuth",
          "assets_na": false,
          "assets_uids": [
            "67aa7b3ef7fc7f55a4b3fe93"
          ],
          "created_at": 1739250116,
          "status": "pending"
        }
      ]
    },
    {
      "categories": [
        "Authorization/Permissions",
        "Server Side Request Forgery(SSRF)- Limited"
      ],
      "exploitable_locations": [
        {
          "type": "url",
          "value": "https://logging-service-qa.qa.appsvc.paloaltonetworks.com/api/v4/logging-service/logFwdCheckConnectionClientAuth",
          "assets_na": false,
          "assets_uids": [
            "67aa7b3ef7fc7f55a4b3fe93"
          ],
          "created_at": 1739251024,
          "status": "pending"
        },
        {
          "type": "url",
          "value": "https://logging-service-qa.qa.appsvc.paloaltonetworks.com/logforwarding/https/71d9a264-9881-47dd-b57f-bcef780e8864",
          "assets_na": false,
          "assets_uids": [
            "67aa7b3ef7fc7f55a4b3fe93"
          ],
          "created_at": 1739251024,
          "status": "pending"
        }
      ]
    },
    {
      "categories": [
        "Authorization/Permissions",
        "Access Control Violation (High Privileged Functions - Read/Write or Write Only)"
      ],
      "exploitable_locations": [
        {
          "type": "url",
          "value": "https://logging-service-qa.qa.appsvc.paloaltonetworks.com/api/v4/logging-service/logFwdConfig/delete",
          "assets_na": false,
          "assets_uids": [
            "67aa7b3ef7fc7f55a4b3fe93"
          ],
          "created_at": 1739264821,
          "status": "pending"
        }
      ]
    },
    {
      "categories": [
        "Authorization/Permissions",
        "Insecure Direct Object Reference (Read & Write)"
      ],
      "exploitable_locations": [
        {
          "type": "url",
          "value": "https://logging-service-qa.qa.appsvc.paloaltonetworks.com/api/v4/logging-service/logFwdCheckConnectionClientAuth",
          "assets_na": false,
          "assets_uids": [
            "67aa7b3ef7fc7f55a4b3fe93"
          ],
          "created_at": 1739396037,
          "status": "pending"
        }
      ]
    },
    {
      "categories": [
        "Authorization/Permissions",
        "Insecure Direct Object Reference"
      ],
      "exploitable_locations": [
        {
          "type": "url",
          "value": "https://logging-service.apps.paloaltonetworks.com/api/actionservice/explore/logviewer/v1/jobs/*",
          "created_at": 1609583158,
          "status": "pending"
        }
      ]
    },
    {
      "categories": [
        "SQL Injection",
        "**Error-based**"
      ],
      "exploitable_locations": [
        {
          "type": "url",
          "value": "https://logging-service.apps.paloaltonetworks.com/api/actionservice/explore/saas/v1/totalCount",
          "created_at": 1610012296,
          "status": "pending"
        }
      ]
    },
    {
      "categories": [
        "SQL Injection",
        "SQL Injection- Full"
      ],
      "exploitable_locations": [
        {
          "type": "url",
          "value": "https://api.qa.reporting.paloaltonetworks.com/reporting/queryFast/v1/cdlFirewallThreat",
          "assets_uids": [
            "64b19bedf95f517597df9fe3"
          ],
          "created_at": 1714589501,
          "status": "pending"
        }
      ]
    }
  ]
}