{
  "listing_id": "qlz15pgt4n",
  "type": "categories",
  "value": [
    {
      "categories": [
        "Insufficient Transport Layer Protection/SSL",
        "Best Practices Not Enforced"
      ],
      "exploitable_locations": [
        {
          "type": "ip",
          "protocol": "tcp",
          "address": "212.118.142.50",
          "port": "80",
          "created_at": 1655988017,
          "status": "pending"
        }
      ]
    },
    {
      "categories": [
        "SQL Injection",
        "SQL Injection- Full"
      ],
      "exploitable_locations": [
        {
          "type": "ip",
          "protocol": "tcp",
          "address": "212.118.158.140",
          "port": "443",
          "created_at": 1656008266,
          "status": "pending"
        },
        {
          "type": "url",
          "value": "https://iserv.stc.com.sa/OA_HTML/amsVenueLOV.jsp",
          "created_at": 1656008266,
          "status": "pending"
        }
      ]
    },
    {
      "categories": [
        "Authentication/Session Management",
        "Login Authentication Bypass"
      ],
      "exploitable_locations": [
        {
          "type": "ip",
          "protocol": "tcp",
          "address": "91.231.49.78",
          "port": "443",
          "created_at": 1656058491,
          "status": "pending"
        }
      ]
    },
    {
      "categories": [
        "Information Disclosure",
        "Leaked Credentials (Low Privilege)"
      ],
      "exploitable_locations": [
        {
          "type": "ip",
          "protocol": "tcp",
          "address": "212.118.158.155",
          "port": "443",
          "assets_na": false,
          "assets_uids": [
            "f132a743130738aef0ec0353"
          ],
          "created_at": 1691678993,
          "status": "pending"
        },
        {
          "type": "url",
          "value": "https://fsso.stc.com.sa/docs/KTSession2.mp4",
          "assets_na": false,
          "assets_uids": [
            "f132a743130738aef0ec0353"
          ],
          "created_at": 1691678993,
          "status": "pending"
        }
      ]
    },
    {
      "categories": [
        "Information Disclosure",
        "Sensitive Client Information Disclosed"
      ],
      "exploitable_locations": [
        {
          "type": "ip",
          "protocol": "tcp",
          "address": "212.118.158.155",
          "port": "443",
          "assets_na": false,
          "assets_uids": [
            "f132a743130738aef0ec0353"
          ],
          "created_at": 1691679006,
          "status": "pending"
        },
        {
          "type": "url",
          "value": "https://fsso.stc.com.sa/docs/KTSession3.mp4",
          "assets_na": false,
          "assets_uids": [
            "f132a743130738aef0ec0353"
          ],
          "created_at": 1691679006,
          "status": "pending"
        }
      ]
    },
    {
      "categories": [
        "Information Disclosure",
        "Sensitive Client Information Disclosed"
      ],
      "exploitable_locations": [
        {
          "type": "ip",
          "protocol": "tcp",
          "address": "212.118.158.155",
          "port": "443",
          "assets_na": false,
          "assets_uids": [
            "f132a743130738aef0ec0353"
          ],
          "created_at": 1691679023,
          "status": "pending"
        },
        {
          "type": "url",
          "value": "https://fsso.stc.com.sa/docs/KTSession4.mp4",
          "assets_na": false,
          "assets_uids": [
            "f132a743130738aef0ec0353"
          ],
          "created_at": 1691679023,
          "status": "pending"
        }
      ]
    },
    {
      "categories": [
        "Information Disclosure",
        "Unverifiable Credentials"
      ],
      "exploitable_locations": [
        {
          "type": "ip",
          "protocol": "tcp",
          "address": "212.118.158.155",
          "port": "443",
          "assets_na": false,
          "assets_uids": [
            "f132a743130738aef0ec0353"
          ],
          "created_at": 1691679033,
          "status": "pending"
        },
        {
          "type": "url",
          "value": "https://fsso.stc.com.sa/docs/isamFiles.zip",
          "assets_na": false,
          "assets_uids": [
            "f132a743130738aef0ec0353"
          ],
          "created_at": 1691679033,
          "status": "pending"
        }
      ]
    },
    {
      "categories": [
        "Authorization/Permissions",
        "Access Control Violation (High Privileged Functions-Read Only)"
      ],
      "exploitable_locations": [
        {
          "type": "url",
          "value": "https://fsso.stc.com.sa/docs/*",
          "assets_na": false,
          "assets_uids": [
            "f132a743130738aef0ec0353"
          ],
          "created_at": 1691683983,
          "status": "pending"
        }
      ]
    },
    {
      "categories": [
        "Information Disclosure",
        "Sensitive Directory/File Contents Disclosed"
      ],
      "exploitable_locations": [
        {
          "type": "url",
          "value": "https://212.118.158.155/docs/",
          "assets_na": false,
          "assets_uids": [
            "f132a743130738aef0ec0353"
          ],
          "created_at": 1691917013,
          "status": "pending"
        }
      ]
    },
    {
      "categories": [
        "Information Disclosure",
        "Sensitive Client Information Disclosed"
      ],
      "exploitable_locations": [
        {
          "type": "url",
          "value": "https://fsso.stc.com.sa/docs/",
          "assets_na": false,
          "assets_uids": [
            "f132a743130738aef0ec0353"
          ],
          "created_at": 1692817603,
          "status": "pending"
        }
      ]
    },
    {
      "categories": [
        "Authentication/Session Management",
        "Account Enumeration"
      ],
      "exploitable_locations": [
        {
          "type": "url",
          "value": "https://ntg.hathaqararak.com/ADM/portal/login.xhtml",
          "assets_na": false,
          "assets_uids": [
            "a4344b9556d9eee9f3931f8e"
          ],
          "created_at": 1693754278,
          "status": "pending"
        }
      ]
    },
    {
      "categories": [
        "Other",
        "Other - Please describe"
      ],
      "exploitable_locations": [
        {
          "type": "ip",
          "protocol": "tcp",
          "address": "84.235.76.2",
          "port": "443",
          "created_at": 1662993580,
          "status": "pending"
        }
      ]
    },
    {
      "categories": [
        "Authentication/Session Management",
        "Login Authentication Bypass"
      ],
      "exploitable_locations": [
        {
          "type": "url",
          "value": "https://pmcs.stc.com.sa/*",
          "created_at": 1663007756,
          "status": "pending"
        },
        {
          "type": "ip",
          "protocol": "tcp",
          "address": "94.97.1.163",
          "port": "443",
          "created_at": 1663007756,
          "status": "pending"
        }
      ]
    },
    {
      "categories": [
        "Authorization/Permissions",
        "Path Traversal"
      ],
      "exploitable_locations": [
        {
          "type": "url",
          "value": "https://www.stc.com.sa/content/dam/*",
          "created_at": 1664619005,
          "status": "pending"
        },
        {
          "type": "ip",
          "protocol": "tcp",
          "address": "94.97.1.89",
          "port": "443",
          "created_at": 1664619005,
          "status": "pending"
        }
      ]
    },
    {
      "categories": [
        "Authorization/Permissions",
        "Access/Privacy Control Violation"
      ],
      "exploitable_locations": [
        {
          "type": "url",
          "value": "https://www.stc.com.sa/content/dam/stc/pdf/board-of-directors-cv/*",
          "created_at": 1664619223,
          "status": "pending"
        },
        {
          "type": "ip",
          "protocol": "tcp",
          "address": "94.97.1.89",
          "port": "443",
          "created_at": 1664619223,
          "status": "pending"
        }
      ]
    },
    {
      "categories": [
        "Information Disclosure",
        "Sensitive Client Information Disclosed"
      ],
      "exploitable_locations": [
        {
          "type": "ip",
          "protocol": "tcp",
          "address": "94.97.1.230",
          "port": "443",
          "assets_na": false,
          "assets_uids": [
            "99fbc8d82c2ff9b139c785c7"
          ],
          "created_at": 1689862513,
          "status": "pending"
        }
      ]
    },
    {
      "categories": [
        "Information Disclosure",
        "Sensitive Directory/File Contents Disclosed"
      ],
      "exploitable_locations": [
        {
          "type": "url",
          "value": "https://stcops.stc.com.sa/FSMPROD/help/DatabaseChanges.xlsx",
          "assets_na": false,
          "assets_uids": [
            "111caebf816b4e3c3af39c7c"
          ],
          "created_at": 1690984214,
          "status": "pending"
        }
      ]
    },
    {
      "categories": [
        "Server/Application Misconfiguration",
        "Host Header Injection"
      ],
      "exploitable_locations": [
        {
          "type": "ip",
          "protocol": "tcp",
          "address": "212.118.131.226",
          "port": "9443",
          "assets_na": false,
          "assets_uids": [
            "b3c6a36994507ae29111095e"
          ],
          "created_at": 1691080220,
          "status": "pending"
        }
      ]
    },
    {
      "categories": [
        "Authentication/Session Management",
        "Login Authentication Bypass"
      ],
      "exploitable_locations": [
        {
          "type": "url",
          "value": "https://partnershub.stc.com.sa/supplier-registration-service",
          "assets_na": false,
          "assets_uids": [
            "9410afa648a1113e01f177f4"
          ],
          "created_at": 1691621037,
          "status": "pending"
        }
      ]
    },
    {
      "categories": [
        "Authentication/Session Management",
        "Email/Password Recovery Flaw"
      ],
      "exploitable_locations": [
        {
          "type": "url",
          "value": "https://partnershub.stc.com.sa/supplier-registration-service/api/v1/reactivateSoftReg",
          "assets_na": false,
          "assets_uids": [
            "9410afa648a1113e01f177f4"
          ],
          "created_at": 1691663771,
          "status": "pending"
        }
      ]
    },
    {
      "categories": [
        "Functional/Business Logic",
        "Improper Input Validation"
      ],
      "exploitable_locations": [
        {
          "type": "url",
          "value": "https://partnershub.stc.com.sa/supplier-registration-service/api/v1/",
          "assets_na": false,
          "assets_uids": [
            "9410afa648a1113e01f177f4"
          ],
          "created_at": 1691665743,
          "status": "pending"
        }
      ]
    },
    {
      "categories": [
        "Information Disclosure",
        "Sensitive Client Information Disclosed"
      ],
      "exploitable_locations": [
        {
          "type": "ip",
          "protocol": "tcp",
          "address": "212.118.158.155",
          "port": "443",
          "assets_na": false,
          "assets_uids": [
            "f132a743130738aef0ec0353"
          ],
          "created_at": 1691678952,
          "status": "pending"
        },
        {
          "type": "url",
          "value": "https://fsso.stc.com.sa/docs/IAM_DR_Docs_SharePoint.zip",
          "assets_na": false,
          "assets_uids": [
            "f132a743130738aef0ec0353"
          ],
          "created_at": 1691678952,
          "status": "pending"
        }
      ]
    },
    {
      "categories": [
        "Information Disclosure",
        "Unverifiable Credentials"
      ],
      "exploitable_locations": [
        {
          "type": "ip",
          "protocol": "tcp",
          "address": "212.118.158.155",
          "port": "443",
          "assets_na": false,
          "assets_uids": [
            "f132a743130738aef0ec0353"
          ],
          "created_at": 1691678963,
          "status": "pending"
        },
        {
          "type": "url",
          "value": "https://fsso.stc.com.sa/docs/sds01.zip",
          "assets_na": false,
          "assets_uids": [
            "f132a743130738aef0ec0353"
          ],
          "created_at": 1691678963,
          "status": "pending"
        }
      ]
    },
    {
      "categories": [
        "Information Disclosure",
        "Sensitive Client Information Disclosed"
      ],
      "exploitable_locations": [
        {
          "type": "ip",
          "protocol": "tcp",
          "address": "212.118.158.155",
          "port": "443",
          "assets_na": false,
          "assets_uids": [
            "f132a743130738aef0ec0353"
          ],
          "created_at": 1691678975,
          "status": "pending"
        },
        {
          "type": "url",
          "value": "https://fsso.stc.com.sa/docs/updated.zip",
          "assets_na": false,
          "assets_uids": [
            "f132a743130738aef0ec0353"
          ],
          "created_at": 1691678975,
          "status": "pending"
        }
      ]
    },
    {
      "categories": [
        "Information Disclosure",
        "Sensitive Client Information Disclosed"
      ],
      "exploitable_locations": [
        {
          "type": "ip",
          "protocol": "tcp",
          "address": "212.118.158.155",
          "port": "443",
          "assets_na": false,
          "assets_uids": [
            "f132a743130738aef0ec0353"
          ],
          "created_at": 1691678984,
          "status": "pending"
        },
        {
          "type": "url",
          "value": "https://fsso.stc.com.sa/docs/KTSession1.mp4",
          "assets_na": false,
          "assets_uids": [
            "f132a743130738aef0ec0353"
          ],
          "created_at": 1691678984,
          "status": "pending"
        }
      ]
    },
    {
      "categories": [
        "Information Disclosure",
        "Sensitive Client Information Disclosed"
      ],
      "exploitable_locations": [
        {
          "type": "url",
          "value": "https://94.97.1.93/main-es2015.774031f855398f523fd3.js",
          "assets_na": false,
          "assets_uids": [
            "abc34d05b4952178eb11d8f6"
          ],
          "created_at": 1696268211,
          "status": "pending"
        }
      ]
    },
    {
      "categories": [
        "Information Disclosure",
        "Sensitive Client Information Disclosed"
      ],
      "exploitable_locations": [
        {
          "type": "url",
          "value": "https://94.97.1.186/c/search/open_search",
          "assets_na": false,
          "assets_uids": [
            "a09faa1a964227f699ec7e0b"
          ],
          "created_at": 1706008334,
          "status": "pending"
        }
      ]
    },
    {
      "categories": [
        "Authorization/Permissions",
        "Access Control Violation (High Privileged Functions-Read Only)"
      ],
      "exploitable_locations": [
        {
          "type": "url",
          "value": "https://partnershub.stc.com.sa/partner-management/graphql",
          "assets_na": false,
          "assets_uids": [
            "9410afa648a1113e01f177f4"
          ],
          "created_at": 1708466189,
          "status": "pending"
        }
      ]
    },
    {
      "categories": [
        "Authorization/Permissions",
        "Access Control Violation (High Privileged Functions-Read Only)"
      ],
      "exploitable_locations": [
        {
          "type": "url",
          "value": "https://partnershub.stc.com.sa/partner-management/graphql",
          "assets_na": false,
          "assets_uids": [
            "9410afa648a1113e01f177f4"
          ],
          "created_at": 1708640274,
          "status": "pending"
        }
      ]
    },
    {
      "categories": [
        "Information Disclosure",
        "Sensitive API Keys"
      ],
      "exploitable_locations": [
        {
          "type": "ip",
          "protocol": "tcp",
          "address": "94.97.1.163",
          "port": "443",
          "assets_na": false,
          "assets_uids": [
            "2afb4d02bd22abe2b6760284"
          ],
          "created_at": 1708726201,
          "status": "pending"
        }
      ]
    },
    {
      "categories": [
        "Information Disclosure",
        "Sensitive API Keys"
      ],
      "exploitable_locations": [
        {
          "type": "other",
          "value": "Found in the page a link to the Google Maps https://maps.googleapis.com/maps/api/js?key=AIzaSyAlWt_QOfVM0tC1lkWiRLTQG68Opy58B2M",
          "assets_na": false,
          "assets_uids": [
            "a8ce65fb1d631116a9b9c491"
          ],
          "created_at": 1696332247,
          "status": "pending"
        }
      ]
    },
    {
      "categories": [
        "Information Disclosure",
        "Sensitive Directory/File Contents Disclosed"
      ],
      "exploitable_locations": [
        {
          "type": "url",
          "value": "http://212.118.142.50:9998/cgi-bin/readme.txt",
          "assets_na": false,
          "assets_uids": [
            "ed5b82f82f778dd617b8da75"
          ],
          "created_at": 1709697390,
          "status": "pending"
        }
      ]
    },
    {
      "categories": [
        "Information Disclosure",
        "Sensitive Directory/File Contents Disclosed"
      ],
      "exploitable_locations": [
        {
          "type": "url",
          "value": "http://212.118.142.50:9998/cgi-bin/crypt.properties",
          "assets_na": false,
          "assets_uids": [
            "ed5b82f82f778dd617b8da75"
          ],
          "created_at": 1709697396,
          "status": "pending"
        }
      ]
    },
    {
      "categories": [
        "Information Disclosure",
        "Sensitive Directory/File Contents Disclosed"
      ],
      "exploitable_locations": [
        {
          "type": "url",
          "value": "http://212.118.142.50:9998/cgi-bin/listenencrypt.jar",
          "assets_na": false,
          "assets_uids": [
            "ed5b82f82f778dd617b8da75"
          ],
          "created_at": 1709697400,
          "status": "pending"
        }
      ]
    },
    {
      "categories": [
        "Information Disclosure",
        "Identity of Network Topology"
      ],
      "exploitable_locations": [
        {
          "type": "url",
          "value": "https://www.coursehero.com/file/58382543/APIM-Architecture-Diagram-v-13pdf/",
          "assets_na": true,
          "assets_uids": [],
          "created_at": 1714230334,
          "status": "pending"
        }
      ]
    },
    {
      "categories": [
        "Information Disclosure",
        "Sensitive Client Information Disclosed"
      ],
      "exploitable_locations": [
        {
          "type": "url",
          "value": "https://fsso.stc.com.sa/docs/sds01.zip",
          "assets_na": false,
          "assets_uids": [
            "f132a743130738aef0ec0353"
          ],
          "created_at": 1696355397,
          "status": "pending"
        }
      ]
    },
    {
      "categories": [
        "Information Disclosure",
        "Sensitive Client Information Disclosed"
      ],
      "exploitable_locations": [
        {
          "type": "url",
          "value": "https://ntgstg.hathaqararak.com/ADM/ws/lmd/searchLmdAgent",
          "assets_na": false,
          "assets_uids": [
            "84845d74f401770f060a0a38"
          ],
          "created_at": 1715800929,
          "status": "pending"
        }
      ]
    },
    {
      "categories": [
        "Authorization/Permissions",
        "Path Traversal"
      ],
      "exploitable_locations": [
        {
          "type": "url",
          "value": "https://ntguat.hathaqararak.com/ADM/javax.faces.resource",
          "assets_na": false,
          "assets_uids": [
            "84845d74f401770f060a0a38"
          ],
          "created_at": 1715941260,
          "status": "pending"
        }
      ]
    },
    {
      "categories": [
        "Information Disclosure",
        "Sensitive Client Information Disclosed"
      ],
      "exploitable_locations": [
        {
          "type": "url",
          "value": "https://fsso.stc.com.sa/docs/Communication%20Matrix%20-%20Webseal%20v1.1.docx",
          "assets_na": false,
          "assets_uids": [
            "f132a743130738aef0ec0353"
          ],
          "created_at": 1696355842,
          "status": "pending"
        }
      ]
    },
    {
      "categories": [
        "Information Disclosure",
        "Sensitive Client Information Disclosed"
      ],
      "exploitable_locations": [
        {
          "type": "url",
          "value": "https://ntguat.hathaqararak.com/ADM/ws/lmd/searchLmdAgent",
          "assets_na": false,
          "assets_uids": [
            "84845d74f401770f060a0a38"
          ],
          "created_at": 1715944040,
          "status": "pending"
        }
      ]
    },
    {
      "categories": [
        "Information Disclosure",
        "Sensitive Client Information Disclosed"
      ],
      "exploitable_locations": [
        {
          "type": "url",
          "value": "https://www.jawwy.sa/content/.xml",
          "assets_na": false,
          "assets_uids": [
            "bb2ed0a27c2526403b76fc8f"
          ],
          "created_at": 1716706347,
          "status": "pending"
        },
        {
          "type": "url",
          "value": "https://www.jawwy.sa/content.childrenlist.json",
          "assets_na": false,
          "assets_uids": [
            "bb2ed0a27c2526403b76fc8f"
          ],
          "created_at": 1716706347,
          "status": "pending"
        }
      ]
    },
    {
      "categories": [
        "Information Disclosure",
        "Sensitive Client Information Disclosed"
      ],
      "exploitable_locations": [
        {
          "type": "url",
          "value": "https://94.97.1.83/446.js",
          "assets_na": false,
          "assets_uids": [
            "5a2abd9e77ca8c701890f6db"
          ],
          "created_at": 1716986058,
          "status": "pending"
        }
      ]
    },
    {
      "categories": [
        "Information Disclosure",
        "Sensitive Client Information Disclosed"
      ],
      "exploitable_locations": [
        {
          "type": "url",
          "value": "https://iot.gslb-pub.stc.com.sa/c/search/open_search",
          "assets_na": false,
          "assets_uids": [
            "a09faa1a964227f699ec7e0b"
          ],
          "created_at": 1717465617,
          "status": "pending"
        }
      ]
    },
    {
      "categories": [
        "Information Disclosure",
        "Leaked Credentials (Low Privilege)"
      ],
      "exploitable_locations": [
        {
          "type": "url",
          "value": "https://94.97.1.95/content/wholesale/en/register.html",
          "assets_na": false,
          "assets_uids": [
            "a8ce65fb1d631116a9b9c491"
          ],
          "created_at": 1718407605,
          "status": "pending"
        },
        {
          "type": "url",
          "value": "https://94.97.1.95/api/s-tmf/partyRoleMgmt/wholesale/v1/partyRole/customer",
          "assets_na": false,
          "assets_uids": [
            "a8ce65fb1d631116a9b9c491"
          ],
          "created_at": 1718407605,
          "status": "pending"
        }
      ]
    },
    {
      "categories": [
        "Information Disclosure",
        "Unverifiable Credentials"
      ],
      "exploitable_locations": [
        {
          "type": "url",
          "value": "https://www.jawwy.sa/etc.clientlibs/jawwy/clientlibs/jawwy-react-app.min.js.pagespeed.ce.qJjyA771Hy.js",
          "assets_na": false,
          "assets_uids": [
            "bb2ed0a27c2526403b76fc8f"
          ],
          "created_at": 1718838522,
          "status": "pending"
        }
      ]
    },
    {
      "categories": [
        "Information Disclosure",
        "Sensitive Client Information Disclosed"
      ],
      "exploitable_locations": [
        {
          "type": "url",
          "value": "https://fsso.stc.com.sa/docs/IAM_DR_Docs_SharePoint.zip",
          "assets_na": false,
          "assets_uids": [
            "f132a743130738aef0ec0353"
          ],
          "created_at": 1696357420,
          "status": "pending"
        }
      ]
    },
    {
      "categories": [
        "Information Disclosure",
        "Sensitive Client Information Disclosed"
      ],
      "exploitable_locations": [
        {
          "type": "url",
          "value": "https://www.stc.com/content/dam/groupsites/ar/pdf/Press-Release-Q1-2022-arb.pdf",
          "assets_na": false,
          "assets_uids": [
            "d855c7abb213346e4672ab1e"
          ],
          "created_at": 1719981949,
          "status": "pending"
        }
      ]
    },
    {
      "categories": [
        "Information Disclosure",
        "Sensitive Client Information Disclosed"
      ],
      "exploitable_locations": [
        {
          "type": "url",
          "value": "https://www.stc.com/content/dam/corporatesite/en/wholesale/pdf/6AnnexCAttachment2POIs_January2022check.pdf",
          "assets_na": false,
          "assets_uids": [
            "d855c7abb213346e4672ab1e"
          ],
          "created_at": 1720798522,
          "status": "pending"
        },
        {
          "type": "url",
          "value": "https://www.stc.com/content/dam/corporatesite/en/wholesale/pdf/3AnnexB-Billing_January2022check.pdf",
          "assets_na": false,
          "assets_uids": [
            "d855c7abb213346e4672ab1e"
          ],
          "created_at": 1720798522,
          "status": "pending"
        }
      ]
    },
    {
      "categories": [
        "Information Disclosure",
        "Sensitive Directory/File Contents Disclosed"
      ],
      "exploitable_locations": [
        {
          "type": "ip",
          "protocol": "tcp",
          "address": "94.97.1.178",
          "port": "443",
          "assets_na": false,
          "assets_uids": [
            "111caebf816b4e3c3af39c7c"
          ],
          "created_at": 1699266585,
          "status": "pending"
        }
      ]
    },
    {
      "categories": [
        "Authorization/Permissions",
        "Access Control Violation (High Privileged Functions - Read/Write or Write Only)"
      ],
      "exploitable_locations": [
        {
          "type": "url",
          "value": "https://ntgstg.hathaqararak.com/ADM/ws/lmd/updateAgentInfo",
          "assets_na": false,
          "assets_uids": [
            "84845d74f401770f060a0a38"
          ],
          "created_at": 1721283124,
          "status": "pending"
        }
      ]
    },
    {
      "categories": [
        "Authorization/Permissions",
        "Access Control Violation (High Privileged Functions - Read/Write or Write Only)"
      ],
      "exploitable_locations": [
        {
          "type": "url",
          "value": "https://ntguat.hathaqararak.com/ADM/ws/lmd/updateAgentInfo",
          "assets_na": false,
          "assets_uids": [
            "84845d74f401770f060a0a38"
          ],
          "created_at": 1721283131,
          "status": "pending"
        }
      ]
    },
    {
      "categories": [
        "Information Disclosure",
        "Sensitive Client Information Disclosed"
      ],
      "exploitable_locations": [
        {
          "type": "url",
          "value": "https://ntg.hathaqararak.com/ADM/ws/quicksale/getListPhone/*",
          "assets_na": false,
          "assets_uids": [
            "a4344b9556d9eee9f3931f8e"
          ],
          "created_at": 1724040128,
          "status": "pending"
        },
        {
          "type": "url",
          "value": "https://ntgstg.hathaqararak.com/ADM/ws/quicksale/getListPhone/*",
          "assets_na": false,
          "assets_uids": [
            "84845d74f401770f060a0a38"
          ],
          "created_at": 1724040128,
          "status": "pending"
        }
      ]
    },
    {
      "categories": [
        "Server/Application Misconfiguration",
        "Using Known Vulnerable Software"
      ],
      "exploitable_locations": [
        {
          "type": "url",
          "value": "https://78.93.37.234/api/v1/cav/client/status/../../admin/options",
          "assets_na": false,
          "assets_uids": [
            "9112d30bea8f2d7f57e6cc69"
          ],
          "created_at": 1726311248,
          "status": "pending"
        }
      ]
    },
    {
      "categories": [
        "Authentication/Session Management",
        "Login Authentication Bypass"
      ],
      "exploitable_locations": [
        {
          "type": "url",
          "value": "https://pmcs.stc.com.sa/eqait.api/api/test/test",
          "assets_na": false,
          "assets_uids": [
            "2afb4d02bd22abe2b6760284"
          ],
          "created_at": 1726748341,
          "status": "pending"
        }
      ]
    },
    {
      "categories": [
        "Authentication/Session Management",
        "Account Enumeration"
      ],
      "exploitable_locations": [
        {
          "type": "ip",
          "protocol": "tcp",
          "address": "212.118.128.25",
          "port": "80",
          "assets_na": false,
          "assets_uids": [
            "f5d94c1e0895e2473bbdc7f3"
          ],
          "created_at": 1700024439,
          "status": "pending"
        },
        {
          "type": "url",
          "value": "https://acs.stc.com.sa/corporate-portal/forgetPassword.action",
          "assets_na": false,
          "assets_uids": [
            "f5d94c1e0895e2473bbdc7f3"
          ],
          "created_at": 1700024439,
          "status": "pending"
        }
      ]
    },
    {
      "categories": [
        "Authentication/Session Management",
        "Email/Password Recovery Flaw"
      ],
      "exploitable_locations": [
        {
          "type": "url",
          "value": "https://acs.stc.com.sa/corporate-portal/forgetPassword.action",
          "assets_na": false,
          "assets_uids": [
            "f5d94c1e0895e2473bbdc7f3"
          ],
          "created_at": 1727553000,
          "status": "pending"
        }
      ]
    },
    {
      "categories": [
        "Information Disclosure",
        "Unverifiable Credentials"
      ],
      "exploitable_locations": [
        {
          "type": "url",
          "value": "https://94.97.1.95/etc.clientlibs/wholesale/clientlibs/clientlib-react.min.ACSHASHd6cc3f1e81ca8eb0c35c930d2887e7df.js",
          "assets_na": false,
          "assets_uids": [
            "a8ce65fb1d631116a9b9c491"
          ],
          "created_at": 1727703772,
          "status": "pending"
        }
      ]
    },
    {
      "categories": [
        "Authentication/Session Management",
        "Account Enumeration"
      ],
      "exploitable_locations": [
        {
          "type": "url",
          "value": "https://iot.stc.com.sa/web/guest/home",
          "assets_na": false,
          "assets_uids": [
            "a09faa1a964227f699ec7e0b"
          ],
          "created_at": 1727722452,
          "status": "pending"
        }
      ]
    },
    {
      "categories": [
        "Information Disclosure",
        "Sensitive Client Information Disclosed"
      ],
      "exploitable_locations": [
        {
          "type": "url",
          "value": "https://94.97.1.163/main.0120c944e8b415b8.js",
          "assets_na": false,
          "assets_uids": [
            "2afb4d02bd22abe2b6760284"
          ],
          "created_at": 1727773690,
          "status": "pending"
        }
      ]
    },
    {
      "categories": [
        "Information Disclosure",
        "Unverifiable Credentials"
      ],
      "exploitable_locations": [
        {
          "type": "url",
          "value": "https://94.97.1.163/main.0120c944e8b415b8.js",
          "assets_na": false,
          "assets_uids": [
            "2afb4d02bd22abe2b6760284"
          ],
          "created_at": 1727803955,
          "status": "pending"
        },
        {
          "type": "ip",
          "protocol": "tcp",
          "address": "94.97.1.163",
          "port": "80",
          "assets_na": false,
          "assets_uids": [
            "2afb4d02bd22abe2b6760284"
          ],
          "created_at": 1727803955,
          "status": "pending"
        }
      ]
    },
    {
      "categories": [
        "Information Disclosure",
        "Sensitive Client Information Disclosed"
      ],
      "exploitable_locations": [
        {
          "type": "url",
          "value": "https://www.jawwy.sa/etc.clientlibs/jawwy/clientlibs/jawwy-react-app.min.js.pagespeed.ce.t5SSgxI5nm.js",
          "assets_na": false,
          "assets_uids": [
            "bb2ed0a27c2526403b76fc8f"
          ],
          "created_at": 1728052726,
          "status": "pending"
        }
      ]
    },
    {
      "categories": [
        "Information Disclosure",
        "Unverifiable Credentials"
      ],
      "exploitable_locations": [
        {
          "type": "url",
          "value": "https://evo.jawwy.sa/etc.clientlibs/jawwy/clientlibs/jawwy-react-app.min.js",
          "assets_na": false,
          "assets_uids": [
            "bb2ed0a27c2526403b76fc8f"
          ],
          "created_at": 1700617310,
          "status": "pending"
        }
      ]
    },
    {
      "categories": [
        "Information Disclosure",
        "Sensitive API Keys"
      ],
      "exploitable_locations": [
        {
          "type": "url",
          "value": "https://mywholesale.stc.com.sa/etc.clientlibs/wholesale/clientlibs/clientlib-react.min.ACSHASHe65c534bd429237cc596ee573ae4b4c6.js",
          "assets_na": false,
          "assets_uids": [
            "a8ce65fb1d631116a9b9c491"
          ],
          "created_at": 1732514671,
          "status": "pending"
        }
      ]
    },
    {
      "categories": [
        "Information Disclosure",
        "Unverifiable Credentials"
      ],
      "exploitable_locations": [
        {
          "type": "other",
          "value": "Unverifiable credentials leaked in external source (Pastebin)",
          "assets_na": false,
          "assets_uids": [
            "0a2458f211bbdb5bbe680afa"
          ],
          "created_at": 1734029452,
          "status": "pending"
        }
      ]
    },
    {
      "categories": [
        "Information Disclosure",
        "Sensitive Client Information Disclosed"
      ],
      "exploitable_locations": [
        {
          "type": "url",
          "value": "https://codebeautify.org/jsonviewer/y24197ea5",
          "assets_na": true,
          "assets_uids": [],
          "created_at": 1734266459,
          "status": "pending"
        }
      ]
    },
    {
      "categories": [
        "Information Disclosure",
        "Unverifiable Credentials"
      ],
      "exploitable_locations": [
        {
          "type": "url",
          "value": "https://pastebin.com/bq0QxhwB",
          "assets_na": true,
          "assets_uids": [],
          "created_at": 1734255574,
          "status": "pending"
        }
      ]
    },
    {
      "categories": [
        "Information Disclosure",
        "Leaked Credentials (Low Privilege)"
      ],
      "exploitable_locations": [
        {
          "type": "url",
          "value": "https://sustainability.stc.com.sa/",
          "assets_na": false,
          "assets_uids": [
            "3c9b479b36e0eee3c6745fd4"
          ],
          "created_at": 1734356681,
          "status": "pending"
        }
      ]
    },
    {
      "categories": [
        "Information Disclosure",
        "Leaked Credentials (Low Privilege)"
      ],
      "exploitable_locations": [
        {
          "type": "url",
          "value": "https://partnershub.stc.com.sa",
          "assets_na": false,
          "assets_uids": [
            "9410afa648a1113e01f177f4"
          ],
          "created_at": 1734356684,
          "status": "pending"
        }
      ]
    },
    {
      "categories": [
        "Information Disclosure",
        "Sensitive Client Information Disclosed"
      ],
      "exploitable_locations": [
        {
          "type": "url",
          "value": "https://bulksms.stc.com.sa/msdp/web/responses/fullcal_events.json",
          "assets_na": false,
          "assets_uids": [
            "d0d7fcdda7edc1e4ddaff753"
          ],
          "created_at": 1734646131,
          "status": "pending"
        }
      ]
    },
    {
      "categories": [
        "Information Disclosure",
        "Sensitive Client Information Disclosed"
      ],
      "exploitable_locations": [
        {
          "type": "url",
          "value": "https://bulksms.stc.com.sa/msdp/web/responses/distribution_list.json",
          "assets_na": false,
          "assets_uids": [
            "d0d7fcdda7edc1e4ddaff753"
          ],
          "created_at": 1734648631,
          "status": "pending"
        }
      ]
    },
    {
      "categories": [
        "Information Disclosure",
        "Sensitive Directory/File Contents Disclosed"
      ],
      "exploitable_locations": [
        {
          "type": "url",
          "value": "https://bulksms.stc.com.sa/msdp/web/responses/compose/segment_list.json",
          "assets_na": false,
          "assets_uids": [
            "d0d7fcdda7edc1e4ddaff753"
          ],
          "created_at": 1734650791,
          "status": "pending"
        }
      ]
    },
    {
      "categories": [
        "Information Disclosure",
        "Unverifiable Credentials"
      ],
      "exploitable_locations": [
        {
          "type": "url",
          "value": "https://94.97.1.95/etc.clientlibs/wholesale/clientlibs/clientlib-react.min.js",
          "assets_na": false,
          "assets_uids": [
            "a8ce65fb1d631116a9b9c491"
          ],
          "created_at": 1734727153,
          "status": "pending"
        }
      ]
    },
    {
      "categories": [
        "Other",
        "Other - Please describe"
      ],
      "exploitable_locations": [
        {
          "type": "url",
          "value": "https://sso.jawwy.sa/ssoLogin.html",
          "assets_na": false,
          "assets_uids": [
            "a4344b9556d9eee9f3931f8e"
          ],
          "created_at": 1734821651,
          "status": "pending"
        }
      ]
    },
    {
      "categories": [
        "Information Disclosure",
        "Sensitive Client Information Disclosed"
      ],
      "exploitable_locations": [
        {
          "type": "url",
          "value": "http://212.118.131.65/server-status",
          "assets_na": false,
          "assets_uids": [
            "e564730b01c2153a62f24e70"
          ],
          "created_at": 1735790088,
          "status": "pending"
        },
        {
          "type": "url",
          "value": "https://212.118.131.65/server-status",
          "assets_na": false,
          "assets_uids": [
            "e564730b01c2153a62f24e70"
          ],
          "created_at": 1735790088,
          "status": "pending"
        }
      ]
    },
    {
      "categories": [
        "Content Injection",
        "XML External Entity (XXE)- Limited"
      ],
      "exploitable_locations": [
        {
          "type": "ip",
          "protocol": "tcp",
          "address": "212.118.158.140",
          "port": "443",
          "created_at": 1637743696,
          "status": "pending"
        }
      ]
    },
    {
      "categories": [
        "Authorization/Permissions",
        "Server Side Request Forgery(SSRF)- Limited"
      ],
      "exploitable_locations": [
        {
          "type": "url",
          "value": "https://iserv-dev.stc.com.sa/OA_HTML/help",
          "created_at": 1637919493,
          "status": "pending"
        },
        {
          "type": "ip",
          "protocol": "tcp",
          "address": "212.118.158.139",
          "port": "443",
          "created_at": 1637919493,
          "status": "pending"
        }
      ]
    },
    {
      "categories": [
        "Authorization/Permissions",
        "Access/Privacy Control Violation"
      ],
      "exploitable_locations": [
        {
          "type": "url",
          "value": "https://careers.stc.com.sa/routers/jobs-search/1.0/ej/en/public/jobs/search",
          "created_at": 1637956372,
          "status": "pending"
        },
        {
          "type": "ip",
          "protocol": "tcp",
          "address": "94.97.1.110",
          "port": "443",
          "created_at": 1637956372,
          "status": "pending"
        }
      ]
    },
    {
      "categories": [
        "Information Disclosure",
        "Sensitive Client Information Disclosed"
      ],
      "exploitable_locations": [
        {
          "type": "ip",
          "protocol": "tcp",
          "address": "212.118.158.18",
          "port": "9000",
          "created_at": 1638011309,
          "status": "pending"
        }
      ]
    },
    {
      "categories": [
        "Authorization/Permissions",
        "Access/Privacy Control Violation"
      ],
      "exploitable_locations": [
        {
          "type": "url",
          "value": "https://pmcs.stc.com.sa/tawal.Api/api/Tawal/GetSiteElementsInformation",
          "created_at": 1638093201,
          "status": "pending"
        },
        {
          "type": "ip",
          "protocol": "tcp",
          "address": "94.97.1.163",
          "port": "443",
          "created_at": 1638093201,
          "status": "pending"
        }
      ]
    },
    {
      "categories": [
        "Information Disclosure",
        "Sensitive Directory/File Contents Disclosed"
      ],
      "exploitable_locations": [
        {
          "type": "ip",
          "protocol": "tcp",
          "address": "212.118.158.18",
          "port": "9002",
          "created_at": 1638188596,
          "status": "pending"
        },
        {
          "type": "url",
          "value": "http://212.118.158.18:9002/",
          "created_at": 1638188596,
          "status": "pending"
        }
      ]
    },
    {
      "categories": [
        "Authorization/Permissions",
        "Access/Privacy Control Violation"
      ],
      "exploitable_locations": [
        {
          "type": "url",
          "value": "https://iserv.stc.com.sa/OA_HTML/ozfVendorLov.jsp",
          "created_at": 1637837980,
          "status": "pending"
        },
        {
          "type": "ip",
          "protocol": "tcp",
          "address": "212.118.158.140",
          "port": "443",
          "created_at": 1637837980,
          "status": "pending"
        }
      ]
    },
    {
      "categories": [
        "Remote Execution",
        "Remote Code Execution"
      ],
      "exploitable_locations": [
        {
          "type": "url",
          "value": "https://iot.stc.com.sa/tunnel-web/spring/com_liferay_portal_service_spring_UserService-http",
          "assets_na": false,
          "assets_uids": [
            "63033eec51d867000155a236"
          ],
          "created_at": 1685693629,
          "status": "pending"
        },
        {
          "type": "ip",
          "protocol": "tcp",
          "address": "94.97.1.186",
          "port": "443",
          "assets_na": false,
          "assets_uids": [
            "63033eec51d867000155a236"
          ],
          "created_at": 1685693629,
          "status": "pending"
        }
      ]
    }
  ]
}