{
  "listing_id": "qlz15pgt4n",
  "type": "categories",
  "value": [
    {
      "categories": [
        "Information Disclosure",
        "Directory Contents Disclosed"
      ],
      "exploitable_locations": [
        {
          "type": "ip",
          "protocol": "tcp",
          "address": "94.97.1.100",
          "port": "443",
          "assets_na": false,
          "assets_uids": [
            "28e721dd215891e90f4490ac"
          ],
          "created_at": 1739939093,
          "status": "pending"
        }
      ]
    }
  ]
}