{
  "listing_id": "qp0jexka4g",
  "type": "categories",
  "value": [
    {
      "categories": [
        "Content Injection",
        "**Spoof HTML Content**"
      ],
      "exploitable_locations": [
        {
          "type": "url",
          "value": "https://api0.prismacloud.io/v2/user",
          "created_at": 1602026615,
          "status": "fixed"
        }
      ]
    },
    {
      "categories": [
        "Authorization/Permissions",
        "Insecure Direct Object Reference"
      ],
      "exploitable_locations": [
        {
          "type": "url",
          "value": "https://app0.prismacloud.io/settings/data",
          "created_at": 1602528606,
          "status": "wont_fix"
        },
        {
          "type": "url",
          "value": "https://api0.prismacloud.io/dlp/api/v1/dss-api/data-profile/id/<ID>",
          "created_at": 1602528606,
          "status": "wont_fix"
        }
      ]
    },
    {
      "categories": [
        "Authorization/Permissions",
        "Access/Privacy Control Violation"
      ],
      "exploitable_locations": [
        {
          "type": "url",
          "value": "https://app0.prismacloud.io/settings/access_keys",
          "created_at": 1602766916,
          "status": "wont_fix"
        },
        {
          "type": "url",
          "value": "https://app0.prismacloud.io/profile/account_info",
          "created_at": 1602766916,
          "status": "wont_fix"
        }
      ]
    },
    {
      "categories": [
        "Authorization/Permissions",
        "Access/Privacy Control Violation"
      ],
      "exploitable_locations": [
        {
          "type": "url",
          "value": "https://us-east1.cloud.twistlock.com/us1-81232/api/v1/policies/vulnerability/images",
          "created_at": 1607780588,
          "status": "fixed"
        }
      ]
    },
    {
      "categories": [
        "Authentication/Session Management",
        "Default Credentials(OLD DNU)"
      ],
      "exploitable_locations": [
        {
          "type": "url",
          "value": "https://github.com/hotpeppersec/molecule_ansible/pull/21/files",
          "created_at": 1607785835,
          "status": "fixed"
        }
      ]
    },
    {
      "categories": [
        "Functional/Business Logic",
        "Client Side Validation"
      ],
      "exploitable_locations": [
        {
          "type": "url",
          "value": "https://us-east1.cloud.twistlock.com/us1-81232/api/v1/policies/compliance/container",
          "created_at": 1608296114,
          "status": "wont_fix"
        }
      ]
    },
    {
      "categories": [
        "Functional/Business Logic",
        "Client Side Validation"
      ],
      "exploitable_locations": [
        {
          "type": "url",
          "value": "https://us-east1.cloud.twistlock.com/us1-81232/api/v1/policies/runtime/container",
          "created_at": 1608296116,
          "status": "wont_fix"
        }
      ]
    },
    {
      "categories": [
        "Server/Application Misconfiguration",
        "Cross-Origin Resource Sharing (CORS)"
      ],
      "exploitable_locations": [
        {
          "type": "url",
          "value": "https://api0.prismacloud.io/",
          "created_at": 1608327410,
          "status": "fixed"
        }
      ]
    },
    {
      "categories": [
        "Authorization/Permissions",
        "Access/Privacy Control Violation"
      ],
      "exploitable_locations": [
        {
          "type": "url",
          "value": "https://us-east1.cloud.twistlock.com/us1-81232/api/v1/policies/docker",
          "created_at": 1608727520,
          "status": "wont_fix"
        }
      ]
    },
    {
      "categories": [
        "Authorization/Permissions",
        "Access/Privacy Control Violation"
      ],
      "exploitable_locations": [
        {
          "type": "url",
          "value": "https://api0.prismacloud.io/user/me",
          "created_at": 1609328693,
          "status": "fixed"
        }
      ]
    },
    {
      "categories": [
        "Authorization/Permissions",
        "Access/Privacy Control Violation"
      ],
      "exploitable_locations": [
        {
          "type": "url",
          "value": "https://api0.prismacloud.io/user/name",
          "created_at": 1602035610,
          "status": "fixed"
        }
      ]
    },
    {
      "categories": [
        "Authorization/Permissions",
        "Access/Privacy Control Violation"
      ],
      "exploitable_locations": [
        {
          "type": "url",
          "value": "https://app0.prismacloud.io/microsegmentation/importrequests",
          "created_at": 1609335536,
          "status": "fixed"
        }
      ]
    },
    {
      "categories": [
        "Content Injection",
        "**Spoof HTML Content**"
      ],
      "exploitable_locations": [
        {
          "type": "url",
          "value": "https://app0.prismacloud.io/request_password_reset",
          "created_at": 1609453740,
          "status": "fixed"
        },
        {
          "type": "url",
          "value": "https://app0.prismacloud.io/settings/users",
          "created_at": 1609453740,
          "status": "fixed"
        }
      ]
    },
    {
      "categories": [
        "Authorization/Permissions",
        "Access/Privacy Control Violation"
      ],
      "exploitable_locations": [
        {
          "type": "url",
          "value": "https://app0.prismacloud.io/compute",
          "created_at": 1609771611,
          "status": "wont_fix"
        },
        {
          "type": "url",
          "value": "https://us-east1.cloud.twistlock.com/us1-59095/api/v1/audits/mgmt",
          "created_at": 1609771611,
          "status": "wont_fix"
        }
      ]
    },
    {
      "categories": [
        "Information Disclosure",
        "Sensitive API Keys"
      ],
      "exploitable_locations": [
        {
          "type": "url",
          "value": "https://app0.prismacloud.io/compute",
          "created_at": 1609776252,
          "status": "fixed"
        },
        {
          "type": "url",
          "value": "https://us-east1.cloud.twistlock.com/us1-59095/api/v1/logs/console",
          "created_at": 1609776252,
          "status": "fixed"
        }
      ]
    },
    {
      "categories": [
        "Functional/Business Logic",
        "Client Side Validation"
      ],
      "exploitable_locations": [
        {
          "type": "url",
          "value": "https://app0.prismacloud.io/settings/anomalies/TrustedList/edit",
          "created_at": 1609919521,
          "status": "wont_fix"
        }
      ]
    },
    {
      "categories": [
        "Information Disclosure",
        "Sensitive API Keys"
      ],
      "exploitable_locations": [
        {
          "type": "url",
          "value": "https://app0.prismacloud.io/app-829eac4d2ce3f84d433d.js",
          "created_at": 1609934581,
          "status": "fixed"
        }
      ]
    },
    {
      "categories": [
        "Information Disclosure",
        "Sensitive Client Information Disclosed"
      ],
      "exploitable_locations": [
        {
          "type": "url",
          "value": "https://us-east1.cloud.twistlock.com/us1-81232/api/v1/logs/console/download",
          "created_at": 1609973450,
          "status": "fixed"
        }
      ]
    },
    {
      "categories": [
        "Content Injection",
        "**Spoof HTML Content**"
      ],
      "exploitable_locations": [
        {
          "type": "url",
          "value": "https://app0.prismacloud.io/alerts/notification_templates/email/",
          "created_at": 1602039661,
          "status": "fixed"
        }
      ]
    },
    {
      "categories": [
        "Authorization/Permissions",
        "Access/Privacy Control Violation"
      ],
      "exploitable_locations": [
        {
          "type": "url",
          "value": "https://us-east1.cloud.twistlock.com/us1-81232/api/v1/backups/dff-20.09.366-1605947950.tar.gz",
          "created_at": 1610037082,
          "status": "wont_fix"
        },
        {
          "type": "url",
          "value": "https://us-east1.cloud.twistlock.com/us1-81232/api/v1/backups/<Vulnearble Param>",
          "created_at": 1610037082,
          "status": "wont_fix"
        }
      ]
    },
    {
      "categories": [
        "Authorization/Permissions",
        "**Server-side Request Forgery (SSRF)**"
      ],
      "exploitable_locations": [
        {
          "type": "url",
          "value": "https://api0.prismacloud.io/integration/test",
          "created_at": 1610104084,
          "status": "fixed"
        }
      ]
    },
    {
      "categories": [
        "Information Disclosure",
        "Sensitive Client Information Disclosed"
      ],
      "exploitable_locations": [
        {
          "type": "url",
          "value": "https://app0.prismacloud.io/app-829eac4d2ce3f84d433d.js",
          "created_at": 1610202701,
          "status": "fixed"
        }
      ]
    },
    {
      "categories": [
        "Content Injection",
        "**Spoof HTML Content**"
      ],
      "exploitable_locations": [
        {
          "type": "url",
          "value": "https://api0.prismacloud.io/alert/rule/98f70cd0-f5e5-4c98-a67e-a93c7c6d22d9",
          "created_at": 1610386278,
          "status": "fixed"
        }
      ]
    },
    {
      "categories": [
        "Functional/Business Logic",
        "Improper Input Validation"
      ],
      "exploitable_locations": [
        {
          "type": "url",
          "value": "https://app0.prismacloud.io/compute",
          "created_at": 1610458661,
          "status": "wont_fix"
        }
      ]
    },
    {
      "categories": [
        "Content Injection",
        "**Spoof HTML Content**"
      ],
      "exploitable_locations": [
        {
          "type": "app-location",
          "value": " Vulnerability rules",
          "created_at": 1610470646,
          "status": "wont_fix"
        },
        {
          "type": "url",
          "value": "https://us-east1.cloud.twistlock.com/us1-59095",
          "created_at": 1610470646,
          "status": "wont_fix"
        },
        {
          "type": "url",
          "value": "https://app0.prismacloud.io/compute",
          "created_at": 1610470646,
          "status": "wont_fix"
        }
      ]
    },
    {
      "categories": [
        "Functional/Business Logic",
        "Improper Input Validation"
      ],
      "exploitable_locations": [
        {
          "type": "url",
          "value": "https://app0.prismacloud.io/microsegmentation/importrequests",
          "created_at": 1610550811,
          "status": "wont_fix"
        }
      ]
    },
    {
      "categories": [
        "Content Injection",
        "**Spoof HTML Content**"
      ],
      "exploitable_locations": [
        {
          "type": "url",
          "value": "https://app0.prismacloud.io/settings/account_groups",
          "created_at": 1610800314,
          "status": "fixed"
        },
        {
          "type": "url",
          "value": "https://api0.prismacloud.io/cloud/group/65268fb6-0dca-46e3-a3c8-d5c92f763735",
          "created_at": 1610800314,
          "status": "fixed"
        }
      ]
    },
    {
      "categories": [
        "Authorization/Permissions",
        "Access/Privacy Control Violation"
      ],
      "exploitable_locations": [
        {
          "type": "url",
          "value": "https://app0.prismacloud.io/settings/licensing",
          "created_at": 1602077891,
          "status": "fixed"
        }
      ]
    },
    {
      "categories": [
        "Content Injection",
        "**Spoof HTML Content**"
      ],
      "exploitable_locations": [
        {
          "type": "url",
          "value": "https://app0.prismacloud.io/compute",
          "created_at": 1610826153,
          "status": "fixed"
        },
        {
          "type": "app-location",
          "value": " Add network object",
          "created_at": 1610826153,
          "status": "fixed"
        },
        {
          "type": "url",
          "value": "https://app0.prismacloud.io/compute",
          "created_at": 1610826153,
          "status": "fixed"
        },
        {
          "type": "app-location",
          "value": " Custom image and host compliance checks",
          "created_at": 1610826153,
          "status": "fixed"
        },
        {
          "type": "url",
          "value": "https://app0.prismacloud.io/compute",
          "created_at": 1610826153,
          "status": "fixed"
        },
        {
          "type": "app-location",
          "value": "add network list",
          "created_at": 1610826153,
          "status": "fixed"
        }
      ]
    },
    {
      "categories": [
        "Cross-Site Scripting (XSS)",
        "**Persistent XSS**"
      ],
      "exploitable_locations": [
        {
          "type": "url",
          "value": "https://us-east1.cloud.twistlock.com/app0-803920925400663040/api/v1/alert-profiles",
          "created_at": 1619086196,
          "status": "fixed"
        }
      ]
    },
    {
      "categories": [
        "Cross-Site Scripting (XSS)",
        "**Persistent XSS**"
      ],
      "exploitable_locations": [
        {
          "type": "url",
          "value": "https://us-east1.cloud.twistlock.com/app0-803920925400663040/api/v1/feeds/custom/custom-vulnerabilities",
          "created_at": 1620108676,
          "status": "fixed"
        }
      ]
    },
    {
      "categories": [
        "Content Injection",
        "**Spoof HTML Content**"
      ],
      "exploitable_locations": [
        {
          "type": "url",
          "value": "https://app0.prismacloud.io/settings/users",
          "created_at": 1622147370,
          "status": "fixed"
        }
      ]
    },
    {
      "categories": [
        "Authorization/Permissions",
        "Access/Privacy Control Violation"
      ],
      "exploitable_locations": [
        {
          "type": "url",
          "value": "https://app0.prismacloud.io/compliance/standards",
          "created_at": 1622906887,
          "status": "fixed"
        },
        {
          "type": "url",
          "value": "https://api0.prismacloud.io/compliance/<Requirement  ID>/requirement",
          "created_at": 1622906887,
          "status": "fixed"
        },
        {
          "type": "url",
          "value": "https://api0.prismacloud.io/compliance/<Section ID>/section",
          "created_at": 1622906887,
          "status": "fixed"
        }
      ]
    },
    {
      "categories": [
        "Authorization/Permissions",
        "Server Side Request Forgery(SSRF)- Limited"
      ],
      "exploitable_locations": [
        {
          "type": "url",
          "value": "https://api0.prismacloud.io/oauth/authenticate/jira",
          "created_at": 1634976435,
          "status": "wont_fix"
        }
      ]
    },
    {
      "categories": [
        "Authorization/Permissions",
        "Server Side Request Forgery(SSRF)- Limited"
      ],
      "exploitable_locations": [
        {
          "type": "url",
          "value": "https://api0.prismacloud.io/api/v1/tenant/{tenantid}/integration/test",
          "created_at": 1657627757,
          "status": "wont_fix"
        }
      ]
    },
    {
      "categories": [
        "Authorization/Permissions",
        "Access/Privacy Control Violation"
      ],
      "exploitable_locations": [
        {
          "type": "url",
          "value": "https://app0.prismacloud.io/settings/trusted_ip_addresses",
          "created_at": 1602082448,
          "status": "fixed"
        }
      ]
    },
    {
      "categories": [
        "Authorization/Permissions",
        "Server Side Request Forgery(SSRF)- Full"
      ],
      "exploitable_locations": [
        {
          "type": "url",
          "value": "https://api0.prismacloud.io/alert/remediation/test",
          "created_at": 1657810802,
          "status": "fixed"
        }
      ]
    },
    {
      "categories": [
        "Remote Execution",
        "Remote Code Execution"
      ],
      "exploitable_locations": [
        {
          "type": "url",
          "value": "https://api.app0.network.prismacloud.io/rendertemplates",
          "created_at": 1673034688,
          "status": "fixed"
        },
        {
          "type": "url",
          "value": "https://app0.prismacloud.io/microsegmentation/apiauthorizationpolicies",
          "created_at": 1673034688,
          "status": "fixed"
        }
      ]
    },
    {
      "categories": [
        "Functional/Business Logic",
        "Client Side Validation"
      ],
      "exploitable_locations": [
        {
          "type": "url",
          "value": "https://api0.prismacloud.io/api/v1/tenant/803920925308388352/integration/<id>",
          "created_at": 1673169742,
          "status": "fixed"
        }
      ]
    },
    {
      "categories": [
        "Authorization/Permissions",
        "Access/Privacy Control Violation"
      ],
      "exploitable_locations": [
        {
          "type": "url",
          "value": "https://app0.prismacloud.io/alerts/notification_templates",
          "created_at": 1602106377,
          "status": "fixed"
        }
      ]
    },
    {
      "categories": [
        "SQL Injection",
        "SQL Injection- Full"
      ],
      "exploitable_locations": [
        {
          "type": "url",
          "value": "https://api0.prismacloud.io/license/api/v2/usage",
          "assets_na": false,
          "assets_uids": [
            "5f74d5c48bf4e50001c9eaf5"
          ],
          "created_at": 1696770368,
          "status": "fixed"
        }
      ]
    },
    {
      "categories": [
        "SQL Injection",
        "SQL Injection- Full"
      ],
      "exploitable_locations": [
        {
          "type": "url",
          "value": "https://api0.prismacloud.io/license/api/v1/usage/time_series",
          "assets_na": false,
          "assets_uids": [
            "5f74d5c48bf4e50001c9eaf5"
          ],
          "created_at": 1696889887,
          "status": "fixed"
        }
      ]
    },
    {
      "categories": [
        "Authorization/Permissions",
        "Access/Privacy Control Violation"
      ],
      "exploitable_locations": [
        {
          "type": "url",
          "value": "https://api0.prismacloud.io/integration/name",
          "created_at": 1602154059,
          "status": "wont_fix"
        }
      ]
    },
    {
      "categories": [
        "Content Injection",
        "Spoof HTML Content"
      ],
      "exploitable_locations": [
        {
          "type": "url",
          "value": "https://api0.prismacloud.io/alarm/api/v1/config",
          "assets_na": false,
          "assets_uids": [
            "5f74d5c48bf4e50001c9eaf5"
          ],
          "created_at": 1701785700,
          "status": "fixed"
        }
      ]
    },
    {
      "categories": [
        "SQL Injection",
        "SQL Injection- Full"
      ],
      "exploitable_locations": [
        {
          "type": "url",
          "value": "https://api0.prismacloud.io/bridgecrew/api/v1/private_registry/registries",
          "assets_na": false,
          "assets_uids": [
            "5f74d5c48bf4e50001c9eaf5"
          ],
          "created_at": 1715693226,
          "status": "fixed"
        }
      ]
    },
    {
      "categories": [
        "Authorization/Permissions",
        "Access/Privacy Control Violation"
      ],
      "exploitable_locations": [
        {
          "type": "url",
          "value": "https://api0.prismacloud.io/label",
          "created_at": 1602162116,
          "status": "fixed"
        }
      ]
    },
    {
      "categories": [
        "Cross-Site Scripting (XSS)",
        "**Persistent XSS**"
      ],
      "exploitable_locations": [
        {
          "type": "url",
          "value": "https://app0.prismacloud.io/compute",
          "created_at": 1622067585,
          "status": "fixed"
        },
        {
          "type": "url",
          "value": "https://us-east1.cloud.twistlock.com/app0-803920925400663040/api/v1/settings/registry",
          "created_at": 1622067585,
          "status": "fixed"
        }
      ]
    },
    {
      "categories": [
        "Cross-Site Scripting (XSS)",
        "**Persistent XSS**"
      ],
      "exploitable_locations": [
        {
          "type": "url",
          "value": "https://us-east1.cloud.twistlock.com/app0-803920925400663040/api/v1/policies/vulnerability/images",
          "created_at": 1622068006,
          "status": "fixed"
        },
        {
          "type": "url",
          "value": "https://app0.prismacloud.io/compute",
          "created_at": 1622068006,
          "status": "fixed"
        }
      ]
    },
    {
      "categories": [
        "Authorization/Permissions",
        "Access/Privacy Control Violation"
      ],
      "exploitable_locations": [
        {
          "type": "url",
          "value": "https://api0.prismacloud.io/compliance/name",
          "created_at": 1673237261,
          "status": "wont_fix"
        }
      ]
    },
    {
      "categories": [
        "Authorization/Permissions",
        "Access/Privacy Control Violation"
      ],
      "exploitable_locations": [
        {
          "type": "url",
          "value": "https://app0.cloud.twistlock.com/us1-81232/api/v1/settings/custom-labels",
          "created_at": 1673340778,
          "status": "fixed"
        },
        {
          "type": "url",
          "value": "https://app0.cloud.twistlock.com/us1-81232/api/v1/settings/custom-labels",
          "created_at": 1673340778,
          "status": "fixed"
        },
        {
          "type": "url",
          "value": "https://app0.prismacloud.io/compute",
          "created_at": 1673340778,
          "status": "fixed"
        }
      ]
    },
    {
      "categories": [
        "Authorization/Permissions",
        "Access/Privacy Control Violation"
      ],
      "exploitable_locations": [
        {
          "type": "url",
          "value": "https://app0.cloud.twistlock.com/us1-81232/api/v1/feeds/custom/malware",
          "created_at": 1673360799,
          "status": "wont_fix"
        },
        {
          "type": "url",
          "value": "https://app0.prismacloud.io/compute",
          "created_at": 1673360799,
          "status": "wont_fix"
        }
      ]
    },
    {
      "categories": [
        "Authorization/Permissions",
        "Access Control Violation (Low Privileged Functions-Read/Write or Write Only)"
      ],
      "exploitable_locations": [
        {
          "type": "url",
          "value": "https://api0.prismacloud.io/bridgecrew/api/v1/integrations",
          "assets_na": false,
          "assets_uids": [
            "6078a79fef2e790001ffc51e"
          ],
          "created_at": 1690974529,
          "status": "wont_fix"
        },
        {
          "type": "url",
          "value": "https://api0.prismacloud.io/bridgecrew/api/v1/integrations/[integrationID]",
          "assets_na": false,
          "assets_uids": [
            "6078a79fef2e790001ffc51e"
          ],
          "created_at": 1690974529,
          "status": "wont_fix"
        }
      ]
    },
    {
      "categories": [
        "Functional/Business Logic",
        "Improper Input Validation"
      ],
      "exploitable_locations": [
        {
          "type": "url",
          "value": "https://api0.prismacloud.io/bridgecrew/api/v1/integrations/[integrationID]",
          "assets_na": false,
          "assets_uids": [
            "6078a79fef2e790001ffc51e"
          ],
          "created_at": 1691732518,
          "status": "wont_fix"
        }
      ]
    },
    {
      "categories": [
        "Authorization/Permissions",
        "Access Control Violation (Low Privileged Functions-Read/Write or Write Only)"
      ],
      "exploitable_locations": [
        {
          "type": "url",
          "value": "https://api0.prismacloud.io/bridgecrew/*",
          "assets_na": false,
          "assets_uids": [
            "6078a79fef2e790001ffc51e"
          ],
          "created_at": 1692692090,
          "status": "fixed"
        }
      ]
    },
    {
      "categories": [
        "Authorization/Permissions",
        "Access Control Violation (High Privileged Functions - Read/Write or Write Only)"
      ],
      "exploitable_locations": [
        {
          "type": "url",
          "value": "https://api0.prismacloud.io/bridgecrew/api/v2/repositories/<repository_ID>",
          "assets_na": false,
          "assets_uids": [
            "6078a79fef2e790001ffc51e"
          ],
          "created_at": 1693251106,
          "status": "fixed"
        }
      ]
    },
    {
      "categories": [
        "Authorization/Permissions",
        "Access Control Violation (Low Privileged Functions-Read Only)"
      ],
      "exploitable_locations": [
        {
          "type": "url",
          "value": "https://api0.prismacloud.io/api/v1/tenant/[tenantD]/integration",
          "assets_na": false,
          "assets_uids": [
            "6078a79fef2e790001ffc51e"
          ],
          "created_at": 1695736287,
          "status": "fixed"
        },
        {
          "type": "url",
          "value": "https://api0.prismacloud.io/integration",
          "assets_na": false,
          "assets_uids": [
            "6078a79fef2e790001ffc51e"
          ],
          "created_at": 1695736287,
          "status": "fixed"
        },
        {
          "type": "url",
          "value": "https://api0.prismacloud.io/integration/test",
          "assets_na": false,
          "assets_uids": [
            "6078a79fef2e790001ffc51e"
          ],
          "created_at": 1695736287,
          "status": "fixed"
        }
      ]
    },
    {
      "categories": [
        "Content Injection",
        "Spoof HTML Content"
      ],
      "exploitable_locations": [
        {
          "type": "url",
          "value": "https://api0.prismacloud.io/adoptionadvisor/report/generate",
          "assets_na": false,
          "assets_uids": [
            "6078a79fef2e790001ffc51e"
          ],
          "created_at": 1696321998,
          "status": "fixed"
        }
      ]
    },
    {
      "categories": [
        "Content Injection",
        "Spoof HTML Content"
      ],
      "exploitable_locations": [
        {
          "type": "url",
          "value": "https://api0.prismacloud.io/alert/report",
          "assets_na": false,
          "assets_uids": [
            "6078a79fef2e790001ffc51e"
          ],
          "created_at": 1696328413,
          "status": "fixed"
        }
      ]
    },
    {
      "categories": [
        "Content Injection",
        "Spoof HTML Content"
      ],
      "exploitable_locations": [
        {
          "type": "url",
          "value": "https://api0.prismacloud.io/adoptionadvisor/report/generate",
          "assets_na": false,
          "assets_uids": [
            "6078a79fef2e790001ffc51e"
          ],
          "created_at": 1714062310,
          "status": "fixed"
        }
      ]
    },
    {
      "categories": [
        "Content Injection",
        "Spoof HTML Content"
      ],
      "exploitable_locations": [
        {
          "type": "url",
          "value": "https://api0.prismacloud.io/report",
          "assets_na": false,
          "assets_uids": [
            "6078a79fef2e790001ffc51e"
          ],
          "created_at": 1714058684,
          "status": "fixed"
        }
      ]
    },
    {
      "categories": [
        "Content Injection",
        "Spoof HTML Content"
      ],
      "exploitable_locations": [
        {
          "type": "url",
          "value": "https://api0.prismacloud.io/alert/report",
          "assets_na": false,
          "assets_uids": [
            "6078a79fef2e790001ffc51e"
          ],
          "created_at": 1714064019,
          "status": "fixed"
        }
      ]
    },
    {
      "categories": [
        "Content Injection",
        "Spoof HTML Content"
      ],
      "exploitable_locations": [
        {
          "type": "url",
          "value": "https://api0.prismacloud.io/cloud/group",
          "assets_na": false,
          "assets_uids": [
            "6078a79fef2e790001ffc51e"
          ],
          "created_at": 1714070325,
          "status": "fixed"
        }
      ]
    },
    {
      "categories": [
        "Cross-Site Scripting (XSS)",
        "**Persistent XSS**"
      ],
      "exploitable_locations": [
        {
          "type": "url",
          "value": "https://app0.prismacloud.io/compute",
          "created_at": 1618684720,
          "status": "fixed"
        }
      ]
    }
  ]
}