{
  "listing_id": "r856w82hyr",
  "type": "categories",
  "value": [
    {
      "categories": [
        "Server/Application Misconfiguration",
        "Cross-Origin Resource Sharing (CORS)"
      ],
      "exploitable_locations": [
        {
          "type": "url",
          "value": "https://qa.api.sase.paloaltonetworks.com/config/v1/jobs",
          "created_at": 1649404069,
          "status": "pending"
        }
      ]
    },
    {
      "categories": [
        "Authorization/Permissions",
        "Insecure Direct Object Reference (Read-Only)"
      ],
      "exploitable_locations": [
        {
          "type": "url",
          "value": "https://qa.api.sase.paloaltonetworks.com/subscription/v1/support_accounts/[id]/logging_service",
          "assets_na": false,
          "assets_uids": [
            "624edf45e660d600013fd5f2"
          ],
          "created_at": 1685983518,
          "status": "pending"
        }
      ]
    },
    {
      "categories": [
        "SQL Injection",
        "SQL Injection- Full"
      ],
      "exploitable_locations": [
        {
          "type": "url",
          "value": "https://qa.api.sase.paloaltonetworks.com/mt/monitor/v1/agg/incidents/impactedList",
          "assets_na": false,
          "assets_uids": [
            "624edf45e660d600013fd5f2"
          ],
          "created_at": 1714987686,
          "status": "pending"
        }
      ]
    },
    {
      "categories": [
        "SQL Injection",
        "SQL Injection- Full"
      ],
      "exploitable_locations": [
        {
          "type": "url",
          "value": "https://qa.api.sase.paloaltonetworks.com/mt/notifications/v1/list/count",
          "assets_na": false,
          "assets_uids": [
            "624edf45e660d600013fd5f2"
          ],
          "created_at": 1715738634,
          "status": "pending"
        }
      ]
    },
    {
      "categories": [
        "Authorization/Permissions",
        "Access Control Violation (High Privileged Functions-Read Only)"
      ],
      "exploitable_locations": [
        {
          "type": "url",
          "value": "https://api-qa.prismaaccess.paloaltonetworks.com/auditlog/v1/notification_rules",
          "assets_na": false,
          "assets_uids": [
            "66be83496b2d79ebaf0ccbe9"
          ],
          "created_at": 1724142618,
          "status": "pending"
        }
      ]
    },
    {
      "categories": [
        "Authorization/Permissions",
        "Access/Privacy Control Violation"
      ],
      "exploitable_locations": [
        {
          "type": "url",
          "value": "https://dev-paas-f5.prismaaccess.paloaltonetworks.com//api/config/v9.2/Objects/Addresses",
          "created_at": 1682009186,
          "status": "pending"
        },
        {
          "type": "other",
          "value": "Edit Addresses",
          "created_at": 1682009186,
          "status": "pending"
        },
        {
          "type": "other",
          "value": "Create Addresses",
          "created_at": 1682009186,
          "status": "pending"
        },
        {
          "type": "other",
          "value": "Delete Addresses",
          "created_at": 1682009186,
          "status": "pending"
        },
        {
          "type": "url",
          "value": "https://dev-paas-f5.prismaaccess.paloaltonetworks.com//api/config/v9.2/Objects/Addresses/multiclone",
          "created_at": 1682009186,
          "status": "pending"
        },
        {
          "type": "url",
          "value": "https://dev-paas-f5.prismaaccess.paloaltonetworks.com//api/config/v9.2/Objects/AddressGroups",
          "created_at": 1682009186,
          "status": "pending"
        },
        {
          "type": "other",
          "value": "Edit AddressGroups",
          "created_at": 1682009186,
          "status": "pending"
        },
        {
          "type": "other",
          "value": "Create AddressGroups",
          "created_at": 1682009186,
          "status": "pending"
        },
        {
          "type": "other",
          "value": "Delete AddressGroups",
          "created_at": 1682009186,
          "status": "pending"
        },
        {
          "type": "url",
          "value": "https://dev-paas-f5.prismaaccess.paloaltonetworks.com//api/config/v9.2/Objects/AddressGroups/multiclone",
          "created_at": 1682009186,
          "status": "pending"
        },
        {
          "type": "url",
          "value": "https://dev-paas-f5.prismaaccess.paloaltonetworks.com//api/config/v9.2/Objects/Regions",
          "created_at": 1682009186,
          "status": "pending"
        },
        {
          "type": "url",
          "value": "https://dev-paas-f5.prismaaccess.paloaltonetworks.com//api/config/v9.2/Device/PostureProfile",
          "created_at": 1682009186,
          "status": "pending"
        },
        {
          "type": "url",
          "value": "https://dev-paas-f5.prismaaccess.paloaltonetworks.com//api/config/v9.2/Device/PostureProfile/multiclone",
          "created_at": 1682009186,
          "status": "pending"
        },
        {
          "type": "other",
          "value": "Add Regions",
          "created_at": 1682009186,
          "status": "pending"
        },
        {
          "type": "other",
          "value": "Delete Regions",
          "created_at": 1682009186,
          "status": "pending"
        },
        {
          "type": "url",
          "value": "https://dev-paas-f5.prismaaccess.paloaltonetworks.com//api/config/v9.2/Objects/Regions/multiclone",
          "created_at": 1682009186,
          "status": "pending"
        },
        {
          "type": "other",
          "value": "Add PostureProfile",
          "created_at": 1682009186,
          "status": "pending"
        },
        {
          "type": "other",
          "value": "Delete PostureProfile",
          "created_at": 1682009186,
          "status": "pending"
        },
        {
          "type": "url",
          "value": "https://dev-paas-f5.prismaaccess.paloaltonetworks.com//api/config/v9.2/Objects/ApplicationFilters",
          "created_at": 1682009186,
          "status": "pending"
        },
        {
          "type": "other",
          "value": " https://dev-paas-f5.prismaaccess.paloaltonetworks.com//api/config/v9.2/Objects/ApplicationFilters/multiclone?type=swg-container&folder=swg-container&allErrors=true",
          "created_at": 1682009186,
          "status": "pending"
        },
        {
          "type": "other",
          "value": "Create Application Categories",
          "created_at": 1682009186,
          "status": "pending"
        },
        {
          "type": "other",
          "value": "Delete Application Categories",
          "created_at": 1682009186,
          "status": "pending"
        },
        {
          "type": "url",
          "value": "https://dev-paas-f5.prismaaccess.paloaltonetworks.com//api/config/v9.2/Objects/CustomURLCategories",
          "created_at": 1682009186,
          "status": "pending"
        },
        {
          "type": "other",
          "value": "https://dev-paas-f5.prismaaccess.paloaltonetworks.com//api/config/v9.2/Objects/CustomURLCategories/multiclone?type=swg-container&folder=swg-container&allErrors=true",
          "created_at": 1682009186,
          "status": "pending"
        },
        {
          "type": "other",
          "value": "Create URL Categories",
          "created_at": 1682009186,
          "status": "pending"
        },
        {
          "type": "other",
          "value": "Delete URL Categories",
          "created_at": 1682009186,
          "status": "pending"
        },
        {
          "type": "url",
          "value": "https://dev-paas-f5.prismaaccess.paloaltonetworks.com//api/config/v9.2/Objects/ExternalDynamicLists/multiclone",
          "created_at": 1682009186,
          "status": "pending"
        },
        {
          "type": "other",
          "value": "Create DynamicURLList",
          "created_at": 1682009186,
          "status": "pending"
        },
        {
          "type": "other",
          "value": "Delete DynamicURLList",
          "created_at": 1682009186,
          "status": "pending"
        },
        {
          "type": "url",
          "value": "https://dev-paas-f5.prismaaccess.paloaltonetworks.com//api/config/v9.2/Objects/Tags/multiclone",
          "created_at": 1682009186,
          "status": "pending"
        },
        {
          "type": "other",
          "value": "Add Tags",
          "created_at": 1682009186,
          "status": "pending"
        },
        {
          "type": "other",
          "value": "Delete Tags",
          "created_at": 1682009186,
          "status": "pending"
        },
        {
          "type": "url",
          "value": "https://dev-paas-f5.prismaaccess.paloaltonetworks.com//api/config/v9.2/Objects/Schedules/multiclone",
          "created_at": 1682009186,
          "status": "pending"
        },
        {
          "type": "other",
          "value": "Add Schedules",
          "created_at": 1682009186,
          "status": "pending"
        },
        {
          "type": "other",
          "value": "Delete S",
          "created_at": 1682009186,
          "status": "pending"
        }
      ]
    },
    {
      "categories": [
        "SQL Injection",
        "SQL Injection- Full"
      ],
      "exploitable_locations": [
        {
          "type": "url",
          "value": "https://pa-api-us-qa01.tools.panclouddev.com/api/sase/v2.0/controller/graphapi",
          "assets_uids": [
            "64b19a2ff95f517597df9fd1"
          ],
          "created_at": 1714502540,
          "status": "pending"
        }
      ]
    },
    {
      "categories": [
        "SQL Injection",
        "SQL Injection- Full"
      ],
      "exploitable_locations": [
        {
          "type": "url",
          "value": "https://api.qa.reporting.paloaltonetworks.com/reporting/queryFast/v1/cdlFirewallThreat",
          "assets_uids": [
            "64b19bedf95f517597df9fe3"
          ],
          "created_at": 1714589501,
          "status": "pending"
        }
      ]
    },
    {
      "categories": [
        "SQL Injection",
        "SQL Injection- Full"
      ],
      "exploitable_locations": []
    },
    {
      "categories": [
        "Cross-Site Scripting (XSS)",
        "**Persistent XSS**"
      ],
      "exploitable_locations": [
        {
          "type": "url",
          "value": "https://demo-fawkes1.prismaaccess.paloaltonetworks.com/manage/prisma-access/objects/custom-objects/url-category",
          "created_at": 1608558978,
          "status": "pending"
        }
      ]
    },
    {
      "categories": [
        "Content Injection",
        "XPath/XQuery Injection"
      ],
      "exploitable_locations": [
        {
          "type": "url",
          "value": "https://demo-paas-1.prismaaccess.paloaltonetworks.com/api/config/v9.2/configByPath",
          "created_at": 1608622807,
          "status": "pending"
        }
      ]
    },
    {
      "categories": [
        "Cross-Site Scripting (XSS)",
        "**Persistent XSS**"
      ],
      "exploitable_locations": [
        {
          "type": "url",
          "value": "https://demo-fawkes1.prismaaccess.paloaltonetworks.com/manage/remote-networks/objects/global-protect/hip-objects",
          "created_at": 1608980609,
          "status": "pending"
        }
      ]
    },
    {
      "categories": [
        "Information Disclosure",
        "Sensitive API Keys"
      ],
      "exploitable_locations": [
        {
          "type": "url",
          "value": "https://demo-fawkes1.prismaaccess.paloaltonetworks.com/dashboard",
          "created_at": 1607702604,
          "status": "pending"
        }
      ]
    },
    {
      "categories": [
        "Information Disclosure",
        "Sensitive API Keys"
      ],
      "exploitable_locations": [
        {
          "type": "url",
          "value": "https://demo-fawkes1.prismaaccess.paloaltonetworks.com/dashboard",
          "created_at": 1609496206,
          "status": "pending"
        }
      ]
    },
    {
      "categories": [
        "Cross-Site Scripting (XSS)",
        "**Persistent XSS**"
      ],
      "exploitable_locations": [
        {
          "type": "url",
          "value": "https://demo-paas-1.prismaaccess.paloaltonetworks.com//api/config/v9.2/Objects/GlobalProtectHIPObjects",
          "created_at": 1609526571,
          "status": "pending"
        },
        {
          "type": "url",
          "value": "https://demo-paas-1.prismaaccess.paloaltonetworks.com//api/config/v9.2/Objects/GlobalProtectHIPObjects",
          "created_at": 1609526571,
          "status": "pending"
        }
      ]
    },
    {
      "categories": [
        "Authorization/Permissions",
        "Access/Privacy Control Violation"
      ],
      "exploitable_locations": [
        {
          "type": "url",
          "value": "https://demo-paas-1.prismaaccess.paloaltonetworks.com//api/extensions/gpcs/statusBGP",
          "created_at": 1609800149,
          "status": "pending"
        }
      ]
    },
    {
      "categories": [
        "Information Disclosure",
        "Sensitive API Keys"
      ],
      "exploitable_locations": [
        {
          "type": "url",
          "value": "https://demo-fawkes1.prismaaccess.paloaltonetworks.com/manage/mobile-users/setup",
          "created_at": 1609831930,
          "status": "pending"
        }
      ]
    },
    {
      "categories": [
        "Authorization/Permissions",
        "Insecure Direct Object Reference"
      ],
      "exploitable_locations": [
        {
          "type": "url",
          "value": "https://demo-paas-1.prismaaccess.paloaltonetworks.com//api/config/v9.2/Device/CertificateManagement/CertificatesInfo",
          "created_at": 1609926309,
          "status": "pending"
        }
      ]
    },
    {
      "categories": [
        "Server/Application Misconfiguration",
        "Application Level Protection"
      ],
      "exploitable_locations": [
        {
          "type": "url",
          "value": "https://demo-paas-1.prismaaccess.paloaltonetworks.com//api/config/v9.2/Objects/Services",
          "created_at": 1610052447,
          "status": "pending"
        }
      ]
    },
    {
      "categories": [
        "Authorization/Permissions",
        "Insecure Direct Object Reference"
      ],
      "exploitable_locations": [
        {
          "type": "url",
          "value": "https://demo-paas-1.prismaaccess.paloaltonetworks.com//api/extensions/gpcs/generateApiKey",
          "created_at": 1607786279,
          "status": "pending"
        }
      ]
    },
    {
      "categories": [
        "Authorization/Permissions",
        "Access/Privacy Control Violation"
      ],
      "exploitable_locations": [
        {
          "type": "url",
          "value": "https://demo-paas-1.prismaaccess.paloaltonetworks.com//api/config/v9.2//gpApp/certificate",
          "created_at": 1610278661,
          "status": "pending"
        }
      ]
    },
    {
      "categories": [
        "Authorization/Permissions",
        "Access/Privacy Control Violation"
      ],
      "exploitable_locations": [
        {
          "type": "url",
          "value": "https://demo-paas-1.prismaaccess.paloaltonetworks.com//api/extensions/gpcs/gpFQDN",
          "created_at": 1610292017,
          "status": "pending"
        }
      ]
    },
    {
      "categories": [
        "Functional/Business Logic",
        "Unrestricted File Upload (No Execution Server-Side)"
      ],
      "exploitable_locations": [
        {
          "type": "url",
          "value": "https://demo-paas-1.prismaaccess.paloaltonetworks.com//api/config/v9.2/Network/GlobalProtectClientlessApps",
          "created_at": 1610391527,
          "status": "pending"
        }
      ]
    },
    {
      "categories": [
        "Information Disclosure",
        "Sensitive API Keys"
      ],
      "exploitable_locations": [
        {
          "type": "url",
          "value": "https://api.mapbox.com/v4/mapbox.mapbox-streets-v8,mapbox.mapbox-terrain-v2.json",
          "created_at": 1610756801,
          "status": "pending"
        },
        {
          "type": "url",
          "value": "https://demo-admin.prismaaccess.paloaltonetworks.com/api/ui/tokens",
          "created_at": 1610756801,
          "status": "pending"
        }
      ]
    },
    {
      "categories": [
        "Authorization/Permissions",
        "Access/Privacy Control Violation"
      ],
      "exploitable_locations": [
        {
          "type": "url",
          "value": "https://demo-paas-1.prismaaccess.paloaltonetworks.com/api/extensions/gpcs/mobileUsersNetworkDetails",
          "created_at": 1611658044,
          "status": "pending"
        }
      ]
    },
    {
      "categories": [
        "Authorization/Permissions",
        "Access/Privacy Control Violation"
      ],
      "exploitable_locations": [
        {
          "type": "url",
          "value": "https://demo-paas-1.prismaaccess.paloaltonetworks.com/api/extensions/gpcs/remoteNetworkRegionDetails",
          "created_at": 1612247849,
          "status": "pending"
        }
      ]
    },
    {
      "categories": [
        "Authorization/Permissions",
        "Access/Privacy Control Violation"
      ],
      "exploitable_locations": [
        {
          "type": "url",
          "value": "https://demo-paas-1.prismaaccess.paloaltonetworks.com/api/extensions/gpcs/status/getGPaaSActiveUsers&query_str=regionid%3DTmlnZXJpYQ%3D%3D",
          "created_at": 1614072224,
          "status": "pending"
        }
      ]
    },
    {
      "categories": [
        "Authorization/Permissions",
        "Access/Privacy Control Violation"
      ],
      "exploitable_locations": [
        {
          "type": "url",
          "value": "https://demo-paas-1.prismaaccess.paloaltonetworks.com/api/extensions/gpcs/status/getFWaaSRegionalStat",
          "created_at": 1614075347,
          "status": "pending"
        }
      ]
    },
    {
      "categories": [
        "Authorization/Permissions",
        "Access/Privacy Control Violation"
      ],
      "exploitable_locations": [
        {
          "type": "url",
          "value": "https://demo-paas-1.prismaaccess.paloaltonetworks.com//api/config/v9.2/Device/CertificateManagement/ExportCertificate",
          "created_at": 1607804441,
          "status": "pending"
        }
      ]
    },
    {
      "categories": [
        "Authorization/Permissions",
        "Access/Privacy Control Violation"
      ],
      "exploitable_locations": [
        {
          "type": "url",
          "value": "https://demo-paas-1.prismaaccess.paloaltonetworks.com//api/contentservice/antispyware/countBySearchCriteria",
          "created_at": 1614089839,
          "status": "pending"
        }
      ]
    },
    {
      "categories": [
        "Information Disclosure",
        "Sensitive Client Information Disclosed"
      ],
      "exploitable_locations": [
        {
          "type": "url",
          "value": "https://apps-qa-ft.qa.appsvc.paloaltonetworks.com/hub/v2/users/getusers",
          "created_at": 1618397043,
          "status": "pending"
        }
      ]
    },
    {
      "categories": [
        "Content Injection",
        "XPath/XQuery Injection"
      ],
      "exploitable_locations": [
        {
          "type": "url",
          "value": "https://demo-paas-1.prismaaccess.paloaltonetworks.com//api/config/v9.2/Network/IPSecTunnels",
          "created_at": 1622729507,
          "status": "pending"
        }
      ]
    },
    {
      "categories": [
        "SQL Injection",
        "**Blind**"
      ],
      "exploitable_locations": [
        {
          "type": "url",
          "value": "https://demo-paas-1.prismaaccess.paloaltonetworks.com/api/extensions/gpcs/serviceConnectionRegionDetails",
          "created_at": 1623411383,
          "status": "pending"
        }
      ]
    },
    {
      "categories": [
        "Information Disclosure",
        "Sensitive Client Information Disclosed"
      ],
      "exploitable_locations": [
        {
          "type": "url",
          "value": "https://demo-fawkes1.prismaaccess.paloaltonetworks.com/gpcs_default.xml",
          "created_at": 1623983957,
          "status": "pending"
        }
      ]
    },
    {
      "categories": [
        "Authorization/Permissions",
        "Server Side Request Forgery(SSRF)- Limited"
      ],
      "exploitable_locations": [
        {
          "type": "url",
          "value": "https://logging-service-qa-ft.qa.appsvc.paloaltonetworks.com/logforwarding/syslog/b971cf47-b0d3-45ee-81d5-0503fd4bf6ab",
          "created_at": 1641786083,
          "status": "pending"
        }
      ]
    },
    {
      "categories": [
        "Authorization/Permissions",
        "Server Side Request Forgery(SSRF)- Limited"
      ],
      "exploitable_locations": [
        {
          "type": "url",
          "value": "https://logging-service-qa-ft.qa.appsvc.paloaltonetworks.com/logforwarding/syslog/b971cf47-b0d3-45ee-81d5-0503fd4bf6ab",
          "created_at": 1641912897,
          "status": "pending"
        }
      ]
    },
    {
      "categories": [
        "Authorization/Permissions",
        "Access/Privacy Control Violation"
      ],
      "exploitable_locations": [
        {
          "type": "url",
          "value": "https://demo-paas-1.prismaaccess.paloaltonetworks.com//api/config/v9.2/Network/IKEGatewayNetworkProfiles",
          "created_at": 1642778018,
          "status": "pending"
        }
      ]
    },
    {
      "categories": [
        "Authorization/Permissions",
        "Access/Privacy Control Violation"
      ],
      "exploitable_locations": [
        {
          "type": "url",
          "value": "https://demo-paas-1.prismaaccess.paloaltonetworks.com//api/config/v9.2/runCommand",
          "created_at": 1607805482,
          "status": "pending"
        }
      ]
    },
    {
      "categories": [
        "Authorization/Permissions",
        "Access/Privacy Control Violation"
      ],
      "exploitable_locations": [
        {
          "type": "url",
          "value": "https://demo-paas-1.prismaaccess.paloaltonetworks.com/api/extensions/gpcs/status/getGPaaSActiveUsers",
          "created_at": 1642843774,
          "status": "pending"
        }
      ]
    },
    {
      "categories": [
        "Authorization/Permissions",
        "Access/Privacy Control Violation"
      ],
      "exploitable_locations": [
        {
          "type": "url",
          "value": "https://demo-paas-1.prismaaccess.paloaltonetworks.com:443/api/extensions/gpcs/remote90DaysUsersCount",
          "created_at": 1642844884,
          "status": "pending"
        }
      ]
    },
    {
      "categories": [
        "Authorization/Permissions",
        "Access/Privacy Control Violation"
      ],
      "exploitable_locations": [
        {
          "type": "url",
          "value": "https://demo-paas-1.prismaaccess.paloaltonetworks.com///api/config/v9.2/Operations/UpdateConfigStatus",
          "created_at": 1642846233,
          "status": "pending"
        }
      ]
    },
    {
      "categories": [
        "Authorization/Permissions",
        "Access/Privacy Control Violation"
      ],
      "exploitable_locations": [
        {
          "type": "url",
          "value": "https://insights-qa1.tools.panclouddev.com/api/sase/v1.0/resource/tenant/<id>/custom/query/tunnels/tunnel_list",
          "created_at": 1655553190,
          "status": "pending"
        },
        {
          "type": "url",
          "value": "https://insights-qa1.tools.panclouddev.com/api/sase/v1.0/resource/tenant/<id>/query/tunnel_status",
          "created_at": 1655553190,
          "status": "pending"
        },
        {
          "type": "url",
          "value": "https://insights-qa1.tools.panclouddev.com/api/sase/v1.0/canary/upgrade/tenant/<id>/banner",
          "created_at": 1655553190,
          "status": "pending"
        },
        {
          "type": "url",
          "value": "https://insights-qa1.tools.panclouddev.com/api/sase/v1.0/resource/tenant/<id>/custom/query/tunnels/tunnel_status",
          "created_at": 1655553190,
          "status": "pending"
        },
        {
          "type": "url",
          "value": "https://demo-fawkes1.prismaaccess.paloaltonetworks.com/insights/sase-tunnels/tunnels",
          "created_at": 1655553190,
          "status": "pending"
        }
      ]
    },
    {
      "categories": [
        "Authorization/Permissions",
        "Access/Privacy Control Violation"
      ],
      "exploitable_locations": [
        {
          "type": "url",
          "value": "https://insights-qa1.tools.panclouddev.com/api/sase/v1.0/resource/tenant/<id>/query/metrics_instance_vpn",
          "created_at": 1655553217,
          "status": "pending"
        },
        {
          "type": "url",
          "value": "https://insights-qa1.tools.panclouddev.com/api/sase/v1.0/resource/tenant/<id>/custom/query/serviceconnections/sc_status",
          "created_at": 1655553217,
          "status": "pending"
        },
        {
          "type": "url",
          "value": "https://insights-qa1.tools.panclouddev.com/api/sase/v1.0/resource/tenant/<id>/custom/query/serviceconnections/sc_list",
          "created_at": 1655553217,
          "status": "pending"
        },
        {
          "type": "url",
          "value": "https://demo-fawkes1.prismaaccess.paloaltonetworks.com/insights/sase-service-connections/sc_list",
          "created_at": 1655553217,
          "status": "pending"
        }
      ]
    },
    {
      "categories": [
        "SQL Injection",
        "SQL Injection- Full"
      ],
      "exploitable_locations": [
        {
          "type": "url",
          "value": "https://demo-paas-1.prismaaccess.paloaltonetworks.com/api/extensions/gpcs/serviceConnectionRegionStatistics",
          "created_at": 1658425595,
          "status": "pending"
        }
      ]
    },
    {
      "categories": [
        "Authorization/Permissions",
        "Access/Privacy Control Violation"
      ],
      "exploitable_locations": [
        {
          "type": "url",
          "value": "https://dev-paas-f2.prismaaccess.paloaltonetworks.com//api/config/v9.2/Objects/VulnerabilityProtectionSecurityProfiles",
          "created_at": 1673267654,
          "status": "pending"
        }
      ]
    },
    {
      "categories": [
        "Authorization/Permissions",
        "Access/Privacy Control Violation"
      ],
      "exploitable_locations": [
        {
          "type": "url",
          "value": "https://dev-paas-f2.prismaaccess.paloaltonetworks.com//api/config/v9.2/Objects/DecryptionProfiles",
          "created_at": 1673268290,
          "status": "pending"
        }
      ]
    },
    {
      "categories": [
        "Authorization/Permissions",
        "Access/Privacy Control Violation"
      ],
      "exploitable_locations": [
        {
          "type": "url",
          "value": "https://dev-paas-f2.prismaaccess.paloaltonetworks.com//api/config/v9.2/Objects/DnsSecurityProfiles",
          "created_at": 1673269868,
          "status": "pending"
        }
      ]
    },
    {
      "categories": [
        "Cross-Site Scripting (XSS)",
        "Persistent XSS"
      ],
      "exploitable_locations": [
        {
          "type": "url",
          "value": "https://dev-paas-f2.prismaaccess.paloaltonetworks.com//api/config/v9.2/Device/BlockPage",
          "created_at": 1673375214,
          "status": "pending"
        }
      ]
    },
    {
      "categories": [
        "Authorization/Permissions",
        "Access/Privacy Control Violation"
      ],
      "exploitable_locations": [
        {
          "type": "url",
          "value": "https://dev-fawkes4.prismaaccess.paloaltonetworks.com/manage/*",
          "created_at": 1673460287,
          "status": "pending"
        }
      ]
    },
    {
      "categories": [
        "Authorization/Permissions",
        "Access/Privacy Control Violation"
      ],
      "exploitable_locations": [
        {
          "type": "url",
          "value": "https://dev-fawkes4.prismaaccess.paloaltonetworks.com/manage/prisma-access/setup",
          "created_at": 1673530909,
          "status": "pending"
        },
        {
          "type": "url",
          "value": "https://dev-fawkes4.prismaaccess.paloaltonetworks.com/manage/mobile-users/setup",
          "created_at": 1673530909,
          "status": "pending"
        },
        {
          "type": "url",
          "value": "https://dev-fawkes4.prismaaccess.paloaltonetworks.com/manage/mobile-users-gp/setup",
          "created_at": 1673530909,
          "status": "pending"
        },
        {
          "type": "url",
          "value": "https://dev-fawkes4.prismaaccess.paloaltonetworks.com/manage/mobile-users-gp/setup/user-authentication/@add",
          "created_at": 1673530909,
          "status": "pending"
        },
        {
          "type": "url",
          "value": "https://dev-fawkes4.prismaaccess.paloaltonetworks.com/manage/mobile-users-ep/setup/advanced-settings/security-settings",
          "created_at": 1673530909,
          "status": "pending"
        },
        {
          "type": "url",
          "value": "https://dev-fawkes4.prismaaccess.paloaltonetworks.com/manage/remote-networks/setup",
          "created_at": 1673530909,
          "status": "pending"
        },
        {
          "type": "url",
          "value": "https://dev-fawkes4.prismaaccess.paloaltonetworks.com/manage/service-connections/setup",
          "created_at": 1673530909,
          "status": "pending"
        },
        {
          "type": "url",
          "value": "https://dev-fawkes4.prismaaccess.paloaltonetworks.com/manage/service-connections/setup/advanced-options",
          "created_at": 1673530909,
          "status": "pending"
        },
        {
          "type": "url",
          "value": "https://dev-fawkes4.prismaaccess.paloaltonetworks.com/manage/prisma-access/anti-spyware",
          "created_at": 1673530909,
          "status": "pending"
        },
        {
          "type": "url",
          "value": "https://dev-fawkes4.prismaaccess.paloaltonetworks.com/manage/prisma-access/anti-spyware/profiles/@add",
          "created_at": 1673530909,
          "status": "pending"
        },
        {
          "type": "url",
          "value": "https://dev-fawkes4.prismaaccess.paloaltonetworks.com/manage/prisma-access/wildfire-and-antivirus",
          "created_at": 1673530909,
          "status": "pending"
        },
        {
          "type": "url",
          "value": "https://dev-fawkes4.prismaaccess.paloaltonetworks.com/manage/prisma-access/dns-security/",
          "created_at": 1673530909,
          "status": "pending"
        },
        {
          "type": "url",
          "value": "https://dev-fawkes4.prismaaccess.paloaltonetworks.com/manage/prisma-access/dns-security/profiles/@add",
          "created_at": 1673530909,
          "status": "pending"
        },
        {
          "type": "url",
          "value": "https://dev-fawkes4.prismaaccess.paloaltonetworks.com/manage/prisma-access/wildfire-and-antivirus/profiles/@add",
          "created_at": 1673530909,
          "status": "pending"
        },
        {
          "type": "url",
          "value": "https://dev-fawkes4.prismaaccess.paloaltonetworks.com/manage/prisma-access/url-access-management",
          "created_at": 1673530909,
          "status": "pending"
        },
        {
          "type": "url",
          "value": "https://dev-fawkes4.prismaaccess.paloaltonetworks.com/manage/prisma-access/url-access-management/profiles/@add",
          "created_at": 1673530909,
          "status": "pending"
        },
        {
          "type": "url",
          "value": "https://dev-fawkes4.prismaaccess.paloaltonetworks.com/manage/prisma-access/url-access-management/custom-url-category/@add",
          "created_at": 1673530909,
          "status": "pending"
        },
        {
          "type": "url",
          "value": "https://dev-fawkes4.prismaaccess.paloaltonetworks.com/manage/prisma-access/file-blocking",
          "created_at": 1673530909,
          "status": "pending"
        },
        {
          "type": "url",
          "value": "https://dev-fawkes4.prismaaccess.paloaltonetworks.com/manage/prisma-access/file-blocking/profiles/@add",
          "created_at": 1673530909,
          "status": "pending"
        },
        {
          "type": "url",
          "value": "https://dev-fawkes4.prismaaccess.paloaltonetworks.com/manage/prisma-access/http-header-insertion",
          "created_at": 1673530909,
          "status": "pending"
        },
        {
          "type": "url",
          "value": "https://dev-fawkes4.prismaaccess.paloaltonetworks.com/manage/prisma-access/http-header-insertion/profiles/@add",
          "created_at": 1673530909,
          "status": "pending"
        },
        {
          "type": "url",
          "value": "https://dev-fawkes4.prismaaccess.paloaltonetworks.com/manage/prisma-access/security-profile-groups",
          "created_at": 1673530909,
          "status": "pending"
        },
        {
          "type": "url",
          "value": "https://dev-fawkes4.prismaaccess.paloaltonetworks.com/manage/prisma-access/security-profile-groups/@add",
          "created_at": 1673530909,
          "status": "pending"
        },
        {
          "type": "url",
          "value": "https://dev-fawkes4.prismaaccess.paloaltonetworks.com/manage/prisma-access/saas-application-management",
          "created_at": 1673530909,
          "status": "pending"
        },
        {
          "type": "url",
          "value": "https://dev-fawkes4.prismaaccess.paloaltonetworks.com/manage/prisma-access/security-services/decryption",
          "created_at": 1673530909,
          "status": "pending"
        },
        {
          "type": "url",
          "value": "https://dev-fawkes4.prismaaccess.paloaltonetworks.com/manage/prisma-access/security-services/decryption/policies/@add",
          "created_at": 1673530909,
          "status": "pending"
        },
        {
          "type": "url",
          "value": "https://dev-fawkes4.prismaaccess.paloaltonetworks.com/manage/prisma-access/security-services/decryption/profiles/@add",
          "created_at": 1673530909,
          "status": "pending"
        },
        {
          "type": "url",
          "value": "https://dev-fawkes4.prismaaccess.paloaltonetworks.com/manage/prisma-access/security-services/qos",
          "created_at": 1673530909,
          "status": "pending"
        },
        {
          "type": "url",
          "value": "https://dev-fawkes4.prismaaccess.paloaltonetworks.com/manage/prisma-access/security-services/qos/policies/@add",
          "created_at": 1673530909,
          "status": "pending"
        },
        {
          "type": "url",
          "value": "https://dev-fawkes4.prismaaccess.paloaltonetworks.com/manage/prisma-access/security-services/application-override/policies/@add",
          "created_at": 1673530909,
          "status": "pending"
        },
        {
          "type": "url",
          "value": "https://dev-fawkes4.prismaaccess.paloaltonetworks.com/manage/prisma-access/identity-and-access-services/authentication",
          "created_at": 1673530909,
          "status": "pending"
        },
        {
          "type": "url",
          "value": "https://dev-fawkes4.prismaaccess.paloaltonetworks.com/manage/prisma-access/identity-and-access-services/authentication/rules/@add",
          "created_at": 1673530909,
          "status": "pending"
        },
        {
          "type": "url",
          "value": "https://dev-fawkes4.prismaaccess.paloaltonetworks.com/manage/prisma-access/identity-and-access-services/directorySync",
          "created_at": 1673530909,
          "status": "pending"
        },
        {
          "type": "url",
          "value": "https://dev-fawkes4.prismaaccess.paloaltonetworks.com/manage/prisma-access/identity-and-access-services/identityRedistribution",
          "created_at": 1673530909,
          "status": "pending"
        },
        {
          "type": "url",
          "value": "https://dev-fawkes4.prismaaccess.paloaltonetworks.com/manage/prisma-access/objects/addresses",
          "created_at": 1673530909,
          "status": "pending"
        },
        {
          "type": "url",
          "value": "https://dev-fawkes4.prismaaccess.paloaltonetworks.com/manage/prisma-access/objects/addresses/@add",
          "created_at": 1673530909,
          "status": "pending"
        },
        {
          "type": "url",
          "value": "https://dev-fawkes4.prismaaccess.paloaltonetworks.com/manage/prisma-access/objects/address-groups/@add",
          "created_at": 1673530909,
          "status": "pending"
        },
        {
          "type": "url",
          "value": "https://dev-fawkes4.prismaaccess.paloaltonetworks.com/manage/prisma-access/objects/address-groups/",
          "created_at": 1673530909,
          "status": "pending"
        },
        {
          "type": "url",
          "value": "https://dev-fawkes4.prismaaccess.paloaltonetworks.com/manage/prisma-access/objects/dynamic-user-group",
          "created_at": 1673530909,
          "status": "pending"
        },
        {
          "type": "url",
          "value": "https://dev-fawkes4.prismaaccess.paloaltonetworks.com/manage/prisma-access/objects/dynamic-user-group/@add",
          "created_at": 1673530909,
          "status": "pending"
        },
        {
          "type": "url",
          "value": "https://dev-fawkes4.prismaaccess.paloaltonetworks.com/manage/prisma-access/objects/regions",
          "created_at": 1673530909,
          "status": "pending"
        },
        {
          "type": "url",
          "value": "https://dev-fawkes4.prismaaccess.paloaltonetworks.com/manage/prisma-access/objects/regions/@add",
          "created_at": 1673530909,
          "status": "pending"
        },
        {
          "type": "url",
          "value": "https://dev-fawkes4.prismaaccess.paloaltonetworks.com/manage/prisma-access/objects/applications",
          "created_at": 1673530909,
          "status": "pending"
        },
        {
          "type": "url",
          "value": "https://dev-fawkes4.prismaaccess.paloaltonetworks.com/manage/prisma-access/objects/applications/@add",
          "created_at": 1673530909,
          "status": "pending"
        },
        {
          "type": "url",
          "value": "https://dev-fawkes4.prismaaccess.paloaltonetworks.com/manage/prisma-access/objects/application-groups",
          "created_at": 1673530909,
          "status": "pending"
        },
        {
          "type": "url",
          "value": "https://dev-fawkes4.prismaaccess.paloaltonetworks.com/manage/prisma-access/objects/application-groups/@add",
          "created_at": 1673530909,
          "status": "pending"
        },
        {
          "type": "url",
          "value": "https://dev-fawkes4.prismaaccess.paloaltonetworks.com/manage/prisma-access/objects/application-filters",
          "created_at": 1673530909,
          "status": "pending"
        },
        {
          "type": "url",
          "value": "https://dev-fawkes4.prismaaccess.paloaltonetworks.com/manage/prisma-access/objects/application-filters/@add",
          "created_at": 1673530909,
          "status": "pending"
        },
        {
          "type": "url",
          "value": "https://dev-fawkes4.prismaaccess.paloaltonetworks.com/manage/prisma-access/objects/services",
          "created_at": 1673530909,
          "status": "pending"
        },
        {
          "type": "url",
          "value": "https://dev-fawkes4.prismaaccess.paloaltonetworks.com/manage/prisma-access/objects/services/@add",
          "created_at": 1673530909,
          "status": "pending"
        },
        {
          "type": "url",
          "value": "https://dev-fawkes4.prismaaccess.paloaltonetworks.com/manage/prisma-access/objects/service-groups",
          "created_at": 1673530909,
          "status": "pending"
        },
        {
          "type": "url",
          "value": "https://dev-fawkes4.prismaaccess.paloaltonetworks.com/manage/prisma-access/objects/service-groups/@add",
          "created_at": 1673530909,
          "status": "pending"
        },
        {
          "type": "url",
          "value": "https://dev-fawkes4.prismaaccess.paloaltonetworks.com/manage/prisma-access/objects/tags",
          "created_at": 1673530909,
          "status": "pending"
        },
        {
          "type": "url",
          "value": "https://dev-fawkes4.prismaaccess.paloaltonetworks.com/manage/prisma-access/objects/tags/@add",
          "created_at": 1673530909,
          "status": "pending"
        },
        {
          "type": "url",
          "value": "https://dev-fawkes4.prismaaccess.paloaltonetworks.com/manage/prisma-access/objects/auto-tag-actions",
          "created_at": 1673530909,
          "status": "pending"
        },
        {
          "type": "url",
          "value": "https://dev-fawkes4.prismaaccess.paloaltonetworks.com/manage/prisma-access/objects/auto-tag-actions/@add",
          "created_at": 1673530909,
          "status": "pending"
        },
        {
          "type": "url",
          "value": "https://dev-fawkes4.prismaaccess.paloaltonetworks.com/manage/prisma-access/objects/global-protect/hip-objects",
          "created_at": 1673530909,
          "status": "pending"
        },
        {
          "type": "url",
          "value": "https://dev-fawkes4.prismaaccess.paloaltonetworks.com/manage/prisma-access/objects/global-protect/hip-objects/@add",
          "created_at": 1673530909,
          "status": "pending"
        },
        {
          "type": "url",
          "value": "https://dev-fawkes4.prismaaccess.paloaltonetworks.com/manage/prisma-access/objects/global-protect/hip-profiles",
          "created_at": 1673530909,
          "status": "pending"
        },
        {
          "type": "url",
          "value": "https://dev-fawkes4.prismaaccess.paloaltonetworks.com/manage/prisma-access/objects/global-protect/hip-profiles/@add",
          "created_at": 1673530909,
          "status": "pending"
        },
        {
          "type": "url",
          "value": "https://dev-fawkes4.prismaaccess.paloaltonetworks.com/manage/prisma-access/objects/dynamic-block-lists",
          "created_at": 1673530909,
          "status": "pending"
        },
        {
          "type": "url",
          "value": "https://dev-fawkes4.prismaaccess.paloaltonetworks.com/manage/prisma-access/objects/dynamic-block-lists/@add",
          "created_at": 1673530909,
          "status": "pending"
        },
        {
          "type": "url",
          "value": "https://dev-fawkes4.prismaaccess.paloaltonetworks.com/manage/prisma-access/objects/certificate-management",
          "created_at": 1673530909,
          "status": "pending"
        },
        {
          "type": "url",
          "value": "https://dev-fawkes4.prismaaccess.paloaltonetworks.com/manage/prisma-access/objects/certificate-management/custom-certificates/@add",
          "created_at": 1673530909,
          "status": "pending"
        },
        {
          "type": "url",
          "value": "https://dev-fawkes4.prismaaccess.paloaltonetworks.com/manage/prisma-access/objects/certificate-management/scep/@add",
          "created_at": 1673530909,
          "status": "pending"
        },
        {
          "type": "url",
          "value": "https://dev-fawkes4.prismaaccess.paloaltonetworks.com/manage/prisma-access/objects/certificate-management/profiles/@add",
          "created_at": 1673530909,
          "status": "pending"
        },
        {
          "type": "url",
          "value": "https://dev-fawkes4.prismaaccess.paloaltonetworks.com/manage/prisma-access/objects/schedules",
          "created_at": 1673530909,
          "status": "pending"
        },
        {
          "type": "url",
          "value": "https://dev-fawkes4.prismaaccess.paloaltonetworks.com/manage/prisma-access/objects/schedules/@add",
          "created_at": 1673530909,
          "status": "pending"
        },
        {
          "type": "url",
          "value": "https://dev-fawkes4.prismaaccess.paloaltonetworks.com/manage/prisma-access/objects/device-quarantine-list",
          "created_at": 1673530909,
          "status": "pending"
        },
        {
          "type": "url",
          "value": "https://dev-fawkes4.prismaaccess.paloaltonetworks.com/manage/web-security-config/web-access-policy",
          "created_at": 1673530909,
          "status": "pending"
        },
        {
          "type": "url",
          "value": "https://dev-fawkes4.prismaaccess.paloaltonetworks.com/manage/web-security-config/custom-web-access-policy/@add",
          "created_at": 1673530909,
          "status": "pending"
        },
        {
          "type": "url",
          "value": "https://dev-fawkes4.prismaaccess.paloaltonetworks.com/manage/web-security-config/security-settings/threat-management",
          "created_at": 1673530909,
          "status": "pending"
        },
        {
          "type": "url",
          "value": "https://dev-fawkes4.prismaaccess.paloaltonetworks.com/manage/web-security-config/security-settings/dns",
          "created_at": 1673530909,
          "status": "pending"
        },
        {
          "type": "url",
          "value": "https://dev-fawkes4.prismaaccess.paloaltonetworks.com/manage/web-security-config/security-settings/dns/domain-exceptions/@add",
          "created_at": 1673530909,
          "status": "pending"
        },
        {
          "type": "url",
          "value": "https://dev-fawkes4.prismaaccess.paloaltonetworks.com/manage/web-security-config/security-settings/decryption",
          "created_at": 1673530909,
          "status": "pending"
        },
        {
          "type": "url",
          "value": "https://dev-fawkes4.prismaaccess.paloaltonetworks.com/manage/web-security-config/security-settings/file-control",
          "created_at": 1673530909,
          "status": "pending"
        },
        {
          "type": "url",
          "value": "https://dev-fawkes4.prismaaccess.paloaltonetworks.com/manage/web-security-config/security-settings/file-control/file-control-settings/@add",
          "created_at": 1673530909,
          "status": "pending"
        },
        {
          "type": "url",
          "value": "https://dev-fawkes4.prismaaccess.paloaltonetworks.com/manage/web-security-config/security-settings/saas",
          "created_at": 1673530909,
          "status": "pending"
        },
        {
          "type": "url",
          "value": "https://dev-fawkes4.prismaaccess.paloaltonetworks.com/manage/web-security-config/objects/addresses",
          "created_at": 1673530909,
          "status": "pending"
        },
        {
          "type": "url",
          "value": "https://dev-fawkes4.prismaaccess.paloaltonetworks.com/manage/web-security-config/objects/addresses/@add",
          "created_at": 1673530909,
          "status": "pending"
        },
        {
          "type": "url",
          "value": "https://dev-fawkes4.prismaaccess.paloaltonetworks.com/manage/web-security-config/objects/address-groups",
          "created_at": 1673530909,
          "status": "pending"
        },
        {
          "type": "url",
          "value": "https://dev-fawkes4.prismaaccess.paloaltonetworks.com/manage/web-security-config/objects/address-groups/@add",
          "created_at": 1673530909,
          "status": "pending"
        },
        {
          "type": "url",
          "value": "https://dev-fawkes4.prismaaccess.paloaltonetworks.com/manage/web-security-config/objects/regions",
          "created_at": 1673530909,
          "status": "pending"
        },
        {
          "type": "url",
          "value": "https://dev-fawkes4.prismaaccess.paloaltonetworks.com/manage/web-security-config/objects/regions/@add",
          "created_at": 1673530909,
          "status": "pending"
        },
        {
          "type": "url",
          "value": "https://dev-fawkes4.prismaaccess.paloaltonetworks.com/manage/web-security-config/objects/device-posture",
          "created_at": 1673530909,
          "status": "pending"
        },
        {
          "type": "url",
          "value": "https://dev-fawkes4.prismaaccess.paloaltonetworks.com/manage/web-security-config/objects/device-posture/profiles/@add",
          "created_at": 1673530909,
          "status": "pending"
        },
        {
          "type": "url",
          "value": "https://dev-fawkes4.prismaaccess.paloaltonetworks.com/manage/web-security-config/objects/device-posture/type/@add",
          "created_at": 1673530909,
          "status": "pending"
        },
        {
          "type": "url",
          "value": "https://dev-fawkes4.prismaaccess.paloaltonetworks.com/manage/web-security-config/objects/application-categories",
          "created_at": 1673530909,
          "status": "pending"
        },
        {
          "type": "url",
          "value": "https://dev-fawkes4.prismaaccess.paloaltonetworks.com/manage/web-security-config/objects/application-categories/@add",
          "created_at": 1673530909,
          "status": "pending"
        },
        {
          "type": "url",
          "value": "https://dev-fawkes4.prismaaccess.paloaltonetworks.com/manage/web-security-config/objects/custom-application-groups",
          "created_at": 1673530909,
          "status": "pending"
        },
        {
          "type": "url",
          "value": "https://dev-fawkes4.prismaaccess.paloaltonetworks.com/manage/web-security-config/objects/custom-url-categories/list/@add",
          "created_at": 1673530909,
          "status": "pending"
        },
        {
          "type": "url",
          "value": "https://dev-fawkes4.prismaaccess.paloaltonetworks.com/manage/web-security-config/objects/custom-url-categories/",
          "created_at": 1673530909,
          "status": "pending"
        },
        {
          "type": "url",
          "value": "https://dev-fawkes4.prismaaccess.paloaltonetworks.com/manage/web-security-config/objects/custom-url-categories/match/@add",
          "created_at": 1673530909,
          "status": "pending"
        },
        {
          "type": "url",
          "value": "https://dev-fawkes4.prismaaccess.paloaltonetworks.com/manage/web-security-config/objects/dynamic-url-lists",
          "created_at": 1673530909,
          "status": "pending"
        },
        {
          "type": "url",
          "value": "https://dev-fawkes4.prismaaccess.paloaltonetworks.com/manage/web-security-config/objects/dynamic-url-lists/@add",
          "created_at": 1673530909,
          "status": "pending"
        },
        {
          "type": "url",
          "value": "https://dev-fawkes4.prismaaccess.paloaltonetworks.com/manage/web-security-config/objects/tags",
          "created_at": 1673530909,
          "status": "pending"
        },
        {
          "type": "url",
          "value": "https://dev-fawkes4.prismaaccess.paloaltonetworks.com/manage/web-security-config/objects/tags/@add",
          "created_at": 1673530909,
          "status": "pending"
        },
        {
          "type": "url",
          "value": "https://dev-fawkes4.prismaaccess.paloaltonetworks.com/manage/web-security-config/objects/dynamic-url-lists",
          "created_at": 1673530909,
          "status": "pending"
        },
        {
          "type": "url",
          "value": "https://dev-fawkes4.prismaaccess.paloaltonetworks.com/manage/web-security-config/objects/certificate-management/profiles/@add",
          "created_at": 1673530909,
          "status": "pending"
        },
        {
          "type": "url",
          "value": "https://dev-fawkes4.prismaaccess.paloaltonetworks.com/manage/web-security-config/objects/certificate-management/custom-certificates/@add",
          "created_at": 1673530909,
          "status": "pending"
        },
        {
          "type": "url",
          "value": "https://dev-fawkes4.prismaaccess.paloaltonetworks.com/manage/web-security-config/objects/schedules",
          "created_at": 1673530909,
          "status": "pending"
        },
        {
          "type": "url",
          "value": "https://dev-fawkes4.prismaaccess.paloaltonetworks.com/manage/web-security-config/objects/schedules/@add",
          "created_at": 1673530909,
          "status": "pending"
        },
        {
          "type": "url",
          "value": "https://dev-fawkes4.prismaaccess.paloaltonetworks.com/manage/web-security-config/objects/response-pages",
          "created_at": 1673530909,
          "status": "pending"
        },
        {
          "type": "url",
          "value": "https://dev-paas-f2.prismaaccess.paloaltonetworks.com//api/config/v9.2/Objects/Addresses",
          "created_at": 1673530909,
          "status": "pending"
        },
        {
          "type": "url",
          "value": "https://dev-paas-f2.prismaaccess.paloaltonetworks.com//api/config/v9.2/Objects/AddressGroups",
          "created_at": 1673530909,
          "status": "pending"
        },
        {
          "type": "url",
          "value": "https://dev-paas-f2.prismaaccess.paloaltonetworks.com//api/config/v9.2/Objects/Applications",
          "created_at": 1673530909,
          "status": "pending"
        },
        {
          "type": "url",
          "value": "https://dev-paas-f2.prismaaccess.paloaltonetworks.com//api/config/v9.2/Objects/Services",
          "created_at": 1673530909,
          "status": "pending"
        },
        {
          "type": "url",
          "value": "https://dev-paas-f2.prismaaccess.paloaltonetworks.com//api/config/v9.2/Objects/Tags",
          "created_at": 1673530909,
          "status": "pending"
        },
        {
          "type": "url",
          "value": "https://dev-paas-f2.prismaaccess.paloaltonetworks.com//api/config/v9.2/Objects/ApplicationGroups",
          "created_at": 1673530909,
          "status": "pending"
        },
        {
          "type": "url",
          "value": "https://dev-paas-f2.prismaaccess.paloaltonetworks.com//api/config/v9.2/Objects/CustomRulebase",
          "created_at": 1673530909,
          "status": "pending"
        },
        {
          "type": "url",
          "value": "https://dev-paas-f2.prismaaccess.paloaltonetworks.com//api/config/v9.2/Objects/ApplicationGroupControls",
          "created_at": 1673530909,
          "status": "pending"
        },
        {
          "type": "url",
          "value": "https://dev-paas-f2.prismaaccess.paloaltonetworks.com//api/config/v9.2/Device/PostureProfile",
          "created_at": 1673530909,
          "status": "pending"
        },
        {
          "type": "url",
          "value": "https://dev-paas-f2.prismaaccess.paloaltonetworks.com//api/config/v9.2/Objects/ExternalDynamicLists",
          "created_at": 1673530909,
          "status": "pending"
        },
        {
          "type": "url",
          "value": "https://dev-paas-f2.prismaaccess.paloaltonetworks.com//api/config/v9.2/Device/CertificateProfiles",
          "created_at": 1673530909,
          "status": "pending"
        },
        {
          "type": "url",
          "value": "https://dev-paas-f2.prismaaccess.paloaltonetworks.com//api/config/v9.2/Device/IdentificationType",
          "created_at": 1673530909,
          "status": "pending"
        },
        {
          "type": "url",
          "value": "https://dev-paas-f2.prismaaccess.paloaltonetworks.com//api/config/v9.2/Objects/Regions",
          "created_at": 1673530909,
          "status": "pending"
        },
        {
          "type": "url",
          "value": "https://dev-paas-f2.prismaaccess.paloaltonetworks.com//api/config/v9.2/Device/BlockPage",
          "created_at": 1673530909,
          "status": "pending"
        },
        {
          "type": "url",
          "value": "https://dev-paas-f2.prismaaccess.paloaltonetworks.com//api/config/v9.2/Objects/Schedules",
          "created_at": 1673530909,
          "status": "pending"
        },
        {
          "type": "url",
          "value": "https://dev-paas-f2.prismaaccess.paloaltonetworks.com//api/config/v9.2/Objects/ApplicationFilters",
          "created_at": 1673530909,
          "status": "pending"
        },
        {
          "type": "url",
          "value": "https://dev-paas-f2.prismaaccess.paloaltonetworks.com//api/config/v9.2/Objects/SaasProvider",
          "created_at": 1673530909,
          "status": "pending"
        },
        {
          "type": "url",
          "value": "https://dev-paas-f2.prismaaccess.paloaltonetworks.com//api/config/v9.2/Objects/FileBlockingSecurityProfiles",
          "created_at": 1673530909,
          "status": "pending"
        },
        {
          "type": "url",
          "value": "https://dev-paas-f2.prismaaccess.paloaltonetworks.com//api/config/v9.2/Policies/SSLExcludeCert",
          "created_at": 1673530909,
          "status": "pending"
        },
        {
          "type": "url",
          "value": "https://dev-paas-f2.prismaaccess.paloaltonetworks.com//api/config/v9.2/Objects/DecryptionProfiles",
          "created_at": 1673530909,
          "status": "pending"
        },
        {
          "type": "url",
          "value": "https://dev-paas-f2.prismaaccess.paloaltonetworks.com//api/config/v9.2/Objects/DnsSecurityProfiles",
          "created_at": 1673530909,
          "status": "pending"
        },
        {
          "type": "url",
          "value": "https://dev-paas-f2.prismaaccess.paloaltonetworks.com//api/config/v9.2/Objects/AdvUrlFiltering",
          "created_at": 1673530909,
          "status": "pending"
        },
        {
          "type": "url",
          "value": "https://dev-paas-f2.prismaaccess.paloaltonetworks.com//api/config/v9.2/Objects/WildFireAndAntivirusSecurityProfiles",
          "created_at": 1673530909,
          "status": "pending"
        },
        {
          "type": "url",
          "value": "https://dev-paas-f2.prismaaccess.paloaltonetworks.com//api/config/v9.2/Objects/AntiSpywareSecurityProfiles",
          "created_at": 1673530909,
          "status": "pending"
        },
        {
          "type": "url",
          "value": "https://dev-paas-f2.prismaaccess.paloaltonetworks.com//api/config/v9.2/Objects/VulnerabilityProtectionSecurityProfiles",
          "created_at": 1673530909,
          "status": "pending"
        },
        {
          "type": "url",
          "value": "https://dev-paas-f2.prismaaccess.paloaltonetworks.com//api/config/v9.2/Objects/DLPDataProfiles",
          "created_at": 1673530909,
          "status": "pending"
        },
        {
          "type": "url",
          "value": "https://dev-paas-f2.prismaaccess.paloaltonetworks.com//api/config/v9.2/Objects/CustomURLCategories",
          "created_at": 1673530909,
          "status": "pending"
        },
        {
          "type": "url",
          "value": "https://dev-paas-f2.prismaaccess.paloaltonetworks.com//api/config/v9.2/gpApp/certificate",
          "created_at": 1673530909,
          "status": "pending"
        },
        {
          "type": "url",
          "value": "https://dev-paas-f2.prismaaccess.paloaltonetworks.com//api/config/v9.2/Device/TrustedRootCA",
          "created_at": 1673530909,
          "status": "pending"
        },
        {
          "type": "url",
          "value": "https://dev-paas-f2.prismaaccess.paloaltonetworks.com//api/config/v9.2/Device/SSLTLSServiceProfiles",
          "created_at": 1673530909,
          "status": "pending"
        },
        {
          "type": "url",
          "value": "https://dev-paas-f2.prismaaccess.paloaltonetworks.com//api/config/v9.2/Objects/GlobalProtectHIPProfiles",
          "created_at": 1673530909,
          "status": "pending"
        },
        {
          "type": "url",
          "value": "https://dev-paas-f2.prismaaccess.paloaltonetworks.com//api/config/v9.2/Objects/AppBrowser",
          "created_at": 1673530909,
          "status": "pending"
        },
        {
          "type": "url",
          "value": "https://dev-paas-f2.prismaaccess.paloaltonetworks.com//api/config/v9.2/Policies/AuthenticationRules",
          "created_at": 1673530909,
          "status": "pending"
        },
        {
          "type": "url",
          "value": "https://dev-paas-f2.prismaaccess.paloaltonetworks.com//api/config/v9.2/Plugins/CloudServices/ServiceConnection",
          "created_at": 1673530909,
          "status": "pending"
        },
        {
          "type": "url",
          "value": "https://dev-paas-f2.prismaaccess.paloaltonetworks.com//api/config/v9.2/Device/AuthenticationPortal",
          "created_at": 1673530909,
          "status": "pending"
        },
        {
          "type": "url",
          "value": "https://dev-paas-f2.prismaaccess.paloaltonetworks.com//api/config/v9.2/Policies/ApplicationOverrideRules",
          "created_at": 1673530909,
          "status": "pending"
        },
        {
          "type": "url",
          "value": "https://dev-paas-f2.prismaaccess.paloaltonetworks.com//api/config/v9.2/Policies/QoSRules",
          "created_at": 1673530909,
          "status": "pending"
        },
        {
          "type": "url",
          "value": "https://dev-paas-f2.prismaaccess.paloaltonetworks.com//api/config/v9.2/Objects/CustomVulnerabilitySignatures",
          "created_at": 1673530909,
          "status": "pending"
        },
        {
          "type": "url",
          "value": "https://dev-paas-f2.prismaaccess.paloaltonetworks.com///api/config/v9.2/Operations/UpdateConfigStatus",
          "created_at": 1673530909,
          "status": "pending"
        },
        {
          "type": "url",
          "value": "https://dev-paas-f2.prismaaccess.paloaltonetworks.com//api/config/v9.2/Device/MFAServer",
          "created_at": 1673530909,
          "status": "pending"
        },
        {
          "type": "url",
          "value": "https://dev-paas-f2.prismaaccess.paloaltonetworks.com//api/config/v9.2/Device/TACPlusProfiles",
          "created_at": 1673530909,
          "status": "pending"
        },
        {
          "type": "url",
          "value": "https://dev-paas-f2.prismaaccess.paloaltonetworks.com//api/config/v9.2/Objects/VulnerabilityProtectionThreatExceptions",
          "created_at": 1673530909,
          "status": "pending"
        },
        {
          "type": "url",
          "value": "https://dev-paas-f2.prismaaccess.paloaltonetworks.com//api/config/v9.2/Device/RadiusProfiles",
          "created_at": 1673530909,
          "status": "pending"
        },
        {
          "type": "url",
          "value": "https://dev-paas-f2.prismaaccess.paloaltonetworks.com//api/config/v9.2/Device/LDAPProfiles",
          "created_at": 1673530909,
          "status": "pending"
        },
        {
          "type": "url",
          "value": "https://dev-paas-f2.prismaaccess.paloaltonetworks.com//api/config/v9.2/Device/KerberosProfiles",
          "created_at": 1673530909,
          "status": "pending"
        }
      ]
    },
    {
      "categories": [
        "Information Disclosure",
        "Sensitive API Keys"
      ],
      "exploitable_locations": [
        {
          "type": "url",
          "value": "https://demo-fawkes1.prismaaccess.paloaltonetworks.com/dashboard",
          "created_at": 1607954704,
          "status": "pending"
        }
      ]
    },
    {
      "categories": [
        "Authorization/Permissions",
        "Access/Privacy Control Violation"
      ],
      "exploitable_locations": [
        {
          "type": "url",
          "value": "https://dev-paas-f2.prismaaccess.paloaltonetworks.com//api/config/v9.2/Objects/CustomSpywareSignatures",
          "created_at": 1673616588,
          "status": "pending"
        }
      ]
    },
    {
      "categories": [
        "Authorization/Permissions",
        "Access/Privacy Control Violation"
      ],
      "exploitable_locations": [
        {
          "type": "url",
          "value": "https://dev-paas-f2.prismaaccess.paloaltonetworks.com//api/config/v9.2/Policies/SecurityRules",
          "created_at": 1673616593,
          "status": "pending"
        }
      ]
    },
    {
      "categories": [
        "Brute Force",
        "User Login Credentials"
      ],
      "exploitable_locations": [
        {
          "type": "url",
          "value": "https://ssopreview.paloaltonetworks.com/auth/services/devicefingerprint",
          "created_at": 1673808839,
          "status": "pending"
        },
        {
          "type": "other",
          "value": "okta-oauth-redirect-params of the URL above",
          "created_at": 1673808839,
          "status": "pending"
        },
        {
          "type": "other",
          "value": "okta client id of 2b1959c8-bcc0-56eb-a589-cfcfb7422f26",
          "created_at": 1673808839,
          "status": "pending"
        }
      ]
    },
    {
      "categories": [
        "Cross-Site Scripting (XSS)",
        "Persistent XSS"
      ],
      "exploitable_locations": [
        {
          "type": "url",
          "value": "https://dev-paas-f2.prismaaccess.paloaltonetworks.com//api/config/v9.2/Device/BlockPage",
          "created_at": 1682005706,
          "status": "pending"
        }
      ]
    },
    {
      "categories": [
        "SQL Injection",
        "SQL Injection- Full"
      ],
      "exploitable_locations": [
        {
          "type": "url",
          "value": "https://pa-api-us-qa01.tools.panclouddev.com/api/sase/v2.0/resource/custom/query/mobileusers/mu_license_consumption",
          "created_at": 1673294354,
          "status": "pending"
        }
      ]
    }
  ]
}