{
  "listing_id": "r856w82hyr",
  "type": "categories",
  "value": [
    {
      "categories": [
        "Authorization/Permissions",
        "Insecure Direct Object Reference (Read-Only)"
      ],
      "exploitable_locations": [
        {
          "type": "url",
          "value": "https://qa.api.sase.paloaltonetworks.com/subscription/v1/support_account_devices",
          "created_at": 1673351202,
          "status": "fixed"
        }
      ]
    },
    {
      "categories": [
        "Authorization/Permissions",
        "Insecure Direct Object Reference (Read-Only)"
      ],
      "exploitable_locations": [
        {
          "type": "url",
          "value": "https://qa.api.sase.paloaltonetworks.com/subscription/v2/licenses",
          "created_at": 1684431590,
          "status": "wont_fix"
        }
      ]
    },
    {
      "categories": [
        "Authorization/Permissions",
        "Access/Privacy Control Violation"
      ],
      "exploitable_locations": [
        {
          "type": "url",
          "value": "https://qa.api.sase.paloaltonetworks.com/sse/connector/v2.0/api/tenants",
          "created_at": 1684433311,
          "status": "fixed"
        }
      ]
    },
    {
      "categories": [
        "Authorization/Permissions",
        "Access/Privacy Control Violation"
      ],
      "exploitable_locations": [
        {
          "type": "url",
          "value": "https://qa.api.sase.paloaltonetworks.com/subscription/v1/tenant_devices",
          "assets_na": false,
          "assets_uids": [
            "624edf45e660d600013fd5f2"
          ],
          "created_at": 1685727624,
          "status": "fixed"
        }
      ]
    },
    {
      "categories": [
        "Authorization/Permissions",
        "Access/Privacy Control Violation"
      ],
      "exploitable_locations": [
        {
          "type": "url",
          "value": "https://qa.api.sase.paloaltonetworks.com/subscription/v1/applications_devices_association",
          "assets_na": false,
          "assets_uids": [
            "624edf45e660d600013fd5f2"
          ],
          "created_at": 1685986117,
          "status": "wont_fix"
        }
      ]
    },
    {
      "categories": [
        "Functional/Business Logic",
        "Improper Input Validation"
      ],
      "exploitable_locations": [
        {
          "type": "url",
          "value": "https://api-qa.prismaaccess.paloaltonetworks.com/iam/v1/access_policies",
          "assets_na": false,
          "assets_uids": [
            "66be83496b2d79ebaf0ccbe9"
          ],
          "created_at": 1723786006,
          "status": "pending"
        }
      ]
    },
    {
      "categories": [
        "Cross-Site Scripting (XSS)",
        "Persistent XSS"
      ],
      "exploitable_locations": [
        {
          "type": "url",
          "value": "https://api-qa.prismaaccess.paloaltonetworks.com/tenancy/v1/tenant_service_groups",
          "assets_na": false,
          "assets_uids": [
            "66be83496b2d79ebaf0ccbe9"
          ],
          "created_at": 1723823152,
          "status": "pending"
        }
      ]
    },
    {
      "categories": [
        "Authorization/Permissions",
        "Access/Privacy Control Violation"
      ],
      "exploitable_locations": [
        {
          "type": "url",
          "value": "https://demo-fawkes1.prismaaccess.paloaltonetworks.com/explore/logviewer",
          "created_at": 1607688358,
          "status": "wont_fix"
        },
        {
          "type": "url",
          "value": "https://demo-paas-1.prismaaccess.paloaltonetworks.com//api/visibility/v1/log/*",
          "created_at": 1607688358,
          "status": "wont_fix"
        }
      ]
    },
    {
      "categories": [
        "Authorization/Permissions",
        "Access/Privacy Control Violation"
      ],
      "exploitable_locations": [
        {
          "type": "url",
          "value": "https://demo-paas-1.prismaaccess.paloaltonetworks.com//api/config/v9.2/configByPath",
          "created_at": 1607965179,
          "status": "fixed"
        }
      ]
    },
    {
      "categories": [
        "Cross-Site Scripting (XSS)",
        "Persistent XSS"
      ],
      "exploitable_locations": [
        {
          "type": "url",
          "value": "https://dev-fawkes4.prismaaccess.paloaltonetworks.com/manage/prisma-access/file-blocking",
          "created_at": 1682006055,
          "status": "fixed"
        },
        {
          "type": "url",
          "value": "https://dev-paas-f5.prismaaccess.paloaltonetworks.com//api/config/v9.2/Device/BlockPage",
          "created_at": 1682006055,
          "status": "fixed"
        },
        {
          "type": "url",
          "value": "https://dev-paas-f5.prismaaccess.paloaltonetworks.com//api/config/v9.2/Device/BlockPage",
          "created_at": 1682006055,
          "status": "fixed"
        }
      ]
    },
    {
      "categories": [
        "Authorization/Permissions",
        "Access/Privacy Control Violation"
      ],
      "exploitable_locations": [
        {
          "type": "url",
          "value": "https://dev-paas-f5.prismaaccess.paloaltonetworks.com//api/config/v9.2/Objects/ApplicationGroups",
          "created_at": 1682006149,
          "status": "fixed"
        },
        {
          "type": "url",
          "value": "https://dev-paas-f5.prismaaccess.paloaltonetworks.com//api/config/v9.2/Objects/CustomRulebase",
          "created_at": 1682006149,
          "status": "fixed"
        },
        {
          "type": "url",
          "value": "https://dev-paas-f5.prismaaccess.paloaltonetworks.com//api/config/v9.2/Objects/Addresses",
          "created_at": 1682006149,
          "status": "fixed"
        },
        {
          "type": "url",
          "value": "https://dev-paas-f5.prismaaccess.paloaltonetworks.com//api/config/v9.2/Objects/AddressGroups",
          "created_at": 1682006149,
          "status": "fixed"
        },
        {
          "type": "url",
          "value": "https://dev-paas-f5.prismaaccess.paloaltonetworks.com//api/config/v9.2/Objects/ApplicationGroupControls",
          "created_at": 1682006149,
          "status": "fixed"
        },
        {
          "type": "url",
          "value": "https://dev-paas-f5.prismaaccess.paloaltonetworks.com//api/config/v9.2/Device/PostureProfile",
          "created_at": 1682006149,
          "status": "fixed"
        },
        {
          "type": "url",
          "value": "https://dev-fawkes4.prismaaccess.paloaltonetworks.com/manage/web-security-config/web-access-policy",
          "created_at": 1682006149,
          "status": "fixed"
        },
        {
          "type": "url",
          "value": "https://dev-paas-f5.prismaaccess.paloaltonetworks.com//api/config/v9.2/Objects/CustomRulebase/multiclone",
          "created_at": 1682006149,
          "status": "fixed"
        },
        {
          "type": "url",
          "value": "https://dev-fawkes4.prismaaccess.paloaltonetworks.com/manage/web-security-config/objects/addresses",
          "created_at": 1682006149,
          "status": "fixed"
        },
        {
          "type": "url",
          "value": "https://dev-fawkes4.prismaaccess.paloaltonetworks.com/manage/web-security-config/objects/regions",
          "created_at": 1682006149,
          "status": "fixed"
        },
        {
          "type": "url",
          "value": "https://dev-fawkes4.prismaaccess.paloaltonetworks.com/manage/web-security-config/objects/device-posture",
          "created_at": 1682006149,
          "status": "fixed"
        },
        {
          "type": "url",
          "value": "https://dev-fawkes4.prismaaccess.paloaltonetworks.com/manage/web-security-config/objects/custom-application-groups",
          "created_at": 1682006149,
          "status": "fixed"
        },
        {
          "type": "url",
          "value": "https://dev-fawkes4.prismaaccess.paloaltonetworks.com/manage/prisma-access/objects/dynamic-user-group",
          "created_at": 1682006149,
          "status": "fixed"
        },
        {
          "type": "url",
          "value": "https://dev-fawkes4.prismaaccess.paloaltonetworks.com/manage/prisma-access/objects/application-filters",
          "created_at": 1682006149,
          "status": "fixed"
        },
        {
          "type": "url",
          "value": "https://dev-fawkes4.prismaaccess.paloaltonetworks.com/manage/prisma-access/objects/services",
          "created_at": 1682006149,
          "status": "fixed"
        },
        {
          "type": "url",
          "value": "https://dev-fawkes4.prismaaccess.paloaltonetworks.com/manage/prisma-access/objects/auto-tag-actions",
          "created_at": 1682006149,
          "status": "fixed"
        },
        {
          "type": "url",
          "value": "https://dev-fawkes4.prismaaccess.paloaltonetworks.com/manage/prisma-access/objects/global-protect/hip-objects",
          "created_at": 1682006149,
          "status": "fixed"
        },
        {
          "type": "url",
          "value": "https://dev-fawkes4.prismaaccess.paloaltonetworks.com/manage/prisma-access/objects/dynamic-block-lists",
          "created_at": 1682006149,
          "status": "fixed"
        },
        {
          "type": "url",
          "value": "https://dev-fawkes4.prismaaccess.paloaltonetworks.com/manage/prisma-access/objects/certificate-management",
          "created_at": 1682006149,
          "status": "fixed"
        },
        {
          "type": "url",
          "value": "https://dev-fawkes4.prismaaccess.paloaltonetworks.com/manage/web-security-config/objects/response-pages",
          "created_at": 1682006149,
          "status": "fixed"
        }
      ]
    },
    {
      "categories": [
        "Content Injection",
        "XPath/XQuery Injection"
      ],
      "exploitable_locations": [
        {
          "type": "url",
          "value": "https://dev-paas-f5.prismaaccess.paloaltonetworks.com/api/config/v9.2/Network/IPSecTunnels",
          "created_at": 1684324170,
          "status": "pending"
        }
      ]
    },
    {
      "categories": [
        "Content Injection",
        "XPath/XQuery Injection"
      ],
      "exploitable_locations": [
        {
          "type": "url",
          "value": "https://dev-paas-f5.prismaaccess.paloaltonetworks.com/api/config/v9.2/Objects/Devices",
          "created_at": 1684325529,
          "status": "pending"
        }
      ]
    },
    {
      "categories": [
        "Authorization/Permissions",
        "Path Traversal"
      ],
      "exploitable_locations": [
        {
          "type": "url",
          "value": "https://dev-paas-f5.prismaaccess.paloaltonetworks.com/api/config/v9.2/configByPath",
          "created_at": 1684372549,
          "status": "fixed"
        }
      ]
    },
    {
      "categories": [
        "Content Injection",
        "XPath/XQuery Injection"
      ],
      "exploitable_locations": [
        {
          "type": "url",
          "value": "https://dev-paas-f5.prismaaccess.paloaltonetworks.com/api/config/v9.2/ZeroHitObjectsEnhancedGet",
          "created_at": 1684373795,
          "status": "pending"
        }
      ]
    },
    {
      "categories": [
        "Content Injection",
        "XPath/XQuery Injection"
      ],
      "exploitable_locations": [
        {
          "type": "url",
          "value": "https://dev-paas-f5.prismaaccess.paloaltonetworks.com/api/config/v9.2/Plugins/CloudServices/ServiceConnection",
          "created_at": 1684375956,
          "status": "pending"
        }
      ]
    },
    {
      "categories": [
        "SQL Injection",
        "SQL Injection- Full"
      ],
      "exploitable_locations": [
        {
          "type": "url",
          "value": "https://api.qa.reporting.paloaltonetworks.com/reporting/query/v1/netTopApplicationsBySessions",
          "assets_na": false,
          "assets_uids": [
            "64b19bedf95f517597df9fe3"
          ],
          "created_at": 1700270061,
          "status": "fixed"
        }
      ]
    },
    {
      "categories": [
        "SQL Injection",
        "SQL Injection- Full"
      ],
      "exploitable_locations": [
        {
          "type": "url",
          "value": "https://api.qa.reporting.paloaltonetworks.com/reporting/query/v1/uarTotalUniqueUrlsAccessedByUser",
          "assets_na": false,
          "assets_uids": [
            "64b19bedf95f517597df9fe3"
          ],
          "created_at": 1700275093,
          "status": "fixed"
        }
      ]
    },
    {
      "categories": [
        "Authorization/Permissions",
        "Access/Privacy Control Violation"
      ],
      "exploitable_locations": [
        {
          "type": "url",
          "value": "https://demo-fawkes1.prismaaccess.paloaltonetworks.com/manage/mobile-users/setup",
          "created_at": 1608139650,
          "status": "fixed"
        },
        {
          "type": "url",
          "value": "https://demo-paas-1.prismaaccess.paloaltonetworks.com//api/config/v9.2/configByPath",
          "created_at": 1608139650,
          "status": "fixed"
        }
      ]
    },
    {
      "categories": [
        "SQL Injection",
        "SQL Injection- Full"
      ],
      "exploitable_locations": [
        {
          "type": "url",
          "value": "https://api.qa.reporting.paloaltonetworks.com/reporting/queryFast/v1/ipAddress",
          "assets_na": false,
          "assets_uids": [
            "64b19bedf95f517597df9fe3"
          ],
          "created_at": 1700325348,
          "status": "fixed"
        }
      ]
    },
    {
      "categories": [
        "SQL Injection",
        "SQL Injection- Full"
      ],
      "exploitable_locations": [
        {
          "type": "url",
          "value": "https://api.qa.reporting.paloaltonetworks.com/reporting/queryFast/v1/uarTop10BlockedUrlsBySessions",
          "assets_na": false,
          "assets_uids": [
            "64b19bedf95f517597df9fe0"
          ],
          "created_at": 1700330925,
          "status": "fixed"
        }
      ]
    },
    {
      "categories": [
        "SQL Injection",
        "SQL Injection- Full"
      ],
      "exploitable_locations": [
        {
          "type": "url",
          "value": "https://api.qa.reporting.paloaltonetworks.com/reporting/query/v1/ipAddress",
          "assets_na": false,
          "assets_uids": [
            "64b19bedf95f517597df9fe0"
          ],
          "created_at": 1700340032,
          "status": "fixed"
        }
      ]
    },
    {
      "categories": [
        "Authorization/Permissions",
        "Server Side Request Forgery(SSRF)- Full"
      ],
      "exploitable_locations": [
        {
          "type": "url",
          "value": "https://pa-api-us-qa01.tools.panclouddev.com/api/sase/v3.0/ticketing/test",
          "assets_na": false,
          "assets_uids": [
            "64b19a2ff95f517597df9fd1",
            "64b19a2ff95f517597df9fd4",
            "6557b3a8abc3a63a12a2c0ca"
          ],
          "created_at": 1700424112,
          "status": "fixed"
        }
      ]
    },
    {
      "categories": [
        "SQL Injection",
        "SQL Injection- Full"
      ],
      "exploitable_locations": [
        {
          "type": "url",
          "value": "https://pa-api-us-qa01.tools.panclouddev.com/api/sase/v3.0/resource/query/incidents/incidents_view",
          "assets_uids": [
            "64b19a2ff95f517597df9fd1"
          ],
          "created_at": 1713492883,
          "status": "fixed"
        }
      ]
    },
    {
      "categories": [
        "SQL Injection",
        "SQL Injection- Full"
      ],
      "exploitable_locations": [
        {
          "type": "url",
          "value": "https://api.qa.reporting.paloaltonetworks.com/reporting/queryFast/v1/cdlLogSystem",
          "assets_na": true,
          "assets_uids": [],
          "created_at": 1713607521,
          "status": "fixed"
        }
      ]
    },
    {
      "categories": [
        "SQL Injection",
        "SQL Injection- Full"
      ],
      "exploitable_locations": [
        {
          "type": "url",
          "value": "https://dev-paas-f5.prismaaccess.paloaltonetworks.com/api/extensions/gpcs/serviceConnectionRegionStatistics",
          "assets_na": false,
          "assets_uids": [
            "64b19a6c9f488f3a369c68bc"
          ],
          "created_at": 1713549426,
          "status": "fixed"
        }
      ]
    },
    {
      "categories": [
        "SQL Injection",
        "SQL Injection- Full"
      ],
      "exploitable_locations": [
        {
          "type": "url",
          "value": "https://dev-paas-f5.prismaaccess.paloaltonetworks.com/api/extensions/gpcs/statusBGP",
          "assets_na": false,
          "assets_uids": [
            "64b19a6c9f488f3a369c68bc"
          ],
          "created_at": 1713569567,
          "status": "fixed"
        }
      ]
    },
    {
      "categories": [
        "SQL Injection",
        "SQL Injection- Full"
      ],
      "exploitable_locations": [
        {
          "type": "url",
          "value": "https://pa-api-us-qa01.tools.panclouddev.com/api/sase/v2.0/controller/graphapi",
          "assets_na": false,
          "assets_uids": [
            "64b19a2ff95f517597df9fd1"
          ],
          "created_at": 1713894248,
          "status": "fixed"
        }
      ]
    },
    {
      "categories": [
        "Authorization/Permissions",
        "Access Control Violation (Low Privileged Functions-Read/Write or Write Only)"
      ],
      "exploitable_locations": [
        {
          "type": "url",
          "value": "https://dev-paas-f5.prismaaccess.paloaltonetworks.com/api/sase/config/v1/scopes",
          "assets_na": false,
          "assets_uids": [
            "64b19a6c9f488f3a369c68bc"
          ],
          "created_at": 1713898081,
          "status": "wont_fix"
        }
      ]
    },
    {
      "categories": [
        "Content Injection",
        "XPath/XQuery Injection"
      ],
      "exploitable_locations": [
        {
          "type": "url",
          "value": "https://demo-paas-1.prismaaccess.paloaltonetworks.com//api/config/v9.2/whereCommand",
          "created_at": 1608155485,
          "status": "fixed"
        }
      ]
    },
    {
      "categories": [
        "Authorization/Permissions",
        "Access Control Violation (Low Privileged Functions-Read/Write or Write Only)"
      ],
      "exploitable_locations": [
        {
          "type": "url",
          "value": "https://dev-paas-f5.prismaaccess.paloaltonetworks.com/api/sase/config/v1/device-config/isolation-profiles",
          "assets_na": false,
          "assets_uids": [
            "64b19a6c9f488f3a369c68bc"
          ],
          "created_at": 1713898084,
          "status": "pending"
        }
      ]
    },
    {
      "categories": [
        "Authorization/Permissions",
        "Access Control Violation (Low Privileged Functions-Read/Write or Write Only)"
      ],
      "exploitable_locations": [
        {
          "type": "url",
          "value": "https://dev-paas-f5.prismaaccess.paloaltonetworks.com/api/config/v9.2/Plugins/CloudServices/ServiceConnection",
          "assets_na": false,
          "assets_uids": [
            "64b19a6c9f488f3a369c68bc"
          ],
          "created_at": 1713898086,
          "status": "pending"
        }
      ]
    },
    {
      "categories": [
        "Authorization/Permissions",
        "Access Control Violation (High Privileged Functions - Read/Write or Write Only)"
      ],
      "exploitable_locations": [
        {
          "type": "url",
          "value": "https://dev-paas-f5.prismaaccess.paloaltonetworks.com/api/config/v9.2/Plugins/CloudServices/RemoteNetworks",
          "assets_na": false,
          "assets_uids": [
            "64b19a6c9f488f3a369c68bc"
          ],
          "created_at": 1713898090,
          "status": "pending"
        }
      ]
    },
    {
      "categories": [
        "Authorization/Permissions",
        "Access Control Violation (High Privileged Functions - Read/Write or Write Only)"
      ],
      "exploitable_locations": [
        {
          "type": "url",
          "value": "https://dev-paas-f5.prismaaccess.paloaltonetworks.com/api/config/v9.2/Device/ZTNAAgent/StagedRollout",
          "assets_na": false,
          "assets_uids": [
            "64b19a6c9f488f3a369c68bc"
          ],
          "created_at": 1713898093,
          "status": "pending"
        }
      ]
    },
    {
      "categories": [
        "Authorization/Permissions",
        "Access Control Violation (High Privileged Functions - Read/Write or Write Only)"
      ],
      "exploitable_locations": [
        {
          "type": "url",
          "value": "https://dev-paas-f5.prismaaccess.paloaltonetworks.com/api/extensions/gpcs/generateApiKey",
          "assets_na": false,
          "assets_uids": [
            "64b19a6c9f488f3a369c68bc"
          ],
          "created_at": 1713898095,
          "status": "pending"
        }
      ]
    },
    {
      "categories": [
        "Authorization/Permissions",
        "Access Control Violation (High Privileged Functions - Read/Write or Write Only)"
      ],
      "exploitable_locations": [
        {
          "type": "url",
          "value": "https://dev-paas-f5.prismaaccess.paloaltonetworks.com/api/config/v9.2/configByPath",
          "assets_na": false,
          "assets_uids": [
            "64b19a6c9f488f3a369c68bc"
          ],
          "created_at": 1713898098,
          "status": "pending"
        }
      ]
    },
    {
      "categories": [
        "SQL Injection",
        "SQL Injection- Full"
      ],
      "exploitable_locations": [
        {
          "type": "url",
          "value": "https://pa-api-us-qa01.tools.panclouddev.com/api/sase/v2.0/controller/graphapi",
          "assets_na": false,
          "assets_uids": [
            "64b19a2ff95f517597df9fd4"
          ],
          "created_at": 1713945598,
          "status": "fixed"
        }
      ]
    },
    {
      "categories": [
        "SQL Injection",
        "SQL Injection- Full"
      ],
      "exploitable_locations": [
        {
          "type": "url",
          "value": "https://pa-api-us-qa01.tools.panclouddev.com/api/sase/v2.0/controller/graphapi",
          "assets_na": false,
          "assets_uids": [
            "64b19a2ff95f517597df9fd4"
          ],
          "created_at": 1714025235,
          "status": "fixed"
        }
      ]
    },
    {
      "categories": [
        "SQL Injection",
        "SQL Injection- Full"
      ],
      "exploitable_locations": [
        {
          "type": "url",
          "value": "https://pa-api-us-qa01.tools.panclouddev.com/api/sase/v3.0/resource/queries",
          "assets_na": false,
          "assets_uids": [
            "64b19a2ff95f517597df9fd4"
          ],
          "created_at": 1714478661,
          "status": "fixed"
        }
      ]
    },
    {
      "categories": [
        "SQL Injection",
        "SQL Injection- Full"
      ],
      "exploitable_locations": [
        {
          "type": "url",
          "value": "https://pa-api-us-qa01.tools.panclouddev.com/api/sase/v2.0/controller/graphapi",
          "assets_na": false,
          "assets_uids": [
            "64b19a2ff95f517597df9fd4"
          ],
          "created_at": 1714480390,
          "status": "fixed"
        }
      ]
    },
    {
      "categories": [
        "Content Injection",
        "XPath/XQuery Injection"
      ],
      "exploitable_locations": [
        {
          "type": "url",
          "value": "https://demo-paas-1.prismaaccess.paloaltonetworks.com//api/config/v9.2/Device/AuthenticationPortal",
          "created_at": 1608321927,
          "status": "fixed"
        }
      ]
    },
    {
      "categories": [
        "SQL Injection",
        "SQL Injection- Full"
      ],
      "exploitable_locations": [
        {
          "type": "url",
          "value": "https://pa-api-us-qa01.tools.panclouddev.com/api/sase/v2.0/controller/graphapi",
          "assets_na": false,
          "assets_uids": [
            "64b19a2ff95f517597df9fd4"
          ],
          "created_at": 1714495322,
          "status": "fixed"
        }
      ]
    },
    {
      "categories": [
        "SQL Injection",
        "SQL Injection- Full"
      ],
      "exploitable_locations": [
        {
          "type": "url",
          "value": "https://qa.api.sase.paloaltonetworks.com/mt/monitor/v1/agg/incidents/impactedList",
          "assets_na": false,
          "assets_uids": [
            "648376afd49489a7d89c55cc"
          ],
          "created_at": 1715699626,
          "status": "fixed"
        }
      ]
    },
    {
      "categories": [
        "SQL Injection",
        "SQL Injection- Full"
      ],
      "exploitable_locations": [
        {
          "type": "url",
          "value": "https://qa.api.sase.paloaltonetworks.com/mt/notifications/v1/list",
          "assets_na": false,
          "assets_uids": [
            "648376afd49489a7d89c55cc"
          ],
          "created_at": 1715702612,
          "status": "fixed"
        }
      ]
    },
    {
      "categories": [
        "SQL Injection",
        "SQL Injection- Full"
      ],
      "exploitable_locations": [
        {
          "type": "url",
          "value": "https://qa.api.sase.paloaltonetworks.com/mt/notifications/v1/list/count",
          "assets_na": false,
          "assets_uids": [
            "648376afd49489a7d89c55cc"
          ],
          "created_at": 1715702635,
          "status": "fixed"
        }
      ]
    },
    {
      "categories": [
        "Content Injection",
        "XPath/XQuery Injection"
      ],
      "exploitable_locations": [
        {
          "type": "url",
          "value": "https://dev-paas-f5.prismaaccess.paloaltonetworks.com/api/config/v9.2/Device/CertificateManagement/PrivateKeyExportable",
          "assets_na": false,
          "assets_uids": [
            "64b19a6c9f488f3a369c68bc"
          ],
          "created_at": 1728655494,
          "status": "pending"
        }
      ]
    },
    {
      "categories": [
        "Content Injection",
        "XPath/XQuery Injection"
      ],
      "exploitable_locations": [
        {
          "type": "url",
          "value": "https://dev-paas-f5.prismaaccess.paloaltonetworks.com/api/sase/config/v1/policies/ai-profile:multi-clone",
          "assets_na": false,
          "assets_uids": [
            "64b19a6c9f488f3a369c68bc"
          ],
          "created_at": 1728655510,
          "status": "pending"
        }
      ]
    },
    {
      "categories": [
        "Content Injection",
        "XPath/XQuery Injection"
      ],
      "exploitable_locations": [
        {
          "type": "url",
          "value": "https://dev-paas-f5.prismaaccess.paloaltonetworks.com/api/config/v9.2/complete",
          "assets_na": false,
          "assets_uids": [
            "64b19a6c9f488f3a369c68bc"
          ],
          "created_at": 1728655522,
          "status": "pending"
        }
      ]
    },
    {
      "categories": [
        "Content Injection",
        "XPath/XQuery Injection"
      ],
      "exploitable_locations": [
        {
          "type": "url",
          "value": "https://demo-paas-1.prismaaccess.paloaltonetworks.com//api/config/v9.2/complete",
          "created_at": 1608325195,
          "status": "fixed"
        }
      ]
    },
    {
      "categories": [
        "Authorization/Permissions",
        "Insecure Direct Object Reference (Read & Write)"
      ],
      "exploitable_locations": [
        {
          "type": "url",
          "value": "https://api-qa.prismaaccess.paloaltonetworks.com/subscription/v2/licenses",
          "assets_na": false,
          "assets_uids": [
            "6557ba42abc3a63a12a2c0ff"
          ],
          "created_at": 1736070453,
          "status": "pending"
        }
      ]
    },
    {
      "categories": [
        "Authorization/Permissions",
        "Access/Privacy Control Violation"
      ],
      "exploitable_locations": [
        {
          "type": "url",
          "value": "https://demo-paas-1.prismaaccess.paloaltonetworks.com//api/config/v9.2/configByPath",
          "created_at": 1608331223,
          "status": "fixed"
        }
      ]
    },
    {
      "categories": [
        "Cross-Site Scripting (XSS)",
        "**Persistent XSS**"
      ],
      "exploitable_locations": [
        {
          "type": "url",
          "value": "https://demo-paas-1.prismaaccess.paloaltonetworks.com//api/config/v9.2/Objects/CustomURLCategories",
          "created_at": 1608387451,
          "status": "fixed"
        }
      ]
    },
    {
      "categories": [
        "Cross-Site Scripting (XSS)",
        "**Persistent XSS**"
      ],
      "exploitable_locations": [
        {
          "type": "url",
          "value": "https://demo-paas-1.prismaaccess.paloaltonetworks.com//api/config/v9.2/configByPath",
          "created_at": 1608410537,
          "status": "fixed"
        }
      ]
    },
    {
      "categories": [
        "SQL Injection",
        "**Error-based**"
      ],
      "exploitable_locations": [
        {
          "type": "url",
          "value": "https://demo-admin.prismaaccess.paloaltonetworks.com/api/actionservice/explore/saas/v1/subCategoryList",
          "created_at": 1608566860,
          "status": "wont_fix"
        }
      ]
    },
    {
      "categories": [
        "Authorization/Permissions",
        "Access/Privacy Control Violation"
      ],
      "exploitable_locations": [
        {
          "type": "url",
          "value": "https://demo-fawkes1.prismaaccess.paloaltonetworks.com/manage/prisma-access/setup",
          "created_at": 1607690667,
          "status": "fixed"
        },
        {
          "type": "url",
          "value": "https://demo-paas-1.prismaaccess.paloaltonetworks.com//api/extensions/gpcs/mobileUsersNetworkDetails",
          "created_at": 1607690667,
          "status": "fixed"
        },
        {
          "type": "url",
          "value": "https://demo-paas-1.prismaaccess.paloaltonetworks.com//api/extensions/gpcs/generateApiKey",
          "created_at": 1607690667,
          "status": "fixed"
        }
      ]
    },
    {
      "categories": [
        "Content Injection",
        "XPath/XQuery Injection"
      ],
      "exploitable_locations": [
        {
          "type": "url",
          "value": "https://demo-paas-1.prismaaccess.paloaltonetworks.com//api/config/v9.2/configByPath",
          "created_at": 1608570722,
          "status": "fixed"
        },
        {
          "type": "url",
          "value": "https://demo-paas-1.prismaaccess.paloaltonetworks.com//api/config/v9.2/configByPath",
          "created_at": 1608570722,
          "status": "fixed"
        }
      ]
    },
    {
      "categories": [
        "Authorization/Permissions",
        "Access/Privacy Control Violation"
      ],
      "exploitable_locations": [
        {
          "type": "url",
          "value": "https://demo-paas-1.prismaaccess.paloaltonetworks.com//api/config/v9.2/complete",
          "created_at": 1608574809,
          "status": "fixed"
        }
      ]
    },
    {
      "categories": [
        "Authorization/Permissions",
        "Access/Privacy Control Violation"
      ],
      "exploitable_locations": [
        {
          "type": "url",
          "value": "https://demo-paas-1.prismaaccess.paloaltonetworks.com//api/config/v9.2/revert",
          "created_at": 1608575612,
          "status": "fixed"
        }
      ]
    },
    {
      "categories": [
        "Authorization/Permissions",
        "Insecure Direct Object Reference"
      ],
      "exploitable_locations": [
        {
          "type": "url",
          "value": "https://demo-admin.prismaaccess.paloaltonetworks.com/api/actionservice/explore/saas/v1/applications",
          "created_at": 1608624780,
          "status": "wont_fix"
        },
        {
          "type": "url",
          "value": "https://demo-admin.prismaaccess.paloaltonetworks.com/api/actionservice/explore/saas/v1/usersList",
          "created_at": 1608624780,
          "status": "wont_fix"
        }
      ]
    },
    {
      "categories": [
        "Authorization/Permissions",
        "Access/Privacy Control Violation"
      ],
      "exploitable_locations": [
        {
          "type": "url",
          "value": "https://demo-paas-1.prismaaccess.paloaltonetworks.com//api/extensions/gpcs/notification",
          "created_at": 1608663024,
          "status": "fixed"
        }
      ]
    },
    {
      "categories": [
        "SQL Injection",
        "**Error-based**"
      ],
      "exploitable_locations": [
        {
          "type": "url",
          "value": "https://demo-admin.prismaaccess.paloaltonetworks.com/api/actionservice/explore/saas/v1/similarApplications",
          "created_at": 1608903586,
          "status": "wont_fix"
        }
      ]
    },
    {
      "categories": [
        "Cross-Site Scripting (XSS)",
        "**Persistent XSS**"
      ],
      "exploitable_locations": [
        {
          "type": "url",
          "value": "https://demo-paas-1.prismaaccess.paloaltonetworks.com//api/config/v9.2/Policies/AuthenticationRules",
          "created_at": 1609110190,
          "status": "fixed"
        }
      ]
    },
    {
      "categories": [
        "Cross-Site Scripting (XSS)",
        "**Persistent XSS**"
      ],
      "exploitable_locations": [
        {
          "type": "url",
          "value": "https://demo-paas-1.prismaaccess.paloaltonetworks.com//api/config/v9.2/Device/AuthenticationProfile",
          "created_at": 1609112609,
          "status": "fixed"
        }
      ]
    },
    {
      "categories": [
        "SQL Injection",
        "**Error-based**"
      ],
      "exploitable_locations": [
        {
          "type": "url",
          "value": "https://demo-admin.prismaaccess.paloaltonetworks.com/api/actionservice/explore/saas/v1/usersList",
          "created_at": 1609672096,
          "status": "wont_fix"
        }
      ]
    },
    {
      "categories": [
        "Authorization/Permissions",
        "Access/Privacy Control Violation"
      ],
      "exploitable_locations": [
        {
          "type": "url",
          "value": "https://demo-paas-1.prismaaccess.paloaltonetworks.com//api/jobs/v1/*",
          "created_at": 1609879457,
          "status": "fixed"
        }
      ]
    },
    {
      "categories": [
        "Authorization/Permissions",
        "Access/Privacy Control Violation"
      ],
      "exploitable_locations": [
        {
          "type": "url",
          "value": "https://demo-paas-1.prismaaccess.paloaltonetworks.com//api/config/v9.2/Device/CertificateManagement/CertificatesInfo",
          "created_at": 1609882307,
          "status": "fixed"
        },
        {
          "type": "url",
          "value": "https://demo-paas-1.prismaaccess.paloaltonetworks.com//api/extensions/gpcs/generateGPCSDefaultCertificates",
          "created_at": 1609882307,
          "status": "fixed"
        }
      ]
    },
    {
      "categories": [
        "Authorization/Permissions",
        "Access/Privacy Control Violation"
      ],
      "exploitable_locations": [
        {
          "type": "url",
          "value": "https://demo-paas-1.prismaaccess.paloaltonetworks.com//api/config/v9.2//Device/CertificateManagement/CertificatesDetails",
          "created_at": 1609950711,
          "status": "fixed"
        }
      ]
    },
    {
      "categories": [
        "Authorization/Permissions",
        "Access/Privacy Control Violation"
      ],
      "exploitable_locations": [
        {
          "type": "url",
          "value": "https://demo-paas-1.prismaaccess.paloaltonetworks.com//api/extensions/gpcs/remoteNetworkDetails",
          "created_at": 1610119889,
          "status": "fixed"
        }
      ]
    },
    {
      "categories": [
        "Authorization/Permissions",
        "Access/Privacy Control Violation"
      ],
      "exploitable_locations": [
        {
          "type": "url",
          "value": "https://demo-paas-1.prismaaccess.paloaltonetworks.com//api/config/v9.2/Network/GlobalProtectClientlessApps",
          "created_at": 1610740588,
          "status": "fixed"
        }
      ]
    },
    {
      "categories": [
        "Authorization/Permissions",
        "Access/Privacy Control Violation"
      ],
      "exploitable_locations": [
        {
          "type": "url",
          "value": "https://demo-paas-1.prismaaccess.paloaltonetworks.com//api/config/v9.2/Network/GlobalProtectPortals",
          "created_at": 1610831299,
          "status": "fixed"
        }
      ]
    },
    {
      "categories": [
        "Authorization/Permissions",
        "Insecure Direct Object Reference"
      ],
      "exploitable_locations": [
        {
          "type": "url",
          "value": "https://demo-admin.prismaaccess.paloaltonetworks.com/api/actionservice/appportal/api/v1/entitlements",
          "created_at": 1611088120,
          "status": "fixed"
        }
      ]
    },
    {
      "categories": [
        "Authorization/Permissions",
        "Access/Privacy Control Violation"
      ],
      "exploitable_locations": [
        {
          "type": "url",
          "value": "https://demo-paas-1.prismaaccess.paloaltonetworks.com//api/config/v9.2/Network/GlobalProtectClientlessAppGroups",
          "created_at": 1611146787,
          "status": "fixed"
        }
      ]
    },
    {
      "categories": [
        "Authorization/Permissions",
        "Access/Privacy Control Violation"
      ],
      "exploitable_locations": [
        {
          "type": "url",
          "value": "https://demo-paas-1.prismaaccess.paloaltonetworks.com//api/config/v9.2/Device/CertificateManagement/GenerateCertificate",
          "created_at": 1607802986,
          "status": "fixed"
        },
        {
          "type": "url",
          "value": "https://demo-paas-1.prismaaccess.paloaltonetworks.com//api/config/v9.2/Device/CertificateManagement/ExportCertificate",
          "created_at": 1607802986,
          "status": "fixed"
        },
        {
          "type": "url",
          "value": "https://demo-paas-1.prismaaccess.paloaltonetworks.com//api/config/v9.2/runCommand",
          "created_at": 1607802986,
          "status": "fixed"
        }
      ]
    },
    {
      "categories": [
        "Authorization/Permissions",
        "Access/Privacy Control Violation"
      ],
      "exploitable_locations": [
        {
          "type": "url",
          "value": "https://demo-paas-1.prismaaccess.paloaltonetworks.com/api/extensions/gpcs/serviceConnectionNetworkDetails",
          "created_at": 1612249964,
          "status": "fixed"
        },
        {
          "type": "url",
          "value": "https://demo-paas-1.prismaaccess.paloaltonetworks.com/api/extensions/gpcs/serviceConnectionRegionDetails",
          "created_at": 1612249964,
          "status": "fixed"
        }
      ]
    },
    {
      "categories": [
        "Authorization/Permissions",
        "Access/Privacy Control Violation"
      ],
      "exploitable_locations": [
        {
          "type": "url",
          "value": "https://demo-paas-1.prismaaccess.paloaltonetworks.com/api/contentservice/threat-details/21185",
          "created_at": 1612861055,
          "status": "fixed"
        }
      ]
    },
    {
      "categories": [
        "Authorization/Permissions",
        "Access/Privacy Control Violation"
      ],
      "exploitable_locations": [
        {
          "type": "url",
          "value": "https://demo-paas-1.prismaaccess.paloaltonetworks.com/api/contentservice//antispyware/search",
          "created_at": 1612863641,
          "status": "fixed"
        }
      ]
    },
    {
      "categories": [
        "Authorization/Permissions",
        "Access/Privacy Control Violation"
      ],
      "exploitable_locations": [
        {
          "type": "url",
          "value": "https://demo-paas-1.prismaaccess.paloaltonetworks.com//api/contentservice/release-content",
          "created_at": 1612890013,
          "status": "fixed"
        },
        {
          "type": "url",
          "value": "https://demo-paas-1.prismaaccess.paloaltonetworks.com/api/contentservice/vulnerability/cve",
          "created_at": 1612890013,
          "status": "fixed"
        }
      ]
    },
    {
      "categories": [
        "Authorization/Permissions",
        "Access/Privacy Control Violation"
      ],
      "exploitable_locations": [
        {
          "type": "url",
          "value": "https://demo-paas-1.prismaaccess.paloaltonetworks.com/api/contentservice/application",
          "created_at": 1612892395,
          "status": "fixed"
        }
      ]
    },
    {
      "categories": [
        "Authorization/Permissions",
        "Access/Privacy Control Violation"
      ],
      "exploitable_locations": [
        {
          "type": "url",
          "value": "https://demo-paas-1.prismaaccess.paloaltonetworks.com/api/jobs/v1/",
          "created_at": 1613816867,
          "status": "fixed"
        }
      ]
    },
    {
      "categories": [
        "Authorization/Permissions",
        "Access/Privacy Control Violation"
      ],
      "exploitable_locations": [
        {
          "type": "url",
          "value": "https://demo-paas-1.prismaaccess.paloaltonetworks.com/api/jobs/v1/191",
          "created_at": 1613817565,
          "status": "fixed"
        }
      ]
    },
    {
      "categories": [
        "Content Injection",
        "XPath/XQuery Injection"
      ],
      "exploitable_locations": [
        {
          "type": "url",
          "value": "https://demo-paas-1.prismaaccess.paloaltonetworks.com/api/extensions/gpcs",
          "created_at": 1623427297,
          "status": "fixed"
        }
      ]
    },
    {
      "categories": [
        "SQL Injection",
        "**Blind**"
      ],
      "exploitable_locations": [
        {
          "type": "url",
          "value": "https://demo-paas-1.prismaaccess.paloaltonetworks.com/api/extensions/gpcs/remoteNetworkRegionDetails",
          "created_at": 1623887503,
          "status": "fixed"
        }
      ]
    },
    {
      "categories": [
        "Content Injection",
        "XPath/XQuery Injection"
      ],
      "exploitable_locations": [
        {
          "type": "url",
          "value": "https://demo-paas-1.prismaaccess.paloaltonetworks.com//api/config/v9.2/Objects/Services/multiclone",
          "created_at": 1655479669,
          "status": "wont_fix"
        }
      ]
    },
    {
      "categories": [
        "Content Injection",
        "XPath/XQuery Injection"
      ],
      "exploitable_locations": [
        {
          "type": "url",
          "value": "https://demo-paas-1.prismaaccess.paloaltonetworks.com//api/config/v9.2/Objects/ExternalDynamicLists/multiclone",
          "created_at": 1655485244,
          "status": "wont_fix"
        }
      ]
    },
    {
      "categories": [
        "Content Injection",
        "XPath/XQuery Injection"
      ],
      "exploitable_locations": [
        {
          "type": "url",
          "value": "https://demo-paas-1.prismaaccess.paloaltonetworks.com//api/config/v9.2/Objects/Applications",
          "created_at": 1655486477,
          "status": "fixed"
        }
      ]
    },
    {
      "categories": [
        "SQL Injection",
        "SQL Injection- Full"
      ],
      "exploitable_locations": [
        {
          "type": "url",
          "value": "https://demo-paas-1.prismaaccess.paloaltonetworks.com/api/extensions/gpcs/remoteNetworkRegionStatistics",
          "created_at": 1655593856,
          "status": "fixed"
        }
      ]
    },
    {
      "categories": [
        "SQL Injection",
        "SQL Injection- Full"
      ],
      "exploitable_locations": [
        {
          "type": "url",
          "value": "https://demo-paas-1.prismaaccess.paloaltonetworks.com/api/extensions/gpcs/statusBGP",
          "created_at": 1655598309,
          "status": "fixed"
        }
      ]
    },
    {
      "categories": [
        "Content Injection",
        "XPath/XQuery Injection"
      ],
      "exploitable_locations": [
        {
          "type": "url",
          "value": "https://demo-paas-1.prismaaccess.paloaltonetworks.com//api/config/v9.2/Objects/Addresses",
          "created_at": 1607883244,
          "status": "fixed"
        },
        {
          "type": "url",
          "value": "https://demo-paas-1.prismaaccess.paloaltonetworks.com//api/config/v9.2/Objects/AddressGroups",
          "created_at": 1607883244,
          "status": "fixed"
        },
        {
          "type": "url",
          "value": "https://demo-paas-1.prismaaccess.paloaltonetworks.com//api/config/v9.2/Objects/DynamicUserGroup",
          "created_at": 1607883244,
          "status": "fixed"
        },
        {
          "type": "url",
          "value": "https://demo-paas-1.prismaaccess.paloaltonetworks.com//api/config/v9.2/Objects/*",
          "created_at": 1607883244,
          "status": "fixed"
        }
      ]
    },
    {
      "categories": [
        "Content Injection",
        "XPath/XQuery Injection"
      ],
      "exploitable_locations": [
        {
          "type": "url",
          "value": "https://demo-paas-1.prismaaccess.paloaltonetworks.com//api/config/v9.2/Policies/SecurityRules/multimove",
          "created_at": 1656882451,
          "status": "fixed"
        }
      ]
    },
    {
      "categories": [
        "Content Injection",
        "XPath/XQuery Injection"
      ],
      "exploitable_locations": [
        {
          "type": "url",
          "value": "https://demo-paas-1.prismaaccess.paloaltonetworks.com//api/config/v9.2/Objects/FileBlockingSecurityProfiles/multimove",
          "created_at": 1658088378,
          "status": "fixed"
        }
      ]
    },
    {
      "categories": [
        "Content Injection",
        "XPath/XQuery Injection"
      ],
      "exploitable_locations": [
        {
          "type": "url",
          "value": "https://demo-paas-1.prismaaccess.paloaltonetworks.com//api/config/v9.2/Policies/DecryptionRules/multimove",
          "created_at": 1658089786,
          "status": "fixed"
        }
      ]
    },
    {
      "categories": [
        "Authorization/Permissions",
        "Access/Privacy Control Violation"
      ],
      "exploitable_locations": [
        {
          "type": "url",
          "value": "https://dev-fawkes4.prismaaccess.paloaltonetworks.com/manage/prisma-access/objects/addresses/<payload>",
          "created_at": 1680551953,
          "status": "pending"
        },
        {
          "type": "url",
          "value": "https://dev-fawkes4.prismaaccess.paloaltonetworks.com/manage/prisma-access/objects/address-groups/<payload>",
          "created_at": 1680551953,
          "status": "pending"
        },
        {
          "type": "url",
          "value": "https://dev-fawkes4.prismaaccess.paloaltonetworks.com/manage/prisma-access/objects/applications/<payload>",
          "created_at": 1680551953,
          "status": "pending"
        },
        {
          "type": "url",
          "value": "https://dev-fawkes4.prismaaccess.paloaltonetworks.com/manage/prisma-access/objects/tags/<payload>",
          "created_at": 1680551953,
          "status": "pending"
        }
      ]
    },
    {
      "categories": [
        "Authorization/Permissions",
        "Access/Privacy Control Violation"
      ],
      "exploitable_locations": [
        {
          "type": "url",
          "value": "https://dev-paas-f2.prismaaccess.paloaltonetworks.com//api/config/v9.2/Objects/CustomSpywareSignatures",
          "created_at": 1682005665,
          "status": "fixed"
        }
      ]
    },
    {
      "categories": [
        "Authorization/Permissions",
        "Access/Privacy Control Violation"
      ],
      "exploitable_locations": [
        {
          "type": "url",
          "value": "https://dev-paas-f2.prismaaccess.paloaltonetworks.com//api/config/v9.2/Policies/SecurityRules",
          "created_at": 1682005683,
          "status": "pending"
        }
      ]
    },
    {
      "categories": [
        "Authorization/Permissions",
        "Access/Privacy Control Violation"
      ],
      "exploitable_locations": [
        {
          "type": "url",
          "value": "https://dev-paas-f5.prismaaccess.paloaltonetworks.com//api/config/v9.2/Objects/DecryptionProfiles",
          "created_at": 1682005919,
          "status": "fixed"
        }
      ]
    },
    {
      "categories": [
        "Authorization/Permissions",
        "Access/Privacy Control Violation"
      ],
      "exploitable_locations": [
        {
          "type": "url",
          "value": "https://dev-paas-f5.prismaaccess.paloaltonetworks.com//api/config/v9.2/Objects/VulnerabilityProtectionSecurityProfiles",
          "created_at": 1682005986,
          "status": "fixed"
        }
      ]
    },
    {
      "categories": [
        "Authorization/Permissions",
        "Access/Privacy Control Violation"
      ],
      "exploitable_locations": [
        {
          "type": "url",
          "value": "https://dev-paas-f5.prismaaccess.paloaltonetworks.com//api/config/v9.2/Objects/DnsSecurityProfiles",
          "created_at": 1682006022,
          "status": "fixed"
        }
      ]
    },
    {
      "categories": [
        "SQL Injection",
        "SQL Injection- Full"
      ],
      "exploitable_locations": [
        {
          "type": "url",
          "value": "https://api.qa.reporting.paloaltonetworks.com/reporting/queryFast/v1/cdlFirewallTraffic",
          "assets_na": false,
          "assets_uids": [
            "65a0509ceb11eb985a4003b4"
          ],
          "created_at": 1713528869,
          "status": "fixed"
        }
      ]
    }
  ]
}