{
  "listing_id": "txzghk5dmz",
  "type": "categories",
  "value": [
    {
      "categories": [
        "Information Disclosure",
        "Sensitive API Keys"
      ],
      "exploitable_locations": [
        {
          "type": "url",
          "value": "https://www.oldmutual.co.za/om-assets/js/app.cb4f9cd8.js",
          "assets_na": false,
          "assets_uids": [
            "66ffb6405a0e02e3fdd0b200"
          ],
          "created_at": 1732912878,
          "status": "pending"
        }
      ]
    },
    {
      "categories": [
        "Information Disclosure",
        "Sensitive API Keys"
      ],
      "exploitable_locations": [
        {
          "type": "url",
          "value": "https://www.oldmutual.co.za/71c5501c0a4a1e4c418311736f3660bd2aca5358-81c6d9f575d5ec710fa1.js",
          "assets_na": false,
          "assets_uids": [
            "66ffb6405a0e02e3fdd0b200"
          ],
          "created_at": 1732913335,
          "status": "pending"
        }
      ]
    },
    {
      "categories": [
        "Information Disclosure",
        "Sensitive API Keys"
      ],
      "exploitable_locations": [
        {
          "type": "url",
          "value": "https://www.oldmutual.co.za/71c5501c0a4a1e4c418311736f3660bd2aca5358-81c6d9f575d5ec710fa1.js",
          "assets_na": false,
          "assets_uids": [
            "66ffb6405a0e02e3fdd0b200"
          ],
          "created_at": 1733169721,
          "status": "pending"
        }
      ]
    },
    {
      "categories": [
        "Information Disclosure",
        "Sensitive Data Exposure (documents marked confidential or internal use only)"
      ],
      "exploitable_locations": [
        {
          "type": "file",
          "value": "https://www.oldmutual.co.za/v3/assets/blt0554f48052bb4620/bltdcb073042196aa35/64a548d154b45f5c935976d7/Old_Mutual_SuperFund_Provident_Fund_2022_AFS.pdf",
          "assets_na": false,
          "assets_uids": [
            "66ffb6405a0e02e3fdd0b200"
          ],
          "created_at": 1733741268,
          "status": "pending"
        }
      ]
    },
    {
      "categories": [
        "Authorization/Permissions",
        "Server Side Request Forgery(SSRF)- Limited"
      ],
      "exploitable_locations": [
        {
          "type": "url",
          "value": "https://prod.oldmutualwill.co.za/graphql",
          "assets_na": false,
          "assets_uids": [
            "66ffb6405a0e02e3fdd0b200"
          ],
          "created_at": 1734965352,
          "status": "pending"
        }
      ]
    },
    {
      "categories": [
        "Information Disclosure",
        "Sensitive API Keys"
      ],
      "exploitable_locations": [
        {
          "type": "url",
          "value": "https://www.oldmutual.co.za/14a41eef0efebbaf7dea696e5754340a814cf38d-d38351064c6c221b77ee.js",
          "assets_na": false,
          "assets_uids": [
            "66ffb6405a0e02e3fdd0b200"
          ],
          "created_at": 1735361674,
          "status": "pending"
        }
      ]
    },
    {
      "categories": [
        "Information Disclosure",
        "Sensitive Data Exposure (documents marked confidential or internal use only)"
      ],
      "exploitable_locations": [
        {
          "type": "url",
          "value": "https://www.oldmutual.co.za/v3/assets/blt0554f48052bb4620/blt230f0cbf93045157/65b33dc1a5d93b040a191e16/vunaniinflationplus7fund.pdf",
          "assets_na": false,
          "assets_uids": [
            "66ffb6405a0e02e3fdd0b200"
          ],
          "created_at": 1735402755,
          "status": "pending"
        }
      ]
    },
    {
      "categories": [
        "Information Disclosure",
        "Sensitive Data Exposure (documents marked confidential or internal use only)"
      ],
      "exploitable_locations": [
        {
          "type": "url",
          "value": "https://www.oldmutual.co.za/v3/assets/blt0554f48052bb4620/blt230f0cbf93045157/62a9cd66c832d438a5145022/vunaniinflationplus7fund.pdf",
          "assets_na": false,
          "assets_uids": [
            "66ffb6405a0e02e3fdd0b200"
          ],
          "created_at": 1735434791,
          "status": "pending"
        }
      ]
    },
    {
      "categories": [
        "Information Disclosure",
        "Sensitive Client Information Disclosed"
      ],
      "exploitable_locations": [
        {
          "type": "url",
          "value": "https://www.oldmutual.co.za/om-assets/js/page--src--templates--wealth-faa-results-page-vue.d148ccd2.js",
          "assets_na": false,
          "assets_uids": [
            "65aa1cb4981e7175a56ac9e9"
          ],
          "created_at": 1735466219,
          "status": "pending"
        }
      ]
    },
    {
      "categories": [
        "Information Disclosure",
        "Sensitive Data Exposure (documents marked confidential or internal use only)"
      ],
      "exploitable_locations": [
        {
          "type": "url",
          "value": "https://www.oldmutual.co.za/forms/static/Corporate/",
          "assets_na": true,
          "assets_uids": [],
          "created_at": 1735738731,
          "status": "pending"
        }
      ]
    },
    {
      "categories": [
        "Information Disclosure",
        "Sensitive Data Exposure (documents marked confidential or internal use only)"
      ],
      "exploitable_locations": [
        {
          "type": "url",
          "value": "https://www.oldmutual.co.za/forms/OMProtect/New_Business_SA/https://www.oldmutual.co.za/forms/OMProtect/New_Business_SA/REPLACEMENT_ADVICE_RECORD_INDIVIDUAL_RISK_POLICIES.pdf",
          "assets_na": true,
          "assets_uids": [],
          "created_at": 1735739107,
          "status": "pending"
        }
      ]
    },
    {
      "categories": [
        "Information Disclosure",
        "Sensitive Data Exposure (documents marked confidential or internal use only)"
      ],
      "exploitable_locations": [
        {
          "type": "url",
          "value": "https://www.oldmutual.co.za/v3/assets/blt0554f48052bb4620/blt1d9cd757447cef84/662a4af99f121c8251804ea8/nedgroupflexibleincome.pdf",
          "assets_na": false,
          "assets_uids": [
            "66ffb6405a0e02e3fdd0b200"
          ],
          "created_at": 1735747349,
          "status": "pending"
        },
        {
          "type": "url",
          "value": "https://www.oldmutual.co.za/forms/static/Corporate/COVID-19_Employee_FAQs.pdf",
          "assets_na": false,
          "assets_uids": [
            "66ffb6405a0e02e3fdd0b200"
          ],
          "created_at": 1735747349,
          "status": "pending"
        },
        {
          "type": "url",
          "value": "https://www.oldmutual.co.za/v3/assets/blt0554f48052bb4620/bltddf20ccb284cb7ca/63b4492b219b1773dd39aeb7/nedgroupguardedfof.pdf",
          "assets_na": false,
          "assets_uids": [
            "66ffb6405a0e02e3fdd0b200"
          ],
          "created_at": 1735747349,
          "status": "pending"
        }
      ]
    },
    {
      "categories": [
        "Information Disclosure",
        "Identity of Software Architecture"
      ],
      "exploitable_locations": [
        {
          "type": "url",
          "value": "https://amping.oldmutual.co.za/api/v1/getPortalRoles",
          "assets_na": false,
          "assets_uids": [
            "66ffb6405a0e02e3fdd0b200"
          ],
          "created_at": 1736932656,
          "status": "pending"
        }
      ]
    },
    {
      "categories": [
        "Information Disclosure",
        "Sensitive Data Exposure (documents marked confidential or internal use only)"
      ],
      "exploitable_locations": [
        {
          "type": "file",
          "value": "https://www.oldmutual.co.za/v3/assets/blt0554f48052bb4620/bltb68eee43ac586c0e/669a1436ad834b20c8a9a56b/Weekly_Economic_Update_8_July_2024.pdf",
          "assets_na": false,
          "assets_uids": [
            "66ffb6405a0e02e3fdd0b200"
          ],
          "created_at": 1737128287,
          "status": "pending"
        },
        {
          "type": "file",
          "value": "ttps://www.oldmutual.co.za/v3/assets/blt0554f48052bb4620/bltdcd3cb4682487c07/667145117ab6730bab549580/Weekly_Economic_Update_18_June_2024.pdf",
          "assets_na": false,
          "assets_uids": [
            "66ffb6405a0e02e3fdd0b200"
          ],
          "created_at": 1737128287,
          "status": "pending"
        },
        {
          "type": "file",
          "value": "https://www.oldmutual.co.za/v3/assets/blt0554f48052bb4620/blt7b858d4e57ff81ac/6613a830d7d73b74cb824db1/Weekly_Economic_Update_8_April_2024.pdf",
          "assets_na": false,
          "assets_uids": [
            "66ffb6405a0e02e3fdd0b200"
          ],
          "created_at": 1737128287,
          "status": "pending"
        },
        {
          "type": "file",
          "value": "https://www.oldmutual.co.za/v3/assets/blt0554f48052bb4620/blt40194756c257f452/662f6444b68978d92da10edd/Weekly_Economic_Update_29_April_2024.pdf",
          "assets_na": false,
          "assets_uids": [
            "66ffb6405a0e02e3fdd0b200"
          ],
          "created_at": 1737128287,
          "status": "pending"
        }
      ]
    },
    {
      "categories": [
        "Information Disclosure",
        "Sensitive Data Exposure (documents marked confidential or internal use only)"
      ],
      "exploitable_locations": [
        {
          "type": "file",
          "value": "https://www.oldmutual.co.za/v3/assets/blt0554f48052bb4620/blt230f0cbf93045157/66f6747ab490f905e0624efd/vunaniinflationplus7fund.pdf",
          "assets_na": false,
          "assets_uids": [
            "66ffb6405a0e02e3fdd0b200"
          ],
          "created_at": 1737556150,
          "status": "pending"
        },
        {
          "type": "file",
          "value": "https://www.oldmutual.co.za/v3/assets/blt0554f48052bb4620/blt230f0cbf93045157/64db6929e9c9cf6ca291aa63/vunaniinflationplus7fund.pdf ",
          "assets_na": false,
          "assets_uids": [
            "66ffb6405a0e02e3fdd0b200"
          ],
          "created_at": 1737556150,
          "status": "pending"
        },
        {
          "type": "file",
          "value": "https://www.oldmutual.co.za/v3/assets/blt0554f48052bb4620/blt230f0cbf93045157/64424903c85f0b108e8c2690/vunaniinflationplus7fund.pdf",
          "assets_na": false,
          "assets_uids": [
            "66ffb6405a0e02e3fdd0b200"
          ],
          "created_at": 1737556150,
          "status": "pending"
        },
        {
          "type": "file",
          "value": "https://www.oldmutual.co.za/v3/assets/blt0554f48052bb4620/blt230f0cbf93045157/646f38fdec601301d9f6f489/vunaniinflationplus7fund.pdf",
          "assets_na": false,
          "assets_uids": [
            "66ffb6405a0e02e3fdd0b200"
          ],
          "created_at": 1737556150,
          "status": "pending"
        },
        {
          "type": "file",
          "value": "https://www.oldmutual.co.za/v3/assets/blt0554f48052bb4620/blt230f0cbf93045157/63fc6117f99724571a3aab0e/vunaniinflationplus7fund.pdf ",
          "assets_na": false,
          "assets_uids": [
            "66ffb6405a0e02e3fdd0b200"
          ],
          "created_at": 1737556150,
          "status": "pending"
        },
        {
          "type": "file",
          "value": "https://www.oldmutual.co.za/v3/assets/blt0554f48052bb4620/blt230f0cbf93045157/6724907b3a5527211bea8d71/vunaniinflationplus7fund.pdf",
          "assets_na": false,
          "assets_uids": [
            "66ffb6405a0e02e3fdd0b200"
          ],
          "created_at": 1737556150,
          "status": "pending"
        }
      ]
    },
    {
      "categories": [
        "Information Disclosure",
        "Sensitive Data Exposure (documents marked confidential or internal use only)"
      ],
      "exploitable_locations": [
        {
          "type": "url",
          "value": "https://www.oldmutual.co.za",
          "assets_na": false,
          "assets_uids": [
            "66ffb6405a0e02e3fdd0b200"
          ],
          "created_at": 1737995430,
          "status": "pending"
        }
      ]
    },
    {
      "categories": [
        "Information Disclosure",
        "Sensitive Data Exposure (documents marked confidential or internal use only)"
      ],
      "exploitable_locations": [
        {
          "type": "url",
          "value": "https://www.oldmutual.co.za/om-docs/blt9b811913b106edc9/heritage-day-comp-tcs.pdf",
          "assets_na": true,
          "assets_uids": [],
          "created_at": 1732200375,
          "status": "pending"
        }
      ]
    },
    {
      "categories": [
        "Information Disclosure",
        "Sensitive Data Exposure (documents marked confidential or internal use only)"
      ],
      "exploitable_locations": [
        {
          "type": "url",
          "value": "https://www.oldmutual.co.za/forms/static/Corporate/COVID-19_Employee_FAQs.pdf",
          "assets_na": false,
          "assets_uids": [
            "65aa1cb4981e7175a56ac9e9"
          ],
          "created_at": 1732288000,
          "status": "pending"
        }
      ]
    },
    {
      "categories": [
        "Information Disclosure",
        "Sensitive Information Leak to third-parties"
      ],
      "exploitable_locations": [
        {
          "type": "url",
          "value": "https://www.oldmutual.co.za/v3/assets/blt0554f48052bb4620/blteebc62abb796f502/66d81927baef365e906b4b79/Aperture_BHP_Group_FY_2024_Results.pdf",
          "assets_na": true,
          "assets_uids": [],
          "created_at": 1732302178,
          "status": "pending"
        },
        {
          "type": "url",
          "value": "https://www.oldmutual.co.za/v3/assets/blt0554f48052bb4620/blteae8ac84fa20c1c8/66b0f147de1eb50ec74c07a2/Aperture_Mondi_Plc_HY_2024_Results.pdf",
          "assets_na": true,
          "assets_uids": [],
          "created_at": 1732302178,
          "status": "pending"
        },
        {
          "type": "url",
          "value": "https://www.oldmutual.co.za/v3/assets/blt0554f48052bb4620/blt230f0cbf93045157/6724907b3a5527211bea8d71/vunaniinflationplus7fund.pdf",
          "assets_na": true,
          "assets_uids": [],
          "created_at": 1732302178,
          "status": "pending"
        },
        {
          "type": "url",
          "value": "https://www.oldmutual.co.za/v3/assets/blt0554f48052bb4620/bltc82ba2f7926c1c05/66ac9538f1d01671ec241b09/Aperture_Microsoft_Q4_2024_Results.pdf",
          "assets_na": true,
          "assets_uids": [],
          "created_at": 1732302178,
          "status": "pending"
        }
      ]
    },
    {
      "categories": [
        "Information Disclosure",
        "Sensitive Data Exposure (documents marked confidential or internal use only)"
      ],
      "exploitable_locations": [
        {
          "type": "url",
          "value": "https://www.oldmutual.co.za/v3/assets/blt0554f48052bb4620/bltdf73eea82d348121/6078148221046e4d793118ca/investec.pdf",
          "assets_na": true,
          "assets_uids": [],
          "created_at": 1732302607,
          "status": "pending"
        },
        {
          "type": "url",
          "value": "https://www.oldmutual.co.za/v3/assets/blt0554f48052bb4620/bltddf20ccb284cb7ca/671f2a469d20168a229e66fe/nedgroupguardedfof.pdf",
          "assets_na": true,
          "assets_uids": [],
          "created_at": 1732302607,
          "status": "pending"
        }
      ]
    },
    {
      "categories": [
        "Information Disclosure",
        "Sensitive Client Information Disclosed"
      ],
      "exploitable_locations": [
        {
          "type": "url",
          "value": "https://www.oldmutual.co.za/v3/assets/blt0554f48052bb4620/bltd12afecc03eb4a05/65c357ee8b307d040a0f3a5a/Hospital_Network.pdf",
          "assets_na": true,
          "assets_uids": [],
          "created_at": 1732303215,
          "status": "pending"
        },
        {
          "type": "url",
          "value": "https://www.oldmutual.co.za/v3/assets/blt0554f48052bb4620/blt825c65519e1387c2/65c357f0b57fcd040a46365d/Pharmacy_Network.pdf",
          "assets_na": true,
          "assets_uids": [],
          "created_at": 1732303215,
          "status": "pending"
        }
      ]
    },
    {
      "categories": [
        "Information Disclosure",
        "Sensitive API Keys"
      ],
      "exploitable_locations": [
        {
          "type": "url",
          "value": "https://www.oldmutual.co.za/app-2e4b83370d4046a67352.js",
          "assets_na": false,
          "assets_uids": [
            "66ffb6405a0e02e3fdd0b200"
          ],
          "created_at": 1732912174,
          "status": "pending"
        }
      ]
    }
  ]
}