{
  "listing_id": "u285aqoaig",
  "type": "categories",
  "value": [
    {
      "categories": [
        "Authorization/Permissions",
        "Insecure Direct Object Reference (Read-Only)"
      ],
      "exploitable_locations": [
        {
          "type": "url",
          "value": "https://smartpriceapi-test.dow.com/Report",
          "assets_na": false,
          "assets_uids": [
            "67041a6631238e53be18ccb5"
          ],
          "created_at": 1732207240,
          "status": "pending"
        }
      ]
    },
    {
      "categories": [
        "Authorization/Permissions",
        "Insecure Direct Object Reference (Read-Only)"
      ],
      "exploitable_locations": [
        {
          "type": "url",
          "value": "https://smartpriceapi-test.dow.com/Products",
          "assets_na": false,
          "assets_uids": [
            "67041a6631238e53be18ccb5"
          ],
          "created_at": 1732207937,
          "status": "pending"
        },
        {
          "type": "url",
          "value": "https://smartpriceapi-test.dow.com/GroupNames",
          "assets_na": false,
          "assets_uids": [
            "67041a6631238e53be18ccb5"
          ],
          "created_at": 1732207937,
          "status": "pending"
        }
      ]
    },
    {
      "categories": [
        "Authorization/Permissions",
        "Access Control Violation (High Privileged Functions-Read Only)"
      ],
      "exploitable_locations": [
        {
          "type": "url",
          "value": "https://smartpriceapi-test.dow.com/WorkflowThresholds",
          "assets_na": false,
          "assets_uids": [
            "67041a6631238e53be18ccb5"
          ],
          "created_at": 1732208105,
          "status": "pending"
        }
      ]
    },
    {
      "categories": [
        "Authorization/Permissions",
        "Access Control Violation (High Privileged Functions-Read Only)"
      ],
      "exploitable_locations": [
        {
          "type": "url",
          "value": "https://smartpriceapi-test.dow.com/WorkflowApprovers",
          "assets_na": false,
          "assets_uids": [
            "67041a6631238e53be18ccb5"
          ],
          "created_at": 1732208343,
          "status": "pending"
        }
      ]
    },
    {
      "categories": [
        "Authorization/Permissions",
        "Insecure Direct Object Reference (Read & Write)"
      ],
      "exploitable_locations": [
        {
          "type": "url",
          "value": "https://smartpriceapi-test.dow.com/PriceUpdates/BasePrice",
          "assets_na": false,
          "assets_uids": [
            "67041a6631238e53be18ccb5"
          ],
          "created_at": 1732209572,
          "status": "pending"
        }
      ]
    },
    {
      "categories": [
        "Authorization/Permissions",
        "Insecure Direct Object Reference (Read-Only)"
      ],
      "exploitable_locations": [
        {
          "type": "url",
          "value": "https://smartpriceapi-test.dow.com/Customer",
          "assets_na": false,
          "assets_uids": [
            "67041a6631238e53be18ccb5"
          ],
          "created_at": 1732210360,
          "status": "pending"
        }
      ]
    },
    {
      "categories": [
        "Authorization/Permissions",
        "Insecure Direct Object Reference (Read-Only)"
      ],
      "exploitable_locations": [
        {
          "type": "url",
          "value": "https://smartpriceapi-test.dow.com/Prices/Group",
          "assets_na": false,
          "assets_uids": [
            "67041a6631238e53be18ccb5"
          ],
          "created_at": 1732211719,
          "status": "pending"
        }
      ]
    },
    {
      "categories": [
        "Authorization/Permissions",
        "Access Control Violation (High Privileged Functions-Read Only)"
      ],
      "exploitable_locations": [
        {
          "type": "url",
          "value": "https://smartpriceapi-test.dow.com/approvers",
          "assets_na": false,
          "assets_uids": [
            "67041a6631238e53be18ccb5"
          ],
          "created_at": 1732214146,
          "status": "pending"
        }
      ]
    },
    {
      "categories": [
        "Authorization/Permissions",
        "Access Control Violation (High Privileged Functions - Read/Write or Write Only)"
      ],
      "exploitable_locations": [
        {
          "type": "url",
          "value": "https://smartpriceapi-test.dow.com/PriceUpdate/Discrepancy",
          "assets_na": false,
          "assets_uids": [
            "67041a6631238e53be18ccb5"
          ],
          "created_at": 1732249152,
          "status": "pending"
        }
      ]
    },
    {
      "categories": [
        "Authorization/Permissions",
        "Insecure Direct Object Reference (Read-Only)"
      ],
      "exploitable_locations": [
        {
          "type": "url",
          "value": "https://smartpriceapi-test.dow.com/GraphApi/Users",
          "assets_na": false,
          "assets_uids": [
            "67041a6631238e53be18ccb5"
          ],
          "created_at": 1732206188,
          "status": "pending"
        },
        {
          "type": "url",
          "value": "https://smartpriceapi-test.dow.com/User/<user_id>",
          "assets_na": false,
          "assets_uids": [
            "67041a6631238e53be18ccb5"
          ],
          "created_at": 1732206188,
          "status": "pending"
        }
      ]
    },
    {
      "categories": [
        "Authorization/Permissions",
        "Access Control Violation (High Privileged Functions-Read Only)"
      ],
      "exploitable_locations": [
        {
          "type": "url",
          "value": "https://smartpriceapi-test.dow.com/SPDiscrepancyAlerts/Approver",
          "assets_na": false,
          "assets_uids": [
            "67041a6631238e53be18ccb5"
          ],
          "created_at": 1732265465,
          "status": "pending"
        },
        {
          "type": "url",
          "value": "https://smartpriceapi-test.dow.com/SPDiscrepancyAlerts/Seller",
          "assets_na": false,
          "assets_uids": [
            "67041a6631238e53be18ccb5"
          ],
          "created_at": 1732265465,
          "status": "pending"
        }
      ]
    },
    {
      "categories": [
        "Authorization/Permissions",
        "Access Control Violation (High Privileged Functions - Read/Write or Write Only)"
      ],
      "exploitable_locations": [
        {
          "type": "url",
          "value": "https://smartpriceapi-test.dow.com/Views",
          "assets_na": false,
          "assets_uids": [
            "67041a6631238e53be18ccb5"
          ],
          "created_at": 1732269236,
          "status": "wont_fix"
        },
        {
          "type": "url",
          "value": "https://smartpriceapi-test.dow.com/Views",
          "assets_na": false,
          "assets_uids": [
            "67041a6631238e53be18ccb5"
          ],
          "created_at": 1732269236,
          "status": "wont_fix"
        }
      ]
    },
    {
      "categories": [
        "Authorization/Permissions",
        "Access Control Violation (High Privileged Functions - Read/Write or Write Only)"
      ],
      "exploitable_locations": [
        {
          "type": "url",
          "value": "https://smartpriceapi-test.dow.com/Views/Delete/<ID>",
          "assets_na": false,
          "assets_uids": [
            "67041a6631238e53be18ccb5"
          ],
          "created_at": 1732708917,
          "status": "wont_fix"
        }
      ]
    },
    {
      "categories": [
        "Authorization/Permissions",
        "Insecure Direct Object Reference (Read & Write)"
      ],
      "exploitable_locations": [
        {
          "type": "url",
          "value": "https://smartpriceapi-test.dow.com/GroupedPricesInfo",
          "assets_na": false,
          "assets_uids": [
            "67041a6631238e53be18ccb5"
          ],
          "created_at": 1732205875,
          "status": "pending"
        }
      ]
    },
    {
      "categories": [
        "Content Injection",
        "Spoof HTML Content"
      ],
      "exploitable_locations": [
        {
          "type": "url",
          "value": "https://smartpriceapi-test.dow.com/GroupedPricesInfo",
          "assets_na": false,
          "assets_uids": [
            "67041a6631238e53be18ccb5"
          ],
          "created_at": 1739174698,
          "status": "pending"
        }
      ]
    },
    {
      "categories": [
        "Authorization/Permissions",
        "Access Control Violation (High Privileged Functions - Read/Write or Write Only)"
      ],
      "exploitable_locations": [
        {
          "type": "url",
          "value": "https://smartpriceapi-test.dow.com/SellerSalesDirector/AllSellerSalesDirectors",
          "assets_na": false,
          "assets_uids": [
            "67041a6631238e53be18ccb5"
          ],
          "created_at": 1732206165,
          "status": "pending"
        },
        {
          "type": "url",
          "value": "https://smartpriceapi-test.dow.com/SellerSalesDirector/Manage",
          "assets_na": false,
          "assets_uids": [
            "67041a6631238e53be18ccb5"
          ],
          "created_at": 1732206165,
          "status": "pending"
        }
      ]
    },
    {
      "categories": [
        "Content Injection",
        "Spoof HTML Content"
      ],
      "exploitable_locations": [
        {
          "type": "url",
          "value": "https://smartpriceapi-test.dow.com/PriceUpdates/BasePrice",
          "assets_na": false,
          "assets_uids": [
            "67041a6631238e53be18ccb5"
          ],
          "created_at": 1739174743,
          "status": "pending"
        }
      ]
    },
    {
      "categories": [
        "Authorization/Permissions",
        "Server Side Request Forgery(SSRF)- Full"
      ],
      "exploitable_locations": [
        {
          "type": "url",
          "value": "https://smartpriceapi-test.dow.com/GeneratePdf",
          "assets_na": false,
          "assets_uids": [
            "67041a6631238e53be18ccb5"
          ],
          "created_at": 1732210266,
          "status": "wont_fix"
        }
      ]
    },
    {
      "categories": [
        "Authorization/Permissions",
        "Insecure Direct Object Reference (Read-Only)"
      ],
      "exploitable_locations": [
        {
          "type": "url",
          "value": "https://smartpriceapi-test.dow.com/MassUpdateStatus",
          "assets_na": false,
          "assets_uids": [
            "67041a6631238e53be18ccb5"
          ],
          "created_at": 1732206636,
          "status": "pending"
        }
      ]
    },
    {
      "categories": [
        "Authorization/Permissions",
        "Insecure Direct Object Reference (Read-Only)"
      ],
      "exploitable_locations": [
        {
          "type": "url",
          "value": "https://smartpriceapi-test.dow.com/Prices/User/FGLPAMSPSuper1",
          "assets_na": false,
          "assets_uids": [
            "67041a6631238e53be18ccb5"
          ],
          "created_at": 1732207184,
          "status": "pending"
        }
      ]
    },
    {
      "categories": [
        "Authorization/Permissions",
        "Insecure Direct Object Reference (Read-Only)"
      ],
      "exploitable_locations": [
        {
          "type": "url",
          "value": "https://smartpriceapi-test.dow.com/PriceAlerts/PricesTypes/Approval",
          "assets_na": false,
          "assets_uids": [
            "67041a6631238e53be18ccb5"
          ],
          "created_at": 1732210625,
          "status": "pending"
        }
      ]
    }
  ]
}