{
  "listing_id": "us2qtpjozx",
  "type": "categories",
  "value": [
    {
      "categories": [
        "Authorization/Permissions",
        "Access Control Violation (High Privileged Functions - Read/Write or Write Only)"
      ],
      "exploitable_locations": [
        {
          "type": "url",
          "value": "https://auth.mtvnservices-q.mtvi.com/profiles/{{profile_id}}",
          "assets_na": false,
          "assets_uids": [
            "6489e8e7c45e9287a3665707"
          ],
          "created_at": 1708358727,
          "status": "pending"
        }
      ]
    },
    {
      "categories": [
        "Authentication/Session Management",
        "Step-Up Authentication Bypass"
      ],
      "exploitable_locations": [
        {
          "type": "url",
          "value": "https://auth.mtvnservices-q.mtvi.com/profiles/<ID>/select",
          "assets_na": false,
          "assets_uids": [
            "6489e8e7c45e9287a3665707"
          ],
          "created_at": 1708363476,
          "status": "pending"
        }
      ]
    },
    {
      "categories": [
        "Server/Application Misconfiguration",
        "Cross-Origin Resource Sharing (CORS)"
      ],
      "exploitable_locations": [
        {
          "type": "url",
          "value": "https://auth.mtvnservices-q.mtvi.com/accessToken",
          "assets_na": false,
          "assets_uids": [
            "6489e8e7c45e9287a3665707"
          ],
          "created_at": 1714496559,
          "status": "pending"
        }
      ]
    },
    {
      "categories": [
        "Authorization/Permissions",
        "Server Side Request Forgery(SSRF)- Limited"
      ],
      "exploitable_locations": [
        {
          "type": "url",
          "value": "https://stage-www-bet-plus.webplex.vmn.io/api/templeton-modules-all-items",
          "assets_na": false,
          "assets_uids": [
            "6480c051c17e0700d4308394"
          ],
          "created_at": 1701225392,
          "status": "pending"
        }
      ]
    },
    {
      "categories": [
        "Server/Application Misconfiguration",
        "Cross-Origin Resource Sharing (CORS)"
      ],
      "exploitable_locations": [
        {
          "type": "url",
          "value": "https://auth.mtvnservices-q.mtvi.com/access/status",
          "assets_na": false,
          "assets_uids": [
            "6489e8e7c45e9287a3665704"
          ],
          "created_at": 1709896352,
          "status": "pending"
        }
      ]
    },
    {
      "categories": [
        "Authorization/Permissions",
        "Insecure Direct Object Reference (Read & Write)"
      ],
      "exploitable_locations": [
        {
          "type": "url",
          "value": "https://auth.mtvnservices-q.mtvi.com/directPayments/subscriptions",
          "assets_na": false,
          "assets_uids": [
            "6489e8e7c45e9287a3665704"
          ],
          "created_at": 1711224244,
          "status": "pending"
        }
      ]
    },
    {
      "categories": [
        "Functional/Business Logic",
        "Functionality Abuse with Malicious Impact"
      ],
      "exploitable_locations": [
        {
          "type": "url",
          "value": "https://auth.mtvnservices-q.mtvi.com/directPayments/products",
          "assets_na": false,
          "assets_uids": [
            "6489e8e7c45e9287a3665707"
          ],
          "created_at": 1714681622,
          "status": "pending"
        },
        {
          "type": "url",
          "value": "https://auth.mtvnservices-q.mtvi.com/directPayments/subscriptions",
          "assets_na": false,
          "assets_uids": [
            "6489e8e7c45e9287a3665707"
          ],
          "created_at": 1714681622,
          "status": "pending"
        }
      ]
    },
    {
      "categories": [
        "Functional/Business Logic",
        "Functionality Abuse with Malicious Impact"
      ],
      "exploitable_locations": [
        {
          "type": "url",
          "value": "https://auth.mtvnservices-q.mtvi.com/directPayments/subscriptions",
          "assets_na": false,
          "assets_uids": [
            "6489e8e7c45e9287a3665704"
          ],
          "created_at": 1714819402,
          "status": "pending"
        }
      ]
    }
  ]
}