{
  "listing_id": "v2lqiib0tc",
  "type": "categories",
  "value": [
    {
      "categories": [
        "Information Disclosure",
        "Sensitive API Keys"
      ],
      "exploitable_locations": [
        {
          "type": "url",
          "value": "https://www.pizzahut.ca/store-locator",
          "created_at": 1588715411,
          "status": "fixed"
        }
      ]
    },
    {
      "categories": [
        "Information Disclosure",
        "Sensitive API Keys"
      ],
      "exploitable_locations": [
        {
          "type": "url",
          "value": "https://www.pizzahut.co.uk/",
          "created_at": 1581420682,
          "status": "fixed"
        }
      ]
    },
    {
      "categories": [
        "Information Disclosure",
        "Sensitive Client Information Disclosed"
      ],
      "exploitable_locations": [
        {
          "type": "url",
          "value": "https://github.com/RohitKurichh/COVIDCASEYUMREPORT/tree/master/MongoDB/Report",
          "created_at": 1608048009,
          "status": "fixed"
        }
      ]
    },
    {
      "categories": [
        "Cross-Site Scripting (XSS)",
        "**Reflected XSS (OLD DNU)**"
      ],
      "exploitable_locations": [
        {
          "type": "url",
          "value": "https://ca.pizzahut.io/order/card-details/",
          "created_at": 1608330082,
          "status": "fixed"
        }
      ]
    },
    {
      "categories": [
        "Authentication/Session Management",
        "Login Authentication Bypass"
      ],
      "exploitable_locations": [
        {
          "type": "url",
          "value": "https://api.pizzahut.io/v1/otp/verify",
          "created_at": 1581434568,
          "status": "fixed"
        }
      ]
    },
    {
      "categories": [
        "Information Disclosure",
        "Sensitive Directory/File Contents Disclosed"
      ],
      "exploitable_locations": [
        {
          "type": "app-location",
          "value": "/assets/uploads/",
          "created_at": 1619039369,
          "status": "fixed"
        }
      ]
    },
    {
      "categories": [
        "Information Disclosure",
        "Sensitive API Keys"
      ],
      "exploitable_locations": [
        {
          "type": "url",
          "value": "https://www.pizzahut.co.in/",
          "created_at": 1581580643,
          "status": "fixed"
        }
      ]
    },
    {
      "categories": [
        "Authorization/Permissions",
        "Access/Privacy Control Violation"
      ],
      "exploitable_locations": [
        {
          "type": "url",
          "value": "https://www.pizzahut.co.in/order/dev-settings/",
          "created_at": 1632725120,
          "status": "fixed"
        }
      ]
    },
    {
      "categories": [
        "Other",
        "Other - Please describe"
      ],
      "exploitable_locations": [
        {
          "type": "url",
          "value": "https://www.pizzahut.co.uk/order/dev-settings",
          "created_at": 1632915254,
          "status": "fixed"
        },
        {
          "type": "url",
          "value": "https://www.pizzahut.fr/order/dev-settings",
          "created_at": 1632915254,
          "status": "fixed"
        },
        {
          "type": "url",
          "value": "https://ca.pizzahut.io/order/dev-settings",
          "created_at": 1632915254,
          "status": "fixed"
        },
        {
          "type": "url",
          "value": "https://www.pizzahut.ca/order/dev-settings/",
          "created_at": 1632915254,
          "status": "fixed"
        }
      ]
    },
    {
      "categories": [
        "Other",
        "Other - Please describe"
      ],
      "exploitable_locations": [
        {
          "type": "app-location",
          "value": "Order details and payment receipt on email",
          "created_at": 1581858444,
          "status": "fixed"
        }
      ]
    },
    {
      "categories": [
        "Server/Application Misconfiguration",
        "Unclaimed Domain In Use"
      ],
      "exploitable_locations": [
        {
          "type": "url",
          "value": "https://www.pizzahut.fr/faqs",
          "assets_na": false,
          "assets_uids": [
            "5e3dd5bc129d8300011dc133"
          ],
          "created_at": 1720171949,
          "status": "fixed"
        }
      ]
    },
    {
      "categories": [
        "Functional/Business Logic",
        "Functionality Abuse with Malicious Impact"
      ],
      "exploitable_locations": [
        {
          "type": "url",
          "value": "https://www.pizzahut.co.uk/v1/idp/arrange-magic-link",
          "assets_na": false,
          "assets_uids": [
            "5e3dd5ab1addf4000166bc66"
          ],
          "created_at": 1728647044,
          "status": "pending"
        }
      ]
    },
    {
      "categories": [
        "Authentication/Session Management",
        "Default Credentials - Admin"
      ],
      "exploitable_locations": [
        {
          "type": "other",
          "value": "Internal Pizzahut Outlet Panel",
          "assets_na": true,
          "assets_uids": [],
          "created_at": 1734242421,
          "status": "pending"
        }
      ]
    },
    {
      "categories": [
        "Authentication/Session Management",
        "Default Credentials - Admin"
      ],
      "exploitable_locations": [
        {
          "type": "other",
          "value": "Internal thirdparty portal access",
          "assets_na": true,
          "assets_uids": [],
          "created_at": 1734243727,
          "status": "pending"
        }
      ]
    },
    {
      "categories": [
        "SQL Injection",
        "**Error-based**"
      ],
      "exploitable_locations": [
        {
          "type": "url",
          "value": "https://www.careersatpizzahut.co.uk/json_data.php",
          "created_at": 1585777455,
          "status": "fixed"
        }
      ]
    },
    {
      "categories": [
        "Information Disclosure",
        "Sensitive API Keys"
      ],
      "exploitable_locations": [
        {
          "type": "url",
          "value": "https://www.pizzahutdeliveryni.com",
          "created_at": 1585802980,
          "status": "wont_fix"
        }
      ]
    },
    {
      "categories": [
        "Cross-Site Scripting (XSS)",
        "**Reflected XSS (OLD DNU)**"
      ],
      "exploitable_locations": [
        {
          "type": "url",
          "value": "https://www.pizzahut.co.uk/restaurants/takeaway/takeaway-message/",
          "created_at": 1585811886,
          "status": "fixed"
        }
      ]
    },
    {
      "categories": [
        "SQL Injection",
        "**Error-based**"
      ],
      "exploitable_locations": [
        {
          "type": "url",
          "value": "https://www.pizzahutdeliveryni.com/order_onlinev3_6/store-closed.php",
          "created_at": 1585812984,
          "status": "fixed"
        },
        {
          "type": "url",
          "value": "https://www.pizzahutdeliveryni.com/order_onlinev3_5/store-closed.php",
          "created_at": 1585812984,
          "status": "fixed"
        },
        {
          "type": "url",
          "value": "https://www.pizzahutdeliveryni.com/order_onlinev3_4/store-closed.php",
          "created_at": 1585812984,
          "status": "fixed"
        },
        {
          "type": "url",
          "value": "https://www.pizzahutdeliveryni.com/order_onlinev3/store-closed.php",
          "created_at": 1585812984,
          "status": "fixed"
        },
        {
          "type": "url",
          "value": "https://www.pizzahutdeliveryni.com/order_onlinev3_6/index.php",
          "created_at": 1585812984,
          "status": "fixed"
        },
        {
          "type": "url",
          "value": "https://www.pizzahutdeliveryni.com/order_onlinev3_5/index.php",
          "created_at": 1585812984,
          "status": "fixed"
        },
        {
          "type": "url",
          "value": "https://www.pizzahutdeliveryni.com/order_onlinev3_4/index.php",
          "created_at": 1585812984,
          "status": "fixed"
        },
        {
          "type": "url",
          "value": "https://www.pizzahutdeliveryni.com/order_onlinev3/index.php",
          "created_at": 1585812984,
          "status": "fixed"
        },
        {
          "type": "url",
          "value": "https://www.pizzahutdelivery.ie/order_onlinev3/order-online.php",
          "created_at": 1585812984,
          "status": "fixed"
        },
        {
          "type": "url",
          "value": "https://www.pizzahutdeliveryni.com/order_onlinev3_6/voucher.php",
          "created_at": 1585812984,
          "status": "fixed"
        },
        {
          "type": "url",
          "value": "https://www.pizzahutdeliveryni.com/order_onlinev3_5/voucher.php",
          "created_at": 1585812984,
          "status": "fixed"
        },
        {
          "type": "url",
          "value": "https://www.pizzahutdeliveryni.com/order_onlinev3_4/voucher.php",
          "created_at": 1585812984,
          "status": "fixed"
        },
        {
          "type": "url",
          "value": "https://www.pizzahutdeliveryni.com/order_onlinev4_1/voucher.php",
          "created_at": 1585812984,
          "status": "fixed"
        }
      ]
    },
    {
      "categories": [
        "Information Disclosure",
        "Sensitive API Keys"
      ],
      "exploitable_locations": [
        {
          "type": "url",
          "value": "https://restaurants.pizzahut.co.in/pizza-hut-kirti-nagar-pizza-restaurant-kirti-nagar-new-delhi-1236/Map",
          "created_at": 1585814467,
          "status": "wont_fix"
        }
      ]
    },
    {
      "categories": [
        "Information Disclosure",
        "Sensitive Client Information Disclosed"
      ],
      "exploitable_locations": [
        {
          "type": "url",
          "value": "https://www.pizzahutdeliveryni.com/test1.php",
          "created_at": 1585814682,
          "status": "fixed"
        }
      ]
    },
    {
      "categories": [
        "SQL Injection",
        "**Blind**"
      ],
      "exploitable_locations": [
        {
          "type": "url",
          "value": "https://www.careersatpizzahut.co.uk:443/json_data.php",
          "created_at": 1585835708,
          "status": "fixed"
        }
      ]
    },
    {
      "categories": [
        "SQL Injection",
        "**Error-based**"
      ],
      "exploitable_locations": [
        {
          "type": "url",
          "value": "https://www.pizzahutdeliveryni.com/order_onlinev3_3A/checker.php",
          "created_at": 1585837915,
          "status": "fixed"
        },
        {
          "type": "url",
          "value": "https://www.pizzahutdeliveryni.com/order_onlinev3_6/checker.php",
          "created_at": 1585837915,
          "status": "fixed"
        },
        {
          "type": "url",
          "value": "https://www.pizzahutdeliveryni.com/order_onlinev3_5/checker.php",
          "created_at": 1585837915,
          "status": "fixed"
        },
        {
          "type": "url",
          "value": "https://www.pizzahutdeliveryni.com/order_onlinev3_4/checker.php",
          "created_at": 1585837915,
          "status": "fixed"
        },
        {
          "type": "url",
          "value": "https://www.pizzahutdeliveryni.com/order_onlinev4_1/checker.php",
          "created_at": 1585837915,
          "status": "fixed"
        }
      ]
    },
    {
      "categories": [
        "SQL Injection",
        "**Error-based**"
      ],
      "exploitable_locations": [
        {
          "type": "url",
          "value": "https://www.pizzahutdeliveryni.com/order_onlinev3_6/order.php",
          "created_at": 1585852456,
          "status": "fixed"
        },
        {
          "type": "url",
          "value": "https://www.pizzahutdeliveryni.com/order_onlinev3_5/order.php",
          "created_at": 1585852456,
          "status": "fixed"
        },
        {
          "type": "url",
          "value": "https://www.pizzahutdeliveryni.com/order_onlinev3_4/order.php",
          "created_at": 1585852456,
          "status": "fixed"
        }
      ]
    },
    {
      "categories": [
        "Authorization/Permissions",
        "Path Traversal"
      ],
      "exploitable_locations": [
        {
          "type": "other",
          "value": " https://pizzahut.co.in/_next/static/..%2fserver/pages-manifest.json/",
          "created_at": 1585944950,
          "status": "fixed"
        },
        {
          "type": "url",
          "value": "https://www.pizzahut.fr/_next/static/..%2fserver/pages-manifest.json/",
          "created_at": 1585944950,
          "status": "fixed"
        },
        {
          "type": "url",
          "value": "https://www.pizzahut.co.uk/_next/static/..%2fserver/pages-manifest.json/",
          "created_at": 1585944950,
          "status": "fixed"
        }
      ]
    },
    {
      "categories": [
        "Information Disclosure",
        "Sensitive Client Information Disclosed"
      ],
      "exploitable_locations": [
        {
          "type": "other",
          "value": "https://github.com/saurabh14vit/YumHourlyReport/blob/3d3ca5d92b5ead4562ccef1c82ddcc9f9e52f1df/src/main/resources/application.properties",
          "created_at": 1586146236,
          "status": "fixed"
        }
      ]
    },
    {
      "categories": [
        "Cross-Site Scripting (XSS)",
        "**Reflected XSS (OLD DNU)**"
      ],
      "exploitable_locations": [
        {
          "type": "url",
          "value": "https://www.pizzahut.co.uk/restaurants/takeaway/takeaway-message-parking/",
          "created_at": 1581400598,
          "status": "fixed"
        }
      ]
    },
    {
      "categories": [
        "Authentication/Session Management",
        "Login Authentication Bypass"
      ],
      "exploitable_locations": [
        {
          "type": "url",
          "value": "https://www.pizzahut.co.in/",
          "created_at": 1587880264,
          "status": "wont_fix"
        }
      ]
    },
    {
      "categories": [
        "Information Disclosure",
        "Sensitive Client Information Disclosed"
      ],
      "exploitable_locations": [
        {
          "type": "url",
          "value": "https://api.pizzahut.io/v1/huts/",
          "created_at": 1588677704,
          "status": "fixed"
        }
      ]
    },
    {
      "categories": [
        "Cross-Site Scripting (XSS)",
        "**Reflected XSS (OLD DNU)**"
      ],
      "exploitable_locations": [
        {
          "type": "url",
          "value": "https://www.pizzahut.co.uk/restaurants/takeaway/",
          "created_at": 1581401075,
          "status": "fixed"
        }
      ]
    },
    {
      "categories": [
        "Cross-Site Scripting (XSS)",
        "**Reflected XSS (OLD DNU)**"
      ],
      "exploitable_locations": [
        {
          "type": "url",
          "value": "https://www.pizzahut.co.uk/restaurants/find-a-hut/",
          "created_at": 1581406363,
          "status": "fixed"
        }
      ]
    },
    {
      "categories": [
        "Cross-Site Scripting (XSS)",
        "**Reflected XSS (OLD DNU)**"
      ],
      "exploitable_locations": [
        {
          "type": "url",
          "value": "https://carriere.pizzahut.fr/candidature-spontanee/",
          "created_at": 1596345657,
          "status": "wont_fix"
        }
      ]
    },
    {
      "categories": [
        "Content Injection",
        "**Spoof HTML Content**"
      ],
      "exploitable_locations": [
        {
          "type": "url",
          "value": "https://www.pizzahut.co.in/order/checkout/",
          "created_at": 1581410069,
          "status": "fixed"
        }
      ]
    },
    {
      "categories": [
        "Information Disclosure",
        "Sensitive Directory/File Contents Disclosed"
      ],
      "exploitable_locations": [
        {
          "type": "url",
          "value": "https://customers.pizzahut.co.uk/.git/",
          "created_at": 1596423628,
          "status": "fixed"
        }
      ]
    },
    {
      "categories": [
        "Cross-Site Scripting (XSS)",
        "**Reflected XSS (OLD DNU)**"
      ],
      "exploitable_locations": [
        {
          "type": "url",
          "value": "https://www.pizzahut.co.uk/restaurants/takeaway/takeaway-message-parking/",
          "created_at": 1593729610,
          "status": "fixed"
        }
      ]
    },
    {
      "categories": [
        "Functional/Business Logic",
        "Functionality Abuse with Malicious Impact"
      ],
      "exploitable_locations": [
        {
          "type": "url",
          "value": "https://www.pizzahut.co.uk/ph_uk/storefront/graphql",
          "assets_na": false,
          "assets_uids": [
            "66bcaa37d20f6cd4f0cd7124"
          ],
          "created_at": 1723715233,
          "status": "pending"
        }
      ]
    }
  ]
}