{
  "listing_id": "v2lqiib0tc",
  "type": "categories",
  "value": [
    {
      "categories": [
        "Functional/Business Logic",
        "Functionality Abuse with Malicious Impact"
      ],
      "exploitable_locations": [
        {
          "type": "url",
          "value": "https://api.pizzahut.io/v1/otp/generate",
          "created_at": 1581356624,
          "status": "pending"
        }
      ]
    },
    {
      "categories": [
        "Functional/Business Logic",
        "Improper Input Validation"
      ],
      "exploitable_locations": [
        {
          "type": "url",
          "value": "https://www.pizzahutdeliveryni.com/order_onlinev3_7/order.php",
          "created_at": 1603838997,
          "status": "pending"
        }
      ]
    },
    {
      "categories": [
        "Information Disclosure",
        "Sensitive Directory/File Contents Disclosed"
      ],
      "exploitable_locations": [
        {
          "type": "url",
          "value": "https://github.com/saurabh14vit/MenuMix28-Sep/blob/2e1b452955ec95e6054c52fb3ef9fed15bc7d47b/target/classes/application.properties",
          "created_at": 1603858262,
          "status": "pending"
        }
      ]
    },
    {
      "categories": [
        "Information Disclosure",
        "Sensitive Directory/File Contents Disclosed"
      ],
      "exploitable_locations": [
        {
          "type": "url",
          "value": "https://github.com/saurabh14vit/YumReport17July/blob/28edf18a44d50f51a67bf8edae0be0e1fe75d11f/src/main/resources/application.properties",
          "created_at": 1603858898,
          "status": "pending"
        }
      ]
    },
    {
      "categories": [
        "Information Disclosure",
        "Sensitive API Keys"
      ],
      "exploitable_locations": [
        {
          "type": "url",
          "value": "https://ca.pizzahut.io/",
          "created_at": 1604323913,
          "status": "pending"
        }
      ]
    },
    {
      "categories": [
        "Functional/Business Logic",
        "Functionality Abuse with Malicious Impact"
      ],
      "exploitable_locations": [
        {
          "type": "url",
          "value": "https://www.pizzahut.fr/order/card-details/",
          "created_at": 1606660490,
          "status": "pending"
        }
      ]
    },
    {
      "categories": [
        "Information Disclosure",
        "Sensitive Client Information Disclosed"
      ],
      "exploitable_locations": [
        {
          "type": "url",
          "value": "https://github.com/RohitKurichh/*",
          "created_at": 1607634718,
          "status": "pending"
        }
      ]
    },
    {
      "categories": [
        "Cloud Security",
        "AWS Security Compliance"
      ],
      "exploitable_locations": [
        {
          "type": "url",
          "value": "https://cognito-idp.eu-west-1.amazonaws.com/",
          "created_at": 1609960657,
          "status": "pending"
        }
      ]
    },
    {
      "categories": [
        "Authentication/Session Management",
        "Account Enumeration"
      ],
      "exploitable_locations": [
        {
          "type": "url",
          "value": "https://api.pizzahut.io",
          "created_at": 1610609205,
          "status": "pending"
        }
      ]
    },
    {
      "categories": [
        "Brute Force",
        "Lack of Rate Limiting Protections  (i.e. CAPTCHA)"
      ],
      "exploitable_locations": [
        {
          "type": "url",
          "value": "https://api.pizzahut.io/v1/otp/generate",
          "created_at": 1581433498,
          "status": "pending"
        }
      ]
    },
    {
      "categories": [
        "Cross-site Request Forgery (CSRF)",
        "**CSRF Protection Not Enforced**"
      ],
      "exploitable_locations": [
        {
          "type": "url",
          "value": "https://api.pizzahut.io/v1/payment-providers/post-authorization",
          "created_at": 1610640436,
          "status": "pending"
        }
      ]
    },
    {
      "categories": [
        "Information Disclosure",
        "Directory Contents Disclosed"
      ],
      "exploitable_locations": [
        {
          "type": "url",
          "value": "https://ebill.pizzahut.co.in/img/",
          "created_at": 1611072148,
          "status": "pending"
        },
        {
          "type": "url",
          "value": "https://ebill.pizzahut.co.in/img1234",
          "created_at": 1611072148,
          "status": "pending"
        }
      ]
    },
    {
      "categories": [
        "Information Disclosure",
        "Service Version Disclosed"
      ],
      "exploitable_locations": [
        {
          "type": "url",
          "value": "https://restaurant.pizzahut.fr/index.php",
          "created_at": 1611257326,
          "status": "pending"
        }
      ]
    },
    {
      "categories": [
        "Content Injection",
        "**Spoof HTML Content**"
      ],
      "exploitable_locations": [
        {
          "type": "url",
          "value": "https://recruitment.pizzahut.co.uk/app/user/profile",
          "created_at": 1611552839,
          "status": "pending"
        }
      ]
    },
    {
      "categories": [
        "Information Disclosure",
        "Sensitive API Keys"
      ],
      "exploitable_locations": [
        {
          "type": "url",
          "value": "https://www.pizzahut.fr/order/js/fr.60d40d2d7333a2bcfcd2.js",
          "created_at": 1612799545,
          "status": "pending"
        }
      ]
    },
    {
      "categories": [
        "Information Disclosure",
        "Sensitive API Keys"
      ],
      "exploitable_locations": [
        {
          "type": "url",
          "value": "https://www.pizzahut.fr/order/js/fr.2164049235d704fd35eb.js",
          "created_at": 1612823672,
          "status": "pending"
        }
      ]
    },
    {
      "categories": [
        "SQL Injection",
        "**Error-based**"
      ],
      "exploitable_locations": [
        {
          "type": "url",
          "value": "https://www.pizzahutdeliveryni.com/order_onlinev3_7/optin-insert.php",
          "created_at": 1612825702,
          "status": "pending"
        }
      ]
    },
    {
      "categories": [
        "SQL Injection",
        "**Error-based**"
      ],
      "exploitable_locations": [
        {
          "type": "url",
          "value": "https://www.pizzahutdeliveryni.com/order_onlinev3_7/order.php",
          "created_at": 1612826404,
          "status": "pending"
        }
      ]
    },
    {
      "categories": [
        "SQL Injection",
        "**Incorrect Type Handling**"
      ],
      "exploitable_locations": [
        {
          "type": "url",
          "value": "https://www.pizzahutdeliveryni.com/order_onlinev3_7/checker.php",
          "created_at": 1612827564,
          "status": "pending"
        }
      ]
    },
    {
      "categories": [
        "Information Disclosure",
        "Sensitive API Keys"
      ],
      "exploitable_locations": [
        {
          "type": "url",
          "value": "https://www.pizzahut.co.uk/restaurants/find-a-hut/broadstairs/thanet/",
          "created_at": 1612937762,
          "status": "pending"
        }
      ]
    },
    {
      "categories": [
        "Information Disclosure",
        "Sensitive API Keys"
      ],
      "exploitable_locations": [
        {
          "type": "url",
          "value": "https://gist.github.com/KishoreTorlakonda",
          "created_at": 1612976603,
          "status": "pending"
        }
      ]
    },
    {
      "categories": [
        "Cross-Site Scripting (XSS)",
        "**Persistent XSS**"
      ],
      "exploitable_locations": [
        {
          "type": "url",
          "value": "https://www.pizzahutdeliveryni.com/order_onlinev3_7/member.php",
          "created_at": 1615556933,
          "status": "pending"
        }
      ]
    },
    {
      "categories": [
        "Authentication/Session Management",
        "2FA Authentication Bypass"
      ],
      "exploitable_locations": [
        {
          "type": "url",
          "value": "https://api.pizzahut.io",
          "created_at": 1616235688,
          "status": "pending"
        }
      ]
    },
    {
      "categories": [
        "Information Disclosure",
        "Sensitive API Keys"
      ],
      "exploitable_locations": [
        {
          "type": "url",
          "value": "https://www.pizzahut.co.in/",
          "created_at": 1617482627,
          "status": "pending"
        }
      ]
    },
    {
      "categories": [
        "Authentication/Session Management",
        "2FA Authentication Bypass"
      ],
      "exploitable_locations": [
        {
          "type": "url",
          "value": "https://api.pizzahut.io/v1/otp/verify",
          "created_at": 1617535827,
          "status": "pending"
        }
      ]
    },
    {
      "categories": [
        "Cryptography",
        "Weak Ciphers Used for Encryption"
      ],
      "exploitable_locations": [
        {
          "type": "url",
          "value": "https://online.pizzahut.co.in",
          "created_at": 1619085022,
          "status": "pending"
        }
      ]
    },
    {
      "categories": [
        "Authentication/Session Management",
        "Login Authentication Bypass"
      ],
      "exploitable_locations": [
        {
          "type": "url",
          "value": "https://api.pizzahut.io/v1/otp/verify",
          "created_at": 1619088557,
          "status": "pending"
        }
      ]
    },
    {
      "categories": [
        "Information Disclosure",
        "Sensitive API Keys"
      ],
      "exploitable_locations": [
        {
          "type": "url",
          "value": "https://www.pizzahut.co.uk/restaurants/find-a-hut/",
          "created_at": 1619379968,
          "status": "pending"
        }
      ]
    },
    {
      "categories": [
        "Information Disclosure",
        "Sensitive Client Information Disclosed"
      ],
      "exploitable_locations": [
        {
          "type": "url",
          "value": "https://github.com/SheelooUnikove/RenderlogyAdmin/blob/10d74d8f561e6abd3c6adb78363c4e3e35a971c4/Renderlogy1709/Renderlogy1609/Project/RenderLogy/Web.config",
          "created_at": 1621532474,
          "status": "pending"
        }
      ]
    },
    {
      "categories": [
        "Brute Force",
        "Lack of Rate Limiting Protections  (i.e. CAPTCHA)"
      ],
      "exploitable_locations": [
        {
          "type": "url",
          "value": "https://www.pizzahut.co.uk/account/",
          "created_at": 1623792856,
          "status": "pending"
        }
      ]
    },
    {
      "categories": [
        "Authorization/Permissions",
        "**Server-side Request Forgery (SSRF)**"
      ],
      "exploitable_locations": [
        {
          "type": "url",
          "value": "https://www.pizzahutfranchise.fr/wp/xmlrpc.php",
          "created_at": 1623903365,
          "status": "pending"
        }
      ]
    },
    {
      "categories": [
        "Functional/Business Logic",
        "Functionality Abuse with Malicious Impact"
      ],
      "exploitable_locations": [
        {
          "type": "url",
          "value": "https://www.pizzahut.co.uk/account/",
          "created_at": 1624730536,
          "status": "pending"
        }
      ]
    },
    {
      "categories": [
        "Information Disclosure",
        "Sensitive Client Information Disclosed"
      ],
      "exploitable_locations": [
        {
          "type": "url",
          "value": "https://api.pizzahut.io/v1/huts",
          "created_at": 1626093759,
          "status": "pending"
        }
      ]
    },
    {
      "categories": [
        "Authorization/Permissions",
        "Access/Privacy Control Violation"
      ],
      "exploitable_locations": [
        {
          "type": "ip",
          "protocol": "tcp",
          "address": "52.175.55.234",
          "port": "8080",
          "created_at": 1626186715,
          "status": "pending"
        }
      ]
    },
    {
      "categories": [
        "Server/Application Misconfiguration",
        "Security HTTP Headers"
      ],
      "exploitable_locations": [
        {
          "type": "url",
          "value": "http://www.pizzahutdeliveryni.com/",
          "created_at": 1626623873,
          "status": "pending"
        },
        {
          "type": "url",
          "value": "http://www.pizzahutdeliveryni.com/",
          "created_at": 1626623873,
          "status": "pending"
        }
      ]
    },
    {
      "categories": [
        "Functional/Business Logic",
        "Functionality Abuse with Malicious Impact"
      ],
      "exploitable_locations": [
        {
          "type": "url",
          "value": "https://api.pizzahut.io",
          "created_at": 1627208338,
          "status": "pending"
        }
      ]
    },
    {
      "categories": [
        "Functional/Business Logic",
        "Functionality Abuse with Malicious Impact"
      ],
      "exploitable_locations": [
        {
          "type": "url",
          "value": "https://api.pizzahut.io",
          "created_at": 1627717689,
          "status": "pending"
        }
      ]
    },
    {
      "categories": [
        "Information Disclosure",
        "Sensitive Client Information Disclosed"
      ],
      "exploitable_locations": [
        {
          "type": "url",
          "value": "https://www.pizzahut.co.in",
          "created_at": 1627718302,
          "status": "pending"
        }
      ]
    },
    {
      "categories": [
        "Cloud Security",
        "AWS Security Compliance"
      ],
      "exploitable_locations": [
        {
          "type": "url",
          "value": "https://ca.pizzahut.io/account/",
          "created_at": 1628163349,
          "status": "pending"
        }
      ]
    },
    {
      "categories": [
        "Authentication/Session Management",
        "Login Authentication Bypass"
      ],
      "exploitable_locations": [
        {
          "type": "url",
          "value": "https://www.pizzahut.co.in/otp",
          "created_at": 1581589275,
          "status": "pending"
        }
      ]
    },
    {
      "categories": [
        "Server/Application Misconfiguration",
        "UI redressing/Clickjacking"
      ],
      "exploitable_locations": [
        {
          "type": "url",
          "value": "https://www.pizzahut.co.uk/restaurants/",
          "created_at": 1628269180,
          "status": "pending"
        }
      ]
    },
    {
      "categories": [
        "Brute Force",
        "**Bypass of Lack of Rate Limiting Protections  (i.e. CAPTCHA)**"
      ],
      "exploitable_locations": [
        {
          "type": "url",
          "value": "https://www.pizzahut.co.in/order/pizzas/",
          "created_at": 1628592265,
          "status": "pending"
        }
      ]
    },
    {
      "categories": [
        "Functional/Business Logic",
        "Functionality Abuse with Malicious Impact"
      ],
      "exploitable_locations": [
        {
          "type": "url",
          "value": "https://www.pizzahut.co.uk/account/",
          "created_at": 1629014841,
          "status": "pending"
        }
      ]
    },
    {
      "categories": [
        "Functional/Business Logic",
        "Functionality Abuse with Malicious Impact"
      ],
      "exploitable_locations": [
        {
          "type": "url",
          "value": "https://www.pizzahut.co.in/menu/deals",
          "created_at": 1629048265,
          "status": "pending"
        }
      ]
    },
    {
      "categories": [
        "Information Disclosure",
        "Sensitive API Keys"
      ],
      "exploitable_locations": [
        {
          "type": "url",
          "value": "https://www.pizzahut.co.in/order/js/in.37247ef2498435e0c805.js",
          "created_at": 1629299061,
          "status": "pending"
        }
      ]
    },
    {
      "categories": [
        "Information Disclosure",
        "Sensitive Client Information Disclosed"
      ],
      "exploitable_locations": [
        {
          "type": "url",
          "value": "https://restaurants.pizzahut.co.in/",
          "created_at": 1630171190,
          "status": "pending"
        }
      ]
    },
    {
      "categories": [
        "Functional/Business Logic",
        "Client Side Validation"
      ],
      "exploitable_locations": [
        {
          "type": "url",
          "value": "https://api.pizzahut.io/v1/otp/verify",
          "created_at": 1631160471,
          "status": "pending"
        }
      ]
    },
    {
      "categories": [
        "Information Disclosure",
        "Sensitive Client Information Disclosed"
      ],
      "exploitable_locations": [
        {
          "type": "url",
          "value": "https://api.pizzahut.io/v1/huts",
          "created_at": 1631270059,
          "status": "pending"
        }
      ]
    },
    {
      "categories": [
        "Information Disclosure",
        "Sensitive API Keys"
      ],
      "exploitable_locations": [
        {
          "type": "url",
          "value": "https://www.pizzahut.fr/order/js/fr.bd0651a328e61867191e.js",
          "created_at": 1581680627,
          "status": "pending"
        }
      ]
    },
    {
      "categories": [
        "Authentication/Session Management",
        "Default Credentials Non-Admin"
      ],
      "exploitable_locations": [
        {
          "type": "url",
          "value": "https://www.pizzahut.co.in/account/otp",
          "created_at": 1633018235,
          "status": "pending"
        }
      ]
    },
    {
      "categories": [
        "Cross-Site Scripting (XSS)",
        "Reflected XSS"
      ],
      "exploitable_locations": [
        {
          "type": "url",
          "value": "https://carriere.pizzahut.fr/emplois/uncategorized-fr/143-livreur-polyvalent-h-f-fr/",
          "created_at": 1636312567,
          "status": "pending"
        }
      ]
    },
    {
      "categories": [
        "Cross-Site Scripting (XSS)",
        "Reflected XSS"
      ],
      "exploitable_locations": [
        {
          "type": "url",
          "value": "https://crm.pizzahut.co.in/crmadmin/manage_feedback_social_final.php",
          "created_at": 1638459596,
          "status": "pending"
        }
      ]
    },
    {
      "categories": [
        "Cross-site Request Forgery (CSRF)",
        "CSRF-High"
      ],
      "exploitable_locations": [
        {
          "type": "url",
          "value": "https://api.pizzahut.io/v1/vouchers/validate",
          "created_at": 1643299838,
          "status": "pending"
        }
      ]
    },
    {
      "categories": [
        "Cross-Site Scripting (XSS)",
        "Reflected XSS"
      ],
      "exploitable_locations": [
        {
          "type": "url",
          "value": "https://www.pizzahutdelivery.ie/index.php",
          "created_at": 1643539341,
          "status": "pending"
        }
      ]
    },
    {
      "categories": [
        "Cross-Site Scripting (XSS)",
        "Reflected XSS"
      ],
      "exploitable_locations": [
        {
          "type": "url",
          "value": "https://www.pizzahut.co.uk/restaurants/takeaway/takeaway-message/",
          "created_at": 1643543854,
          "status": "pending"
        }
      ]
    },
    {
      "categories": [
        "Cross-Site Scripting (XSS)",
        "Reflected XSS"
      ],
      "exploitable_locations": [
        {
          "type": "url",
          "value": "https://www.pizzahutdeliveryni.com/img/",
          "created_at": 1643562065,
          "status": "pending"
        }
      ]
    },
    {
      "categories": [
        "Cross-Site Scripting (XSS)",
        "Reflected XSS"
      ],
      "exploitable_locations": [
        {
          "type": "url",
          "value": "https://www.pizzahutdeliveryni.com/*",
          "created_at": 1643570099,
          "status": "pending"
        }
      ]
    },
    {
      "categories": [
        "Information Disclosure",
        "Sensitive Source Code"
      ],
      "exploitable_locations": [
        {
          "type": "url",
          "value": "https://www.pizzahutdeliveryni.com/js1.1/gl3.php",
          "created_at": 1643573303,
          "status": "pending"
        },
        {
          "type": "url",
          "value": "https://www.pizzahutdeliveryni.com/order_onlinev3_8/js/menu_display.php",
          "created_at": 1643573303,
          "status": "pending"
        },
        {
          "type": "url",
          "value": "https://www.pizzahutdeliveryni.com/order_onlinev3_8/js/stores_js.php",
          "created_at": 1643573303,
          "status": "pending"
        }
      ]
    },
    {
      "categories": [
        "Authentication/Session Management",
        "Login Authentication Bypass"
      ],
      "exploitable_locations": [
        {
          "type": "url",
          "value": "https://api.pizzahut.io/v1/otp/verify",
          "created_at": 1581685679,
          "status": "pending"
        }
      ]
    },
    {
      "categories": [
        "Cross-Site Scripting (XSS)",
        "Reflected XSS"
      ],
      "exploitable_locations": [
        {
          "type": "url",
          "value": "https://www.pizzahut.co.uk/restaurants/takeaway/takeaway-message/",
          "created_at": 1643798000,
          "status": "pending"
        }
      ]
    },
    {
      "categories": [
        "Cross-Site Scripting (XSS)",
        "Reflected XSS"
      ],
      "exploitable_locations": [
        {
          "type": "url",
          "value": "https://www.pizzahutdeliveryni.com/curl.php",
          "created_at": 1643799819,
          "status": "pending"
        }
      ]
    },
    {
      "categories": [
        "Cross-Site Scripting (XSS)",
        "Reflected XSS"
      ],
      "exploitable_locations": [
        {
          "type": "url",
          "value": "https://www.pizzahut.co.uk/restaurants/find-a-hut/",
          "created_at": 1643800139,
          "status": "pending"
        }
      ]
    },
    {
      "categories": [
        "SQL Injection",
        "SQL Injection- Full"
      ],
      "exploitable_locations": [
        {
          "type": "url",
          "value": "https://www.pizzahutdeliveryni.com/order_onlinev3_8/checker.php",
          "created_at": 1643800581,
          "status": "pending"
        }
      ]
    },
    {
      "categories": [
        "Cross-Site Scripting (XSS)",
        "Reflected XSS"
      ],
      "exploitable_locations": [
        {
          "type": "url",
          "value": "https://www.pizzahut.co.uk/restaurants/takeaway/",
          "created_at": 1643802557,
          "status": "pending"
        }
      ]
    },
    {
      "categories": [
        "Cross-Site Scripting (XSS)",
        "Reflected XSS"
      ],
      "exploitable_locations": [
        {
          "type": "url",
          "value": "https://www.pizzahut.co.uk/restaurants/takeaway/",
          "created_at": 1643802876,
          "status": "pending"
        }
      ]
    },
    {
      "categories": [
        "Cross-Site Scripting (XSS)",
        "Reflected XSS"
      ],
      "exploitable_locations": [
        {
          "type": "url",
          "value": "https://www.pizzahut.co.uk/restaurants/takeaway/takeaway-message-parking/",
          "created_at": 1643803869,
          "status": "pending"
        }
      ]
    },
    {
      "categories": [
        "Authentication/Session Management",
        "Login Authentication Bypass"
      ],
      "exploitable_locations": [
        {
          "type": "app-location",
          "value": "Sign In",
          "created_at": 1581701300,
          "status": "pending"
        }
      ]
    },
    {
      "categories": [
        "SQL Injection",
        "SQL Injection- Full"
      ],
      "exploitable_locations": [
        {
          "type": "url",
          "value": "https://www.pizzahutdeliveryni.com/order_onlinev3_8//recorder.php",
          "created_at": 1643806945,
          "status": "pending"
        }
      ]
    },
    {
      "categories": [
        "Cross-Site Scripting (XSS)",
        "Reflected DOM-Based XSS"
      ],
      "exploitable_locations": [
        {
          "type": "url",
          "value": "https://pizzahutdeliveryni.com/statusicon/",
          "created_at": 1643809758,
          "status": "pending"
        }
      ]
    },
    {
      "categories": [
        "Cross-Site Scripting (XSS)",
        "Reflected XSS"
      ],
      "exploitable_locations": [
        {
          "type": "url",
          "value": "https://www.pizzahut.co.uk/restaurants/find-a-hut/aberdeen/",
          "created_at": 1643813259,
          "status": "pending"
        }
      ]
    },
    {
      "categories": [
        "Cross-Site Scripting (XSS)",
        "Reflected XSS"
      ],
      "exploitable_locations": [
        {
          "type": "url",
          "value": "https://www.pizzahutdeliveryni.com/order_onlinev3_8//order.php",
          "created_at": 1643815154,
          "status": "pending"
        }
      ]
    },
    {
      "categories": [
        "Cross-Site Scripting (XSS)",
        "Reflected XSS"
      ],
      "exploitable_locations": [
        {
          "type": "url",
          "value": "https://www.pizzahut.co.uk/restaurants/takeaway/takeaway-message/",
          "created_at": 1643815496,
          "status": "pending"
        }
      ]
    },
    {
      "categories": [
        "Cross-Site Scripting (XSS)",
        "Reflected XSS"
      ],
      "exploitable_locations": [
        {
          "type": "url",
          "value": "https://www.pizzahutdelivery.ie/TeSt/delivery.gifim9c8",
          "created_at": 1643815631,
          "status": "pending"
        },
        {
          "type": "url",
          "value": "https://www.pizzahutdelivery.ie/0-calico.org.libj",
          "created_at": 1643815631,
          "status": "pending"
        }
      ]
    },
    {
      "categories": [
        "Information Disclosure",
        "Sensitive API Keys"
      ],
      "exploitable_locations": [
        {
          "type": "url",
          "value": "https://github.com/innoNkubito/nextjs-cloud-run/blob/0af994a3c2876141a35348cf13723327778bceeb/.npmrc",
          "created_at": 1665734416,
          "status": "pending"
        }
      ]
    },
    {
      "categories": [
        "Cross-Site Scripting (XSS)",
        "Reflected XSS"
      ],
      "exploitable_locations": [
        {
          "type": "url",
          "value": "https://www.pizzahutdelivery.ie/",
          "created_at": 1643816676,
          "status": "pending"
        }
      ]
    },
    {
      "categories": [
        "SQL Injection",
        "SQL Injection- Full"
      ],
      "exploitable_locations": [
        {
          "type": "url",
          "value": "https://www.pizzahutdeliveryni.com/order_onlinev2//confirm.php",
          "created_at": 1643817465,
          "status": "pending"
        }
      ]
    },
    {
      "categories": [
        "Cross-Site Scripting (XSS)",
        "Reflected XSS"
      ],
      "exploitable_locations": [
        {
          "type": "url",
          "value": "https://www.pizzahutdelivery.ie/index.php",
          "created_at": 1643817748,
          "status": "pending"
        }
      ]
    },
    {
      "categories": [
        "Information Disclosure",
        "Sensitive Client Information Disclosed"
      ],
      "exploitable_locations": [
        {
          "type": "url",
          "value": "https://api.pizzahut.io/v1/huts",
          "created_at": 1644611568,
          "status": "pending"
        }
      ]
    },
    {
      "categories": [
        "Information Disclosure",
        "Sensitive Directory/File Contents Disclosed"
      ],
      "exploitable_locations": [
        {
          "type": "url",
          "value": "https://www.pizzahutdeliveryni.com/order_onlinev3_8/info.php",
          "created_at": 1644627879,
          "status": "pending"
        }
      ]
    },
    {
      "categories": [
        "SQL Injection",
        "SQL Injection- Partial"
      ],
      "exploitable_locations": [
        {
          "type": "url",
          "value": "https://www.pizzahut.co.uk/restaurants/find-a-hut/wirral/bromborough/",
          "created_at": 1651846175,
          "status": "pending"
        }
      ]
    },
    {
      "categories": [
        "Cross-Site Scripting (XSS)",
        "Persistent XSS"
      ],
      "exploitable_locations": [
        {
          "type": "url",
          "value": "https://www.pizzahutdeliveryni.com/mgr/resources/stores_details.php",
          "created_at": 1652157129,
          "status": "pending"
        }
      ]
    },
    {
      "categories": [
        "Information Disclosure",
        "Sensitive API Keys"
      ],
      "exploitable_locations": [
        {
          "type": "url",
          "value": "https://www.pizzahutdeliveryni.com/mgr/resources/store_credential_list.php",
          "created_at": 1652157172,
          "status": "pending"
        }
      ]
    },
    {
      "categories": [
        "Authorization/Permissions",
        "Access/Privacy Control Violation"
      ],
      "exploitable_locations": [
        {
          "type": "url",
          "value": "https://www.pizzahutdeliveryni.com/mgr/orders.php",
          "created_at": 1652157214,
          "status": "pending"
        },
        {
          "type": "url",
          "value": "https://www.pizzahutdeliveryni.com/mgr/resources/order_details.php",
          "created_at": 1652157214,
          "status": "pending"
        }
      ]
    },
    {
      "categories": [
        "Authentication/Session Management",
        "Session Fixation"
      ],
      "exploitable_locations": [
        {
          "type": "url",
          "value": "http://api.pizzahut.io/v2/accounts/myaccount",
          "created_at": 1679003395,
          "status": "pending"
        }
      ]
    },
    {
      "categories": [
        "Functional/Business Logic",
        "Improper Input Validation"
      ],
      "exploitable_locations": [
        {
          "type": "url",
          "value": "https://api.pizzahut.io/v1/orders/preauthorise",
          "assets_na": false,
          "assets_uids": [
            "5e3d69f5129d8300011dc10a"
          ],
          "created_at": 1693949265,
          "status": "pending"
        }
      ]
    },
    {
      "categories": [
        "Information Disclosure",
        "Sensitive Client Information Disclosed"
      ],
      "exploitable_locations": [
        {
          "type": "url",
          "value": "https://github.com/ithtan558/ankhoa",
          "created_at": 1583345848,
          "status": "pending"
        }
      ]
    },
    {
      "categories": [
        "Information Disclosure",
        "Sensitive API Keys"
      ],
      "exploitable_locations": [
        {
          "type": "url",
          "value": "https://www.postman.com/agamsticsoft/workspace/pizzahut/request/18561991-a5714e24-9063-44fe-9f6b-151c953cbe78",
          "assets_na": true,
          "assets_uids": [],
          "created_at": 1721219853,
          "status": "pending"
        }
      ]
    },
    {
      "categories": [
        "Information Disclosure",
        "Sensitive Client Information Disclosed"
      ],
      "exploitable_locations": [
        {
          "type": "url",
          "value": "https://api.pizzahut.io/v2/orders/orders/dcb8117c-f4b6-41d5-a67b-c243c9e3483c/summary",
          "assets_na": false,
          "assets_uids": [
            "6282f4e3cc2371000124928e"
          ],
          "created_at": 1723772803,
          "status": "pending"
        }
      ]
    },
    {
      "categories": [
        "Server/Application Misconfiguration",
        "Cross-Origin Resource Sharing (CORS)"
      ],
      "exploitable_locations": [
        {
          "type": "url",
          "value": "https://www.pizzahut.co.uk/v1/idp/arrange-magic-link/",
          "assets_na": false,
          "assets_uids": [
            "5e3dd5ab1addf4000166bc66"
          ],
          "created_at": 1730305284,
          "status": "pending"
        }
      ]
    },
    {
      "categories": [
        "Authentication/Session Management",
        "Login Authentication Bypass"
      ],
      "exploitable_locations": [
        {
          "type": "url",
          "value": "https://www.pizzahut.co.uk/v1/idp/arrange-magic-link",
          "assets_na": false,
          "assets_uids": [
            "5e3dd5ab1addf4000166bc66"
          ],
          "created_at": 1733607062,
          "status": "pending"
        }
      ]
    },
    {
      "categories": [
        "Functional/Business Logic",
        "Client Side Validation"
      ],
      "exploitable_locations": [
        {
          "type": "url",
          "value": "https://www.pizzahut.co.uk/ph_uk/storefront/graphql",
          "assets_na": false,
          "assets_uids": [
            "5e3dd5ab1addf4000166bc66"
          ],
          "created_at": 1733734151,
          "status": "pending"
        }
      ]
    },
    {
      "categories": [
        "Functional/Business Logic",
        "Improper Input Validation"
      ],
      "exploitable_locations": [
        {
          "type": "url",
          "value": "https://www.pizzahut.co.uk/v1/idp/arrange-magic-link",
          "assets_na": false,
          "assets_uids": [
            "5e3dd5ab1addf4000166bc66"
          ],
          "created_at": 1733843685,
          "status": "pending"
        }
      ]
    },
    {
      "categories": [
        "Cross-Site Scripting (XSS)",
        "**Reflected XSS (OLD DNU)**"
      ],
      "exploitable_locations": [
        {
          "type": "url",
          "value": "https://episerver.pizzahut.co.uk//restaurants/find-a-hut/",
          "created_at": 1581389816,
          "status": "pending"
        }
      ]
    },
    {
      "categories": [
        "Cloud Security",
        "AWS Security Compliance"
      ],
      "exploitable_locations": [
        {
          "type": "url",
          "value": "http://pizzahutsg.s3.amazonaws.com/",
          "created_at": 1583346940,
          "status": "pending"
        }
      ]
    },
    {
      "categories": [
        "Information Disclosure",
        "Sensitive Client Information Disclosed"
      ],
      "exploitable_locations": [
        {
          "type": "url",
          "value": "https://github.com/shone123/yumpms/blob/3ddc7a50d94e4fee49b5099554e509b4d7187519/tomcatservice/src/main/resources/applicationprod.properties",
          "created_at": 1583509474,
          "status": "pending"
        },
        {
          "type": "url",
          "value": "https://github.com/saurabh14vit/YumReport/blob/95de9d2532489a7a72179aaab5e37a54c732c5ee/target/classes/application.properties",
          "created_at": 1583509474,
          "status": "pending"
        },
        {
          "type": "url",
          "value": "https://github.com/aliartosChania/yum/blob/62de412d9100d2917a9645e992b799ac4ef8f5d7/Yum/src/test/java/com/jrtechnologies/yum/api/AuthApiControllerTest.java",
          "created_at": 1583509474,
          "status": "pending"
        }
      ]
    },
    {
      "categories": [
        "Cross-Site Scripting (XSS)",
        "**Reflected XSS (OLD DNU)**"
      ],
      "exploitable_locations": [
        {
          "type": "url",
          "value": "https://www.pizzahut.co.uk/restaurants/takeaway/takeaway-message-parking/",
          "created_at": 1583608769,
          "status": "pending"
        }
      ]
    },
    {
      "categories": [
        "Information Disclosure",
        "Sensitive Information Leak to third-parties"
      ],
      "exploitable_locations": [
        {
          "type": "url",
          "value": "https://http-listener-eu.logz.io/",
          "created_at": 1583697248,
          "status": "pending"
        },
        {
          "type": "url",
          "value": "https://api.pizzahut.io/v1/orders/preauthorise",
          "created_at": 1583697248,
          "status": "pending"
        }
      ]
    },
    {
      "categories": [
        "Cross-Site Scripting (XSS)",
        "**Reflected XSS (OLD DNU)**"
      ],
      "exploitable_locations": [
        {
          "type": "url",
          "value": "https://www.pizzahut.co.uk/restaurants/takeaway/takeaway-message-parking/",
          "created_at": 1584107188,
          "status": "pending"
        }
      ]
    },
    {
      "categories": [
        "Cross-Site Scripting (XSS)",
        "**Reflected XSS (OLD DNU)**"
      ],
      "exploitable_locations": [
        {
          "type": "url",
          "value": "https://www.pizzahut.co.uk/restaurants/takeaway/takeaway-message/",
          "created_at": 1584201392,
          "status": "pending"
        }
      ]
    },
    {
      "categories": [
        "Authentication/Session Management",
        "Login Authentication Bypass"
      ],
      "exploitable_locations": [
        {
          "type": "url",
          "value": "https://api.pizzahut.io/v1/otp/verify",
          "created_at": 1585044606,
          "status": "pending"
        }
      ]
    },
    {
      "categories": [
        "SQL Injection",
        "**Error-based**"
      ],
      "exploitable_locations": [
        {
          "type": "url",
          "value": "https://www.pizzahutdeliveryni.com/order_onlinev3_6/store-closed.php",
          "created_at": 1585789149,
          "status": "pending"
        },
        {
          "type": "url",
          "value": "https://www.pizzahutdeliveryni.com/order_onlinev3_6/index.php",
          "created_at": 1585789149,
          "status": "pending"
        }
      ]
    },
    {
      "categories": [
        "Cross-Site Scripting (XSS)",
        "**Reflected XSS (OLD DNU)**"
      ],
      "exploitable_locations": [
        {
          "type": "url",
          "value": "https://episerver.pizzahut.co.uk/restaurants/takeaway/takeaway-message/",
          "created_at": 1581390060,
          "status": "pending"
        }
      ]
    },
    {
      "categories": [
        "Information Disclosure",
        "Sensitive API Keys"
      ],
      "exploitable_locations": [
        {
          "type": "url",
          "value": "https://www.pizzahutdeliveryni.com/",
          "created_at": 1585815634,
          "status": "pending"
        },
        {
          "type": "url",
          "value": "https://maps.google.com/maps",
          "created_at": 1585815634,
          "status": "pending"
        },
        {
          "type": "url",
          "value": "https://maps.googleapis.com/maps/api/js",
          "created_at": 1585815634,
          "status": "pending"
        }
      ]
    },
    {
      "categories": [
        "Information Disclosure",
        "Sensitive Client Information Disclosed"
      ],
      "exploitable_locations": [
        {
          "type": "url",
          "value": "https://pizzahutdeliveryni.com/test1.php",
          "created_at": 1585817414,
          "status": "pending"
        }
      ]
    },
    {
      "categories": [
        "SQL Injection",
        "**Blind**"
      ],
      "exploitable_locations": [
        {
          "type": "url",
          "value": "https://www.careersatpizzahut.co.uk:443/json_data.php",
          "created_at": 1585819931,
          "status": "pending"
        }
      ]
    },
    {
      "categories": [
        "SQL Injection",
        "**Blind**"
      ],
      "exploitable_locations": [
        {
          "type": "url",
          "value": "https://www.pizzahutdeliveryni.com/order_onlinev3_6/recorder.php",
          "created_at": 1585825590,
          "status": "pending"
        }
      ]
    },
    {
      "categories": [
        "Cross-Site Scripting (XSS)",
        "**Reflected XSS (OLD DNU)**"
      ],
      "exploitable_locations": [
        {
          "type": "url",
          "value": "https://episerver.pizzahut.co.uk//restaurants/find-a-hut/croydon/",
          "created_at": 1581390331,
          "status": "pending"
        }
      ]
    },
    {
      "categories": [
        "Cross-Site Scripting (XSS)",
        "**Reflected XSS (OLD DNU)**"
      ],
      "exploitable_locations": [
        {
          "type": "url",
          "value": "https://pizzahutdeliveryni.com/statusicon/%22%3E%3Cimg%20src=x%20onerror=alert(document.domain)%3E",
          "created_at": 1585838839,
          "status": "pending"
        }
      ]
    },
    {
      "categories": [
        "Authorization/Permissions",
        "Access/Privacy Control Violation"
      ],
      "exploitable_locations": [
        {
          "type": "url",
          "value": "https://restaurants.pizzahut.co.in/",
          "created_at": 1585845864,
          "status": "pending"
        }
      ]
    },
    {
      "categories": [
        "Authorization/Permissions",
        "Path Traversal"
      ],
      "exploitable_locations": [
        {
          "type": "url",
          "value": "https://pizzahut.co.in/_next/static/..%2fserver/pages-manifest.json/",
          "created_at": 1585904463,
          "status": "pending"
        },
        {
          "type": "url",
          "value": "https://www.pizzahut.fr/_next/static/..%2fserver/pages-manifest.json/",
          "created_at": 1585904463,
          "status": "pending"
        },
        {
          "type": "url",
          "value": "https://www.pizzahut.co.uk/_next/static/..%2fserver/pages-manifest.json/",
          "created_at": 1585904463,
          "status": "pending"
        },
        {
          "type": "url",
          "value": "https://online.pizzahut.co.in/_next/static/..%2fserver/pages-manifest.json/",
          "created_at": 1585904463,
          "status": "pending"
        }
      ]
    },
    {
      "categories": [
        "Server/Application Misconfiguration",
        "Improper Filesystem Permissions"
      ],
      "exploitable_locations": [
        {
          "type": "url",
          "value": "https://pizzahut.atlassian.net/servicedesk/customer/user/signup",
          "created_at": 1586050594,
          "status": "pending"
        }
      ]
    },
    {
      "categories": [
        "Authentication/Session Management",
        "Login Authentication Bypass"
      ],
      "exploitable_locations": [
        {
          "type": "url",
          "value": "https://api.pizzahut.io/v1/otp/verify",
          "created_at": 1586058957,
          "status": "pending"
        }
      ]
    },
    {
      "categories": [
        "Cross-Site Scripting (XSS)",
        "**Reflected XSS (OLD DNU)**"
      ],
      "exploitable_locations": [
        {
          "type": "url",
          "value": "http://crm.pizzahut.co.in/crmadmin//manage_feedback.php",
          "created_at": 1586258277,
          "status": "pending"
        }
      ]
    },
    {
      "categories": [
        "Information Disclosure",
        "Sensitive Source Code"
      ],
      "exploitable_locations": [
        {
          "type": "url",
          "value": "http://crm.pizzahut.co.in/crmadmin/manage_feedback.php",
          "created_at": 1586260514,
          "status": "pending"
        },
        {
          "type": "url",
          "value": "http://crm.pizzahut.co.in/application/views/elements/header_delivery_inner.inc_new.php",
          "created_at": 1586260514,
          "status": "pending"
        },
        {
          "type": "url",
          "value": "http://crm.pizzahut.co.in/application/controllers/admin/feedback(27-01-2015)php",
          "created_at": 1586260514,
          "status": "pending"
        },
        {
          "type": "url",
          "value": "http://crm.pizzahut.co.in/crmadmin/verify.php",
          "created_at": 1586260514,
          "status": "pending"
        }
      ]
    },
    {
      "categories": [
        "Cross-Site Scripting (XSS)",
        "**Reflected XSS (OLD DNU)**"
      ],
      "exploitable_locations": [
        {
          "type": "url",
          "value": "https://crm.pizzahut.co.in/crmadmin/manage_feedback_social_final.php",
          "created_at": 1586264496,
          "status": "pending"
        }
      ]
    },
    {
      "categories": [
        "Information Disclosure",
        "Sensitive Source Code"
      ],
      "exploitable_locations": [
        {
          "type": "url",
          "value": "https://crm.pizzahut.co.in/crmadmin/manage_feedback_social_final.php",
          "created_at": 1586273638,
          "status": "pending"
        },
        {
          "type": "url",
          "value": "https://crm.pizzahut.co.in/crmadmin/reply_cust_feedback_social_final.php",
          "created_at": 1586273638,
          "status": "pending"
        },
        {
          "type": "url",
          "value": "https://crm.pizzahut.co.in/crmadmin/view_feedback_social_final.php",
          "created_at": 1586273638,
          "status": "pending"
        },
        {
          "type": "url",
          "value": "https://crm.pizzahut.co.in/crmadmin/view_popup_feedback.php",
          "created_at": 1586273638,
          "status": "pending"
        },
        {
          "type": "url",
          "value": "https://crm.pizzahut.co.in/crmadmin/manage_feedback_f.php",
          "created_at": 1586273638,
          "status": "pending"
        },
        {
          "type": "url",
          "value": "https://crm.pizzahut.co.in/crmadmin/view_feedback.php",
          "created_at": 1586273638,
          "status": "pending"
        },
        {
          "type": "url",
          "value": "https://crm.pizzahut.co.in/crmadmin/view_ccir.php",
          "created_at": 1586273638,
          "status": "pending"
        },
        {
          "type": "url",
          "value": "https://crm.pizzahut.co.in/crmadmin/view_invalid_response.php",
          "created_at": 1586273638,
          "status": "pending"
        },
        {
          "type": "url",
          "value": "https://crm.pizzahut.co.in/crmadmin/view_intial_response.php",
          "created_at": 1586273638,
          "status": "pending"
        },
        {
          "type": "url",
          "value": "https://crm.pizzahut.co.in/crmadmin/reply_cust_feedback.php",
          "created_at": 1586273638,
          "status": "pending"
        },
        {
          "type": "url",
          "value": "https://crm.pizzahut.co.in/crmadmin/franchisee_density_report.php",
          "created_at": 1586273638,
          "status": "pending"
        }
      ]
    },
    {
      "categories": [
        "Cross-Site Scripting (XSS)",
        "**Reflected XSS (OLD DNU)**"
      ],
      "exploitable_locations": [
        {
          "type": "other",
          "value": "/OA_HTML/iesfootprint.jsp",
          "created_at": 1586646528,
          "status": "pending"
        }
      ]
    },
    {
      "categories": [
        "Cross-Site Scripting (XSS)",
        "**Reflected XSS (OLD DNU)**"
      ],
      "exploitable_locations": [
        {
          "type": "other",
          "value": "OA_HTML/iesfootprint.jsp",
          "created_at": 1586646776,
          "status": "pending"
        }
      ]
    },
    {
      "categories": [
        "Cross-Site Scripting (XSS)",
        "**Reflected XSS (OLD DNU)**"
      ],
      "exploitable_locations": [
        {
          "type": "other",
          "value": "OA_HTML/iesfootprint.jsp",
          "created_at": 1586646781,
          "status": "pending"
        }
      ]
    },
    {
      "categories": [
        "SQL Injection",
        "**Blind**"
      ],
      "exploitable_locations": [
        {
          "type": "url",
          "value": "https://www.pizzahutdelivery.ie/order_onlinev3_6/",
          "created_at": 1586757540,
          "status": "pending"
        }
      ]
    },
    {
      "categories": [
        "Cross-Site Scripting (XSS)",
        "**Reflected XSS (OLD DNU)**"
      ],
      "exploitable_locations": [
        {
          "type": "url",
          "value": "https://www.pizzahutdelivery.ie/TeSt/delivery.gifim9c8<img src%3da onerror%3dalert(document.domain)>",
          "created_at": 1586757762,
          "status": "pending"
        }
      ]
    },
    {
      "categories": [
        "Information Disclosure",
        "Sensitive Client Information Disclosed"
      ],
      "exploitable_locations": [
        {
          "type": "url",
          "value": "https://github.com/SheelooUnikove/RenderlogyAdmin/blob/10d74d8f561e6abd3c6adb78363c4e3e35a971c4/Renderlogy1709/Renderlogy1609/Project/RenderLogy/Web.config",
          "created_at": 1586844300,
          "status": "pending"
        },
        {
          "type": "url",
          "value": "https://github.com/RohitKurichh/COVIDCASEYUMREPORT/blob/06034a8863b35f58f712213fe3c8ed3f453ab80e/src/main/resources/application.properties",
          "created_at": 1586844300,
          "status": "pending"
        },
        {
          "type": "url",
          "value": "https://github.com/RohitKurichh/COVIDCASEYUMREPORT/blob/06034a8863b35f58f712213fe3c8ed3f453ab80e/target/classes/application.properties",
          "created_at": 1586844300,
          "status": "pending"
        }
      ]
    },
    {
      "categories": [
        "Cross-Site Scripting (XSS)",
        "**Reflected XSS (OLD DNU)**"
      ],
      "exploitable_locations": [
        {
          "type": "url",
          "value": "https://www.pizzahut.co.uk//restaurants/takeaway/takeaway-message/",
          "created_at": 1581400862,
          "status": "pending"
        }
      ]
    },
    {
      "categories": [
        "Cloud Security",
        "AWS Security Compliance"
      ],
      "exploitable_locations": [
        {
          "type": "other",
          "value": "Github",
          "created_at": 1587375349,
          "status": "pending"
        }
      ]
    },
    {
      "categories": [
        "Authentication/Session Management",
        "Default Credentials(OLD DNU)"
      ],
      "exploitable_locations": [
        {
          "type": "ip",
          "protocol": "tcp",
          "address": "115.124.127.93",
          "port": "21",
          "created_at": 1587384855,
          "status": "pending"
        }
      ]
    },
    {
      "categories": [
        "Information Disclosure",
        "Sensitive API Keys"
      ],
      "exploitable_locations": [
        {
          "type": "ip",
          "protocol": "tcp",
          "address": "115.124.127.26",
          "port": "25",
          "created_at": 1587396938,
          "status": "pending"
        },
        {
          "type": "url",
          "value": "https://github.com/SheelooUnikove/RenderlogyAdmin/blob/10d74d8f561e6abd3c6adb78363c4e3e35a971c4/Renderlogy1709/Renderlogy1609/Project/RenderLogy/Web.config",
          "created_at": 1587396938,
          "status": "pending"
        }
      ]
    },
    {
      "categories": [
        "Information Disclosure",
        "Sensitive API Keys"
      ],
      "exploitable_locations": [
        {
          "type": "ip",
          "protocol": "tcp",
          "address": "115.124.127.93",
          "port": "25",
          "created_at": 1587398831,
          "status": "pending"
        }
      ]
    },
    {
      "categories": [
        "Information Disclosure",
        "Sensitive Directory/File Contents Disclosed"
      ],
      "exploitable_locations": [
        {
          "type": "url",
          "value": "https://www.pizzahutfranchise.fr/wp/xmlrpc.php",
          "created_at": 1587668347,
          "status": "pending"
        }
      ]
    },
    {
      "categories": [
        "Server/Application Misconfiguration",
        "Insecure Data Storage"
      ],
      "exploitable_locations": [
        {
          "type": "url",
          "value": "https://www.pizzahut.co.in/account/edit",
          "created_at": 1587785585,
          "status": "pending"
        }
      ]
    },
    {
      "categories": [
        "Cross-Site Scripting (XSS)",
        "**Reflected XSS (OLD DNU)**"
      ],
      "exploitable_locations": [
        {
          "type": "other",
          "value": "HTTP Header \"X-Forwarded-For\"",
          "created_at": 1587885913,
          "status": "pending"
        }
      ]
    },
    {
      "categories": [
        "Server/Application Misconfiguration",
        "Subdomain Takeover"
      ],
      "exploitable_locations": [
        {
          "type": "url",
          "value": "http://mail1.pizzahut.co.in",
          "created_at": 1587976538,
          "status": "pending"
        }
      ]
    },
    {
      "categories": [
        "Information Disclosure",
        "Sensitive Client Information Disclosed"
      ],
      "exploitable_locations": [
        {
          "type": "url",
          "value": "https://github.com/saurabh14vit/YumHourlyReport/blob/3d3ca5d92b5ead4562ccef1c82ddcc9f9e52f1df/src/main/resources/application.properties",
          "created_at": 1588923247,
          "status": "pending"
        }
      ]
    },
    {
      "categories": [
        "Information Disclosure",
        "Identity of Software Architecture"
      ],
      "exploitable_locations": [
        {
          "type": "url",
          "value": "https://www.pizzahut.co.uk/account/",
          "created_at": 1589119137,
          "status": "pending"
        },
        {
          "type": "url",
          "value": "https://www.pizzahut.co.uk/",
          "created_at": 1589119137,
          "status": "pending"
        },
        {
          "type": "url",
          "value": "https://www.pizzahut.co.in/",
          "created_at": 1589119137,
          "status": "pending"
        },
        {
          "type": "url",
          "value": "https://www.pizzahut.fr/",
          "created_at": 1589119137,
          "status": "pending"
        }
      ]
    },
    {
      "categories": [
        "Information Disclosure",
        "Directory Structure Enumeration"
      ],
      "exploitable_locations": [
        {
          "type": "app-location",
          "value": "https://github.com/RohitKurichh/COVIDCASEYUMREPORT/blob/06034a8863b35f58f712213fe3c8ed3f453ab80e/src/main/resources/application.properties",
          "created_at": 1589121396,
          "status": "pending"
        },
        {
          "type": "app-location",
          "value": "https://github.com/RohitKurichh/COVIDCASEYUMREPORT/blob/06034a8863b35f58f712213fe3c8ed3f453ab80e/target/classes/application.properties",
          "created_at": 1589121396,
          "status": "pending"
        },
        {
          "type": "app-location",
          "value": "https://github.com/saurabh14vit/YumReport/blob/98ff7ec67d32fde1dd632c19e51b79bd6e2a8d69/src/main/resources/application.properties ",
          "created_at": 1589121396,
          "status": "pending"
        },
        {
          "type": "app-location",
          "value": "https://github.com/saurabh14vit/YumReport/blob/98ff7ec67d32fde1dd632c19e51b79bd6e2a8d69/target/classes/application.properties      ",
          "created_at": 1589121396,
          "status": "pending"
        },
        {
          "type": "app-location",
          "value": "https://github.com/saurabh14vit/MenuMix/blob/015e1ecdccb353ee5f177e9e3985abfd265d8007/src/main/resources/application.properties",
          "created_at": 1589121396,
          "status": "pending"
        },
        {
          "type": "app-location",
          "value": "https://github.com/saurabh14vit/MenuMix/blob/015e1ecdccb353ee5f177e9e3985abfd265d8007/target/classes/application.properties",
          "created_at": 1589121396,
          "status": "pending"
        },
        {
          "type": "app-location",
          "value": "https://github.com/Nikola-Dalcevski/MVC-PizzaHut/",
          "created_at": 1589121396,
          "status": "pending"
        }
      ]
    },
    {
      "categories": [
        "Information Disclosure",
        "Sensitive Information Leak to third-parties"
      ],
      "exploitable_locations": [
        {
          "type": "url",
          "value": "https://github.com/RohitKurichh/COVIDCASEYUMREPORT/blob/06034a8863b35f58f712213fe3c8ed3f453ab80e/src/main/resources/application.properties",
          "created_at": 1589394362,
          "status": "pending"
        }
      ]
    },
    {
      "categories": [
        "Server/Application Misconfiguration",
        "Insecure Data Storage"
      ],
      "exploitable_locations": [
        {
          "type": "url",
          "value": "https://www.pizzahut.co.in/order/ordersummary/",
          "created_at": 1589619860,
          "status": "pending"
        }
      ]
    },
    {
      "categories": [
        "Cross-Site Scripting (XSS)",
        "**Reflected XSS (OLD DNU)**"
      ],
      "exploitable_locations": [
        {
          "type": "url",
          "value": "https://www.pizzahut.co.uk/restaurants/find-a-hut/",
          "created_at": 1589797972,
          "status": "pending"
        }
      ]
    },
    {
      "categories": [
        "Information Disclosure",
        "Sensitive Client Information Disclosed"
      ],
      "exploitable_locations": [
        {
          "type": "url",
          "value": "https://api.pizzahut.io/v1/hut",
          "created_at": 1589863767,
          "status": "pending"
        }
      ]
    },
    {
      "categories": [
        "Cross-Site Scripting (XSS)",
        "**Reflected XSS (OLD DNU)**"
      ],
      "exploitable_locations": [
        {
          "type": "url",
          "value": "https://www.pizzahut.co.uk/restaurants/takeaway/takeaway-message-parking/",
          "created_at": 1591034179,
          "status": "pending"
        }
      ]
    },
    {
      "categories": [
        "Authentication/Session Management",
        "Session Fixation"
      ],
      "exploitable_locations": [
        {
          "type": "url",
          "value": "https://api.pizzahut.io/v1/otp/verify",
          "created_at": 1591618475,
          "status": "pending"
        }
      ]
    },
    {
      "categories": [
        "Information Disclosure",
        "Sensitive API Keys"
      ],
      "exploitable_locations": [
        {
          "type": "url",
          "value": "https://webtest.pizzahut.com.tr/static/js/main.bf788878.chunk.js",
          "created_at": 1593697683,
          "status": "pending"
        }
      ]
    },
    {
      "categories": [
        "SQL Injection",
        "**Blind**"
      ],
      "exploitable_locations": [
        {
          "type": "file",
          "value": "https://www.pizzahutdeliveryni.com/order_onlinev3_6/recorder.php",
          "created_at": 1593728218,
          "status": "pending"
        }
      ]
    },
    {
      "categories": [
        "Cross-Site Scripting (XSS)",
        "**Reflected XSS (OLD DNU)**"
      ],
      "exploitable_locations": [
        {
          "type": "url",
          "value": "https://www.pizzahut.co.uk/restaurants/takeaway/",
          "created_at": 1593730074,
          "status": "pending"
        }
      ]
    },
    {
      "categories": [
        "Cross-Site Scripting (XSS)",
        "**Reflected XSS (OLD DNU)**"
      ],
      "exploitable_locations": [
        {
          "type": "url",
          "value": "https://www.pizzahut.co.uk/restaurants/find-a-hut/",
          "created_at": 1593730433,
          "status": "pending"
        }
      ]
    },
    {
      "categories": [
        "Authentication/Session Management",
        "Account Enumeration"
      ],
      "exploitable_locations": [
        {
          "type": "url",
          "value": "http://www.pizzahutproperty.co.uk/",
          "created_at": 1594399074,
          "status": "pending"
        },
        {
          "type": "url",
          "value": "http://www.pizzahutproperty.co.uk/",
          "created_at": 1594399074,
          "status": "pending"
        }
      ]
    },
    {
      "categories": [
        "Content Injection",
        "**Spoof HTML Content**"
      ],
      "exploitable_locations": [
        {
          "type": "url",
          "value": "https://api.pizzahut.io/v1/orders/preauthorise",
          "created_at": 1594587270,
          "status": "pending"
        }
      ]
    },
    {
      "categories": [
        "Information Disclosure",
        "Sensitive Directory/File Contents Disclosed"
      ],
      "exploitable_locations": [
        {
          "type": "url",
          "value": "https://github.com/saurabh14vit/YumWeb10Jun/blob/master/pizza-hut-web.log",
          "created_at": 1595008182,
          "status": "pending"
        }
      ]
    },
    {
      "categories": [
        "Information Disclosure",
        "Sensitive Client Information Disclosed"
      ],
      "exploitable_locations": [
        {
          "type": "other",
          "value": "https://github.com/SheelooUnikove/RenderlogyAdmin/blob/10d74d8f561e6abd3c6adb78363c4e3e35a971c4/Renderlogy1709/Renderlogy1609/Project/RenderLogy/Web.config",
          "created_at": 1595499976,
          "status": "pending"
        }
      ]
    },
    {
      "categories": [
        "Functional/Business Logic",
        "Unrestricted File Upload (No Execution Server-Side)"
      ],
      "exploitable_locations": [
        {
          "type": "url",
          "value": "https://carriere.pizzahut.fr/candidature-spontanee/",
          "created_at": 1596318509,
          "status": "pending"
        }
      ]
    },
    {
      "categories": [
        "Information Disclosure",
        "Sensitive Client Information Disclosed"
      ],
      "exploitable_locations": [
        {
          "type": "url",
          "value": "https://api.pizzahut.io/v2/huts/status/in-1/",
          "created_at": 1597677323,
          "status": "pending"
        }
      ]
    },
    {
      "categories": [
        "Information Disclosure",
        "Sensitive Client Information Disclosed"
      ],
      "exploitable_locations": [
        {
          "type": "url",
          "value": "https://api.pizzahut.io/v1/huts/",
          "created_at": 1597881388,
          "status": "pending"
        }
      ]
    },
    {
      "categories": [
        "Functional/Business Logic",
        "Functionality Abuse with Malicious Impact"
      ],
      "exploitable_locations": [
        {
          "type": "url",
          "value": "https://api.pizzahut.io/v1/otp/generate",
          "created_at": 1598078796,
          "status": "pending"
        }
      ]
    },
    {
      "categories": [
        "Authentication/Session Management",
        "2FA Authentication Bypass"
      ],
      "exploitable_locations": [
        {
          "type": "url",
          "value": "https://www.pizzahut.co.in/account/otp",
          "created_at": 1600670422,
          "status": "pending"
        }
      ]
    },
    {
      "categories": [
        "Authentication/Session Management",
        "2FA Authentication Bypass"
      ],
      "exploitable_locations": [
        {
          "type": "url",
          "value": "https://www.pizzahut.co.in/account/otp",
          "created_at": 1601625982,
          "status": "pending"
        }
      ]
    },
    {
      "categories": [
        "Information Disclosure",
        "Sensitive Client Information Disclosed"
      ],
      "exploitable_locations": [
        {
          "type": "url",
          "value": "https://github.com/Mahesh49/PizzaHut/blob/8fb6fb795c31901f8a06ac3b9db8b9dbb79544f8/PizzaHut/StepDefinitions/AllGiven.cs",
          "created_at": 1602607064,
          "status": "pending"
        }
      ]
    },
    {
      "categories": [
        "Information Disclosure",
        "Sensitive Information Leak to third-parties"
      ],
      "exploitable_locations": [
        {
          "type": "url",
          "value": "https://web.archive.org/web/20200320203232/https://api.pizzahut.io/v1/huts",
          "created_at": 1602726825,
          "status": "pending"
        },
        {
          "type": "url",
          "value": "https://web.archive.org/web/20200525231045/https://api.pizzahut.io/v1/huts/",
          "created_at": 1602726825,
          "status": "pending"
        },
        {
          "type": "url",
          "value": "https://web.archive.org/web/20200321202746/https://api.pizzahut.io/v1/huts/",
          "created_at": 1602726825,
          "status": "pending"
        },
        {
          "type": "url",
          "value": "https://web.archive.org/web/20200319144935/https://api.pizzahut.io/v1/hut",
          "created_at": 1602726825,
          "status": "pending"
        }
      ]
    },
    {
      "categories": [
        "Authentication/Session Management",
        "Login Authentication Bypass"
      ],
      "exploitable_locations": [
        {
          "type": "url",
          "value": "https://api.pizzahut.io",
          "created_at": 1603635850,
          "status": "pending"
        }
      ]
    },
    {
      "categories": [
        "Cross-Site Scripting (XSS)",
        "**Persistent XSS**"
      ],
      "exploitable_locations": [
        {
          "type": "other",
          "value": "Payload executing inside the Inner page please refer to the POC screenshot for more details",
          "created_at": 1603833475,
          "status": "pending"
        }
      ]
    },
    {
      "categories": [
        "Functional/Business Logic",
        "Client Side Validation"
      ],
      "exploitable_locations": [
        {
          "type": "other",
          "value": "https://www.pizzahut.co.uk/ph_uk/storefront/graphql",
          "assets_na": false,
          "assets_uids": [
            "66bcaa37d20f6cd4f0cd7124"
          ],
          "created_at": 1723708336,
          "status": "pending"
        }
      ]
    },
    {
      "categories": [
        "Cross-Site Scripting (XSS)",
        "**Reflected XSS (OLD DNU)**"
      ],
      "exploitable_locations": [
        {
          "type": "url",
          "value": "https://www.pizzahut.co.uk/restaurants/find-a-hut/",
          "created_at": 1619123545,
          "status": "pending"
        }
      ]
    },
    {
      "categories": [
        "Information Disclosure",
        "Sensitive Client Information Disclosed"
      ],
      "exploitable_locations": [
        {
          "type": "url",
          "value": "https://api.pizzahut.io/v1/huts/",
          "created_at": 1634545581,
          "status": "pending"
        }
      ]
    },
    {
      "categories": [
        "Cross-Site Scripting (XSS)",
        "Reflected XSS"
      ],
      "exploitable_locations": [
        {
          "type": "url",
          "value": "https://www.pizzahut.co.uk/restaurants/takeaway/takeaway-message-parking/",
          "created_at": 1642605318,
          "status": "pending"
        }
      ]
    },
    {
      "categories": [
        "Cross-Site Scripting (XSS)",
        "Reflected XSS"
      ],
      "exploitable_locations": [
        {
          "type": "url",
          "value": "https://www.pizzahut.co.uk/restaurants/find-a-hut/",
          "created_at": 1642611451,
          "status": "pending"
        }
      ]
    },
    {
      "categories": [
        "Information Disclosure",
        "Sensitive Client Information Disclosed"
      ],
      "exploitable_locations": [
        {
          "type": "url",
          "value": "https://api.pizzahut.io/v1/huts/nearby",
          "assets_na": false,
          "assets_uids": [
            "607de1fbda6b4c0001dbefa0"
          ],
          "created_at": 1691330605,
          "status": "pending"
        }
      ]
    },
    {
      "categories": [
        "Information Disclosure",
        "Sensitive API Keys"
      ],
      "exploitable_locations": [
        {
          "type": "url",
          "value": "https://www.pizzahut.co.uk/restaurants/find-a-hut",
          "created_at": 1619062149,
          "status": "pending"
        },
        {
          "type": "other",
          "value": "AIzaSyADkvUMAMHvQRd0zpYuGJaOvP9-YpLhTr0",
          "created_at": 1619062149,
          "status": "pending"
        }
      ]
    },
    {
      "categories": [
        "Cross-Site Scripting (XSS)",
        "**Reflected XSS (OLD DNU)**"
      ],
      "exploitable_locations": [
        {
          "type": "url",
          "value": "https://www.pizzahut.co.uk/restaurants/takeaway/",
          "created_at": 1619118470,
          "status": "pending"
        }
      ]
    }
  ]
}