{
  "listing_id": "vj5z7ktsq8",
  "type": "categories",
  "value": [
    {
      "categories": [
        "Remote Execution",
        "**Code Injection (Server-Side)**"
      ],
      "exploitable_locations": [
        {
          "type": "ip",
          "address": "168.182.65.79",
          "port": "3389",
          "protocol": "tcp",
          "created_at": 1565160852,
          "status": "pending"
        }
      ]
    },
    {
      "categories": [
        "Server/Application Misconfiguration",
        "Open Mail Relay"
      ],
      "exploitable_locations": [
        {
          "type": "ip",
          "protocol": "tcp",
          "address": "168.182.19.88",
          "port": "25",
          "created_at": 1595885519,
          "status": "pending"
        }
      ]
    },
    {
      "categories": [
        "Server/Application Misconfiguration",
        "Open Mail Relay"
      ],
      "exploitable_locations": [
        {
          "type": "ip",
          "protocol": "tcp",
          "address": "168.182.18.99",
          "port": "25",
          "created_at": 1597937352,
          "status": "pending"
        }
      ]
    },
    {
      "categories": [
        "Server/Application Misconfiguration",
        "Open Mail Relay"
      ],
      "exploitable_locations": [
        {
          "type": "ip",
          "protocol": "tcp",
          "address": "168.182.19.216",
          "port": "25",
          "created_at": 1599427881,
          "status": "pending"
        }
      ]
    },
    {
      "categories": [
        "Remote Execution",
        "**OS Command Injection**"
      ],
      "exploitable_locations": [
        {
          "type": "ip",
          "protocol": "tcp",
          "address": "168.182.16.10",
          "port": "443",
          "created_at": 1600224373,
          "status": "pending"
        }
      ]
    },
    {
      "categories": [
        "Remote Execution",
        "**OS Command Injection**"
      ],
      "exploitable_locations": [
        {
          "type": "ip",
          "protocol": "tcp",
          "address": "168.182.17.5",
          "port": "443",
          "created_at": 1600232824,
          "status": "pending"
        }
      ]
    },
    {
      "categories": [
        "Remote Execution",
        "**Code Injection (Server-Side)**"
      ],
      "exploitable_locations": [
        {
          "type": "ip",
          "protocol": "tcp",
          "address": "168.182.173.207",
          "port": "3389",
          "created_at": 1625846542,
          "status": "pending"
        }
      ]
    },
    {
      "categories": [
        "Authorization/Permissions",
        "Path Traversal"
      ],
      "exploitable_locations": [
        {
          "type": "ip",
          "protocol": "tcp",
          "address": "168.182.211.127",
          "port": "8888",
          "created_at": 1625883257,
          "status": "pending"
        }
      ]
    },
    {
      "categories": [
        "Authorization/Permissions",
        "Path Traversal"
      ],
      "exploitable_locations": [
        {
          "type": "ip",
          "protocol": "tcp",
          "address": "168.182.211.127",
          "port": "8888",
          "created_at": 1626233137,
          "status": "pending"
        }
      ]
    },
    {
      "categories": [
        "Information Disclosure",
        "Sensitive Directory/File Contents Disclosed"
      ],
      "exploitable_locations": [
        {
          "type": "ip",
          "address": "168.182.17.59",
          "port": "443",
          "protocol": "tcp",
          "created_at": 1565186399,
          "status": "pending"
        }
      ]
    },
    {
      "categories": [
        "Information Disclosure",
        "Sensitive Directory/File Contents Disclosed"
      ],
      "exploitable_locations": [
        {
          "type": "ip",
          "address": "168.182.17.137",
          "port": "80",
          "protocol": "tcp",
          "created_at": 1565223816,
          "status": "pending"
        }
      ]
    }
  ]
}