{
  "listing_id": "wsmx08bvbs",
  "type": "categories",
  "value": [
    {
      "categories": [
        "Authorization/Permissions",
        "Insecure Direct Object Reference"
      ],
      "exploitable_locations": [
        {
          "type": "url",
          "value": "https://amon.apps.frgbetaportal.com/vendor/en/api/v1/shipments/*/attachments",
          "created_at": 1620041267,
          "status": "pending"
        },
        {
          "type": "url",
          "value": "https://amon.apps.frgbetaportal.com/vendor/en/api/v1/shipments/*/shipment-detail-csv",
          "created_at": 1620041267,
          "status": "pending"
        },
        {
          "type": "url",
          "value": "https://amon.apps.frgbetaportal.com/vendor/en/api/v1/shipments/*/shipment-cartons-csv",
          "created_at": 1620041267,
          "status": "pending"
        },
        {
          "type": "url",
          "value": "https://amon.apps.frgbetaportal.com/vendor/en/api/v1/shipments/*/history",
          "created_at": 1620041267,
          "status": "pending"
        },
        {
          "type": "url",
          "value": "https://amon.apps.frgbetaportal.com/vendor/en/api/v1/attachments/shipments/shipment/*",
          "created_at": 1620041267,
          "status": "pending"
        },
        {
          "type": "url",
          "value": "https://amon.apps.frgbetaportal.com/vendor/en/api/v1/attachments/shipments/*/filename/*",
          "created_at": 1620041267,
          "status": "pending"
        },
        {
          "type": "url",
          "value": "https://amon.apps.frgbetaportal.com/vendor/en/api/v1/cartons/bulk",
          "created_at": 1620041267,
          "status": "pending"
        }
      ]
    },
    {
      "categories": [
        "Authorization/Permissions",
        "Insecure Direct Object Reference"
      ],
      "exploitable_locations": [
        {
          "type": "url",
          "value": "https://amon.apps.frgbetaportal.com/vendor/en/api/v1/attachments/orders/*",
          "created_at": 1620025439,
          "status": "pending"
        }
      ]
    },
    {
      "categories": [
        "Authorization/Permissions",
        "Insecure Direct Object Reference"
      ],
      "exploitable_locations": [
        {
          "type": "url",
          "value": "https://amon.apps.frgbetaportal.com/vendor/en/shipments/*/attachments",
          "created_at": 1620031813,
          "status": "pending"
        }
      ]
    },
    {
      "categories": [
        "Authorization/Permissions",
        "Access/Privacy Control Violation"
      ],
      "exploitable_locations": [
        {
          "type": "url",
          "value": "https://amon.apps.frgbetaportal.com/firefly/en/api/v1/user_info",
          "created_at": 1666875889,
          "status": "pending"
        }
      ]
    },
    {
      "categories": [
        "Authorization/Permissions",
        "Insecure Direct Object Reference (Read & Write)"
      ],
      "exploitable_locations": [
        {
          "type": "url",
          "value": "https://amon.apps.frgbetaportal.com/firefly/en/api/v1/inventoryTransfer/transfer",
          "created_at": 1671285471,
          "status": "pending"
        }
      ]
    },
    {
      "categories": [
        "Functional/Business Logic",
        "Unvalidated Redirect Bypass"
      ],
      "exploitable_locations": [
        {
          "type": "url",
          "value": "https://artanis.apps.frgbetaportal.com/auth/en/login",
          "created_at": 1676749240,
          "status": "pending"
        }
      ]
    },
    {
      "categories": [
        "Functional/Business Logic",
        "Client Side Validation"
      ],
      "exploitable_locations": [
        {
          "type": "url",
          "value": "https://amon.apps.frgbetaportal.com/vendor/en/api/v1/audits/6839/defect-lines/bulk",
          "created_at": 1679425712,
          "status": "pending"
        }
      ]
    },
    {
      "categories": [
        "Authorization/Permissions",
        "Access/Privacy Control Violation"
      ],
      "exploitable_locations": [
        {
          "type": "url",
          "value": "https://artanis.apps.frgbetaportal.com/fan-connect/en/api/v1/business_event_type",
          "created_at": 1684673944,
          "status": "pending"
        },
        {
          "type": "url",
          "value": "https://artanis.apps.frgbetaportal.com/fan-connect/en/static/js/main.e1e82751.js",
          "created_at": 1684673944,
          "status": "pending"
        },
        {
          "type": "url",
          "value": "https://artanis.apps.frgbetaportal.com/fan-connect/en/reporting/business/events",
          "created_at": 1684673944,
          "status": "pending"
        }
      ]
    },
    {
      "categories": [
        "Authorization/Permissions",
        "Access/Privacy Control Violation"
      ],
      "exploitable_locations": [
        {
          "type": "url",
          "value": "https://artanis.apps.frgbetaportal.com/fan-connect/en/api/v1/business_event_type/<id>",
          "assets_na": false,
          "assets_uids": [
            "61941aa0d3c05900013f331f"
          ],
          "created_at": 1686063751,
          "status": "pending"
        },
        {
          "type": "url",
          "value": "https://artanis.apps.frgbetaportal.com/fan-connect/en/static/js/main.e1e82751.js",
          "assets_na": false,
          "assets_uids": [
            "61941aa0d3c05900013f331f"
          ],
          "created_at": 1686063751,
          "status": "pending"
        },
        {
          "type": "url",
          "value": "https://artanis.apps.frgbetaportal.com/fan-connect/en/reporting/business/events",
          "assets_na": false,
          "assets_uids": [
            "61941aa0d3c05900013f331f"
          ],
          "created_at": 1686063751,
          "status": "pending"
        }
      ]
    },
    {
      "categories": [
        "Information Disclosure",
        "Sensitive Client Information Disclosed"
      ],
      "exploitable_locations": [
        {
          "type": "url",
          "value": "https://artanis.apps.frgbetaportal.com/fan-connect/en/static/js/main.c23fa77d.js",
          "assets_na": true,
          "assets_uids": [],
          "created_at": 1686151586,
          "status": "pending"
        }
      ]
    },
    {
      "categories": [
        "Information Disclosure",
        "Sensitive Client Information Disclosed"
      ],
      "exploitable_locations": [
        {
          "type": "url",
          "value": "https://artanis.apps.frgbetaportal.com/fan-connect/en/static/js/main.c23fa77d.js",
          "assets_na": true,
          "assets_uids": [],
          "created_at": 1686390142,
          "status": "pending"
        }
      ]
    },
    {
      "categories": [
        "Authorization/Permissions",
        "Access/Privacy Control Violation"
      ],
      "exploitable_locations": [
        {
          "type": "url",
          "value": "https://artanis.apps.frgbetaportal.com/fan-connect/en/api/v1/business_event/",
          "assets_na": false,
          "assets_uids": [
            "61941aa0d3c05900013f331f"
          ],
          "created_at": 1686775630,
          "status": "pending"
        }
      ]
    },
    {
      "categories": [
        "Authorization/Permissions",
        "Insecure Direct Object Reference (Read-Only)"
      ],
      "exploitable_locations": [
        {
          "type": "url",
          "value": "https://amon.apps.frgbetaportal.com/eagle/en/api/v1/eagle-service/facility/P1/shipment/<id>/receivingreport",
          "assets_na": false,
          "assets_uids": [
            "65284242150310ecde1fbfa3"
          ],
          "created_at": 1697156857,
          "status": "pending"
        }
      ]
    },
    {
      "categories": [
        "Authorization/Permissions",
        "Insecure Direct Object Reference (Read-Only)"
      ],
      "exploitable_locations": [
        {
          "type": "url",
          "value": "https://amon.apps.frgbetaportal.com/eagle/en/api/v1/eagle-service/facility/P1/shipment/<id>/receivingreport",
          "assets_na": false,
          "assets_uids": [
            "65284242150310ecde1fbfa3"
          ],
          "created_at": 1697187108,
          "status": "pending"
        }
      ]
    },
    {
      "categories": [
        "Authorization/Permissions",
        "Insecure Direct Object Reference (Read-Only)"
      ],
      "exploitable_locations": [
        {
          "type": "url",
          "value": "https://artanis.apps.frgbetaportal.com/eagle/en/api/v1/eagle-service/facility/P1/shipment/<id>/receivingreport",
          "assets_na": false,
          "assets_uids": [
            "652848ca150310ecde1fbfb7"
          ],
          "created_at": 1697190570,
          "status": "pending"
        }
      ]
    },
    {
      "categories": [
        "Authorization/Permissions",
        "Insecure Direct Object Reference (Read & Write)"
      ],
      "exploitable_locations": [
        {
          "type": "url",
          "value": "https://amon.apps.frgbetaportal.com/fan-connect/en/api/v1/business_process/<ID>/events",
          "assets_na": true,
          "assets_uids": [],
          "created_at": 1697266669,
          "status": "pending"
        }
      ]
    },
    {
      "categories": [
        "SQL Injection",
        "SQL Injection- Full"
      ],
      "exploitable_locations": [
        {
          "type": "url",
          "value": "https://amon.apps.frgbetaportal.com/eagle/en/api/v1/eagle-service/facility/*/*/metrics",
          "assets_na": false,
          "assets_uids": [
            "65284242150310ecde1fbfa3"
          ],
          "created_at": 1697456741,
          "status": "pending"
        },
        {
          "type": "url",
          "value": "https://amon.apps.frgbetaportal.com/eagle/en/api/v1/eagle-service/facility/*/*",
          "assets_na": false,
          "assets_uids": [
            "65284242150310ecde1fbfa3"
          ],
          "created_at": 1697456741,
          "status": "pending"
        }
      ]
    },
    {
      "categories": [
        "Cross-Site Scripting (XSS)",
        "**DOM Based XSS**"
      ],
      "exploitable_locations": [
        {
          "type": "url",
          "value": "https://amon.apps.frgbetaportal.com/auth/en/login",
          "created_at": 1620033400,
          "status": "pending"
        }
      ]
    },
    {
      "categories": [
        "Authorization/Permissions",
        "Insecure Direct Object Reference (Read-Only)"
      ],
      "exploitable_locations": [
        {
          "type": "url",
          "value": "https://amon.apps.frgbetaportal.com/fan-connect/en/api/v1/business_event/<ID>",
          "assets_na": true,
          "assets_uids": [],
          "created_at": 1698911104,
          "status": "pending"
        }
      ]
    },
    {
      "categories": [
        "SQL Injection",
        "SQL Injection- Full"
      ],
      "exploitable_locations": [
        {
          "type": "url",
          "value": "https://amon.apps.frgbetaportal.com/fan-connect/en/api/v1/business_event",
          "assets_na": false,
          "assets_uids": [
            "60883626da6b4c0001dbf4b9"
          ],
          "created_at": 1701663061,
          "status": "pending"
        }
      ]
    },
    {
      "categories": [
        "Authorization/Permissions",
        "Access Control Violation (High Privileged Functions-Read Only)"
      ],
      "exploitable_locations": [
        {
          "type": "url",
          "value": "https://artanis.apps.frgbetaportal.com/firefly/en/api/firefly/v1/item/info",
          "assets_na": false,
          "assets_uids": [
            "652848ca150310ecde1fbfb7"
          ],
          "created_at": 1704440154,
          "status": "pending"
        }
      ]
    },
    {
      "categories": [
        "Authorization/Permissions",
        "Access Control Violation (High Privileged Functions-Read Only)"
      ],
      "exploitable_locations": [
        {
          "type": "url",
          "value": "https://amon.apps.frgbetaportal.com/vendor/en/api/v1/shipments",
          "assets_na": false,
          "assets_uids": [
            "61941abda2145c0001c74cea"
          ],
          "created_at": 1708451031,
          "status": "pending"
        }
      ]
    },
    {
      "categories": [
        "Authorization/Permissions",
        "Insecure Direct Object Reference (Read-Only)"
      ],
      "exploitable_locations": [
        {
          "type": "url",
          "value": "https://amon.apps.frgbetaportal.com/eagle/en/api/v1/eagle-service/facility/P1/shipment/<ID>/receivingreport",
          "assets_na": true,
          "assets_uids": [],
          "created_at": 1708538513,
          "status": "pending"
        }
      ]
    },
    {
      "categories": [
        "Authorization/Permissions",
        "Insecure Direct Object Reference (Read-Only)"
      ],
      "exploitable_locations": [
        {
          "type": "url",
          "value": "https://amon.apps.frgbetaportal.com/fan-connect/en/api/v1/business_event/<ID>",
          "assets_na": true,
          "assets_uids": [],
          "created_at": 1708584245,
          "status": "pending"
        }
      ]
    },
    {
      "categories": [
        "Authorization/Permissions",
        "Insecure Direct Object Reference (Read-Only)"
      ],
      "exploitable_locations": [
        {
          "type": "url",
          "value": "https://amon.apps.frgbetaportal.com/vendor/en/api/v1/productionorders/<id>",
          "assets_na": false,
          "assets_uids": [
            "65284242150310ecde1fbfa3"
          ],
          "created_at": 1708594583,
          "status": "pending"
        },
        {
          "type": "url",
          "value": "https://amon.apps.frgbetaportal.com/vendor/en/api/v1/productionorders/<id>/products-shipping",
          "assets_na": false,
          "assets_uids": [
            "65284242150310ecde1fbfa3"
          ],
          "created_at": 1708594583,
          "status": "pending"
        },
        {
          "type": "url",
          "value": "https://amon.apps.frgbetaportal.com/vendor/en/api/v1/productionorders/<id>/products",
          "assets_na": false,
          "assets_uids": [
            "65284242150310ecde1fbfa3"
          ],
          "created_at": 1708594583,
          "status": "pending"
        }
      ]
    },
    {
      "categories": [
        "Authorization/Permissions",
        "Insecure Direct Object Reference (Read & Write)"
      ],
      "exploitable_locations": [
        {
          "type": "url",
          "value": "https://amon.apps.frgbetaportal.com/vendor/en/api/v1/audits/3765580/defect-lines/bulk",
          "assets_na": true,
          "assets_uids": [],
          "created_at": 1709546381,
          "status": "pending"
        }
      ]
    },
    {
      "categories": [
        "Functional/Business Logic",
        "Improper Input Validation"
      ],
      "exploitable_locations": [
        {
          "type": "url",
          "value": "https://amon.apps.frgbetaportal.com/home/en/secure/generate-link",
          "created_at": 1620036030,
          "status": "pending"
        },
        {
          "type": "url",
          "value": "https://amon.apps.frgbetaportal.com/",
          "created_at": 1620036030,
          "status": "pending"
        }
      ]
    },
    {
      "categories": [
        "Authorization/Permissions",
        "Insecure Direct Object Reference (Read & Write)"
      ],
      "exploitable_locations": [
        {
          "type": "url",
          "value": "https://amon.apps.frgbetaportal.com/vendor/en/api/v1/attachments/audits/audit/<audit_ID>/defect/<Defect_ID>",
          "assets_na": false,
          "assets_uids": [
            "65284242150310ecde1fbfa3"
          ],
          "created_at": 1709569743,
          "status": "pending"
        }
      ]
    },
    {
      "categories": [
        "Authorization/Permissions",
        "Insecure Direct Object Reference (Read & Write)"
      ],
      "exploitable_locations": [
        {
          "type": "url",
          "value": "https://amon.apps.frgbetaportal.com/vendor/en/api/v1/audits/3765580/defect-lines/bulk",
          "assets_na": true,
          "assets_uids": [],
          "created_at": 1709715686,
          "status": "pending"
        }
      ]
    },
    {
      "categories": [
        "Authorization/Permissions",
        "Access Control Violation (Low Privileged Functions-Read/Write or Write Only)"
      ],
      "exploitable_locations": [
        {
          "type": "url",
          "value": "https://artanis.apps.frgbetaportal.com/firefly/en/api/v1/work_orders",
          "assets_na": true,
          "assets_uids": [],
          "created_at": 1709886160,
          "status": "pending"
        }
      ]
    },
    {
      "categories": [
        "Authentication/Session Management",
        "Account Enumeration"
      ],
      "exploitable_locations": [
        {
          "type": "url",
          "value": "https://amon.apps.frgbetaportal.com/vendor/en/api/v1/admin/users",
          "created_at": 1620037377,
          "status": "pending"
        }
      ]
    },
    {
      "categories": [
        "Cross-Site Scripting (XSS)",
        "**DOM Based XSS**"
      ],
      "exploitable_locations": [
        {
          "type": "url",
          "value": "https://amon.apps.frgbetaportal.com/auth/en/login",
          "created_at": 1620038014,
          "status": "pending"
        }
      ]
    },
    {
      "categories": [
        "Cross-Site Scripting (XSS)",
        "**Reflected XSS (OLD DNU)**"
      ],
      "exploitable_locations": [
        {
          "type": "url",
          "value": "https://amon.apps.frgbetaportal.com/auth/en/login",
          "created_at": 1620039081,
          "status": "pending"
        },
        {
          "type": "url",
          "value": "https://amon.apps.frgbetaportal.com/auth/en/login",
          "created_at": 1620039081,
          "status": "pending"
        }
      ]
    },
    {
      "categories": [
        "Cross-Site Scripting (XSS)",
        "**DOM Based XSS**"
      ],
      "exploitable_locations": [
        {
          "type": "url",
          "value": "https://amon.apps.frgbetaportal.com/auth/en/login",
          "created_at": 1620025756,
          "status": "pending"
        }
      ]
    },
    {
      "categories": [
        "Authorization/Permissions",
        "Access/Privacy Control Violation"
      ],
      "exploitable_locations": [
        {
          "type": "url",
          "value": "https://amon.apps.frgbetaportal.com/vendor/en/api/v1/attachments",
          "created_at": 1620048267,
          "status": "pending"
        }
      ]
    },
    {
      "categories": [
        "Authorization/Permissions",
        "Access/Privacy Control Violation"
      ],
      "exploitable_locations": [
        {
          "type": "url",
          "value": "https://amon.apps.frgbetaportal.com/firefly/en/api/v1/work_order_export",
          "created_at": 1620049787,
          "status": "pending"
        }
      ]
    },
    {
      "categories": [
        "Authorization/Permissions",
        "Access/Privacy Control Violation"
      ],
      "exploitable_locations": [
        {
          "type": "url",
          "value": "https://amon.apps.frgbetaportal.com/firefly/en/admin",
          "created_at": 1620083824,
          "status": "pending"
        }
      ]
    },
    {
      "categories": [
        "Authorization/Permissions",
        "Insecure Direct Object Reference"
      ],
      "exploitable_locations": [
        {
          "type": "url",
          "value": "https://amon.apps.frgbetaportal.com/firefly/en/api/v1/work_orders",
          "created_at": 1620098942,
          "status": "pending"
        }
      ]
    },
    {
      "categories": [
        "Authorization/Permissions",
        "Insecure Direct Object Reference"
      ],
      "exploitable_locations": [
        {
          "type": "url",
          "value": "https://amon.apps.frgbetaportal.com/firefly/en/api/v1/work_orders",
          "created_at": 1620101049,
          "status": "pending"
        }
      ]
    },
    {
      "categories": [
        "Functional/Business Logic",
        "Unrestricted File Upload (No Execution Server-Side)"
      ],
      "exploitable_locations": [
        {
          "type": "app-location",
          "value": "https://amon.apps.frgbetaportal.com/vendor/en/orders/po-lines/{ordernumber}",
          "created_at": 1620196446,
          "status": "pending"
        }
      ]
    },
    {
      "categories": [
        "Authorization/Permissions",
        "Insecure Direct Object Reference"
      ],
      "exploitable_locations": [
        {
          "type": "url",
          "value": "https://amon.apps.frgbetaportal.com/vendor/en/api/v1/productionorders/lines",
          "created_at": 1620313998,
          "status": "pending"
        }
      ]
    },
    {
      "categories": [
        "SQL Injection",
        "**Incorrect Type Handling**"
      ],
      "exploitable_locations": [
        {
          "type": "url",
          "value": "https://amon.apps.frgbetaportal.com/firefly/en/api/v1/work_order",
          "created_at": 1620686380,
          "status": "pending"
        }
      ]
    },
    {
      "categories": [
        "Authorization/Permissions",
        "Insecure Direct Object Reference (Read & Write)"
      ],
      "exploitable_locations": [
        {
          "type": "url",
          "value": "https://artanis.apps.frgbetaportal.com/vendor/en/api/v1/shipments",
          "created_at": 1638429122,
          "status": "pending"
        }
      ]
    },
    {
      "categories": [
        "Authorization/Permissions",
        "Access/Privacy Control Violation"
      ],
      "exploitable_locations": [
        {
          "type": "url",
          "value": "https://amon.apps.frgbetaportal.com/vendor/en/api/v1/attachments/orders/4006",
          "created_at": 1638435716,
          "status": "pending"
        }
      ]
    },
    {
      "categories": [
        "Authorization/Permissions",
        "Insecure Direct Object Reference (Read & Write)"
      ],
      "exploitable_locations": [
        {
          "type": "url",
          "value": "https://amon.apps.frgbetaportal.com/vendor/en/api/v1/shipments/<ID>",
          "created_at": 1638438417,
          "status": "pending"
        }
      ]
    },
    {
      "categories": [
        "Authorization/Permissions",
        "Insecure Direct Object Reference (Read & Write)"
      ],
      "exploitable_locations": [
        {
          "type": "url",
          "value": "https://amon.apps.frgbetaportal.com/vendor/en/api/v1/shipments/<ID>",
          "created_at": 1638438955,
          "status": "pending"
        }
      ]
    },
    {
      "categories": [
        "Authorization/Permissions",
        "Access/Privacy Control Violation"
      ],
      "exploitable_locations": [
        {
          "type": "url",
          "value": "https://amon.apps.frgbetaportal.com/firefly/en/api/v1/work_order_export",
          "created_at": 1620028068,
          "status": "pending"
        }
      ]
    },
    {
      "categories": [
        "Authorization/Permissions",
        "Access/Privacy Control Violation"
      ],
      "exploitable_locations": [
        {
          "type": "url",
          "value": "https://amon.apps.frgbetaportal.com/vendor/en/api/v1/productionorders/lines/<id>/acknowledge",
          "created_at": 1638618479,
          "status": "pending"
        }
      ]
    },
    {
      "categories": [
        "Authorization/Permissions",
        "Insecure Direct Object Reference (Read & Write)"
      ],
      "exploitable_locations": [
        {
          "type": "url",
          "value": "https://artanis.apps.frgbetaportal.com/vendor/en/pack/<id>",
          "created_at": 1638649216,
          "status": "pending"
        },
        {
          "type": "url",
          "value": "https://artanis.apps.frgbetaportal.com/vendor/en/api/v1/cartons/bulk",
          "created_at": 1638649216,
          "status": "pending"
        }
      ]
    },
    {
      "categories": [
        "Authorization/Permissions",
        "Insecure Direct Object Reference"
      ],
      "exploitable_locations": [
        {
          "type": "url",
          "value": "https://amon.apps.frgbetaportal.com/vendor/en/api/v1/attachments/shipments/shipment/10",
          "created_at": 1620029765,
          "status": "pending"
        }
      ]
    },
    {
      "categories": [
        "Functional/Business Logic",
        "Unvalidated Redirects"
      ],
      "exploitable_locations": [
        {
          "type": "url",
          "value": "https://artanis.apps.frgbetaportal.com/auth/ro/login",
          "created_at": 1639081641,
          "status": "pending"
        },
        {
          "type": "url",
          "value": "https://amon.apps.frgbetaportal.com/auth/en/login",
          "created_at": 1639081641,
          "status": "pending"
        },
        {
          "type": "url",
          "value": "https://amon.apps.frgbetaportal.com/auth/ru/login",
          "created_at": 1639081641,
          "status": "pending"
        },
        {
          "type": "url",
          "value": "https://amon.apps.frgbetaportal.com/auth/fi/login",
          "created_at": 1639081641,
          "status": "pending"
        },
        {
          "type": "url",
          "value": "https://amon.apps.frgbetaportal.com/auth/de/login",
          "created_at": 1639081641,
          "status": "pending"
        },
        {
          "type": "url",
          "value": "https://amon.apps.frgbetaportal.com/auth/id/login",
          "created_at": 1639081641,
          "status": "pending"
        },
        {
          "type": "url",
          "value": "https://amon.apps.frgbetaportal.com/auth/pt/login",
          "created_at": 1639081641,
          "status": "pending"
        }
      ]
    },
    {
      "categories": [
        "Authorization/Permissions",
        "Insecure Direct Object Reference (Read & Write)"
      ],
      "exploitable_locations": [
        {
          "type": "url",
          "value": "https://amon.apps.frgbetaportal.com/vendor/en/api/v1/shipments/<ID>",
          "created_at": 1652867267,
          "status": "pending"
        }
      ]
    },
    {
      "categories": [
        "Authorization/Permissions",
        "Insecure Direct Object Reference (Read-Only)"
      ],
      "exploitable_locations": [
        {
          "type": "url",
          "value": "https://amon.apps.frgbetaportal.com/vendor/en/api/v1/attachments/shipments/shipment/<id>",
          "created_at": 1652868782,
          "status": "pending"
        }
      ]
    },
    {
      "categories": [
        "Authorization/Permissions",
        "Insecure Direct Object Reference (Read-Only)"
      ],
      "exploitable_locations": [
        {
          "type": "url",
          "value": "https://amon.apps.frgbetaportal.com/vendor/en/api/v1/audits/joined/<id>",
          "created_at": 1652870769,
          "status": "pending"
        }
      ]
    },
    {
      "categories": [
        "Authorization/Permissions",
        "Insecure Direct Object Reference (Read-Only)"
      ],
      "exploitable_locations": [
        {
          "type": "url",
          "value": "https://amon.apps.frgbetaportal.com/vendor/en/api/v1/productionorders/lines/10313/summary",
          "created_at": 1652878361,
          "status": "pending"
        }
      ]
    },
    {
      "categories": [
        "Authorization/Permissions",
        "Insecure Direct Object Reference"
      ],
      "exploitable_locations": [
        {
          "type": "url",
          "value": "https://amon.apps.frgbetaportal.com/vendor/en/shipments/*",
          "created_at": 1620029847,
          "status": "pending"
        },
        {
          "type": "url",
          "value": "https://amon.apps.frgbetaportal.com/vendor/en/api/v1/productionorders/lines",
          "created_at": 1620029847,
          "status": "pending"
        },
        {
          "type": "url",
          "value": "https://amon.apps.frgbetaportal.com/vendor/en/api/v1/shipments/*/history",
          "created_at": 1620029847,
          "status": "pending"
        },
        {
          "type": "url",
          "value": "https://amon.apps.frgbetaportal.com/vendor/en/api/v1/attachments/shipments/shipment/*",
          "created_at": 1620029847,
          "status": "pending"
        },
        {
          "type": "url",
          "value": "https://amon.apps.frgbetaportal.com/vendor/en/api/v1/shipments/*/shipment-detail-csv",
          "created_at": 1620029847,
          "status": "pending"
        },
        {
          "type": "url",
          "value": "https://amon.apps.frgbetaportal.com/vendor/en/api/v1/shipments/*/shipment-cartons-csv",
          "created_at": 1620029847,
          "status": "pending"
        }
      ]
    },
    {
      "categories": [
        "Authorization/Permissions",
        "Insecure Direct Object Reference (Read-Only)"
      ],
      "exploitable_locations": [
        {
          "type": "url",
          "value": "https://amon.apps.frgbetaportal.com/vendor/en/api/v1/productionorders/lines/bulk/summary",
          "created_at": 1652882213,
          "status": "pending"
        },
        {
          "type": "url",
          "value": "https://amon.apps.frgbetaportal.com/vendor/en/api/v1/productionorders/lines/bulk/items",
          "created_at": 1652882213,
          "status": "pending"
        },
        {
          "type": "url",
          "value": "https://amon.apps.frgbetaportal.com/vendor/en/api/v1/audits/bulk/by-po-line-id",
          "created_at": 1652882213,
          "status": "pending"
        },
        {
          "type": "url",
          "value": "https://amon.apps.frgbetaportal.com/vendor/en/api/v1/productionorders/lines/bulk/cartons",
          "created_at": 1652882213,
          "status": "pending"
        }
      ]
    },
    {
      "categories": [
        "Authorization/Permissions",
        "Insecure Direct Object Reference (Read-Only)"
      ],
      "exploitable_locations": [
        {
          "type": "url",
          "value": "https://amon.apps.frgbetaportal.com/vendor/en/api/v1/productionorders/lines/10277/items",
          "created_at": 1652891540,
          "status": "pending"
        },
        {
          "type": "url",
          "value": "https://amon.apps.frgbetaportal.com/vendor/en/api/v1/productionorders/lines/10270/cartons",
          "created_at": 1652891540,
          "status": "pending"
        }
      ]
    },
    {
      "categories": [
        "Authorization/Permissions",
        "Insecure Direct Object Reference (Read-Only)"
      ],
      "exploitable_locations": [
        {
          "type": "url",
          "value": "https://amon.apps.frgbetaportal.com/vendor/en/api/v1/productionorders/lines/10313/summary",
          "created_at": 1652950254,
          "status": "pending"
        },
        {
          "type": "url",
          "value": "https://amon.apps.frgbetaportal.com/vendor/en/api/v1/productionorders/lines/10270/history",
          "created_at": 1652950254,
          "status": "pending"
        }
      ]
    },
    {
      "categories": [
        "Authorization/Permissions",
        "Insecure Direct Object Reference (Read-Only)"
      ],
      "exploitable_locations": [
        {
          "type": "url",
          "value": "https://amon.apps.frgbetaportal.com/vendor/en/api/v1/productionorders/lines/bulk/summary",
          "created_at": 1652951279,
          "status": "pending"
        },
        {
          "type": "url",
          "value": "https://amon.apps.frgbetaportal.com/vendor/en/api/v1/productionorders/lines/bulk/items",
          "created_at": 1652951279,
          "status": "pending"
        },
        {
          "type": "url",
          "value": "https://amon.apps.frgbetaportal.com/vendor/en/api/v1/productionorders/lines/bulk/cartons",
          "created_at": 1652951279,
          "status": "pending"
        },
        {
          "type": "url",
          "value": "https://amon.apps.frgbetaportal.com/vendor/en/api/v1/audits/bulk/by-po-line-id",
          "created_at": 1652951279,
          "status": "pending"
        }
      ]
    },
    {
      "categories": [
        "Authorization/Permissions",
        "Insecure Direct Object Reference (Read-Only)"
      ],
      "exploitable_locations": [
        {
          "type": "url",
          "value": "https://amon.apps.frgbetaportal.com/vendor/en/api/v1/productionorders/lines/10270/cartons",
          "created_at": 1652952104,
          "status": "pending"
        },
        {
          "type": "url",
          "value": "https://amon.apps.frgbetaportal.com/vendor/en/api/v1/productionorders/lines/10270/items",
          "created_at": 1652952104,
          "status": "pending"
        }
      ]
    },
    {
      "categories": [
        "Authorization/Permissions",
        "Insecure Direct Object Reference (Read & Write)"
      ],
      "exploitable_locations": [
        {
          "type": "url",
          "value": "https://artanis.apps.frgbetaportal.com/firefly/en/inventoryTransfer/inbound/XXXX",
          "created_at": 1653412804,
          "status": "pending"
        }
      ]
    },
    {
      "categories": [
        "Authorization/Permissions",
        "Insecure Direct Object Reference (Read & Write)"
      ],
      "exploitable_locations": [
        {
          "type": "url",
          "value": "https://amon.apps.frgbetaportal.com/firefly/en/api/v1/inventoryTransfer/transfer",
          "created_at": 1653492825,
          "status": "pending"
        }
      ]
    },
    {
      "categories": [
        "Cross-Site Scripting (XSS)",
        "Persistent XSS"
      ],
      "exploitable_locations": [
        {
          "type": "url",
          "value": "https://artanis.apps.frgbetaportal.com/",
          "created_at": 1653513179,
          "status": "pending"
        }
      ]
    },
    {
      "categories": [
        "Functional/Business Logic",
        "Unrestricted File Upload (No Execution Server-Side)"
      ],
      "exploitable_locations": [
        {
          "type": "url",
          "value": "https://amon.apps.frgbetaportal.com/vendor/en/api/v1/attachments/shipments/shipment/<id>",
          "created_at": 1620031092,
          "status": "pending"
        }
      ]
    },
    {
      "categories": [
        "Functional/Business Logic",
        "Improper Input Validation"
      ],
      "exploitable_locations": [
        {
          "type": "url",
          "value": "https://artanis.apps.frgbetaportal.com/firefly/en/inventoryTransfer/",
          "created_at": 1653551149,
          "status": "pending"
        }
      ]
    },
    {
      "categories": [
        "Authorization/Permissions",
        "Insecure Direct Object Reference (Read-Only)"
      ],
      "exploitable_locations": [
        {
          "type": "url",
          "value": "https://amon.apps.frgbetaportal.com/firefly/en/api/v1/inventoryTransfer/batch",
          "created_at": 1653570131,
          "status": "pending"
        },
        {
          "type": "other",
          "value": "GET Method",
          "created_at": 1653570131,
          "status": "pending"
        }
      ]
    },
    {
      "categories": [
        "Cross-Site Scripting (XSS)",
        "Persistent XSS"
      ],
      "exploitable_locations": [
        {
          "type": "url",
          "value": "https://artanis.apps.frgbetaportal.com/vendor/en/api/v1/attachments/shipments/shipment/<shipmentID>",
          "created_at": 1653577329,
          "status": "pending"
        }
      ]
    },
    {
      "categories": [
        "Cross-Site Scripting (XSS)",
        "**DOM Based XSS**"
      ],
      "exploitable_locations": [
        {
          "type": "url",
          "value": "https://amon.apps.frgbetaportal.com/auth/en/login",
          "created_at": 1620031282,
          "status": "pending"
        }
      ]
    },
    {
      "categories": [
        "Functional/Business Logic",
        "Improper Input Validation"
      ],
      "exploitable_locations": [
        {
          "type": "url",
          "value": "https://amon.apps.frgbetaportal.com/vendor/en/shipments/*",
          "created_at": 1660657917,
          "status": "pending"
        }
      ]
    },
    {
      "categories": [
        "Server/Application Misconfiguration",
        "Security HTTP Headers"
      ],
      "exploitable_locations": [
        {
          "type": "url",
          "value": "https://artanis.apps.frgbetaportal.com/auth/en/login",
          "created_at": 1662220259,
          "status": "pending"
        }
      ]
    },
    {
      "categories": [
        "Functional/Business Logic",
        "Unvalidated Redirects"
      ],
      "exploitable_locations": [
        {
          "type": "url",
          "value": "https://amon.apps.frgbetaportal.com/auth/en/login",
          "created_at": 1662273710,
          "status": "pending"
        }
      ]
    },
    {
      "categories": [
        "Authorization/Permissions",
        "Insecure Direct Object Reference"
      ],
      "exploitable_locations": [
        {
          "type": "url",
          "value": "https://amon.apps.frgbetaportal.com/vendor/en/api/v1/attachments/audits/audit/*",
          "created_at": 1620031511,
          "status": "pending"
        }
      ]
    },
    {
      "categories": [
        "Functional/Business Logic",
        "Improper Input Validation"
      ],
      "exploitable_locations": [
        {
          "type": "url",
          "value": "https://amon.apps.frgbetaportal.com/vendor/en/api/v1/productionorders/bulk/acknowledge",
          "created_at": 1662986008,
          "status": "pending"
        }
      ]
    },
    {
      "categories": [
        "Authorization/Permissions",
        "Insecure Direct Object Reference (Read-Only)"
      ],
      "exploitable_locations": [
        {
          "type": "url",
          "value": "https://amon.apps.frgbetaportal.com/firefly/en/api/v1/inventoryTransfer/transfer",
          "created_at": 1666271526,
          "status": "pending"
        }
      ]
    },
    {
      "categories": [
        "Authorization/Permissions",
        "Access/Privacy Control Violation"
      ],
      "exploitable_locations": [
        {
          "type": "url",
          "value": "https://amon.apps.frgbetaportal.com/vendor/en/api/v1/productionorders/bulk/acknowledge",
          "created_at": 1666281820,
          "status": "pending"
        }
      ]
    },
    {
      "categories": [
        "Functional/Business Logic",
        "Client Side Validation"
      ],
      "exploitable_locations": [
        {
          "type": "url",
          "value": "https://amon.apps.frgbetaportal.com/vendor/en/api/v1/audits/6839/defect-lines/bulk",
          "created_at": 1666318201,
          "status": "pending"
        }
      ]
    },
    {
      "categories": [
        "Cross-Site Scripting (XSS)",
        "DOM-based XSS"
      ],
      "exploitable_locations": [
        {
          "type": "url",
          "value": "https://artanis.apps.frgbetaportal.com/auth/en/login",
          "assets_na": false,
          "assets_uids": [
            "652848ca150310ecde1fbfb7"
          ],
          "created_at": 1716564648,
          "status": "pending"
        },
        {
          "type": "url",
          "value": "https://artanis.apps.frgbetaportal.com/auth/static/1.0.397/bundle.js",
          "created_at": 1716564648,
          "status": "pending"
        }
      ]
    },
    {
      "categories": [
        "Authorization/Permissions",
        "Insecure Direct Object Reference (Read & Write)"
      ],
      "exploitable_locations": [
        {
          "type": "url",
          "value": "https://amon.apps.frgbetaportal.com/vendor/en/api/v1/attachments/audits/audit/ID",
          "assets_na": false,
          "assets_uids": [
            "60832607ef2e790001ffca3e"
          ],
          "created_at": 1716570028,
          "status": "pending"
        }
      ]
    },
    {
      "categories": [
        "Authorization/Permissions",
        "Insecure Direct Object Reference (Read & Write)"
      ],
      "exploitable_locations": [
        {
          "type": "url",
          "value": "https://amon.apps.frgbetaportal.com/vendor/en/api/v1/attachments/audits/<ID>/filename/<Filename>",
          "assets_na": false,
          "assets_uids": [
            "60832607ef2e790001ffca3e"
          ],
          "created_at": 1716571309,
          "status": "pending"
        }
      ]
    },
    {
      "categories": [
        "Authorization/Permissions",
        "Insecure Direct Object Reference (Read & Write)"
      ],
      "exploitable_locations": [
        {
          "type": "url",
          "value": "https://amon.apps.frgbetaportal.com/vendor/en/api/v1/audits/<ID>/defect-lines/bulk",
          "assets_na": false,
          "assets_uids": [
            "60832607ef2e790001ffca3e"
          ],
          "created_at": 1716623070,
          "status": "pending"
        }
      ]
    },
    {
      "categories": [
        "Authorization/Permissions",
        "Insecure Direct Object Reference (Read & Write)"
      ],
      "exploitable_locations": [
        {
          "type": "url",
          "value": "https://amon.apps.frgbetaportal.com/vendor/en/api/v1/audits/<ID>/defect-lines/bulk",
          "assets_na": false,
          "assets_uids": [
            "60832607ef2e790001ffca3e"
          ],
          "created_at": 1716631580,
          "status": "pending"
        }
      ]
    },
    {
      "categories": [
        "SQL Injection",
        "SQL Injection- Full"
      ],
      "exploitable_locations": [
        {
          "type": "url",
          "value": "https://amon.apps.frgbetaportal.com/fan-connect/en/api/v1/business_event",
          "assets_na": false,
          "assets_uids": [
            "65284242150310ecde1fbfa3"
          ],
          "created_at": 1718194996,
          "status": "pending"
        }
      ]
    },
    {
      "categories": [
        "Authorization/Permissions",
        "Access Control Violation (High Privileged Functions-Read Only)"
      ],
      "exploitable_locations": [
        {
          "type": "url",
          "value": "https://artanis.apps.frgbetaportal.com/firefly/en/api/firefly/v1/transfers/data",
          "assets_na": false,
          "assets_uids": [
            "61941aa0d3c05900013f331f"
          ],
          "created_at": 1718856071,
          "status": "pending"
        }
      ]
    },
    {
      "categories": [
        "Authentication/Session Management",
        "Account Enumeration"
      ],
      "exploitable_locations": [
        {
          "type": "url",
          "value": "https://amon.apps.frgbetaportal.com/auth/en/api/session/authz",
          "assets_na": false,
          "assets_uids": [
            "60832607ef2e790001ffca3e"
          ],
          "created_at": 1719848856,
          "status": "pending"
        }
      ]
    },
    {
      "categories": [
        "Functional/Business Logic",
        "Functionality Abuse with Malicious Impact"
      ],
      "exploitable_locations": [
        {
          "type": "url",
          "value": "https://amon.apps.frgbetaportal.com/firefly/en/api/firefly/v1/shipmentdetail/bol",
          "assets_na": false,
          "assets_uids": [
            "60832607ef2e790001ffca3e"
          ],
          "created_at": 1720759184,
          "status": "pending"
        }
      ]
    },
    {
      "categories": [
        "Authorization/Permissions",
        "Insecure Direct Object Reference (Read-Only)"
      ],
      "exploitable_locations": [
        {
          "type": "url",
          "value": "https://artanis.apps.frgbetaportal.com/firefly/en/api/firefly/v1/transfer/batches/",
          "assets_na": false,
          "assets_uids": [
            "652848ca150310ecde1fbfb7"
          ],
          "created_at": 1722871475,
          "status": "pending"
        }
      ]
    },
    {
      "categories": [
        "Authorization/Permissions",
        "Insecure Direct Object Reference (Read-Only)"
      ],
      "exploitable_locations": [
        {
          "type": "url",
          "value": "https://artanis.apps.frgbetaportal.com/fan-connect/en/api/v1/business_event/<id>",
          "assets_na": false,
          "assets_uids": [
            "652848ca150310ecde1fbfb7"
          ],
          "created_at": 1723283869,
          "status": "pending"
        }
      ]
    },
    {
      "categories": [
        "Authorization/Permissions",
        "Insecure Direct Object Reference (Read-Only)"
      ],
      "exploitable_locations": [
        {
          "type": "url",
          "value": "https://artanis.apps.frgbetaportal.com/fan-connect/en/api/v1/business_process_execution/<id>",
          "assets_na": false,
          "assets_uids": [
            "61941aa0d3c05900013f331f"
          ],
          "created_at": 1723299992,
          "status": "pending"
        }
      ]
    },
    {
      "categories": [
        "SQL Injection",
        "SQL Injection- Full"
      ],
      "exploitable_locations": [
        {
          "type": "url",
          "value": "https://artanis.apps.frgbetaportal.com/fan-connect/en/api/v1/business_processes",
          "assets_na": false,
          "assets_uids": [
            "61941aa0d3c05900013f331f"
          ],
          "created_at": 1727705216,
          "status": "pending"
        }
      ]
    },
    {
      "categories": [
        "Authentication/Session Management",
        "Cookie-related Flaws"
      ],
      "exploitable_locations": [
        {
          "type": "url",
          "value": "https://amon.apps.frgbetaportal.com/vendor/en/api/v1/*",
          "assets_na": false,
          "assets_uids": [
            "60883626da6b4c0001dbf4b9"
          ],
          "created_at": 1732427088,
          "status": "pending"
        }
      ]
    },
    {
      "categories": [
        "Information Disclosure",
        "Identity of Software Architecture"
      ],
      "exploitable_locations": [
        {
          "type": "url",
          "value": "https://artanis.apps.frgbetaportal.com/fan-connect/en/config.json",
          "assets_na": false,
          "assets_uids": [
            "652848ca150310ecde1fbfb4"
          ],
          "created_at": 1738829721,
          "status": "pending"
        }
      ]
    },
    {
      "categories": [
        "Information Disclosure",
        "Sensitive Client Information Disclosed"
      ],
      "exploitable_locations": [
        {
          "type": "url",
          "value": "https://artanis.apps.frgbetaportal.com/fan-connect/en/static/js/main.226b8811.js",
          "assets_na": false,
          "assets_uids": [
            "652848ca150310ecde1fbfb7"
          ],
          "created_at": 1716205638,
          "status": "pending"
        }
      ]
    }
  ]
}