{
  "listing_id": "wsmx08bvbs",
  "type": "categories",
  "value": [
    {
      "categories": [
        "Functional/Business Logic",
        "Improper Input Validation"
      ],
      "exploitable_locations": [
        {
          "type": "url",
          "value": "https://amon.apps.frgbetaportal.com/vendor/en/api/v1/audits/4702",
          "created_at": 1667756556,
          "status": "fixed"
        },
        {
          "type": "url",
          "value": "https://amon.apps.frgbetaportal.com/vendor/en/audits/4702/details",
          "created_at": 1667756556,
          "status": "fixed"
        }
      ]
    },
    {
      "categories": [
        "Authorization/Permissions",
        "Insecure Direct Object Reference (Read & Write)"
      ],
      "exploitable_locations": [
        {
          "type": "url",
          "value": "https://amon.apps.frgbetaportal.com/firefly/en/api/v1/inventoryTransfer/transfer",
          "created_at": 1671991326,
          "status": "fixed"
        },
        {
          "type": "url",
          "value": "https://artanis.apps.frgbetaportal.com/firefly/en/api/v1/inventoryTransfer/transfer",
          "created_at": 1671991326,
          "status": "fixed"
        }
      ]
    },
    {
      "categories": [
        "Authorization/Permissions",
        "Access/Privacy Control Violation"
      ],
      "exploitable_locations": [
        {
          "type": "url",
          "value": "https://amon.apps.frgbetaportal.com/vendor/en/api/v1/shipments/453/do-ready-for-review",
          "created_at": 1679748027,
          "status": "fixed"
        },
        {
          "type": "url",
          "value": "https://amon.apps.frgbetaportal.com/vendor/en/shipments/453",
          "created_at": 1679748027,
          "status": "fixed"
        }
      ]
    },
    {
      "categories": [
        "Authorization/Permissions",
        "Insecure Direct Object Reference (Read-Only)"
      ],
      "exploitable_locations": [
        {
          "type": "url",
          "value": "https://amon.apps.frgbetaportal.com/fan-connect/en/api/v1/business_event/<ID>",
          "created_at": 1684690729,
          "status": "fixed"
        }
      ]
    },
    {
      "categories": [
        "Functional/Business Logic",
        "Unrestricted File Upload (No Execution Server-Side)"
      ],
      "exploitable_locations": [
        {
          "type": "url",
          "value": "https://amon.apps.frgbetaportal.com/",
          "created_at": 1620031910,
          "status": "fixed"
        },
        {
          "type": "url",
          "value": "https://amon.apps.frgbetaportal.com/vendor/en/shipments",
          "created_at": 1620031910,
          "status": "fixed"
        }
      ]
    },
    {
      "categories": [
        "Authorization/Permissions",
        "Insecure Direct Object Reference (Read & Write)"
      ],
      "exploitable_locations": [
        {
          "type": "url",
          "value": "https://amon.apps.frgbetaportal.com/fan-connect/en/api/v1/business_process/[ID]",
          "assets_na": false,
          "assets_uids": [
            "60883626da6b4c0001dbf4b9"
          ],
          "created_at": 1686839259,
          "status": "wont_fix"
        },
        {
          "type": "url",
          "value": "https://amon.apps.frgbetaportal.com/fan-connect/en/api/v1/business_process",
          "assets_na": false,
          "assets_uids": [
            "60883626da6b4c0001dbf4b9"
          ],
          "created_at": 1686839259,
          "status": "wont_fix"
        }
      ]
    },
    {
      "categories": [
        "Functional/Business Logic",
        "Client Side Validation"
      ],
      "exploitable_locations": [
        {
          "type": "url",
          "value": "https://artanis.apps.frgbetaportal.com/firefly/en/api/v1/work_orders",
          "assets_na": false,
          "assets_uids": [
            "61941abda2145c0001c74cea"
          ],
          "created_at": 1687001074,
          "status": "fixed"
        }
      ]
    },
    {
      "categories": [
        "Functional/Business Logic",
        "Improper Input Validation"
      ],
      "exploitable_locations": [
        {
          "type": "url",
          "value": "https://amon.apps.frgbetaportal.com/fan-connect/en/api/v1/business_process",
          "assets_na": false,
          "assets_uids": [
            "60883626da6b4c0001dbf4b9"
          ],
          "created_at": 1689687341,
          "status": "pending"
        }
      ]
    },
    {
      "categories": [
        "Functional/Business Logic",
        "Functionality Abuse with Malicious Impact"
      ],
      "exploitable_locations": [
        {
          "type": "url",
          "value": "https://artanis.apps.frgbetaportal.com/fan-connect/en/api/v1/sites/608220/orders/MI1UA1QWPIBFZO/package",
          "assets_na": false,
          "assets_uids": [
            "61941abda2145c0001c74cea"
          ],
          "created_at": 1690065039,
          "status": "fixed"
        },
        {
          "type": "url",
          "value": "https://artanis.apps.frgbetaportal.com/fan-connect/en/seller-portal/orders/sites/608220/MI3QNRUGDIB1O0",
          "assets_na": false,
          "assets_uids": [
            "60832607ef2e790001ffca3e"
          ],
          "created_at": 1690065039,
          "status": "fixed"
        }
      ]
    },
    {
      "categories": [
        "Functional/Business Logic",
        "Functionality Abuse with Malicious Impact"
      ],
      "exploitable_locations": [
        {
          "type": "url",
          "value": "https://amon.apps.frgbetaportal.com/firefly/en/api/v1/work_orders",
          "assets_na": false,
          "assets_uids": [
            "65284242150310ecde1fbfa3"
          ],
          "created_at": 1697169959,
          "status": "fixed"
        }
      ]
    },
    {
      "categories": [
        "Authorization/Permissions",
        "Insecure Direct Object Reference"
      ],
      "exploitable_locations": [
        {
          "type": "url",
          "value": "https://amon.apps.frgbetaportal.com/vendor/en/api/v1/productionorders/lines/*/pol-carton-csv-data",
          "created_at": 1620032827,
          "status": "fixed"
        },
        {
          "type": "url",
          "value": "https://amon.apps.frgbetaportal.com/vendor/en/api/v1/packs/*/history",
          "created_at": 1620032827,
          "status": "fixed"
        }
      ]
    },
    {
      "categories": [
        "Authorization/Permissions",
        "Insecure Direct Object Reference (Read & Write)"
      ],
      "exploitable_locations": [
        {
          "type": "url",
          "value": "https://amon.apps.frgbetaportal.com/vendor/en/api/v1/shipments/<ID>",
          "assets_na": false,
          "assets_uids": [
            "65284242150310ecde1fbfa3"
          ],
          "created_at": 1697437882,
          "status": "fixed"
        }
      ]
    },
    {
      "categories": [
        "SQL Injection",
        "SQL Injection- Full"
      ],
      "exploitable_locations": [
        {
          "type": "url",
          "value": "https://amon.apps.frgbetaportal.com/eagle/en/api/v1/eagle-service/facility/N1/asn",
          "assets_na": false,
          "assets_uids": [
            "65284242150310ecde1fbfa3"
          ],
          "created_at": 1697456655,
          "status": "fixed"
        }
      ]
    },
    {
      "categories": [
        "SQL Injection",
        "SQL Injection- Full"
      ],
      "exploitable_locations": [
        {
          "type": "url",
          "value": "https://amon.apps.frgbetaportal.com/eagle/en/api/v1/eagle-service/facility/P1/receiver",
          "assets_uids": [
            "65284242150310ecde1fbfa3"
          ],
          "created_at": 1697458707,
          "status": "fixed"
        }
      ]
    },
    {
      "categories": [
        "SQL Injection",
        "SQL Injection- Full"
      ],
      "exploitable_locations": [
        {
          "type": "url",
          "value": "https://amon.apps.frgbetaportal.com/eagle/en/api/v1/eagle-service/facility/P1/receiver",
          "assets_uids": [
            "65284242150310ecde1fbfa3"
          ],
          "created_at": 1697459362,
          "status": "fixed"
        }
      ]
    },
    {
      "categories": [
        "SQL Injection",
        "SQL Injection- Full"
      ],
      "exploitable_locations": [
        {
          "type": "url",
          "value": "https://amon.apps.frgbetaportal.com/eagle/en/api/v1/eagle-service/facility/MJ/asn",
          "assets_uids": [
            "65284242150310ecde1fbfa3"
          ],
          "created_at": 1697459788,
          "status": "fixed"
        }
      ]
    },
    {
      "categories": [
        "SQL Injection",
        "SQL Injection- Full"
      ],
      "exploitable_locations": [
        {
          "type": "url",
          "value": "https://amon.apps.frgbetaportal.com/eagle/en/api/v1/eagle-service/receiver/229/cartons",
          "assets_na": false,
          "assets_uids": [
            "65284242150310ecde1fbfa3"
          ],
          "created_at": 1697461339,
          "status": "fixed"
        }
      ]
    },
    {
      "categories": [
        "SQL Injection",
        "SQL Injection- Full"
      ],
      "exploitable_locations": [
        {
          "type": "url",
          "value": "https://amon.apps.frgbetaportal.com/eagle/en/api/v1/eagle-service/facility/MJ/asn",
          "assets_uids": [
            "65284242150310ecde1fbfa3"
          ],
          "created_at": 1697461362,
          "status": "fixed"
        }
      ]
    },
    {
      "categories": [
        "SQL Injection",
        "SQL Injection- Full"
      ],
      "exploitable_locations": [
        {
          "type": "url",
          "value": "https://amon.apps.frgbetaportal.com/eagle/en/api/v1/eagle-service/facility/All/asn",
          "assets_uids": [
            "65284242150310ecde1fbfa3"
          ],
          "created_at": 1697463048,
          "status": "fixed"
        }
      ]
    },
    {
      "categories": [
        "Functional/Business Logic",
        "Functionality Abuse with Malicious Impact"
      ],
      "exploitable_locations": [
        {
          "type": "url",
          "value": "https://amon.apps.frgbetaportal.com/fan-connect/en/api/v1/sites/603747/inventory/setstock",
          "assets_na": false,
          "assets_uids": [
            "60832607ef2e790001ffca3e"
          ],
          "created_at": 1701171392,
          "status": "pending"
        }
      ]
    },
    {
      "categories": [
        "Server/Application Misconfiguration",
        "Cache poisoning"
      ],
      "exploitable_locations": [
        {
          "type": "url",
          "value": "https://amon.apps.frgbetaportal.com/fan-connect/en/api/v1/business_event/83811123.js",
          "assets_na": false,
          "assets_uids": [
            "65284315150310ecde1fbfa6"
          ],
          "created_at": 1701704380,
          "status": "pending"
        },
        {
          "type": "url",
          "value": "https://amon.apps.frgbetaportal.com/fan-connect/en/api/v1/business_process_execution/71713935.js",
          "assets_na": false,
          "assets_uids": [
            "65284315150310ecde1fbfa6"
          ],
          "created_at": 1701704380,
          "status": "pending"
        },
        {
          "type": "url",
          "value": "https://amon.apps.frgbetaportal.com/fan-connect/en/api/v1/business_process/765.js",
          "assets_na": false,
          "assets_uids": [
            "65284315150310ecde1fbfa6"
          ],
          "created_at": 1701704380,
          "status": "pending"
        }
      ]
    },
    {
      "categories": [
        "Functional/Business Logic",
        "Client Side Validation"
      ],
      "exploitable_locations": [
        {
          "type": "url",
          "value": "https://artanis.apps.frgbetaportal.com/firefly/en/api/v1/inventoryTransfer/batch",
          "assets_na": false,
          "assets_uids": [
            "652848ca150310ecde1fbfb7"
          ],
          "created_at": 1704445560,
          "status": "fixed"
        }
      ]
    },
    {
      "categories": [
        "Authorization/Permissions",
        "Access Control Violation (Low Privileged Functions-Read/Write or Write Only)"
      ],
      "exploitable_locations": [
        {
          "type": "url",
          "value": "https://amon.apps.frgbetaportal.com/vendor/en/api/v1/attachments/audits/audit/3765195",
          "assets_na": true,
          "assets_uids": [],
          "created_at": 1708255567,
          "status": "pending"
        }
      ]
    },
    {
      "categories": [
        "Authorization/Permissions",
        "Access Control Violation (Low Privileged Functions-Read/Write or Write Only)"
      ],
      "exploitable_locations": [
        {
          "type": "url",
          "value": "https://amon.apps.frgbetaportal.com/vendor/en/api/v1/audits/<ID>",
          "assets_na": true,
          "assets_uids": [],
          "created_at": 1708263960,
          "status": "pending"
        }
      ]
    },
    {
      "categories": [
        "Authorization/Permissions",
        "Access/Privacy Control Violation"
      ],
      "exploitable_locations": [
        {
          "type": "url",
          "value": "https://amon.apps.frgbetaportal.com/vendor/en/api/v1/admin/users",
          "created_at": 1620034618,
          "status": "fixed"
        }
      ]
    },
    {
      "categories": [
        "Authorization/Permissions",
        "Insecure Direct Object Reference (Read-Only)"
      ],
      "exploitable_locations": [
        {
          "type": "url",
          "value": "https://amon.apps.frgbetaportal.com/firefly/en/api/firefly/v1/transfer/batches/<BATCH_ID>",
          "assets_na": true,
          "assets_uids": [],
          "created_at": 1708363186,
          "status": "wont_fix"
        }
      ]
    },
    {
      "categories": [
        "Functional/Business Logic",
        "Client Side Validation"
      ],
      "exploitable_locations": [
        {
          "type": "url",
          "value": "https://artanis.apps.frgbetaportal.com/firefly/en/api/firefly/v1/transfer/batches/<id>",
          "assets_na": false,
          "assets_uids": [
            "61941abda2145c0001c74cea"
          ],
          "created_at": 1708664476,
          "status": "fixed"
        }
      ]
    },
    {
      "categories": [
        "Functional/Business Logic",
        "Client Side Validation"
      ],
      "exploitable_locations": [
        {
          "type": "url",
          "value": "https://amon.apps.frgbetaportal.com/firefly/en/api/v1/work_orders",
          "assets_na": false,
          "assets_uids": [
            "60832607ef2e790001ffca3e"
          ],
          "created_at": 1708705436,
          "status": "pending"
        }
      ]
    },
    {
      "categories": [
        "Functional/Business Logic",
        "Functionality Abuse with Malicious Impact"
      ],
      "exploitable_locations": [
        {
          "type": "url",
          "value": "https://artanis.apps.frgbetaportal.com/firefly/en/api/v1/work_orders",
          "assets_na": false,
          "assets_uids": [
            "61941abda2145c0001c74cea"
          ],
          "created_at": 1708709586,
          "status": "pending"
        }
      ]
    },
    {
      "categories": [
        "Functional/Business Logic",
        "Functionality Abuse with Malicious Impact"
      ],
      "exploitable_locations": [
        {
          "type": "url",
          "value": "https://artanis.apps.frgbetaportal.com/fan-connect/en/api/v1/sites/<site-id>/orders/<order-id>/package",
          "assets_na": false,
          "assets_uids": [
            "61941abda2145c0001c74cea"
          ],
          "created_at": 1708769519,
          "status": "pending"
        }
      ]
    },
    {
      "categories": [
        "Authorization/Permissions",
        "Insecure Direct Object Reference (Read & Write)"
      ],
      "exploitable_locations": [
        {
          "type": "url",
          "value": "https://amon.apps.frgbetaportal.com/vendor/en/api/v1/audits/3765580/defect-lines/bulk",
          "assets_na": true,
          "assets_uids": [],
          "created_at": 1709928325,
          "status": "wont_fix"
        }
      ]
    },
    {
      "categories": [
        "Authorization/Permissions",
        "Access/Privacy Control Violation"
      ],
      "exploitable_locations": [
        {
          "type": "url",
          "value": "https://amon.apps.frgbetaportal.com/firefly/en/admin",
          "created_at": 1620038084,
          "status": "fixed"
        },
        {
          "type": "url",
          "value": "https://amon.apps.frgbetaportal.com/firefly/en/api/v1/work_order_export",
          "created_at": 1620038084,
          "status": "fixed"
        },
        {
          "type": "url",
          "value": "https://amon.apps.frgbetaportal.com/firefly/en/api/v1/user_info",
          "created_at": 1620038084,
          "status": "fixed"
        }
      ]
    },
    {
      "categories": [
        "Authorization/Permissions",
        "Insecure Direct Object Reference"
      ],
      "exploitable_locations": [
        {
          "type": "url",
          "value": "https://amon.apps.frgbetaportal.com/vendor/en/api/v1/shipments/*/attachments",
          "created_at": 1620042873,
          "status": "fixed"
        },
        {
          "type": "url",
          "value": "https://amon.apps.frgbetaportal.com/vendor/en/api/v1/shipments/*/shipment-detail-csv",
          "created_at": 1620042873,
          "status": "fixed"
        },
        {
          "type": "url",
          "value": "https://amon.apps.frgbetaportal.com/vendor/en/api/v1/shipments/*/shipment-cartons-csv",
          "created_at": 1620042873,
          "status": "fixed"
        },
        {
          "type": "url",
          "value": "https://amon.apps.frgbetaportal.com/vendor/en/api/v1/shipments/*/history",
          "created_at": 1620042873,
          "status": "fixed"
        },
        {
          "type": "url",
          "value": "https://amon.apps.frgbetaportal.com/vendor/en/api/v1/attachments/shipments/shipment/*",
          "created_at": 1620042873,
          "status": "fixed"
        },
        {
          "type": "url",
          "value": "https://amon.apps.frgbetaportal.com/vendor/en/api/v1/attachments/shipments/*/filename/*",
          "created_at": 1620042873,
          "status": "fixed"
        },
        {
          "type": "url",
          "value": "https://amon.apps.frgbetaportal.com/vendor/en/api/v1/cartons/bulk",
          "created_at": 1620042873,
          "status": "fixed"
        }
      ]
    },
    {
      "categories": [
        "Cross-Site Scripting (XSS)",
        "**DOM Based XSS**"
      ],
      "exploitable_locations": [
        {
          "type": "url",
          "value": "https://amon.apps.frgbetaportal.com/auth/en/login",
          "created_at": 1620043043,
          "status": "fixed"
        },
        {
          "type": "url",
          "value": "https://amon.apps.frgbetaportal.com/auth/ru/login",
          "created_at": 1620043043,
          "status": "fixed"
        },
        {
          "type": "url",
          "value": "https://amon.apps.frgbetaportal.com/auth/fi/login",
          "created_at": 1620043043,
          "status": "fixed"
        },
        {
          "type": "url",
          "value": "https://amon.apps.frgbetaportal.com/auth/de/login",
          "created_at": 1620043043,
          "status": "fixed"
        },
        {
          "type": "url",
          "value": "https://amon.apps.frgbetaportal.com/auth/id/login",
          "created_at": 1620043043,
          "status": "fixed"
        },
        {
          "type": "url",
          "value": "https://amon.apps.frgbetaportal.com/auth/pt/login",
          "created_at": 1620043043,
          "status": "fixed"
        },
        {
          "type": "url",
          "value": "https://amon.apps.frgbetaportal.com/auth/pt/login",
          "created_at": 1620043043,
          "status": "fixed"
        },
        {
          "type": "url",
          "value": "https://amon.apps.frgbetaportal.com/auth/ro/login",
          "created_at": 1620043043,
          "status": "fixed"
        },
        {
          "type": "url",
          "value": "https://amon.apps.frgbetaportal.com/auth/{any-locale}/login",
          "created_at": 1620043043,
          "status": "fixed"
        }
      ]
    },
    {
      "categories": [
        "Authorization/Permissions",
        "Access/Privacy Control Violation"
      ],
      "exploitable_locations": [
        {
          "type": "url",
          "value": "https://amon.apps.frgbetaportal.com/vendor/en/api/v1/attachments/shipments/<id>/filename/<filename>.pdf",
          "created_at": 1620043902,
          "status": "fixed"
        },
        {
          "type": "url",
          "value": "https://amon.apps.frgbetaportal.com/vendor/en/api/v1/attachments/orders/<id>/filename/<filename>.pdf",
          "created_at": 1620043902,
          "status": "fixed"
        },
        {
          "type": "url",
          "value": "https://amon.apps.frgbetaportal.com/vendor/en/api/v1/attachments/audits/<id>/filename/<filename>.pdf",
          "created_at": 1620043902,
          "status": "fixed"
        }
      ]
    },
    {
      "categories": [
        "Authorization/Permissions",
        "Access/Privacy Control Violation"
      ],
      "exploitable_locations": [
        {
          "type": "url",
          "value": "https://amon.apps.frgbetaportal.com/vendor/en/api/v1/attachments/audits/audit/2",
          "created_at": 1620050184,
          "status": "fixed"
        }
      ]
    },
    {
      "categories": [
        "Functional/Business Logic",
        "Unrestricted File Upload (No Execution Server-Side)"
      ],
      "exploitable_locations": [
        {
          "type": "url",
          "value": "https://amon.apps.frgbetaportal.com/vendor/en/api/v1/attachments/audits/audit/{id}/defect/",
          "created_at": 1620149084,
          "status": "fixed"
        }
      ]
    },
    {
      "categories": [
        "Authorization/Permissions",
        "Insecure Direct Object Reference"
      ],
      "exploitable_locations": [
        {
          "type": "url",
          "value": "https://amon.apps.frgbetaportal.com/vendor/en/api/v1/productionorders/lines/10270/po-csv-data",
          "created_at": 1620027538,
          "status": "fixed"
        }
      ]
    },
    {
      "categories": [
        "Authorization/Permissions",
        "Insecure Direct Object Reference (Read & Write)"
      ],
      "exploitable_locations": [
        {
          "type": "url",
          "value": "https://artanis.apps.frgbetaportal.com/vendor/en/api/v1/cartons/bulk",
          "created_at": 1638424617,
          "status": "fixed"
        }
      ]
    },
    {
      "categories": [
        "Authorization/Permissions",
        "Insecure Direct Object Reference (Read & Write)"
      ],
      "exploitable_locations": [
        {
          "type": "url",
          "value": "https://artanis.apps.frgbetaportal.com/vendor/en/api/v1/cartons/bulk",
          "created_at": 1638425263,
          "status": "fixed"
        }
      ]
    },
    {
      "categories": [
        "Authorization/Permissions",
        "Insecure Direct Object Reference (Read & Write)"
      ],
      "exploitable_locations": [
        {
          "type": "url",
          "value": "https://artanis.apps.frgbetaportal.com/vendor/en/api/v1/shipments",
          "created_at": 1638428422,
          "status": "fixed"
        }
      ]
    },
    {
      "categories": [
        "Authorization/Permissions",
        "Insecure Direct Object Reference (Read & Write)"
      ],
      "exploitable_locations": [
        {
          "type": "url",
          "value": "https://amon.apps.frgbetaportal.com/vendor/en/api/v1/audits/joined/<id>/companion",
          "created_at": 1638638736,
          "status": "fixed"
        }
      ]
    },
    {
      "categories": [
        "Information Disclosure",
        "Sensitive Client Information Disclosed"
      ],
      "exploitable_locations": [
        {
          "type": "url",
          "value": "https://artanis.apps.frgbetaportal.com/vendor/en/api/v1/attachments/audits/audit/*/defect/*",
          "created_at": 1638664929,
          "status": "fixed"
        }
      ]
    },
    {
      "categories": [
        "Authorization/Permissions",
        "Access/Privacy Control Violation"
      ],
      "exploitable_locations": [
        {
          "type": "url",
          "value": "https://artanis.apps.frgbetaportal.com/vendor/en/api/v1/attachments/audits/*/defects/*/filename/*",
          "created_at": 1638670595,
          "status": "fixed"
        },
        {
          "type": "url",
          "value": "https://artanis.apps.frgbetaportal.com/vendor/en/api/v1/attachments/audits/*/filename/*",
          "created_at": 1638670595,
          "status": "fixed"
        },
        {
          "type": "url",
          "value": "https://artanis.apps.frgbetaportal.com/vendor/en/api/v1/attachments/orders/*/filename/*",
          "created_at": 1638670595,
          "status": "fixed"
        }
      ]
    },
    {
      "categories": [
        "Information Disclosure",
        "Sensitive Client Information Disclosed"
      ],
      "exploitable_locations": [
        {
          "type": "url",
          "value": "https://artanis.apps.frgbetaportal.com/vendor/en/api/v1/attachments/audits/audit/*",
          "created_at": 1638675156,
          "status": "fixed"
        },
        {
          "type": "url",
          "value": "https://artanis.apps.frgbetaportal.com/vendor/en/api/v1/attachments/orders/*",
          "created_at": 1638675156,
          "status": "fixed"
        },
        {
          "type": "url",
          "value": "https://artanis.apps.frgbetaportal.com/vendor/en/api/v1/attachments/shipments/shipment/*",
          "created_at": 1638675156,
          "status": "fixed"
        }
      ]
    },
    {
      "categories": [
        "Authorization/Permissions",
        "Access/Privacy Control Violation"
      ],
      "exploitable_locations": [
        {
          "type": "url",
          "value": "https://amon.apps.frgbetaportal.com/vendor/en/api/v1/packs/",
          "created_at": 1638695653,
          "status": "wont_fix"
        }
      ]
    },
    {
      "categories": [
        "Authorization/Permissions",
        "Access/Privacy Control Violation"
      ],
      "exploitable_locations": [
        {
          "type": "url",
          "value": "https://artanis.apps.frgbetaportal.com/vendor/en/api/v1/attachments/shipments/*/filename/*",
          "created_at": 1638709238,
          "status": "fixed"
        }
      ]
    },
    {
      "categories": [
        "Functional/Business Logic",
        "Client Side Validation"
      ],
      "exploitable_locations": [
        {
          "type": "url",
          "value": "https://amon.apps.frgbetaportal.com/firefly/en/api/v1/work_orders",
          "created_at": 1646856336,
          "status": "fixed"
        }
      ]
    },
    {
      "categories": [
        "Content Injection",
        "LDAP Injection"
      ],
      "exploitable_locations": [
        {
          "type": "url",
          "value": "https://amon.apps.frgbetaportal.com/auth/en/logout",
          "created_at": 1647006433,
          "status": "fixed"
        },
        {
          "type": "url",
          "value": "https://amon.apps.frgbetaportal.com/auth/en/forgot-password",
          "created_at": 1647006433,
          "status": "fixed"
        }
      ]
    },
    {
      "categories": [
        "Authorization/Permissions",
        "Insecure Direct Object Reference (Read-Only)"
      ],
      "exploitable_locations": [
        {
          "type": "url",
          "value": "https://amon.apps.frgbetaportal.com/vendor/en/api/v1/productionorders/lines/10271/pol-csv-data",
          "created_at": 1652832910,
          "status": "fixed"
        },
        {
          "type": "url",
          "value": "https://artanis.apps.frgbetaportal.com/vendor/en/api/v1/productionorders/lines/11989/pol-csv-data",
          "created_at": 1652832910,
          "status": "fixed"
        }
      ]
    },
    {
      "categories": [
        "Authorization/Permissions",
        "Insecure Direct Object Reference (Read & Write)"
      ],
      "exploitable_locations": [
        {
          "type": "url",
          "value": "https://amon.apps.frgbetaportal.com/vendor/en/api/v1/audits/joined/92/relate",
          "created_at": 1652876372,
          "status": "fixed"
        }
      ]
    },
    {
      "categories": [
        "Functional/Business Logic",
        "Improper Input Validation"
      ],
      "exploitable_locations": [
        {
          "type": "url",
          "value": "https://artanis.apps.frgbetaportal.com/firefly/en/transferRequest/1000013",
          "created_at": 1653080698,
          "status": "fixed"
        },
        {
          "type": "url",
          "value": "https://artanis.apps.frgbetaportal.com/firefly/en/api/v1/inventoryTransfer/batch",
          "created_at": 1653080698,
          "status": "fixed"
        }
      ]
    },
    {
      "categories": [
        "Authorization/Permissions",
        "Access/Privacy Control Violation"
      ],
      "exploitable_locations": [
        {
          "type": "url",
          "value": "https://artanis.apps.frgbetaportal.com/vendor/en/shipments/<id/attachments",
          "created_at": 1653435710,
          "status": "fixed"
        },
        {
          "type": "url",
          "value": "https://artanis.apps.frgbetaportal.com/vendor/en/api/v1/attachments/shipments/shipment/<id>",
          "created_at": 1653435710,
          "status": "fixed"
        }
      ]
    },
    {
      "categories": [
        "Functional/Business Logic",
        "Client Side Validation"
      ],
      "exploitable_locations": [
        {
          "type": "url",
          "value": "https://amon.apps.frgbetaportal.com/firefly/en/api/v1/inventoryTransfer/batch",
          "created_at": 1653584872,
          "status": "fixed"
        }
      ]
    },
    {
      "categories": [
        "Authorization/Permissions",
        "Insecure Direct Object Reference (Read-Only)"
      ],
      "exploitable_locations": [
        {
          "type": "url",
          "value": "https://amon.apps.frgbetaportal.com/firefly/en/api/v1/work_order",
          "created_at": 1653589061,
          "status": "fixed"
        }
      ]
    },
    {
      "categories": [
        "Authorization/Permissions",
        "Insecure Direct Object Reference (Read & Write)"
      ],
      "exploitable_locations": [
        {
          "type": "url",
          "value": "https://amon.apps.frgbetaportal.com/firefly/en/api/v1/update_carton",
          "created_at": 1653590658,
          "status": "wont_fix"
        }
      ]
    },
    {
      "categories": [
        "Authorization/Permissions",
        "Insecure Direct Object Reference (Read-Only)"
      ],
      "exploitable_locations": [
        {
          "type": "url",
          "value": "https://amon.apps.frgbetaportal.com/firefly/en/api/v1/print_labels",
          "created_at": 1653595157,
          "status": "fixed"
        }
      ]
    },
    {
      "categories": [
        "Authorization/Permissions",
        "Access/Privacy Control Violation"
      ],
      "exploitable_locations": [
        {
          "type": "url",
          "value": "https://artanis.apps.frgbetaportal.com/vendor/en/api/v1/productionorders/bulk/acknowledge",
          "created_at": 1653602960,
          "status": "fixed"
        },
        {
          "type": "url",
          "value": "https://artanis.apps.frgbetaportal.com/vendor/en/orders",
          "created_at": 1653602960,
          "status": "fixed"
        }
      ]
    },
    {
      "categories": [
        "Authorization/Permissions",
        "Access/Privacy Control Violation"
      ],
      "exploitable_locations": [
        {
          "type": "url",
          "value": "https://amon.apps.frgbetaportal.com/vendor/en/api/v1/shipments/<id>/do-revisions-needed",
          "created_at": 1653635390,
          "status": "fixed"
        }
      ]
    },
    {
      "categories": [
        "Cross-Site Scripting (XSS)",
        "Persistent XSS"
      ],
      "exploitable_locations": [
        {
          "type": "url",
          "value": "https://amon.apps.frgbetaportal.com/vendor/en/api/v1/attachments/shipments/shipment/<id>",
          "created_at": 1653855496,
          "status": "fixed"
        }
      ]
    },
    {
      "categories": [
        "Cross-Site Scripting (XSS)",
        "DOM-based XSS"
      ],
      "exploitable_locations": [
        {
          "type": "url",
          "value": "https://amon.apps.frgbetaportal.com/auth/en/login",
          "created_at": 1653859805,
          "status": "pending"
        },
        {
          "type": "url",
          "value": "https://amon.apps.frgbetaportal.com/auth/ru/login",
          "created_at": 1653859805,
          "status": "pending"
        },
        {
          "type": "url",
          "value": "https://amon.apps.frgbetaportal.com/auth/fi/login",
          "created_at": 1653859805,
          "status": "pending"
        },
        {
          "type": "url",
          "value": "https://amon.apps.frgbetaportal.com/auth/de/login",
          "created_at": 1653859805,
          "status": "pending"
        },
        {
          "type": "url",
          "value": "https://amon.apps.frgbetaportal.com/auth/id/login",
          "created_at": 1653859805,
          "status": "pending"
        },
        {
          "type": "url",
          "value": "https://amon.apps.frgbetaportal.com/auth/pt/login",
          "created_at": 1653859805,
          "status": "pending"
        },
        {
          "type": "url",
          "value": "https://amon.apps.frgbetaportal.com/auth/ro/login",
          "created_at": 1653859805,
          "status": "pending"
        },
        {
          "type": "url",
          "value": "https://artanis.apps.frgbetaportal.com/auth/en/login",
          "created_at": 1653859805,
          "status": "pending"
        },
        {
          "type": "url",
          "value": "https://artanis.apps.frgbetaportal.com/auth/ru/login",
          "created_at": 1653859805,
          "status": "pending"
        },
        {
          "type": "url",
          "value": "https://artanis.apps.frgbetaportal.com/auth/fi/login",
          "created_at": 1653859805,
          "status": "pending"
        },
        {
          "type": "url",
          "value": "https://artanis.apps.frgbetaportal.com/auth/de/login",
          "created_at": 1653859805,
          "status": "pending"
        },
        {
          "type": "url",
          "value": "https://artanis.apps.frgbetaportal.com/auth/id/login",
          "created_at": 1653859805,
          "status": "pending"
        },
        {
          "type": "url",
          "value": "https://artanis.apps.frgbetaportal.com/auth/pt/login",
          "created_at": 1653859805,
          "status": "pending"
        },
        {
          "type": "url",
          "value": "https://artanis.apps.frgbetaportal.com/auth/ro/login",
          "created_at": 1653859805,
          "status": "pending"
        }
      ]
    },
    {
      "categories": [
        "Functional/Business Logic",
        "Unrestricted File Upload (No Execution Server-Side)"
      ],
      "exploitable_locations": [
        {
          "type": "url",
          "value": "https://artanis.apps.frgbetaportal.com/vendor/en/api/v1/attachments/shipments/shipment/<id>",
          "created_at": 1654089586,
          "status": "fixed"
        }
      ]
    },
    {
      "categories": [
        "Functional/Business Logic",
        "Unrestricted File Upload (No Execution Server-Side)"
      ],
      "exploitable_locations": [
        {
          "type": "url",
          "value": "https://amon.apps.frgbetaportal.com/vendor/en/api/v1/attachments/shipments/shipment/<id>",
          "created_at": 1654555252,
          "status": "wont_fix"
        }
      ]
    },
    {
      "categories": [
        "SQL Injection",
        "SQL Injection- Full"
      ],
      "exploitable_locations": [
        {
          "type": "url",
          "value": "https://artanis.apps.frgbetaportal.com/firefly/en/api/v1/work_order",
          "created_at": 1662091273,
          "status": "fixed"
        }
      ]
    },
    {
      "categories": [
        "SQL Injection",
        "SQL Injection- Full"
      ],
      "exploitable_locations": [
        {
          "type": "url",
          "value": "https://amon.apps.frgbetaportal.com/firefly/en/api/v1/work_order",
          "created_at": 1662404096,
          "status": "wont_fix"
        }
      ]
    },
    {
      "categories": [
        "Functional/Business Logic",
        "Functionality Abuse with Malicious Impact"
      ],
      "exploitable_locations": [
        {
          "type": "url",
          "value": "https://amon.apps.frgbetaportal.com/vendor/en/api/v1/productionorders/lines/10270",
          "created_at": 1662495105,
          "status": "fixed"
        }
      ]
    },
    {
      "categories": [
        "Authorization/Permissions",
        "Insecure Direct Object Reference (Read & Write)"
      ],
      "exploitable_locations": [
        {
          "type": "url",
          "value": "https://amon.apps.frgbetaportal.com/firefly/en/api/v1/work_orders",
          "created_at": 1666263864,
          "status": "fixed"
        }
      ]
    },
    {
      "categories": [
        "Authorization/Permissions",
        "Insecure Direct Object Reference (Read & Write)"
      ],
      "exploitable_locations": [
        {
          "type": "url",
          "value": "https://amon.apps.frgbetaportal.com/firefly/en/api/v1/pick_ticket",
          "created_at": 1666267324,
          "status": "fixed"
        }
      ]
    },
    {
      "categories": [
        "Authorization/Permissions",
        "Insecure Direct Object Reference (Read & Write)"
      ],
      "exploitable_locations": [
        {
          "type": "url",
          "value": "https://amon.apps.frgbetaportal.com/firefly/en/api/v1/update_route",
          "created_at": 1666267871,
          "status": "fixed"
        }
      ]
    },
    {
      "categories": [
        "Authorization/Permissions",
        "Insecure Direct Object Reference (Read & Write)"
      ],
      "exploitable_locations": [
        {
          "type": "url",
          "value": "https://amon.apps.frgbetaportal.com/firefly/en/api/v1/delete_carton",
          "created_at": 1666269045,
          "status": "fixed"
        }
      ]
    },
    {
      "categories": [
        "Information Disclosure",
        "Sensitive Client Information Disclosed"
      ],
      "exploitable_locations": [
        {
          "type": "url",
          "value": "https://amon.apps.frgbetaportal.com/firefly/en/api/v1/work_orders",
          "created_at": 1666331027,
          "status": "wont_fix"
        }
      ]
    },
    {
      "categories": [
        "Functional/Business Logic",
        "Functionality Abuse with Malicious Impact"
      ],
      "exploitable_locations": [
        {
          "type": "url",
          "value": "https://amon.apps.frgbetaportal.com/home/en/secure/generate-link",
          "created_at": 1666869843,
          "status": "wont_fix"
        }
      ]
    },
    {
      "categories": [
        "SQL Injection",
        "SQL Injection- Full"
      ],
      "exploitable_locations": [
        {
          "type": "url",
          "value": "https://artanis.apps.frgbetaportal.com/fan-connect/en/api/v1/business_event",
          "assets_na": false,
          "assets_uids": [
            "652848ca150310ecde1fbfb7"
          ],
          "created_at": 1716200001,
          "status": "fixed"
        }
      ]
    },
    {
      "categories": [
        "Authorization/Permissions",
        "Insecure Direct Object Reference (Read & Write)"
      ],
      "exploitable_locations": [
        {
          "type": "url",
          "value": "https://amon.apps.frgbetaportal.com/firefly/en/api/firefly/v1/shipmentdetail/bol",
          "assets_na": false,
          "assets_uids": [
            "60883626da6b4c0001dbf4b9"
          ],
          "created_at": 1716213866,
          "status": "pending"
        }
      ]
    },
    {
      "categories": [
        "Functional/Business Logic",
        "Client Side Validation"
      ],
      "exploitable_locations": [
        {
          "type": "url",
          "value": "https://amon.apps.frgbetaportal.com/firefly/en/api/firefly/v1/transfer/batch",
          "assets_na": false,
          "assets_uids": [
            "60832607ef2e790001ffca3e"
          ],
          "created_at": 1716217262,
          "status": "fixed"
        }
      ]
    },
    {
      "categories": [
        "Authorization/Permissions",
        "Insecure Direct Object Reference (Read & Write)"
      ],
      "exploitable_locations": [
        {
          "type": "url",
          "value": "https://amon.apps.frgbetaportal.com/firefly/en/api/firefly/v1/shipmentdetail/shipments/<ID>",
          "assets_na": false,
          "assets_uids": [
            "60883626da6b4c0001dbf4b9"
          ],
          "created_at": 1716303998,
          "status": "pending"
        }
      ]
    },
    {
      "categories": [
        "Cross-Site Scripting (XSS)",
        "Persistent XSS"
      ],
      "exploitable_locations": [
        {
          "type": "url",
          "value": "https://amon.apps.frgbetaportal.com/vendor/en/api/v1/attachments/shipments/shipment/<id>",
          "assets_na": false,
          "assets_uids": [
            "65284242150310ecde1fbfa3"
          ],
          "created_at": 1716690468,
          "status": "pending"
        }
      ]
    },
    {
      "categories": [
        "Authorization/Permissions",
        "Access Control Violation (High Privileged Functions - Read/Write or Write Only)"
      ],
      "exploitable_locations": [
        {
          "type": "url",
          "value": "https://amon.apps.frgbetaportal.com/firefly/en/api/firefly/v1/transfer/batches/ID/requestedItems/ID/transfers/ID",
          "assets_na": false,
          "assets_uids": [
            "60832607ef2e790001ffca3e"
          ],
          "created_at": 1716836657,
          "status": "pending"
        }
      ]
    },
    {
      "categories": [
        "SQL Injection",
        "SQL Injection- Full"
      ],
      "exploitable_locations": [
        {
          "type": "url",
          "value": "https://artanis.apps.frgbetaportal.com/fan-connect/en/api/v1/business_process_executions",
          "assets_na": false,
          "assets_uids": [
            "652848ca150310ecde1fbfb7"
          ],
          "created_at": 1716200375,
          "status": "fixed"
        }
      ]
    },
    {
      "categories": [
        "Authorization/Permissions",
        "Insecure Direct Object Reference (Read & Write)"
      ],
      "exploitable_locations": [
        {
          "type": "url",
          "value": "https://amon.apps.frgbetaportal.com/vendor/en/api/v1/attachments/audits/audit/<ID>",
          "assets_na": false,
          "assets_uids": [
            "60832607ef2e790001ffca3e"
          ],
          "created_at": 1717088225,
          "status": "pending"
        }
      ]
    },
    {
      "categories": [
        "SQL Injection",
        "SQL Injection- Full"
      ],
      "exploitable_locations": [
        {
          "type": "url",
          "value": "https://amon.apps.frgbetaportal.com/fan-connect/en/api/v1/business_event",
          "assets_na": false,
          "assets_uids": [
            "60883626da6b4c0001dbf4b9"
          ],
          "created_at": 1717602532,
          "status": "wont_fix"
        }
      ]
    },
    {
      "categories": [
        "SQL Injection",
        "SQL Injection- Full"
      ],
      "exploitable_locations": [
        {
          "type": "url",
          "value": "https://amon.apps.frgbetaportal.com/fan-connect/en/api/v1/business_process_executions",
          "assets_na": false,
          "assets_uids": [
            "60883626da6b4c0001dbf4b9"
          ],
          "created_at": 1717605346,
          "status": "wont_fix"
        }
      ]
    },
    {
      "categories": [
        "SQL Injection",
        "SQL Injection- Full"
      ],
      "exploitable_locations": [
        {
          "type": "url",
          "value": "https://amon.apps.frgbetaportal.com/fan-connect/en/api/v1/business_event",
          "assets_na": false,
          "assets_uids": [
            "60883626da6b4c0001dbf4b9"
          ],
          "created_at": 1717606991,
          "status": "wont_fix"
        }
      ]
    },
    {
      "categories": [
        "SQL Injection",
        "SQL Injection- Full"
      ],
      "exploitable_locations": [
        {
          "type": "url",
          "value": "https://artanis.apps.frgbetaportal.com/fan-connect/en/api/v1/business_event",
          "assets_na": false,
          "assets_uids": [
            "652848ca150310ecde1fbfb7"
          ],
          "created_at": 1718042091,
          "status": "wont_fix"
        }
      ]
    },
    {
      "categories": [
        "Authorization/Permissions",
        "Insecure Direct Object Reference (Read & Write)"
      ],
      "exploitable_locations": [
        {
          "type": "url",
          "value": "https://artanis.apps.frgbetaportal.com/firefly/en/api/v1/work_order",
          "assets_na": false,
          "assets_uids": [
            "652848ca150310ecde1fbfb7"
          ],
          "created_at": 1718137070,
          "status": "pending"
        }
      ]
    },
    {
      "categories": [
        "Authorization/Permissions",
        "Insecure Direct Object Reference (Read & Write)"
      ],
      "exploitable_locations": [
        {
          "type": "url",
          "value": "https://amon.apps.frgbetaportal.com/firefly/en/api/firefly/v1/item/info",
          "assets_na": false,
          "assets_uids": [
            "60832607ef2e790001ffca3e"
          ],
          "created_at": 1718660471,
          "status": "pending"
        }
      ]
    },
    {
      "categories": [
        "Functional/Business Logic",
        "Improper Input Validation"
      ],
      "exploitable_locations": [
        {
          "type": "url",
          "value": "https://amon.apps.frgbetaportal.com/fan-connect/en/api/v1/accounts-payable/requests/approve",
          "assets_na": false,
          "assets_uids": [
            "60883626da6b4c0001dbf4b9"
          ],
          "created_at": 1719342894,
          "status": "wont_fix"
        }
      ]
    },
    {
      "categories": [
        "Functional/Business Logic",
        "Client Side Validation"
      ],
      "exploitable_locations": [
        {
          "type": "url",
          "value": "https://amon.apps.frgbetaportal.com/firefly/en/api/firefly/v1/shipmentdetail/shipments/<id>",
          "assets_na": false,
          "assets_uids": [
            "60832607ef2e790001ffca3e"
          ],
          "created_at": 1716200505,
          "status": "pending"
        }
      ]
    },
    {
      "categories": [
        "Authorization/Permissions",
        "Insecure Direct Object Reference (Read & Write)"
      ],
      "exploitable_locations": [
        {
          "type": "url",
          "value": "https://amon.apps.frgbetaportal.com/vendor/en/api/v1/cartons/bulk/lastPrintedAt",
          "assets_na": false,
          "assets_uids": [
            "65284242150310ecde1fbfa3"
          ],
          "created_at": 1719432532,
          "status": "pending"
        }
      ]
    },
    {
      "categories": [
        "Functional/Business Logic",
        "Client Side Validation"
      ],
      "exploitable_locations": [
        {
          "type": "url",
          "value": "https://amon.apps.frgbetaportal.com/vendor/en/api/v1/cartons/bulk/lastPrintedAt",
          "assets_na": false,
          "assets_uids": [
            "60832607ef2e790001ffca3e"
          ],
          "created_at": 1719438591,
          "status": "pending"
        }
      ]
    },
    {
      "categories": [
        "Functional/Business Logic",
        "Client Side Validation"
      ],
      "exploitable_locations": [
        {
          "type": "url",
          "value": "https://artanis.apps.frgbetaportal.com/vendor/en/api/v1/productionorders/lines/<line-id>",
          "assets_na": false,
          "assets_uids": [
            "61941abda2145c0001c74cea"
          ],
          "created_at": 1719439283,
          "status": "pending"
        }
      ]
    },
    {
      "categories": [
        "Functional/Business Logic",
        "Unrestricted File Upload (No Execution Server-Side)"
      ],
      "exploitable_locations": [
        {
          "type": "url",
          "value": "https://amon.apps.frgbetaportal.com/firefly/en/shipments/{id}",
          "assets_na": false,
          "assets_uids": [
            "60883626da6b4c0001dbf4b9"
          ],
          "created_at": 1719510935,
          "status": "pending"
        },
        {
          "type": "url",
          "value": "https://amon.apps.frgbetaportal.com/firefly/en/api/firefly/v1/shipmentdetail/bol",
          "assets_na": false,
          "assets_uids": [
            "60883626da6b4c0001dbf4b9"
          ],
          "created_at": 1719510935,
          "status": "pending"
        }
      ]
    },
    {
      "categories": [
        "Functional/Business Logic",
        "Client Side Validation"
      ],
      "exploitable_locations": [
        {
          "type": "url",
          "value": "https://amon.apps.frgbetaportal.com/fan-connect/en/api/v1/sites/<id>/orders/<id>/reject",
          "assets_na": false,
          "assets_uids": [
            "60883626da6b4c0001dbf4b9"
          ],
          "created_at": 1721239743,
          "status": "wont_fix"
        }
      ]
    },
    {
      "categories": [
        "Functional/Business Logic",
        "Client Side Validation"
      ],
      "exploitable_locations": [
        {
          "type": "url",
          "value": "https://amon.apps.frgbetaportal.com/fan-connect/en/api/v1/sites/<id>/orders/<id>/package",
          "assets_na": false,
          "assets_uids": [
            "60883626da6b4c0001dbf4b9"
          ],
          "created_at": 1721241296,
          "status": "wont_fix"
        }
      ]
    },
    {
      "categories": [
        "Functional/Business Logic",
        "Client Side Validation"
      ],
      "exploitable_locations": [
        {
          "type": "url",
          "value": "https://artanis.apps.frgbetaportal.com/firefly/en/api/firefly/v1/shipmentdetail/shipments/<shipment-id>",
          "assets_na": false,
          "assets_uids": [
            "61941abda2145c0001c74cea"
          ],
          "created_at": 1721243994,
          "status": "pending"
        }
      ]
    },
    {
      "categories": [
        "Functional/Business Logic",
        "Client Side Validation"
      ],
      "exploitable_locations": [
        {
          "type": "url",
          "value": "https://artanis.apps.frgbetaportal.com/offerstool/en/api/campaign/add",
          "assets_na": false,
          "assets_uids": [
            "61941aa0d3c05900013f331f"
          ],
          "created_at": 1721746357,
          "status": "wont_fix"
        }
      ]
    },
    {
      "categories": [
        "SQL Injection",
        "SQL Injection- Full"
      ],
      "exploitable_locations": [
        {
          "type": "url",
          "value": "https://artanis.apps.frgbetaportal.com/fan-connect/en/api/v1/business_event ",
          "assets_na": false,
          "assets_uids": [
            "652848ca150310ecde1fbfb7"
          ],
          "created_at": 1716200816,
          "status": "fixed"
        }
      ]
    },
    {
      "categories": [
        "Functional/Business Logic",
        "Client Side Validation"
      ],
      "exploitable_locations": [
        {
          "type": "url",
          "value": "https://artanis.apps.frgbetaportal.com/fan-connect/en/api/v1/sites/<site-id>/orders/<order-id>/reject",
          "assets_na": false,
          "assets_uids": [
            "61941aa0d3c05900013f331f"
          ],
          "created_at": 1722854370,
          "status": "wont_fix"
        }
      ]
    },
    {
      "categories": [
        "Functional/Business Logic",
        "Client Side Validation"
      ],
      "exploitable_locations": [
        {
          "type": "url",
          "value": "https://amon.apps.frgbetaportal.com/fan-connect/en/api/v1/accounts-payable/requests/approve",
          "assets_na": false,
          "assets_uids": [
            "60883626da6b4c0001dbf4b9"
          ],
          "created_at": 1722857949,
          "status": "wont_fix"
        }
      ]
    },
    {
      "categories": [
        "Functional/Business Logic",
        "Client Side Validation"
      ],
      "exploitable_locations": [
        {
          "type": "url",
          "value": "https://artanis.apps.frgbetaportal.com/fan-connect/en/api/v1/business_event_type",
          "assets_na": false,
          "assets_uids": [
            "652848ca150310ecde1fbfb7"
          ],
          "created_at": 1723283872,
          "status": "wont_fix"
        }
      ]
    },
    {
      "categories": [
        "SQL Injection",
        "SQL Injection- Full"
      ],
      "exploitable_locations": [
        {
          "type": "url",
          "value": "https://amon.apps.frgbetaportal.com/fan-connect/en/api/v1/business_processes",
          "assets_na": false,
          "assets_uids": [
            "60883626da6b4c0001dbf4b9"
          ],
          "created_at": 1727705207,
          "status": "pending"
        }
      ]
    },
    {
      "categories": [
        "Authorization/Permissions",
        "Insecure Direct Object Reference (Read & Write)"
      ],
      "exploitable_locations": [
        {
          "type": "url",
          "value": "https://artanis.apps.frgbetaportal.com/eagle/en/api/v1/eagle-service/shipment/<id>/qcreport",
          "assets_na": false,
          "assets_uids": [
            "61941aa0d3c05900013f331f"
          ],
          "created_at": 1732433678,
          "status": "pending"
        }
      ]
    },
    {
      "categories": [
        "Authorization/Permissions",
        "Insecure Direct Object Reference (Read & Write)"
      ],
      "exploitable_locations": [
        {
          "type": "url",
          "value": "https://amon.apps.frgbetaportal.com/firefly/en/api/firefly/v1/shipmentdetail/shipments",
          "assets_na": false,
          "assets_uids": [
            "60832607ef2e790001ffca3e"
          ],
          "created_at": 1716203160,
          "status": "pending"
        }
      ]
    },
    {
      "categories": [
        "Functional/Business Logic",
        "Improper Input Validation"
      ],
      "exploitable_locations": [
        {
          "type": "url",
          "value": "https://artanis.apps.frgbetaportal.com/firefly/en/api/v1/work_orders",
          "assets_na": false,
          "assets_uids": [
            "652848ca150310ecde1fbfb7"
          ],
          "created_at": 1716204131,
          "status": "pending"
        }
      ]
    },
    {
      "categories": [
        "Authorization/Permissions",
        "Insecure Direct Object Reference (Read & Write)"
      ],
      "exploitable_locations": [
        {
          "type": "url",
          "value": "https://amon.apps.frgbetaportal.com/firefly/en/api/firefly/v1/shipmentdetail/bol",
          "assets_na": false,
          "assets_uids": [
            "60883626da6b4c0001dbf4b9"
          ],
          "created_at": 1716213856,
          "status": "pending"
        }
      ]
    }
  ]
}