{
  "listing_id": "wzscgg0f7n",
  "type": "categories",
  "value": [
    {
      "categories": [
        "Cross-Site Scripting (XSS)",
        "Persistent XSS"
      ],
      "exploitable_locations": [
        {
          "type": "url",
          "value": "https://cdn.cashier.boldapps.net/ugc/favicons/favicon_store-<storename>.html",
          "created_at": 1659956751,
          "status": "pending"
        },
        {
          "type": "url",
          "value": "https://cashier.boldcommerce.com/api/admin/v1/general_settings/shop_favicon",
          "created_at": 1659956751,
          "status": "pending"
        }
      ]
    },
    {
      "categories": [
        "Cross-Site Scripting (XSS)",
        "Persistent XSS"
      ],
      "exploitable_locations": [
        {
          "type": "url",
          "value": "https://cashier.boldcommerce.com/api/admin/v1/general_settings/shop_logo",
          "created_at": 1659957270,
          "status": "pending"
        },
        {
          "type": "url",
          "value": "https://cashier.boldcommerce.com/api/admin/v1/general_settings/shop_favicon",
          "created_at": 1659957270,
          "status": "pending"
        }
      ]
    },
    {
      "categories": [
        "Authorization/Permissions",
        "Access/Privacy Control Violation"
      ],
      "exploitable_locations": [
        {
          "type": "url",
          "value": "https://apps.boldapps.net/install/v1/accounts/platforms/woocommerce/apps/cashier/install",
          "created_at": 1659963189,
          "status": "pending"
        }
      ]
    },
    {
      "categories": [
        "Authorization/Permissions",
        "Access/Privacy Control Violation"
      ],
      "exploitable_locations": [
        {
          "type": "url",
          "value": "https://apps.boldapps.net/users/v1/shops/<shop_id>/users/invite",
          "created_at": 1659977680,
          "status": "pending"
        }
      ]
    },
    {
      "categories": [
        "Information Disclosure",
        "Sensitive API Keys"
      ],
      "exploitable_locations": [
        {
          "type": "url",
          "value": "https://apps.boldapps.net/account/login",
          "created_at": 1659945745,
          "status": "pending"
        },
        {
          "type": "url",
          "value": "https://apps.boldapps.net/account/app/*",
          "created_at": 1659945745,
          "status": "pending"
        }
      ]
    },
    {
      "categories": [
        "Cross-Site Scripting (XSS)",
        "Persistent XSS"
      ],
      "exploitable_locations": [
        {
          "type": "url",
          "value": "https://cashier.boldcommerce.com/api/admin/v1/general_settings/shop_favicon",
          "created_at": 1659953666,
          "status": "pending"
        },
        {
          "type": "url",
          "value": "https://cdn.cashier.boldapps.net/ugc/favicons/favicon_store-kij3ukydb9.mybigcommerce.com.svg",
          "created_at": 1659953666,
          "status": "pending"
        },
        {
          "type": "url",
          "value": "https://cashier.boldcommerce.com/admin/bigcommerce/store-kij3ukydb9.mybigcommerce.com/general_settings",
          "created_at": 1659953666,
          "status": "pending"
        }
      ]
    },
    {
      "categories": [
        "Cross-Site Scripting (XSS)",
        "Persistent XSS"
      ],
      "exploitable_locations": [
        {
          "type": "url",
          "value": "https://cashier.boldcommerce.com/api/admin/v1/general_settings/shop_logo",
          "created_at": 1659954885,
          "status": "pending"
        },
        {
          "type": "url",
          "value": "https://cdn.cashier.boldapps.net/ugc/logos/logo_store-kij3ukydb9.mybigcommerce.com.html",
          "created_at": 1659954885,
          "status": "pending"
        },
        {
          "type": "url",
          "value": "https://cashier.boldcommerce.com/admin/bigcommerce/store-kij3ukydb9.mybigcommerce.com/general_settings",
          "created_at": 1659954885,
          "status": "pending"
        }
      ]
    },
    {
      "categories": [
        "Cross-Site Scripting (XSS)",
        "Persistent XSS"
      ],
      "exploitable_locations": [
        {
          "type": "url",
          "value": "https://cashier.boldcommerce.com/api/admin/v1/general_settings/shop_favicon",
          "created_at": 1659956563,
          "status": "pending"
        },
        {
          "type": "url",
          "value": "https://cashier.boldcommerce.com/api/admin/v1/general_settings/shop_logo",
          "created_at": 1659956563,
          "status": "pending"
        }
      ]
    },
    {
      "categories": [
        "Cross-Site Scripting (XSS)",
        "DOM-based XSS"
      ],
      "exploitable_locations": [
        {
          "type": "url",
          "value": "https://apps.boldapps.net/accounts/login",
          "created_at": 1659956330,
          "status": "pending"
        },
        {
          "type": "url",
          "value": "https://apps.boldapps.net/accounts/static/js/main.3a5754e3.chunk.js",
          "created_at": 1659956330,
          "status": "pending"
        }
      ]
    },
    {
      "categories": [
        "Information Disclosure",
        "Identity of Software Architecture"
      ],
      "exploitable_locations": [
        {
          "type": "url",
          "value": "https://boldcommerce.com/downloads/legal/sub-processors/list-of-sub-processors-as-of-march-25-2022.pdf",
          "assets_na": true,
          "assets_uids": [],
          "created_at": 1726944982,
          "status": "pending"
        }
      ]
    },
    {
      "categories": [
        "Information Disclosure",
        "Sensitive Client Information Disclosed"
      ],
      "exploitable_locations": [
        {
          "type": "url",
          "value": "https://boldcommerce.com/downloads/legal/DPA-with-EEA-SCCs-and-UK-SCCs_2021_Module-Two-Controller-to-Processor_No-EU-office-Rep-Yes.pdf",
          "assets_na": true,
          "assets_uids": [],
          "created_at": 1726945389,
          "status": "pending"
        },
        {
          "type": "url",
          "value": "https://boldcommerce.com/downloads/legal/DPA-with-EEA-SCCs-and-UK-SCCs_2021_Module-Two-Controller-to-Processor_EU-office.pdf",
          "assets_na": true,
          "assets_uids": [],
          "created_at": 1726945389,
          "status": "pending"
        },
        {
          "type": "url",
          "value": "https://boldcommerce.com/downloads/legal/DPA-with-EEA-SCCs-and-UK-SCCs_2021_Module-Two-Controller-to-Processor_No-EU-office-No-Rep.pdf",
          "assets_na": true,
          "assets_uids": [],
          "created_at": 1726945389,
          "status": "pending"
        }
      ]
    },
    {
      "categories": [
        "Authentication/Session Management",
        "Account Enumeration"
      ],
      "exploitable_locations": [
        {
          "type": "app-location",
          "value": "Log in page",
          "assets_na": false,
          "assets_uids": [
            "62eb1d66ccde110001a02ace"
          ],
          "created_at": 1728478607,
          "status": "pending"
        }
      ]
    },
    {
      "categories": [
        "Functional/Business Logic",
        "Unvalidated Redirect Bypass"
      ],
      "exploitable_locations": [
        {
          "type": "url",
          "value": "https://cp.boldapps.net/v2/api/site/storefront_config",
          "assets_na": false,
          "assets_uids": [
            "64ca584282380fc0b74e71b8"
          ],
          "created_at": 1736544413,
          "status": "pending"
        },
        {
          "type": "url",
          "value": "https://cp.boldapps.net/v2/api/site/discount_code_setting",
          "assets_na": false,
          "assets_uids": [
            "64ca584282380fc0b74e71b8"
          ],
          "created_at": 1736544413,
          "status": "pending"
        }
      ]
    },
    {
      "categories": [
        "Cross-Site Scripting (XSS)",
        "Reflected XSS"
      ],
      "exploitable_locations": [
        {
          "type": "url",
          "value": "https://mem.boldapps.net/paypal/MassPay/MassPay.html.php",
          "assets_na": false,
          "assets_uids": [
            "62d596374ad7810001544d5b"
          ],
          "created_at": 1736785243,
          "status": "pending"
        }
      ]
    },
    {
      "categories": [
        "Content Injection",
        "Spoof HTML Content"
      ],
      "exploitable_locations": [
        {
          "type": "url",
          "value": "https://sub.boldapps.net/api/admin/shop_email_templates/0/test",
          "assets_na": false,
          "assets_uids": [
            "64afdfc09f488f3a369c66cb"
          ],
          "created_at": 1689791847,
          "status": "pending"
        }
      ]
    },
    {
      "categories": [
        "Cross-site Request Forgery (CSRF)",
        "CSRF-Low"
      ],
      "exploitable_locations": [
        {
          "type": "url",
          "value": "https://cashier.boldcommerce.com/api/admin/v1/discount/{id}/delete",
          "assets_na": false,
          "assets_uids": [
            "62eb1ea174687b0001a970da"
          ],
          "created_at": 1689793314,
          "status": "pending"
        }
      ]
    },
    {
      "categories": [
        "Cross-site Request Forgery (CSRF)",
        "CSRF-Low"
      ],
      "exploitable_locations": [
        {
          "type": "url",
          "value": "https://cashier.boldcommerce.com/api/admin/v1/discount/enable-all",
          "assets_na": false,
          "assets_uids": [
            "62eb1ea174687b0001a970da"
          ],
          "created_at": 1689793896,
          "status": "pending"
        }
      ]
    },
    {
      "categories": [
        "Cross-site Request Forgery (CSRF)",
        "CSRF-Low"
      ],
      "exploitable_locations": [
        {
          "type": "url",
          "value": "https://cashier.boldcommerce.com/api/admin/v1/zones/shipping/{id}/delete",
          "assets_na": false,
          "assets_uids": [
            "62eb1ea174687b0001a970da"
          ],
          "created_at": 1689794717,
          "status": "pending"
        }
      ]
    },
    {
      "categories": [
        "Authentication/Session Management",
        "Account Enumeration"
      ],
      "exploitable_locations": [
        {
          "type": "url",
          "value": "https://apps.boldapps.net/users/v1/users/email/<email>",
          "assets_na": false,
          "assets_uids": [
            "64afe525f95f517597df9d57"
          ],
          "created_at": 1689878961,
          "status": "pending"
        }
      ]
    },
    {
      "categories": [
        "Functional/Business Logic",
        "Improper Input Validation"
      ],
      "exploitable_locations": [
        {
          "type": "url",
          "value": "https://cashier.boldcommerce.com/api/admin/v1/general_settings/required_information/",
          "assets_na": false,
          "assets_uids": [
            "62eb1ea174687b0001a970da"
          ],
          "created_at": 1689929001,
          "status": "pending"
        }
      ]
    },
    {
      "categories": [
        "Functional/Business Logic",
        "Improper Input Validation"
      ],
      "exploitable_locations": [
        {
          "type": "url",
          "value": "https://apps.boldapps.net/users/v1/users/<userId>/update",
          "assets_na": false,
          "assets_uids": [
            "64afe525f95f517597df9d54"
          ],
          "created_at": 1689787548,
          "status": "pending"
        }
      ]
    },
    {
      "categories": [
        "Cross-Site Scripting (XSS)",
        "Reflected DOM-Based XSS"
      ],
      "exploitable_locations": [
        {
          "type": "url",
          "value": "https://discounts.boldapps.net/index.php",
          "assets_na": true,
          "assets_uids": [],
          "created_at": 1690006728,
          "status": "pending"
        }
      ]
    },
    {
      "categories": [
        "Cross-Site Scripting (XSS)",
        "Persistent XSS"
      ],
      "exploitable_locations": [
        {
          "type": "url",
          "value": "https://discounts.boldapps.net/product_selector/get_initial_data.php",
          "assets_na": true,
          "assets_uids": [],
          "created_at": 1690255505,
          "status": "pending"
        }
      ]
    },
    {
      "categories": [
        "Cross-Site Scripting (XSS)",
        "Persistent XSS"
      ],
      "exploitable_locations": [
        {
          "type": "url",
          "value": "https://cashier.boldcommerce.com/api/admin/v1/analytics/save",
          "assets_na": false,
          "assets_uids": [
            "62eb1ea174687b0001a970da"
          ],
          "created_at": 1690276700,
          "status": "pending"
        }
      ]
    },
    {
      "categories": [
        "Authorization/Permissions",
        "Insecure Direct Object Reference (Read-Only)"
      ],
      "exploitable_locations": [
        {
          "type": "url",
          "value": "https://upsells.boldapps.net/v2/qnhn-h1.myshopify.com/offer/[offer-id]",
          "assets_na": false,
          "assets_uids": [
            "64c0e21d2fe9f5dadf1e02f0"
          ],
          "created_at": 1690394564,
          "status": "pending"
        }
      ]
    },
    {
      "categories": [
        "Authorization/Permissions",
        "Insecure Direct Object Reference (Read-Only)"
      ],
      "exploitable_locations": [
        {
          "type": "url",
          "value": "https://upsells.boldapps.net/create_upsell_offer.php",
          "assets_na": false,
          "assets_uids": [
            "64c0e21d2fe9f5dadf1e02f0"
          ],
          "created_at": 1690395576,
          "status": "pending"
        }
      ]
    },
    {
      "categories": [
        "Cross-Site Scripting (XSS)",
        "Persistent XSS"
      ],
      "exploitable_locations": [
        {
          "type": "url",
          "value": "https://upsells.boldapps.net/v2/qnhn-h1.myshopify.com/offer/525389",
          "assets_na": false,
          "assets_uids": [
            "64c0e21d2fe9f5dadf1e02f0"
          ],
          "created_at": 1690397312,
          "status": "pending"
        },
        {
          "type": "url",
          "value": "https://upsells.boldapps.net/v2/qnhn-h1.myshopify.com/offer/create",
          "assets_na": false,
          "assets_uids": [
            "64c0e21d2fe9f5dadf1e02f0"
          ],
          "created_at": 1690397312,
          "status": "pending"
        }
      ]
    },
    {
      "categories": [
        "Authorization/Permissions",
        "Access Control Violation (Low Privileged Functions-Read/Write or Write Only)"
      ],
      "exploitable_locations": [
        {
          "type": "url",
          "value": "https://cashier.boldcommerce.com/api/admin/v1/general_settings/required_information/",
          "assets_na": false,
          "assets_uids": [
            "62eb1ea174687b0001a970da"
          ],
          "created_at": 1690400844,
          "status": "pending"
        }
      ]
    },
    {
      "categories": [
        "Cross-Site Scripting (XSS)",
        "Reflected XSS"
      ],
      "exploitable_locations": [
        {
          "type": "url",
          "value": "https://discounts.boldapps.net/product_selector/get_preview.php",
          "assets_na": true,
          "assets_uids": [],
          "created_at": 1690434041,
          "status": "pending"
        }
      ]
    },
    {
      "categories": [
        "Authorization/Permissions",
        "Access Control Violation (High Privileged Functions - Read/Write or Write Only)"
      ],
      "exploitable_locations": [
        {
          "type": "url",
          "value": "https://apps.boldapps.net/users/v1/users/<userId>/update",
          "assets_na": false,
          "assets_uids": [
            "64afe525f95f517597df9d54"
          ],
          "created_at": 1689788178,
          "status": "pending"
        }
      ]
    },
    {
      "categories": [
        "Cross-Site Scripting (XSS)",
        "Persistent XSS"
      ],
      "exploitable_locations": [
        {
          "type": "url",
          "value": "https://cashier.boldcommerce.com/api/admin/v1/analytics/save",
          "assets_na": false,
          "assets_uids": [
            "62eb1ea174687b0001a970da"
          ],
          "created_at": 1690490284,
          "status": "pending"
        }
      ]
    },
    {
      "categories": [
        "Authorization/Permissions",
        "Access Control Violation (High Privileged Functions - Read/Write or Write Only)"
      ],
      "exploitable_locations": [
        {
          "type": "url",
          "value": "https://cashier.boldcommerce.com/admin/bold_platform/kc0cspuu287ofqjs8alkhebsyj4as3gs.oastify.com/general_settings",
          "assets_na": false,
          "assets_uids": [
            "62eb1ea174687b0001a970da"
          ],
          "created_at": 1691041329,
          "status": "pending"
        }
      ]
    },
    {
      "categories": [
        "Authorization/Permissions",
        "Access Control Violation (High Privileged Functions - Read/Write or Write Only)"
      ],
      "exploitable_locations": [
        {
          "type": "url",
          "value": "https://cashier.boldcommerce.com/api/admin/v1/general_settings/required_information/",
          "assets_na": false,
          "assets_uids": [
            "62eb1ea174687b0001a970da"
          ],
          "created_at": 1691106095,
          "status": "pending"
        }
      ]
    },
    {
      "categories": [
        "Authorization/Permissions",
        "Access Control Violation (High Privileged Functions - Read/Write or Write Only)"
      ],
      "exploitable_locations": [
        {
          "type": "url",
          "value": "https://discounts.boldapps.net/save_discount.php",
          "assets_na": true,
          "assets_uids": [],
          "created_at": 1691429531,
          "status": "pending"
        }
      ]
    },
    {
      "categories": [
        "Authorization/Permissions",
        "Access Control Violation (High Privileged Functions-Read Only)"
      ],
      "exploitable_locations": [
        {
          "type": "url",
          "value": "https://apps.boldapps.net/users/v1/users/roles",
          "assets_na": false,
          "assets_uids": [
            "64afe525f95f517597df9d57"
          ],
          "created_at": 1689788417,
          "status": "pending"
        }
      ]
    },
    {
      "categories": [
        "Server/Application Misconfiguration",
        "DNS Zone/Subdomain Takeover"
      ],
      "exploitable_locations": [
        {
          "type": "url",
          "value": "https://cashier.boldapps.com/",
          "assets_na": true,
          "assets_uids": [],
          "created_at": 1692906830,
          "status": "pending"
        }
      ]
    },
    {
      "categories": [
        "Cross-Site Scripting (XSS)",
        "Reflected XSS"
      ],
      "exploitable_locations": [
        {
          "type": "url",
          "value": "https://discounts.boldapps.net/sales_icon.php",
          "assets_na": true,
          "assets_uids": [],
          "created_at": 1693138452,
          "status": "pending"
        }
      ]
    },
    {
      "categories": [
        "Authorization/Permissions",
        "Access Control Violation (High Privileged Functions - Read/Write or Write Only)"
      ],
      "exploitable_locations": [
        {
          "type": "url",
          "value": "https://discounts.boldapps.net",
          "assets_na": true,
          "assets_uids": [],
          "created_at": 1693171322,
          "status": "pending"
        },
        {
          "type": "url",
          "value": "https://upsells.boldapps.net",
          "assets_na": false,
          "assets_uids": [
            "64c0e21d2fe9f5dadf1e02f0"
          ],
          "created_at": 1693171322,
          "status": "pending"
        },
        {
          "type": "url",
          "value": "https://mem.boldapps.net",
          "assets_na": false,
          "assets_uids": [
            "62d596374ad7810001544d5b"
          ],
          "created_at": 1693171322,
          "status": "pending"
        },
        {
          "type": "url",
          "value": "https://cp.boldapps.net",
          "assets_na": false,
          "assets_uids": [
            "64ca584282380fc0b74e71b8"
          ],
          "created_at": 1693171322,
          "status": "pending"
        }
      ]
    },
    {
      "categories": [
        "Cross-Site Scripting (XSS)",
        "Reflected XSS"
      ],
      "exploitable_locations": [
        {
          "type": "url",
          "value": "https://discounts.boldapps.net/home.php",
          "assets_na": true,
          "assets_uids": [],
          "created_at": 1693173703,
          "status": "pending"
        },
        {
          "type": "url",
          "value": "https://discounts.boldapps.net/admin.php",
          "assets_na": true,
          "assets_uids": [],
          "created_at": 1693173703,
          "status": "pending"
        }
      ]
    },
    {
      "categories": [
        "Cross-Site Scripting (XSS)",
        "Reflected XSS"
      ],
      "exploitable_locations": [
        {
          "type": "url",
          "value": "https://upsells.boldapps.net/customer_authentication.php",
          "assets_na": false,
          "assets_uids": [
            "64c0e21d2fe9f5dadf1e02f3"
          ],
          "created_at": 1693174525,
          "status": "pending"
        }
      ]
    },
    {
      "categories": [
        "Authorization/Permissions",
        "Access Control Violation (High Privileged Functions - Read/Write or Write Only)"
      ],
      "exploitable_locations": [
        {
          "type": "url",
          "value": "https://cp.boldapps.net/v2/api/0ef766-8f.myshopify.com/detailed_pricing",
          "assets_na": false,
          "assets_uids": [
            "64ca584282380fc0b74e71b5"
          ],
          "created_at": 1708800340,
          "status": "pending"
        }
      ]
    },
    {
      "categories": [
        "Functional/Business Logic",
        "Functionality Abuse with Malicious Impact"
      ],
      "exploitable_locations": [
        {
          "type": "url",
          "value": "https://sub.boldapps.net/api/admin/email_settings",
          "assets_na": false,
          "assets_uids": [
            "64b8585a9f488f3a369c6a07"
          ],
          "created_at": 1709544812,
          "status": "pending"
        }
      ]
    },
    {
      "categories": [
        "Functional/Business Logic",
        "Unvalidated Redirect Bypass"
      ],
      "exploitable_locations": [
        {
          "type": "url",
          "value": "https://checkout.boldcommerce.com/shopify/install",
          "assets_na": false,
          "assets_uids": [
            "65de4a0965a877ca27e09e13"
          ],
          "created_at": 1710515279,
          "status": "pending"
        },
        {
          "type": "url",
          "value": "https://cashier.boldcommerce.com/shopify/install",
          "assets_na": false,
          "assets_uids": [
            "62eb1ea174687b0001a970da"
          ],
          "created_at": 1710515279,
          "status": "pending"
        }
      ]
    },
    {
      "categories": [
        "Authorization/Permissions",
        "Insecure Direct Object Reference (Read-Only)"
      ],
      "exploitable_locations": [
        {
          "type": "url",
          "value": "https://upsells.boldapps.net/v2/1d24f4-f2.myshopify.com/offer/535194",
          "assets_na": false,
          "assets_uids": [
            "64c0e21d2fe9f5dadf1e02f0"
          ],
          "created_at": 1717017075,
          "status": "pending"
        }
      ]
    },
    {
      "categories": [
        "Brute Force",
        "Bypass of Rate Limiting Protections (i.e. CAPTCHA)"
      ],
      "exploitable_locations": [
        {
          "type": "url",
          "value": "https://apps.boldapps.net/users/v1/shops/cc9f95878ce90b0346f8ba67291d43b2/users/invite",
          "assets_na": false,
          "assets_uids": [
            "64afe56b9f488f3a369c66d0"
          ],
          "created_at": 1724679102,
          "status": "pending"
        }
      ]
    },
    {
      "categories": [
        "Authorization/Permissions",
        "Insecure Direct Object Reference (Read & Write)"
      ],
      "exploitable_locations": [
        {
          "type": "url",
          "value": "https://cashier.boldcommerce.com/api/admin/v1/general_settings/checkout/enable",
          "assets_na": false,
          "assets_uids": [
            "62eb1ea174687b0001a970da"
          ],
          "created_at": 1724747887,
          "status": "pending"
        }
      ]
    },
    {
      "categories": [
        "Information Disclosure",
        "Sensitive API Keys"
      ],
      "exploitable_locations": [
        {
          "type": "url",
          "value": "https://discountv3.boldapps.net/",
          "assets_na": false,
          "assets_uids": [
            "62eb1d66ccde110001a02ace"
          ],
          "created_at": 1725417979,
          "status": "pending"
        }
      ]
    }
  ]
}