{
  "listing_id": "xb9yv95jqh",
  "type": "categories",
  "value": [
    {
      "categories": [
        "Server/Application Misconfiguration",
        "Cache poisoning"
      ],
      "exploitable_locations": [
        {
          "type": "url",
          "value": "https://www.carsguide.com.au/afx_prid/health",
          "assets_na": false,
          "assets_uids": [
            "66b949e73d535a41b32feb01"
          ],
          "created_at": 1724249773,
          "status": "pending"
        }
      ]
    },
    {
      "categories": [
        "Information Disclosure",
        "Leaked Credentials (Low Privilege)"
      ],
      "exploitable_locations": [
        {
          "type": "url",
          "value": "https://dealercentral.autotrader.com.au",
          "assets_na": false,
          "assets_uids": [
            "670d3466c8e3715a560b9757"
          ],
          "created_at": 1739114294,
          "status": "pending"
        }
      ]
    },
    {
      "categories": [
        "Functional/Business Logic",
        "Functionality Abuse with Malicious Impact"
      ],
      "exploitable_locations": [
        {
          "type": "url",
          "value": "https://www.autotrader.com.au/car-dealers/dealership/2033",
          "assets_na": true,
          "assets_uids": [],
          "created_at": 1727342918,
          "status": "pending"
        }
      ]
    },
    {
      "categories": [
        "Information Disclosure",
        "Sensitive API Keys"
      ],
      "exploitable_locations": [
        {
          "type": "url",
          "value": "https://www.autotrader.com.au/",
          "assets_na": false,
          "assets_uids": [
            "66b949f73d535a41b32feb06",
            "66b949f73d535a41b32feb09"
          ],
          "created_at": 1727570519,
          "status": "pending"
        }
      ]
    },
    {
      "categories": [
        "Authorization/Permissions",
        "Access Control Violation (High Privileged Functions - Read/Write or Write Only)"
      ],
      "exploitable_locations": [
        {
          "type": "other",
          "value": "3rd party auth bypass",
          "assets_na": false,
          "assets_uids": [
            "670d3466c8e3715a560b9757"
          ],
          "created_at": 1734530010,
          "status": "pending"
        }
      ]
    }
  ]
}