{
  "listing_id": "xb9yv95jqh",
  "type": "categories",
  "value": [
    {
      "categories": [
        "Cross-Site Scripting (XSS)",
        "Reflected XSS"
      ],
      "exploitable_locations": [
        {
          "type": "url",
          "value": "https://dealercentral.autotrader.com.au/api/pro/seller/19405/vehicles/syi-vehicles-agg",
          "assets_na": false,
          "assets_uids": [
            "66c2a8424d9bf539eb65873d"
          ],
          "created_at": 1724390157,
          "status": "pending"
        }
      ]
    },
    {
      "categories": [
        "Functional/Business Logic",
        "Client Side Validation"
      ],
      "exploitable_locations": [
        {
          "type": "url",
          "value": "https://dealercentral.autotrader.com.au/api/pro/seller/18363/listings/<ID>",
          "assets_na": false,
          "assets_uids": [
            "66c2a8424d9bf539eb65873d"
          ],
          "created_at": 1724391445,
          "status": "pending"
        }
      ]
    },
    {
      "categories": [
        "Functional/Business Logic",
        "Improper Input Validation"
      ],
      "exploitable_locations": [
        {
          "type": "url",
          "value": "https://dealercentral.autotrader.com.au/api/pro/seller/19402/listings/<ID>",
          "assets_na": false,
          "assets_uids": [
            "66c2a8424d9bf539eb65873d"
          ],
          "created_at": 1724392829,
          "status": "pending"
        }
      ]
    },
    {
      "categories": [
        "Functional/Business Logic",
        "Client Side Validation"
      ],
      "exploitable_locations": [
        {
          "type": "url",
          "value": "https://dealercentral.autotrader.com.au/api/pro/seller/19405/listing/publish",
          "assets_na": false,
          "assets_uids": [
            "66c2a8424d9bf539eb658740"
          ],
          "created_at": 1724396256,
          "status": "pending"
        }
      ]
    },
    {
      "categories": [
        "Authorization/Permissions",
        "Insecure Direct Object Reference (Read & Write)"
      ],
      "exploitable_locations": [
        {
          "type": "url",
          "value": "https://dealercentral.autotrader.com.au/api/pro/seller/19402/leads/status",
          "assets_na": false,
          "assets_uids": [
            "66c2a8424d9bf539eb658740"
          ],
          "created_at": 1735914913,
          "status": "pending"
        }
      ]
    },
    {
      "categories": [
        "Information Disclosure",
        "Sensitive API Keys"
      ],
      "exploitable_locations": [
        {
          "type": "url",
          "value": "https://www.carsguide.com.au/",
          "assets_na": false,
          "assets_uids": [
            "66b949e73d535a41b32feb01"
          ],
          "created_at": 1725422976,
          "status": "fixed"
        }
      ]
    },
    {
      "categories": [
        "Functional/Business Logic",
        "Client Side Validation"
      ],
      "exploitable_locations": [
        {
          "type": "url",
          "value": "https://dealercentral.autotrader.com.au/api/pro/seller/19405/listings",
          "assets_na": false,
          "assets_uids": [
            "66c2a8424d9bf539eb658740"
          ],
          "created_at": 1728930810,
          "status": "wont_fix"
        }
      ]
    },
    {
      "categories": [
        "Authorization/Permissions",
        "Access Control Violation (High Privileged Functions - Read/Write or Write Only)"
      ],
      "exploitable_locations": [
        {
          "type": "other",
          "value": "3rd party auth bypass",
          "assets_na": false,
          "assets_uids": [
            "670d3466c8e3715a560b9757"
          ],
          "created_at": 1735883925,
          "status": "fixed"
        }
      ]
    },
    {
      "categories": [
        "Authorization/Permissions",
        "Insecure Direct Object Reference (Read & Write)"
      ],
      "exploitable_locations": [
        {
          "type": "url",
          "value": "https://dealercentral.autotrader.com.au/api/pro/seller/19402/leads/note",
          "assets_na": false,
          "assets_uids": [
            "670d3466c8e3715a560b9757"
          ],
          "created_at": 1735914874,
          "status": "pending"
        }
      ]
    }
  ]
}