{
  "listing_id": "y42e37odtk",
  "type": "categories",
  "value": [
    {
      "categories": [
        "Brute Force",
        "Bypass of Rate Limiting Protections (i.e. CAPTCHA)"
      ],
      "exploitable_locations": [
        {
          "type": "url",
          "value": "https://advertising.nytimes.com/newsletter-signup/",
          "assets_na": false,
          "assets_uids": [
            "624ca5d9c666cf00011c51e0"
          ],
          "created_at": 1696185750,
          "status": "pending"
        }
      ]
    },
    {
      "categories": [
        "Authorization/Permissions",
        "Insecure Direct Object Reference (Read-Only)"
      ],
      "exploitable_locations": [
        {
          "type": "url",
          "value": "https://adportal-ext.nyt.net/digital/app/api/ad",
          "assets_na": false,
          "assets_uids": [
            "624ca667c175930001a7ac88"
          ],
          "created_at": 1722322238,
          "status": "pending"
        }
      ]
    },
    {
      "categories": [
        "Authorization/Permissions",
        "Insecure Direct Object Reference (Read & Write)"
      ],
      "exploitable_locations": [
        {
          "type": "url",
          "value": "https://adportal-ext.nyt.net/digital/app/api/campaign/<ID>",
          "assets_na": false,
          "assets_uids": [
            "624ca6614c8c4b0001ed6103"
          ],
          "created_at": 1722322296,
          "status": "pending"
        }
      ]
    },
    {
      "categories": [
        "Authentication/Session Management",
        "Email/Password Recovery Flaw"
      ],
      "exploitable_locations": [
        {
          "type": "url",
          "value": "https://adportal-ext.nyt.net/digital/register/completeSetup/password",
          "assets_na": false,
          "assets_uids": [
            "624ca667c175930001a7ac88"
          ],
          "created_at": 1722611084,
          "status": "pending"
        },
        {
          "type": "url",
          "value": "https://adportal-ext.nyt.net/digital/forgotPassword",
          "assets_na": false,
          "assets_uids": [
            "624ca667c175930001a7ac88"
          ],
          "created_at": 1722611084,
          "status": "pending"
        }
      ]
    },
    {
      "categories": [
        "Cross-Site Scripting (XSS)",
        "Reflected XSS"
      ],
      "exploitable_locations": [
        {
          "type": "url",
          "value": "https://advertising.nytimes.com/display/dropbox/ad-details",
          "created_at": 1650487294,
          "status": "pending"
        },
        {
          "type": "url",
          "value": "https://advertising.nytimes.com/display/dropbox/ad-details/<ID>",
          "created_at": 1650487294,
          "status": "pending"
        }
      ]
    },
    {
      "categories": [
        "Authorization/Permissions",
        "Access/Privacy Control Violation"
      ],
      "exploitable_locations": [
        {
          "type": "url",
          "value": "https://selfservice-advertising.nytimes.com/display/contacts",
          "created_at": 1673892149,
          "status": "pending"
        }
      ]
    },
    {
      "categories": [
        "Brute Force",
        "Bypass of Rate Limiting Protections (i.e. CAPTCHA)"
      ],
      "exploitable_locations": [
        {
          "type": "url",
          "value": "https://advertising.nytimes.com/nyta-contact",
          "assets_na": false,
          "assets_uids": [
            "641d82547347808a597dfc1a"
          ],
          "created_at": 1698773513,
          "status": "pending"
        }
      ]
    },
    {
      "categories": [
        "Functional/Business Logic",
        "Improper Input Validation"
      ],
      "exploitable_locations": [
        {
          "type": "url",
          "value": "https://adportal-ext.nyt.net/digital/app/api/user",
          "assets_na": false,
          "assets_uids": [
            "66b248c03d535a41b32fe73a"
          ],
          "created_at": 1736917891,
          "status": "pending"
        }
      ]
    },
    {
      "categories": [
        "Functional/Business Logic",
        "Functionality Abuse with Malicious Impact"
      ],
      "exploitable_locations": [
        {
          "type": "url",
          "value": "https://adportal-ext.nyt.net/digital/app/api/ad/{id}",
          "assets_na": false,
          "assets_uids": [
            "66b248c03d535a41b32fe73a"
          ],
          "created_at": 1736931789,
          "status": "pending"
        }
      ]
    }
  ]
}