{
  "listing_id": "ybhntbn104",
  "type": "categories",
  "value": [
    {
      "categories": [
        "Functional/Business Logic",
        "Improper Input Validation"
      ],
      "exploitable_locations": [
        {
          "type": "url",
          "value": "https://www.creditkarma.ca/auth/mfa/phone/update",
          "assets_na": true,
          "assets_uids": [],
          "created_at": 1739893016,
          "status": "pending"
        }
      ]
    },
    {
      "categories": [
        "Authorization/Permissions",
        "Access Control Violation (Low Privileged Functions-Read/Write or Write Only)"
      ],
      "exploitable_locations": [
        {
          "type": "url",
          "value": "https://help.creditkarma.co.uk/s/sfsites/aura",
          "assets_na": false,
          "assets_uids": [
            "648c71ea3a8f0b3598645856"
          ],
          "created_at": 1739970942,
          "status": "pending"
        }
      ]
    }
  ]
}