{
  "listing_id": "ykc5t06t70",
  "type": "categories",
  "value": [
    {
      "categories": [
        "Content Injection",
        "**Spoof HTML Content**"
      ],
      "exploitable_locations": [
        {
          "type": "url",
          "value": "https://static.becn.com/becn/rest/model/REST/NewRestService/v2/rest/com/becn/placeEagleViewOrder",
          "created_at": 1622819847,
          "status": "fixed"
        }
      ]
    },
    {
      "categories": [
        "Authorization/Permissions",
        "Access/Privacy Control Violation"
      ],
      "exploitable_locations": [
        {
          "type": "url",
          "value": "https://static.becn.com/becn/rest/model/REST/NewRestService/v2/rest/com/becn/itemDetails",
          "created_at": 1622820144,
          "status": "wont_fix"
        }
      ]
    },
    {
      "categories": [
        "Authorization/Permissions",
        "Access/Privacy Control Violation"
      ],
      "exploitable_locations": [
        {
          "type": "url",
          "value": "https://www.becn.com/proplus/user-admin/new",
          "created_at": 1622827690,
          "status": "fixed"
        }
      ]
    },
    {
      "categories": [
        "Authorization/Permissions",
        "Access/Privacy Control Violation"
      ],
      "exploitable_locations": [
        {
          "type": "url",
          "value": "https://www.becn.com/proplus/eagle-view/",
          "created_at": 1629796988,
          "status": "fixed"
        }
      ]
    },
    {
      "categories": [
        "Content Injection",
        "ORM Injection"
      ],
      "exploitable_locations": [
        {
          "type": "url",
          "value": "https://static.becn.com/becn/rest/model/REST/NewRestService/v2/rest/com/becn/getOrderApprovalList",
          "created_at": 1630992301,
          "status": "fixed"
        }
      ]
    },
    {
      "categories": [
        "SQL Injection",
        "SQL Injection- Partial"
      ],
      "exploitable_locations": [
        {
          "type": "url",
          "value": "https://static.becn.com/becn/rest/model/REST/NewRestService/v2/rest/com/becn/getDTOrderDetail",
          "created_at": 1631762429,
          "status": "fixed"
        }
      ]
    },
    {
      "categories": [
        "SQL Injection",
        "SQL Injection- Partial"
      ],
      "exploitable_locations": [
        {
          "type": "url",
          "value": "https://static.becn.com/becn/rest/model/REST/NewRestService/v2/rest/com/becn/getStatusChange",
          "created_at": 1631774603,
          "status": "fixed"
        }
      ]
    },
    {
      "categories": [
        "Server/Application Misconfiguration",
        "Cross-Origin Resource Sharing (CORS)"
      ],
      "exploitable_locations": [
        {
          "type": "url",
          "value": "https://proplusv2.becn.digital/proplus/profile",
          "created_at": 1607685482,
          "status": "fixed"
        }
      ]
    },
    {
      "categories": [
        "Server/Application Misconfiguration",
        "Cross-Origin Resource Sharing (CORS)"
      ],
      "exploitable_locations": [
        {
          "type": "url",
          "value": "https://static.becn.com",
          "created_at": 1609253763,
          "status": "fixed"
        }
      ]
    },
    {
      "categories": [
        "Server/Application Misconfiguration",
        "Unclaimed Domain In Use"
      ],
      "exploitable_locations": [
        {
          "type": "url",
          "value": "https://www.becn.com/products/roofing/flashings/C-483848",
          "created_at": 1656893481,
          "status": "fixed"
        },
        {
          "type": "url",
          "value": "https://www.becn.com/products/roofing/metal-roofing/C-483083",
          "created_at": 1656893481,
          "status": "fixed"
        },
        {
          "type": "url",
          "value": "https://www.becn.com/products/roofing/metal-roofing/C-477514",
          "created_at": 1656893481,
          "status": "fixed"
        },
        {
          "type": "url",
          "value": "https://www.becn.com/products/roofing/metal-roofing/C-483842",
          "created_at": 1656893481,
          "status": "fixed"
        },
        {
          "type": "url",
          "value": "https://www.becn.com/products/roofing/metal-roofing/C-483082",
          "created_at": 1656893481,
          "status": "fixed"
        }
      ]
    },
    {
      "categories": [
        "Server/Application Misconfiguration",
        "Unclaimed Domain In Use"
      ],
      "exploitable_locations": [
        {
          "type": "url",
          "value": "https://www.becn.com/products/siding/trim/C-433470",
          "created_at": 1657047613,
          "status": "fixed"
        },
        {
          "type": "url",
          "value": "https://www.becn.com/products/roofing/roof-vents/C-433470",
          "created_at": 1657047613,
          "status": "fixed"
        }
      ]
    },
    {
      "categories": [
        "Server/Application Misconfiguration",
        "Unclaimed Domain In Use"
      ],
      "exploitable_locations": [
        {
          "type": "url",
          "value": "http://boral-prod-web-bucket.s3-us-west-1.amazonaws.com/0xPrial.html",
          "created_at": 1657048570,
          "status": "fixed"
        },
        {
          "type": "url",
          "value": "https://www.becn.com/products/roofing/residential-roofing/C-272246",
          "created_at": 1657048570,
          "status": "fixed"
        },
        {
          "type": "url",
          "value": "https://www.becn.com/products/roofing/residential-accessories/C-272246",
          "created_at": 1657048570,
          "status": "fixed"
        }
      ]
    },
    {
      "categories": [
        "Information Disclosure",
        "Leaked Credentials (High Privilege)"
      ],
      "exploitable_locations": [
        {
          "type": "url",
          "value": "https://github.com/kyleyaodn/test_demo/blob/7e3e9d9c0b896b3575c22cf8bbc25c296bd9b124/src/api/test_data/case_running/v1_apis/test_v1_my_account_services_data.yaml",
          "created_at": 1658236823,
          "status": "fixed"
        }
      ]
    },
    {
      "categories": [
        "Content Injection",
        "Spoof HTML Content"
      ],
      "exploitable_locations": [
        {
          "type": "url",
          "value": "https://static.becn.com/becn/rest/model/REST/NewRestService/v2/rest/com/becn/addOrderShippingInfo",
          "created_at": 1665208420,
          "status": "fixed"
        }
      ]
    },
    {
      "categories": [
        "SQL Injection",
        "**Blind**"
      ],
      "exploitable_locations": [
        {
          "type": "url",
          "value": "https://static.becn.com/becn/rest/model/REST/NewRestService/v2/rest/com/becn/orderhistory",
          "created_at": 1611268967,
          "status": "fixed"
        }
      ]
    },
    {
      "categories": [
        "Authorization/Permissions",
        "Access/Privacy Control Violation"
      ],
      "exploitable_locations": [
        {
          "type": "url",
          "value": "https://static.becn.com/becn/rest/model/REST/NewRestService/v2/rest/com/becn/template",
          "created_at": 1676104258,
          "status": "fixed"
        }
      ]
    },
    {
      "categories": [
        "Cross-Site Scripting (XSS)",
        "Reflected XSS"
      ],
      "exploitable_locations": [
        {
          "type": "url",
          "value": "https://becn.com/form-handlers/submit-email",
          "created_at": 1680330513,
          "status": "fixed"
        }
      ]
    },
    {
      "categories": [
        "SQL Injection",
        "SQL Injection- Partial"
      ],
      "exploitable_locations": [
        {
          "type": "url",
          "value": "https://static.becn.com/becn/rest/model/REST/NewRestService/v2/rest/com/becn/orderhistory",
          "created_at": 1680389172,
          "status": "fixed"
        }
      ]
    },
    {
      "categories": [
        "Authorization/Permissions",
        "Insecure Direct Object Reference (Read & Write)"
      ],
      "exploitable_locations": [
        {
          "type": "url",
          "value": "https://static.becn.com/becn/rest/model/REST/NewRestService/v2/rest/com/becn/uploadOrderRelatedDocuments",
          "assets_na": false,
          "assets_uids": [
            "5fd920fc450a68000108207c"
          ],
          "created_at": 1720155098,
          "status": "fixed"
        }
      ]
    },
    {
      "categories": [
        "Information Disclosure",
        "Sensitive API Keys"
      ],
      "exploitable_locations": [
        {
          "type": "url",
          "value": "https://metrosealant.com/",
          "assets_na": false,
          "assets_uids": [
            "66164922a471ed48d965874e"
          ],
          "created_at": 1724101892,
          "status": "wont_fix"
        }
      ]
    },
    {
      "categories": [
        "Functional/Business Logic",
        "Functionality Abuse with Malicious Impact"
      ],
      "exploitable_locations": [
        {
          "type": "url",
          "value": "https://proplusv2.becn.digital/proplus/login",
          "created_at": 1612617526,
          "status": "fixed"
        }
      ]
    },
    {
      "categories": [
        "SQL Injection",
        "SQL Injection- Full"
      ],
      "exploitable_locations": [
        {
          "type": "url",
          "value": "https://static.becn.com/becn/rest/model/REST/NewRestService/v1/rest/com/becn/orderhistory",
          "assets_na": false,
          "assets_uids": [
            "5fd920fc450a68000108207c"
          ],
          "created_at": 1724136780,
          "status": "fixed"
        }
      ]
    },
    {
      "categories": [
        "Authorization/Permissions",
        "Access Control Violation (Low Privileged Functions-Read/Write or Write Only)"
      ],
      "exploitable_locations": [
        {
          "type": "url",
          "value": "https://static.becn.com/becn/rest/model/REST/NewRestService/v2/rest/com/becn/updateOrderAlert",
          "assets_na": false,
          "assets_uids": [
            "5fd920fc450a68000108207c"
          ],
          "created_at": 1727428141,
          "status": "wont_fix"
        }
      ]
    },
    {
      "categories": [
        "SQL Injection",
        "SQL Injection- Full"
      ],
      "exploitable_locations": [
        {
          "type": "url",
          "value": "https://static.becn.com/becn/rest/model/REST/NewRestService/v1/rest/com/becn/orderhistory",
          "assets_na": false,
          "assets_uids": [
            "5fd920fc450a68000108207c"
          ],
          "created_at": 1734690280,
          "status": "fixed"
        }
      ]
    },
    {
      "categories": [
        "Authorization/Permissions",
        "Path Traversal"
      ],
      "exploitable_locations": [
        {
          "type": "url",
          "value": "https://cpsslvpn.becn.com/+CSCOT+/oem-customization",
          "created_at": 1615899484,
          "status": "fixed"
        }
      ]
    },
    {
      "categories": [
        "Functional/Business Logic",
        "Functionality Abuse with Malicious Impact"
      ],
      "exploitable_locations": [
        {
          "type": "url",
          "value": "https://www.becn.com/contact-us/",
          "created_at": 1615909545,
          "status": "fixed"
        }
      ]
    },
    {
      "categories": [
        "Functional/Business Logic",
        "Client Side Validation"
      ],
      "exploitable_locations": [
        {
          "type": "url",
          "value": "https://uat.becn.digital/proplus/order-review",
          "assets_na": false,
          "assets_uids": [
            "65943d359a3da3676a978e43"
          ],
          "created_at": 1705006681,
          "status": "wont_fix"
        },
        {
          "type": "url",
          "value": "https://uat-static.becn.digital/becn/rest/model/REST/NewRestService/v2/rest/com/becn/updateOrderCCBillingAddress",
          "assets_na": false,
          "assets_uids": [
            "65943de25e1e3b3da3a401c2"
          ],
          "created_at": 1705006681,
          "status": "wont_fix"
        },
        {
          "type": "url",
          "value": "https://www.becn.com/proplus/order-review",
          "assets_na": false,
          "assets_uids": [
            "6527f1e43bcda3f459419752",
            "6527f1e43bcda3f459419755"
          ],
          "created_at": 1705006681,
          "status": "wont_fix"
        },
        {
          "type": "url",
          "value": "https://static.becn.com/becn/rest/model/REST/NewRestService/v2/rest/com/becn/updateOrderCCBillingAddress",
          "assets_na": false,
          "assets_uids": [
            "65943d199a3da3676a978e3b",
            "65943d199a3da3676a978e3e"
          ],
          "created_at": 1705006681,
          "status": "wont_fix"
        }
      ]
    }
  ]
}