{
  "listing_id": "ykycjpm7v6",
  "type": "categories",
  "value": [
    {
      "categories": [
        "Functional/Business Logic",
        "Improper Input Validation"
      ],
      "exploitable_locations": [
        {
          "type": "url",
          "value": "https://uat-edp.apis.allianz.com/preprod/sales-partner-service/api/v1/motor/de/agentrecognition/update",
          "assets_na": true,
          "assets_uids": [],
          "created_at": 1699434689,
          "status": "pending"
        }
      ]
    },
    {
      "categories": [
        "Authorization/Permissions",
        "Insecure Direct Object Reference"
      ],
      "exploitable_locations": [
        {
          "type": "url",
          "value": "https://uat-edp.apis.allianz.com/preprod/portal-bff/portal/contract/V21AC6F31AF8D3E6D1D5DB487B64A33D444DE683D18202CA7618EF74853B171B6D6C51DF769AE2DDF3D36DF3C88A175B6E/document",
          "created_at": 1600699263,
          "status": "pending"
        }
      ]
    },
    {
      "categories": [
        "Functional/Business Logic",
        "Improper Input Validation"
      ],
      "exploitable_locations": [
        {
          "type": "url",
          "value": "https://nl-blue.pre-prod.azdev.direct",
          "created_at": 1621262516,
          "status": "pending"
        }
      ]
    },
    {
      "categories": [
        "Functional/Business Logic",
        "Improper Input Validation"
      ],
      "exploitable_locations": [
        {
          "type": "url",
          "value": "https://de-blue.pre-prod.azdev.direct",
          "created_at": 1621283800,
          "status": "pending"
        }
      ]
    },
    {
      "categories": [
        "Functional/Business Logic",
        "Unvalidated Redirects"
      ],
      "exploitable_locations": [
        {
          "type": "url",
          "value": "https://de-blue.pre-prod.azdev.direct/account/",
          "created_at": 1621287608,
          "status": "pending"
        }
      ]
    },
    {
      "categories": [
        "Information Disclosure",
        "Sensitive Client Information Disclosed"
      ],
      "exploitable_locations": [
        {
          "type": "url",
          "value": "https://github.com/fraberegis/contractcislservices/blob/0bafd52f2efdcb43ed4da050a794e4961b7e5f7f/config/default.yaml",
          "created_at": 1625305276,
          "status": "pending"
        }
      ]
    },
    {
      "categories": [
        "Information Disclosure",
        "Sensitive Directory/File Contents Disclosed"
      ],
      "exploitable_locations": [
        {
          "type": "url",
          "value": "https://assets.pre-prod.azdev.direct/*",
          "created_at": 1625306090,
          "status": "pending"
        }
      ]
    },
    {
      "categories": [
        "Information Disclosure",
        "Sensitive Client Information Disclosed"
      ],
      "exploitable_locations": [
        {
          "type": "url",
          "value": "https://assets.pre-prod.azdev.direct/contact-center-config/bffjs/allNumbers.json",
          "created_at": 1625307160,
          "status": "pending"
        },
        {
          "type": "url",
          "value": "https://assets.pre-prod.azdev.direct/contact-center-config/bffjs/de-preprod/settings.json",
          "created_at": 1625307160,
          "status": "pending"
        }
      ]
    },
    {
      "categories": [
        "Server/Application Misconfiguration",
        "Improper Filesystem Permissions"
      ],
      "exploitable_locations": [
        {
          "type": "url",
          "value": "https://assets.pre-prod.azdev.direct/",
          "created_at": 1630660336,
          "status": "pending"
        }
      ]
    },
    {
      "categories": [
        "Cross-Site Scripting (XSS)",
        "DOM-based XSS"
      ],
      "exploitable_locations": [
        {
          "type": "url",
          "value": "https://it.allianzdirect.it/index.html",
          "created_at": 1643947622,
          "status": "pending"
        }
      ]
    },
    {
      "categories": [
        "Functional/Business Logic",
        "Unvalidated Redirect Bypass"
      ],
      "exploitable_locations": [
        {
          "type": "url",
          "value": "https://www.allianzdirect.de",
          "created_at": 1644149475,
          "status": "pending"
        },
        {
          "type": "url",
          "value": "https://www.allianzdirect.es",
          "created_at": 1644149475,
          "status": "pending"
        },
        {
          "type": "url",
          "value": "https://www.allianzdirect.it",
          "created_at": 1644149475,
          "status": "pending"
        },
        {
          "type": "url",
          "value": "https://www.allianzdirect.nl",
          "created_at": 1644149475,
          "status": "pending"
        }
      ]
    },
    {
      "categories": [
        "Server/Application Misconfiguration",
        "Using Known Vulnerable Software"
      ],
      "exploitable_locations": [
        {
          "type": "url",
          "value": "https://login-preprod.allianzdirect.com/static/bundles/jquery-bundle-1.10.2.min.js",
          "created_at": 1599597673,
          "status": "pending"
        }
      ]
    },
    {
      "categories": [
        "Cross-Site Scripting (XSS)",
        "Reflected XSS"
      ],
      "exploitable_locations": [
        {
          "type": "url",
          "value": "https://es.allianzdirect.es/drfd01/drwd01/error/errPage.jsp",
          "created_at": 1644188105,
          "status": "pending"
        },
        {
          "type": "url",
          "value": "https://es.allianzdirect.es/drfd02/drwd01/error/errPage.jsp",
          "created_at": 1644188105,
          "status": "pending"
        },
        {
          "type": "url",
          "value": "https://es.allianzdirect.es/drfd03/drwd01/error/errPage.jsp",
          "created_at": 1644188105,
          "status": "pending"
        },
        {
          "type": "url",
          "value": "https://es.allianzdirect.es/drgu08/drwd01/error/errPage.jsp",
          "created_at": 1644188105,
          "status": "pending"
        },
        {
          "type": "url",
          "value": "https://es.allianzdirect.es/drgu09/drwd01/error/errPage.jsp",
          "created_at": 1644188105,
          "status": "pending"
        },
        {
          "type": "url",
          "value": "https://es.allianzdirect.es/drvg06/drwd01/error/errPage.jsp",
          "created_at": 1644188105,
          "status": "pending"
        },
        {
          "type": "url",
          "value": "https://es.allianzdirect.es/drwd00/drwd01/error/errPage.jsp",
          "created_at": 1644188105,
          "status": "pending"
        },
        {
          "type": "url",
          "value": "https://es.allianzdirect.es/AllLibComu/drwd01/error/errPage.jsp",
          "created_at": 1644188105,
          "status": "pending"
        }
      ]
    },
    {
      "categories": [
        "Cross-Site Scripting (XSS)",
        "Reflected XSS"
      ],
      "exploitable_locations": [
        {
          "type": "url",
          "value": "https://es.allianzdirect.es/drgu09/main/control.do",
          "created_at": 1644189276,
          "status": "pending"
        }
      ]
    },
    {
      "categories": [
        "Cross-Site Scripting (XSS)",
        "Reflected XSS"
      ],
      "exploitable_locations": [
        {
          "type": "url",
          "value": "https://es.allianzdirect.es/drfd02/main/control.do",
          "created_at": 1644189986,
          "status": "pending"
        },
        {
          "type": "url",
          "value": "https://es.allianzdirect.es/drfd03/main/control.do",
          "created_at": 1644189986,
          "status": "pending"
        }
      ]
    },
    {
      "categories": [
        "Cross-Site Scripting (XSS)",
        "Reflected XSS"
      ],
      "exploitable_locations": [
        {
          "type": "url",
          "value": "https://es.allianzdirect.es/drwd00/SEATemplates/errServlet.jsp",
          "created_at": 1644190427,
          "status": "pending"
        }
      ]
    },
    {
      "categories": [
        "Cross-Site Scripting (XSS)",
        "Reflected XSS"
      ],
      "exploitable_locations": [
        {
          "type": "url",
          "value": "https://es.allianzdirect.es/drgu08/public/condicionesLegalesFenix.jsp",
          "created_at": 1645096076,
          "status": "pending"
        }
      ]
    },
    {
      "categories": [
        "Functional/Business Logic",
        "Unvalidated Redirects"
      ],
      "exploitable_locations": [
        {
          "type": "url",
          "value": "https://login-preprod.allianzdirect.com/login-preprod.allianzdirect.com/b2c_1a_allianz_signin_username/oauth2/v2.0/logout",
          "created_at": 1648836974,
          "status": "pending"
        }
      ]
    },
    {
      "categories": [
        "Information Disclosure",
        "Sensitive API Keys"
      ],
      "exploitable_locations": [
        {
          "type": "url",
          "value": "https://roadside.allianzdirect.de/assets/app.config.json",
          "created_at": 1648918796,
          "status": "pending"
        }
      ]
    },
    {
      "categories": [
        "Functional/Business Logic",
        "Unrestricted File Upload (No Execution Server-Side)"
      ],
      "exploitable_locations": [
        {
          "type": "url",
          "value": "https://uat-edp.apis.allianz.com/preprod/portal-bff/file/upload",
          "created_at": 1660450899,
          "status": "pending"
        }
      ]
    },
    {
      "categories": [
        "Authorization/Permissions",
        "Access/Privacy Control Violation"
      ],
      "exploitable_locations": [
        {
          "type": "url",
          "value": "https://roadside.allianzdirect.de/assets/app.config.json",
          "created_at": 1660741875,
          "status": "pending"
        }
      ]
    },
    {
      "categories": [
        "Brute Force",
        "Lack of Rate Limiting Protections  (i.e. CAPTCHA)"
      ],
      "exploitable_locations": [
        {
          "type": "url",
          "value": "https://uat-edp.apis.allianz.com/preprod/home-bff/events/quote-progress-saved",
          "created_at": 1660778691,
          "status": "pending"
        }
      ]
    },
    {
      "categories": [
        "Brute Force",
        "Lack of Rate Limiting Protections  (i.e. CAPTCHA)"
      ],
      "exploitable_locations": [
        {
          "type": "url",
          "value": "https://login-preprod.allianzdirect.com/login-preprod.allianzdirect.com/B2C_1A_Allianz_signin_username_nl/*",
          "created_at": 1660814430,
          "status": "pending"
        }
      ]
    },
    {
      "categories": [
        "Authorization/Permissions",
        "Access/Privacy Control Violation"
      ],
      "exploitable_locations": [
        {
          "type": "url",
          "value": "https://login-preprod.allianzdirect.com/login-preprod.allianzdirect.com/b2c_1a_allianz_signin_username_de/oauth2/v2.0/authorize",
          "created_at": 1660816273,
          "status": "pending"
        }
      ]
    },
    {
      "categories": [
        "Authentication/Session Management",
        "Cookie-related Flaws"
      ],
      "exploitable_locations": [
        {
          "type": "url",
          "value": "https://empfehlen.allianzdirect.de/#route=settings",
          "created_at": 1660905082,
          "status": "pending"
        }
      ]
    },
    {
      "categories": [
        "Authentication/Session Management",
        "Cookie-related Flaws"
      ],
      "exploitable_locations": [
        {
          "type": "url",
          "value": "https://empfehlen.allianzdirect.de",
          "created_at": 1660908361,
          "status": "pending"
        }
      ]
    },
    {
      "categories": [
        "Content Injection",
        "LDAP Injection"
      ],
      "exploitable_locations": [
        {
          "type": "url",
          "value": "https://allianzuniverseagentes.allianz.es",
          "created_at": 1672305692,
          "status": "pending"
        }
      ]
    },
    {
      "categories": [
        "Cross-Site Scripting (XSS)",
        "Reflected XSS"
      ],
      "exploitable_locations": [
        {
          "type": "url",
          "value": "https://es.allianzdirect.es/drgu08/public/Activacion.do",
          "created_at": 1684421749,
          "status": "pending"
        }
      ]
    },
    {
      "categories": [
        "Other",
        "Other - Please describe"
      ],
      "exploitable_locations": [
        {
          "type": "url",
          "value": "https://uat-edp.apis.allianz.com/preprod/portal-bff/portal/account/info",
          "created_at": 1600067590,
          "status": "pending"
        }
      ]
    },
    {
      "categories": [
        "Brute Force",
        "Bypass of Rate Limiting Protections (i.e. CAPTCHA)"
      ],
      "exploitable_locations": [
        {
          "type": "url",
          "value": "https://es.allianzdirect.es/drgu08/public/ActivacionCodigo.do",
          "created_at": 1684821250,
          "status": "pending"
        }
      ]
    },
    {
      "categories": [
        "Brute Force",
        "Bypass of Rate Limiting Protections (i.e. CAPTCHA)"
      ],
      "exploitable_locations": [
        {
          "type": "url",
          "value": "https://uat-edp.apis.allianz.com/preprod/vehicle-service/search/vehicledetails",
          "assets_na": false,
          "assets_uids": [
            "5f43ce419fb837000177b0e5"
          ],
          "created_at": 1692552992,
          "status": "pending"
        }
      ]
    },
    {
      "categories": [
        "Brute Force",
        "Bypass of Rate Limiting Protections (i.e. CAPTCHA)"
      ],
      "exploitable_locations": [
        {
          "type": "url",
          "value": "https://uat-edp.apis.allianz.com/preprod/portal-bff/feedback/complaints/public",
          "assets_na": false,
          "assets_uids": [
            "5f43ce419fb837000177b0e5"
          ],
          "created_at": 1692557707,
          "status": "pending"
        }
      ]
    },
    {
      "categories": [
        "Information Disclosure",
        "Sensitive Client Information Disclosed"
      ],
      "exploitable_locations": [
        {
          "type": "url",
          "value": "https://www.allianzdirect.it/dam/documents/chi-siamo/Accessibilita-siti-web.pdf",
          "assets_na": false,
          "assets_uids": [
            "61fc07118e95430001d312dc"
          ],
          "created_at": 1705775224,
          "status": "pending"
        },
        {
          "type": "url",
          "value": "https://www.allianzdirect.it/dam/documents/privacy/BCR-AZD.pdf",
          "assets_na": false,
          "assets_uids": [
            "61fc07118e95430001d312dc"
          ],
          "created_at": 1705775224,
          "status": "pending"
        },
        {
          "type": "url",
          "value": "https://www.allianzdirect.it/dam/documents/set-informativi/prodotti/allianzdirect/Informazioni-calcolo-preventivo-infortuni.pdf",
          "assets_na": false,
          "assets_uids": [
            "61fc07118e95430001d312dc"
          ],
          "created_at": 1705775224,
          "status": "pending"
        },
        {
          "type": "url",
          "value": "https://www.allianzdirect.it/dam/documents/*",
          "assets_na": false,
          "assets_uids": [
            "61fc07118e95430001d312dc"
          ],
          "created_at": 1705775224,
          "status": "pending"
        }
      ]
    },
    {
      "categories": [
        "Information Disclosure",
        "Sensitive Client Information Disclosed"
      ],
      "exploitable_locations": [
        {
          "type": "url",
          "value": "https://www.allianzdirect.es/dam/documents/Estatutos_Sociales_Fenix_Directo.pdf",
          "assets_na": false,
          "assets_uids": [
            "61fc06f99522c7000170e243"
          ],
          "created_at": 1705775242,
          "status": "pending"
        },
        {
          "type": "url",
          "value": "https://www.allianzdirect.es/dam/documents/NIP-seguro-de-ciclomotor-catalan.pdf",
          "assets_na": false,
          "assets_uids": [
            "61fc06f99522c7000170e243"
          ],
          "created_at": 1705775242,
          "status": "pending"
        },
        {
          "type": "url",
          "value": "https://www.allianzdirect.es/dam/documents/*",
          "assets_na": false,
          "assets_uids": [
            "61fc06f99522c7000170e243"
          ],
          "created_at": 1705775242,
          "status": "pending"
        }
      ]
    },
    {
      "categories": [
        "Information Disclosure",
        "Sensitive Client Information Disclosed"
      ],
      "exploitable_locations": [
        {
          "type": "url",
          "value": "https://www.allianzdirect.nl/dam/documents/CoC_External_AZDNL.pdf",
          "assets_na": false,
          "assets_uids": [
            "61fc07289522c7000170e245"
          ],
          "created_at": 1705775255,
          "status": "pending"
        },
        {
          "type": "url",
          "value": "https://www.allianzdirect.nl/dam/documents/*",
          "assets_na": false,
          "assets_uids": [
            "61fc07289522c7000170e245"
          ],
          "created_at": 1705775255,
          "status": "pending"
        }
      ]
    },
    {
      "categories": [
        "Information Disclosure",
        "Sensitive Client Information Disclosed"
      ],
      "exploitable_locations": [
        {
          "type": "url",
          "value": "https://www.allianzdirect.de/dam/documents/Allianz-Direct-Anleitung-Vertragsaenderungen-im-Mein-Account.pdf",
          "assets_na": false,
          "assets_uids": [
            "61fc06db8e95430001d312da"
          ],
          "created_at": 1705775267,
          "status": "pending"
        },
        {
          "type": "url",
          "value": "https://www.allianzdirect.de/dam/documents/*",
          "assets_na": false,
          "assets_uids": [
            "61fc06db8e95430001d312da"
          ],
          "created_at": 1705775267,
          "status": "pending"
        }
      ]
    },
    {
      "categories": [
        "Information Disclosure",
        "Sensitive API Keys"
      ],
      "exploitable_locations": [
        {
          "type": "url",
          "value": "https://roadside.allianzdirect.de/assets/app.config.json",
          "assets_na": false,
          "assets_uids": [
            "61fc06db8e95430001d312da"
          ],
          "created_at": 1720015651,
          "status": "pending"
        }
      ]
    },
    {
      "categories": [
        "Cross-site Request Forgery (CSRF)",
        "CSRF-Low"
      ],
      "exploitable_locations": [
        {
          "type": "url",
          "value": "https://cloud.info.allianzdirect.de/gewinnspiel-tanken-mit-allianz-direct",
          "assets_na": false,
          "assets_uids": [
            "61fc06db8e95430001d312da"
          ],
          "created_at": 1720017833,
          "status": "pending"
        }
      ]
    },
    {
      "categories": [
        "Information Disclosure",
        "Sensitive Client Information Disclosed"
      ],
      "exploitable_locations": [
        {
          "type": "url",
          "value": "https://cloud.info.allianzdirect.de/gewinnspiel-tanken-mit-allianz-direct",
          "assets_na": false,
          "assets_uids": [
            "61fc06db8e95430001d312da"
          ],
          "created_at": 1720018320,
          "status": "pending"
        }
      ]
    },
    {
      "categories": [
        "Server/Application Misconfiguration",
        "Host Header Injection"
      ],
      "exploitable_locations": [
        {
          "type": "url",
          "value": "https://datastore.allianzdirect.de/static//",
          "assets_na": true,
          "assets_uids": [],
          "created_at": 1720028332,
          "status": "pending"
        }
      ]
    },
    {
      "categories": [
        "Functional/Business Logic",
        "Functionality Abuse with Malicious Impact"
      ],
      "exploitable_locations": [
        {
          "type": "url",
          "value": "https://dashboard.dev.ing.allianzdirect.nl/chunk-NSOITIB3.js",
          "assets_na": false,
          "assets_uids": [
            "6682c3b4b81f030394d054ae"
          ],
          "created_at": 1720031671,
          "status": "pending"
        },
        {
          "type": "url",
          "value": "https://dashboard.dev.ing.allianzdirect.nl/accounts/my-accounts",
          "assets_na": false,
          "assets_uids": [
            "6682c3b4b81f030394d054ae"
          ],
          "created_at": 1720031671,
          "status": "pending"
        }
      ]
    },
    {
      "categories": [
        "Authorization/Permissions",
        "Insecure Direct Object Reference (Read & Write)"
      ],
      "exploitable_locations": [
        {
          "type": "url",
          "value": "https://dev.ing.allianzdirect.nl/fnol/motor/",
          "assets_na": false,
          "assets_uids": [
            "6682c407ccdbc198df602cac"
          ],
          "created_at": 1720086185,
          "status": "pending"
        },
        {
          "type": "url",
          "value": "https://sso.dev.ing.allianzdirect.nl/auth/code",
          "assets_na": false,
          "assets_uids": [
            "6682c42ab81f030394d054b1"
          ],
          "created_at": 1720086185,
          "status": "pending"
        },
        {
          "type": "url",
          "value": "https://dev.ing.allianzdirect.nl/claim/motor/",
          "assets_na": false,
          "assets_uids": [
            "6682c407ccdbc198df602cac"
          ],
          "created_at": 1720086185,
          "status": "pending"
        }
      ]
    },
    {
      "categories": [
        "Information Disclosure",
        "Leaked Credentials (Low Privilege)"
      ],
      "exploitable_locations": [
        {
          "type": "other",
          "value": " Allianz Internal projects",
          "assets_na": true,
          "assets_uids": [],
          "created_at": 1734410475,
          "status": "pending"
        }
      ]
    },
    {
      "categories": [
        "Information Disclosure",
        "Leaked Credentials (High Privilege)"
      ],
      "exploitable_locations": [
        {
          "type": "other",
          "value": "Internal site",
          "assets_na": true,
          "assets_uids": [],
          "created_at": 1734417461,
          "status": "pending"
        }
      ]
    },
    {
      "categories": [
        "Information Disclosure",
        "Leaked Credentials (Low Privilege)"
      ],
      "exploitable_locations": [
        {
          "type": "other",
          "value": "Internal panel",
          "assets_na": true,
          "assets_uids": [],
          "created_at": 1734419789,
          "status": "pending"
        }
      ]
    },
    {
      "categories": [
        "Information Disclosure",
        "Leaked Credentials (High Privilege)"
      ],
      "exploitable_locations": [
        {
          "type": "other",
          "value": "Sensitive Internal Portal",
          "assets_na": true,
          "assets_uids": [],
          "created_at": 1734422352,
          "status": "pending"
        }
      ]
    }
  ]
}