{
  "listing_id": "ynugz0rme9",
  "type": "categories",
  "value": [
    {
      "categories": [
        "Cross-Site Scripting (XSS)",
        "Persistent XSS"
      ],
      "exploitable_locations": [
        {
          "type": "url",
          "value": "https://control.us5.contactengine.com/channels/XM9b3qupFjXIERBTyizJYg/flows/RoV4-AKTT6xt3enBB91A3A/update",
          "created_at": 1674647333,
          "status": "fixed"
        }
      ]
    },
    {
      "categories": [
        "Authorization/Permissions",
        "Access/Privacy Control Violation"
      ],
      "exploitable_locations": [
        {
          "type": "url",
          "value": "https://engineroomapi.us5.contactengine.com/api/v1/Clients/2/Resource/Parent/<ID>/View/Detail",
          "created_at": 1674661823,
          "status": "fixed"
        }
      ]
    },
    {
      "categories": [
        "Cross-Site Scripting (XSS)",
        "Persistent XSS"
      ],
      "exploitable_locations": [
        {
          "type": "url",
          "value": "https://engineroomapi.us5.contactengine.com/api/v1/Clients/3/Journeys",
          "created_at": 1674673178,
          "status": "fixed"
        },
        {
          "type": "url",
          "value": "https://desktop.us5.contactengine.com/journey/{{ID}}/",
          "created_at": 1674673178,
          "status": "fixed"
        },
        {
          "type": "url",
          "value": "https://desktop.us5.contactengine.com/api/users/authenticate",
          "created_at": 1674673178,
          "status": "fixed"
        }
      ]
    },
    {
      "categories": [
        "Authorization/Permissions",
        "Access/Privacy Control Violation"
      ],
      "exploitable_locations": [
        {
          "type": "url",
          "value": "https://engineroomapi.us5.contactengine.com/api/v2/Clients/3/Journeys/1039/Config/casemanagement",
          "created_at": 1674674909,
          "status": "fixed"
        }
      ]
    },
    {
      "categories": [
        "Authorization/Permissions",
        "Access/Privacy Control Violation"
      ],
      "exploitable_locations": [
        {
          "type": "url",
          "value": "https://engineroomapi.us5.contactengine.com/api/v2/Clients/3/Journeys/1039/Config/communication",
          "created_at": 1674675714,
          "status": "fixed"
        }
      ]
    },
    {
      "categories": [
        "Authorization/Permissions",
        "Access/Privacy Control Violation"
      ],
      "exploitable_locations": [
        {
          "type": "url",
          "value": "https://engineroomapi.us5.contactengine.com/api/v2/Clients/3/Journeys/1039/Config/workflow",
          "created_at": 1674676307,
          "status": "fixed"
        }
      ]
    },
    {
      "categories": [
        "Cross-Site Scripting (XSS)",
        "Persistent XSS"
      ],
      "exploitable_locations": [
        {
          "type": "url",
          "value": "https://control.us5.contactengine.com/channels/flowUpdateHandler.ashx",
          "created_at": 1674846799,
          "status": "fixed"
        }
      ]
    },
    {
      "categories": [
        "Authorization/Permissions",
        "Insecure Direct Object Reference (Read & Write)"
      ],
      "exploitable_locations": [
        {
          "type": "url",
          "value": "https://engineroomapi.au1.contactengine.com/api/v2/Clients/<Client_ID>/Journeys/<ID>/Users",
          "assets_na": false,
          "assets_uids": [
            "65e1fd7ca59da2b49b500194"
          ],
          "created_at": 1709786317,
          "status": "pending"
        },
        {
          "type": "url",
          "value": "https://engineroomapi.au1.contactengine.com/api/v2/Clients/<Client_ID>/Journeys/<ID>/Users/User_ID",
          "assets_na": false,
          "assets_uids": [
            "65e1fd7ca59da2b49b500194"
          ],
          "created_at": 1709786317,
          "status": "pending"
        }
      ]
    },
    {
      "categories": [
        "Cross-Site Scripting (XSS)",
        "Persistent XSS"
      ],
      "exploitable_locations": [
        {
          "type": "url",
          "value": "https://control.au1.contactengine.com/channels/taskUpdateHandler.ashx",
          "assets_na": false,
          "assets_uids": [
            "65e1fd73a59da2b49b50018c"
          ],
          "created_at": 1709812741,
          "status": "fixed"
        }
      ]
    },
    {
      "categories": [
        "Cross-Site Scripting (XSS)",
        "Persistent XSS"
      ],
      "exploitable_locations": [
        {
          "type": "url",
          "value": "https://engineroomapi.au1.contactengine.com/api/v1/Clients/2/Journeys/70",
          "assets_na": false,
          "assets_uids": [
            "65e1fd7ca59da2b49b500194"
          ],
          "created_at": 1709819311,
          "status": "fixed"
        }
      ]
    },
    {
      "categories": [
        "Authorization/Permissions",
        "Insecure Direct Object Reference (Read-Only)"
      ],
      "exploitable_locations": [
        {
          "type": "url",
          "value": "https://desktop.au1.contactengine.com/api/v1/Clients/<id>/Journey/<id>/Datafeeds/<id>",
          "assets_na": false,
          "assets_uids": [
            "65e1fd63a59da2b49b50018a"
          ],
          "created_at": 1709837187,
          "status": "fixed"
        }
      ]
    },
    {
      "categories": [
        "Authorization/Permissions",
        "Access Control Violation (High Privileged Functions-Read Only)"
      ],
      "exploitable_locations": [
        {
          "type": "url",
          "value": "https://engineroomapi.au1.contactengine.com/api/v1/Clients/2/Resource/Parent/4/View/Detail",
          "assets_na": false,
          "assets_uids": [
            "65e1fd7ca59da2b49b500194"
          ],
          "created_at": 1709841659,
          "status": "fixed"
        }
      ]
    },
    {
      "categories": [
        "Functional/Business Logic",
        "Unrestricted File Upload (No Execution Server-Side)"
      ],
      "exploitable_locations": [
        {
          "type": "url",
          "value": "https://engineroomapi.au1.contactengine.com/api/v1/Clients/2/Resource",
          "assets_na": false,
          "assets_uids": [
            "65e1fd7ca59da2b49b500191",
            "65e1fd7ca59da2b49b500194"
          ],
          "created_at": 1709917202,
          "status": "fixed"
        },
        {
          "type": "url",
          "value": "https://engineroom.au1.contactengine.com/clients/2/resources",
          "assets_na": false,
          "assets_uids": [
            "65e1fd6bb1e2311cec5eb726",
            "65e1ffeca59da2b49b500196"
          ],
          "created_at": 1709917202,
          "status": "fixed"
        }
      ]
    },
    {
      "categories": [
        "Cross-Site Scripting (XSS)",
        "Persistent XSS"
      ],
      "exploitable_locations": [
        {
          "type": "url",
          "value": "https://control.au1.contactengine.com/channels/taskUpdateHandler.ashx",
          "assets_na": false,
          "assets_uids": [
            "65e1fd73a59da2b49b50018f"
          ],
          "created_at": 1709951984,
          "status": "fixed"
        }
      ]
    },
    {
      "categories": [
        "Authorization/Permissions",
        "Insecure Direct Object Reference (Read & Write)"
      ],
      "exploitable_locations": [
        {
          "type": "url",
          "value": "https://engineroomapi.au1.contactengine.com/api/v1/Clients/<id>/Roles/<id>",
          "assets_na": false,
          "assets_uids": [
            "65e1fd7ca59da2b49b500191"
          ],
          "created_at": 1710013441,
          "status": "fixed"
        }
      ]
    },
    {
      "categories": [
        "Authorization/Permissions",
        "Insecure Direct Object Reference (Read-Only)"
      ],
      "exploitable_locations": [
        {
          "type": "url",
          "value": "https://engineroomapi.au1.contactengine.com/api/v1/Clients/<id>/Journeys/<id>/Config/History/DataProcessorChange/<id>",
          "assets_na": false,
          "assets_uids": [
            "65e1fd7ca59da2b49b500191"
          ],
          "created_at": 1710028555,
          "status": "fixed"
        }
      ]
    },
    {
      "categories": [
        "Authorization/Permissions",
        "Insecure Direct Object Reference (Read-Only)"
      ],
      "exploitable_locations": [
        {
          "type": "url",
          "value": "https://engineroomapi.us5.contactengine.com/api/v1/Clients/3/Journeys/[JOURNEY-ID]/Config/History/JourneyConfigChange/21/Changes/ChangeBefore/-1",
          "created_at": 1674651398,
          "status": "fixed"
        }
      ]
    },
    {
      "categories": [
        "Authorization/Permissions",
        "Insecure Direct Object Reference (Read-Only)"
      ],
      "exploitable_locations": [
        {
          "type": "url",
          "value": "https://engineroomapi.au1.contactengine.com/api/v1/Clients/2/Journeys/id/Export",
          "assets_na": false,
          "assets_uids": [
            "65e1fd7ca59da2b49b500194"
          ],
          "created_at": 1710034440,
          "status": "fixed"
        }
      ]
    },
    {
      "categories": [
        "Authorization/Permissions",
        "Insecure Direct Object Reference (Read & Write)"
      ],
      "exploitable_locations": [
        {
          "type": "url",
          "value": "https://engineroomapi.au1.contactengine.com/api/v1/Clients/<ID>/Import",
          "assets_na": false,
          "assets_uids": [
            "65e1ffeca59da2b49b500196"
          ],
          "created_at": 1710065618,
          "status": "fixed"
        }
      ]
    },
    {
      "categories": [
        "Authorization/Permissions",
        "Insecure Direct Object Reference (Read & Write)"
      ],
      "exploitable_locations": [
        {
          "type": "url",
          "value": "https://engineroomapi.au1.contactengine.com/api/v1/Clients/<id>/Journeys/<id>/OutboundIntegrationConsumer/<id>",
          "assets_na": false,
          "assets_uids": [
            "65e1fd7ca59da2b49b500191"
          ],
          "created_at": 1710072236,
          "status": "fixed"
        },
        {
          "type": "url",
          "value": "https://engineroomapi.au1.contactengine.com/api/v1/Clients/<id>/Journeys/<id>/OutboundIntegrationConsumer",
          "assets_na": false,
          "assets_uids": [
            "65e1fd7ca59da2b49b500191"
          ],
          "created_at": 1710072236,
          "status": "fixed"
        }
      ]
    },
    {
      "categories": [
        "Authorization/Permissions",
        "Insecure Direct Object Reference (Read & Write)"
      ],
      "exploitable_locations": [
        {
          "type": "url",
          "value": "https://engineroomapi.au1.contactengine.com/api/v1/Clients/<ID>/DatasetImport/<ID>",
          "assets_na": false,
          "assets_uids": [
            "65e1ffeca59da2b49b500196"
          ],
          "created_at": 1710072921,
          "status": "pending"
        }
      ]
    },
    {
      "categories": [
        "Authorization/Permissions",
        "Insecure Direct Object Reference (Read-Only)"
      ],
      "exploitable_locations": [
        {
          "type": "url",
          "value": "https://engineroomapi.au1.contactengine.com/api/v2/Clients/<id>/Journeys/<id>/Config/actors",
          "assets_na": false,
          "assets_uids": [
            "65e1fd7ca59da2b49b500194"
          ],
          "created_at": 1710080317,
          "status": "fixed"
        }
      ]
    },
    {
      "categories": [
        "Authorization/Permissions",
        "Insecure Direct Object Reference (Read & Write)"
      ],
      "exploitable_locations": [
        {
          "type": "url",
          "value": "https://engineroomapi.au1.contactengine.com/api/v2/Clients/<ID>/Journeys/<ID>/Config/workflow",
          "assets_na": false,
          "assets_uids": [
            "65e1ffeca59da2b49b500196"
          ],
          "created_at": 1710082050,
          "status": "fixed"
        }
      ]
    },
    {
      "categories": [
        "Functional/Business Logic",
        "Improper Input Validation"
      ],
      "exploitable_locations": [
        {
          "type": "url",
          "value": "https://engineroomapi.au1.contactengine.com/api/v1/Clients/3/Roles/31",
          "assets_na": false,
          "assets_uids": [
            "65e1fd7ca59da2b49b500194"
          ],
          "created_at": 1710095254,
          "status": "fixed"
        }
      ]
    },
    {
      "categories": [
        "Cross-Site Scripting (XSS)",
        "Persistent XSS"
      ],
      "exploitable_locations": [
        {
          "type": "url",
          "value": "https://engineroomapi.au1.contactengine.com/api/v2/Clients/2/Journeys/165/Config/agentdesktop",
          "assets_na": false,
          "assets_uids": [
            "65e1fd7ca59da2b49b500191",
            "65e1fd7ca59da2b49b500194"
          ],
          "created_at": 1710103467,
          "status": "fixed"
        },
        {
          "type": "url",
          "value": "https://control.au1.contactengine.com/channels/aXovh-XoI7jWk_kFYfZvmA/tasks",
          "assets_na": false,
          "assets_uids": [
            "65e1fd73a59da2b49b50018c",
            "65e1fd73a59da2b49b50018f"
          ],
          "created_at": 1710103467,
          "status": "fixed"
        }
      ]
    },
    {
      "categories": [
        "Functional/Business Logic",
        "Improper Input Validation"
      ],
      "exploitable_locations": [
        {
          "type": "url",
          "value": "https://engineroomapi.au1.contactengine.com/api/v1/Clients/3/Roles/12",
          "assets_na": false,
          "assets_uids": [
            "65e1fd7ca59da2b49b500194"
          ],
          "created_at": 1710124970,
          "status": "fixed"
        }
      ]
    },
    {
      "categories": [
        "Authorization/Permissions",
        "Access/Privacy Control Violation"
      ],
      "exploitable_locations": [
        {
          "type": "url",
          "value": "https://engineroomapi.us5.contactengine.com/api/v1/Clients/2/Journeys/57/Conversation/all",
          "created_at": 1674655732,
          "status": "fixed"
        }
      ]
    },
    {
      "categories": [
        "Content Injection",
        "Spoof HTML Content"
      ],
      "exploitable_locations": [
        {
          "type": "url",
          "value": "https://engineroomapi.us7.contactengine.com/api/v1/Clients/3/Journeys",
          "assets_na": false,
          "assets_uids": [
            "67accab8f7fc7f55a4b3ff57"
          ],
          "created_at": 1739803667,
          "status": "pending"
        }
      ]
    },
    {
      "categories": [
        "Authorization/Permissions",
        "Insecure Direct Object Reference (Read-Only)"
      ],
      "exploitable_locations": [
        {
          "type": "url",
          "value": "https://engineroomapi.us5.contactengine.com/api/v1/Clients/2/DatasetImport/<ID>",
          "created_at": 1674657264,
          "status": "fixed"
        }
      ]
    }
  ]
}