{
  "listing_id": "ynugz0rme9",
  "type": "categories",
  "value": [
    {
      "categories": [
        "Authorization/Permissions",
        "Insecure Direct Object Reference (Read & Write)"
      ],
      "exploitable_locations": [
        {
          "type": "url",
          "value": "https://engineroomapi.us7.contactengine.com/api/v2/Clients/<id>/Journeys/<id>/CodeSnippets/<id>",
          "assets_na": false,
          "assets_uids": [
            "67accab8f7fc7f55a4b3ff57"
          ],
          "created_at": 1739803288,
          "status": "pending"
        }
      ]
    },
    {
      "categories": [
        "Authorization/Permissions",
        "Insecure Direct Object Reference (Read & Write)"
      ],
      "exploitable_locations": [
        {
          "type": "url",
          "value": "https://engineroomapi.us7.contactengine.com/api/v2/Clients/<ID>/Journeys/<ID>/ContactActions/80/Details/Draft",
          "assets_na": false,
          "assets_uids": [
            "67accab8f7fc7f55a4b3ff57"
          ],
          "created_at": 1739806778,
          "status": "pending"
        }
      ]
    },
    {
      "categories": [
        "Content Injection",
        "Spoof HTML Content"
      ],
      "exploitable_locations": [
        {
          "type": "url",
          "value": "https://engineroomapi.us7.contactengine.com/api/v2/Clients/3/Journeys/189409/Task/Delta/Detail/41/Draft",
          "assets_na": false,
          "assets_uids": [
            "67accab8f7fc7f55a4b3ff57"
          ],
          "created_at": 1739888091,
          "status": "pending"
        }
      ]
    },
    {
      "categories": [
        "Cross-Site Scripting (XSS)",
        "Persistent XSS"
      ],
      "exploitable_locations": [
        {
          "type": "url",
          "value": "https://engineroomapi.us7.contactengine.com/api/v2/Clients/[id]/Journeys/[id]/datafeed/[id]",
          "assets_na": false,
          "assets_uids": [
            "67accab8f7fc7f55a4b3ff57"
          ],
          "created_at": 1739903084,
          "status": "pending"
        }
      ]
    }
  ]
}