{
  "listing_id": "yx12iy0sp3",
  "type": "categories",
  "value": [
    {
      "categories": [
        "Other",
        "Other - Please describe"
      ],
      "exploitable_locations": [
        {
          "type": "url",
          "value": "https://chat.abcd12345.abacusqa.abacusinsights.ai/c/new",
          "assets_na": false,
          "assets_uids": [
            "678a9a9b7fd8eed4c7f5e4ac"
          ],
          "created_at": 1739831684,
          "status": "pending"
        }
      ]
    },
    {
      "categories": [
        "Authorization/Permissions",
        "Insecure Direct Object Reference (Read & Write)"
      ],
      "exploitable_locations": [
        {
          "type": "url",
          "value": "https://chat.abcd12345.abacusqa.abacusinsights.ai/api/files",
          "assets_na": false,
          "assets_uids": [
            "678a9a9b7fd8eed4c7f5e4ac"
          ],
          "created_at": 1739946331,
          "status": "pending"
        }
      ]
    },
    {
      "categories": [
        "Content Injection",
        "JSON Injection"
      ],
      "exploitable_locations": [
        {
          "type": "url",
          "value": "https://chat.abcd12345.abacusqa.abacusinsights.ai/api/ask/custom",
          "assets_na": false,
          "assets_uids": [
            "678a9a9b7fd8eed4c7f5e4ac"
          ],
          "created_at": 1739850334,
          "status": "pending"
        }
      ]
    }
  ]
}