{
  "listing_id": "z0m18g2jeh",
  "type": "categories",
  "value": [
    {
      "categories": [
        "Cross-Site Scripting (XSS)",
        "Reflected XSS"
      ],
      "exploitable_locations": [
        {
          "type": "url",
          "value": "https://www.elcorteingles.es/empresas/tienda/hosteleria/lenceria/lenceria-de-cama/",
          "assets_na": false,
          "assets_uids": [
            "66d1c77d5917aef815c6fea3"
          ],
          "created_at": 1725893471,
          "status": "pending"
        }
      ]
    },
    {
      "categories": [
        "Cross-Site Scripting (XSS)",
        "Reflected XSS"
      ],
      "exploitable_locations": [
        {
          "type": "url",
          "value": "https://www.elcorteingles.es/bodamas_ssl/MsgError.asp",
          "assets_na": false,
          "assets_uids": [
            "66d1c77d5917aef815c6fea3"
          ],
          "created_at": 1725898146,
          "status": "pending"
        }
      ]
    },
    {
      "categories": [
        "Cross-Site Scripting (XSS)",
        "Reflected XSS"
      ],
      "exploitable_locations": [
        {
          "type": "url",
          "value": "https://www.elcorteingles.es/listasdecelebracion_ssl/MsgError.asp",
          "assets_na": false,
          "assets_uids": [
            "66d1c77d5917aef815c6fea3"
          ],
          "created_at": 1725922709,
          "status": "pending"
        }
      ]
    },
    {
      "categories": [
        "Authorization/Permissions",
        "Insecure Direct Object Reference (Read-Only)"
      ],
      "exploitable_locations": [
        {
          "type": "url",
          "value": "https://www.elcorteingles.es/api/shared-gifts/events/<ID>/payment-card/pdf",
          "assets_na": false,
          "assets_uids": [
            "66d1c77d5917aef815c6fea3"
          ],
          "created_at": 1726236532,
          "status": "pending"
        }
      ]
    },
    {
      "categories": [
        "Cross-Site Scripting (XSS)",
        "Reflected XSS"
      ],
      "exploitable_locations": [
        {
          "type": "url",
          "value": "https://www.elcorteingles.es/listasdecelebracion_ssl/comun/control/pruebajjs.asp",
          "assets_na": false,
          "assets_uids": [
            "67a09e5c66ed98ec8cce69c6"
          ],
          "created_at": 1738838325,
          "status": "pending"
        }
      ]
    },
    {
      "categories": [
        "Cross-Site Scripting (XSS)",
        "Reflected XSS"
      ],
      "exploitable_locations": [
        {
          "type": "url",
          "value": "https://www.elcorteingles.es/empresas/tienda/uniformidad-y-epi/uniformidad-de-imagen/americanas/",
          "assets_na": false,
          "assets_uids": [
            "67a09e5c66ed98ec8cce69c6"
          ],
          "created_at": 1738852538,
          "status": "pending"
        }
      ]
    },
    {
      "categories": [
        "Cross-Site Scripting (XSS)",
        "Reflected XSS"
      ],
      "exploitable_locations": [
        {
          "type": "url",
          "value": "https://www.elcorteingles.es/empresas/tienda/uniformidad-y-epi/uniformidad-tactica/vestuario/",
          "assets_na": false,
          "assets_uids": [
            "67a09e5c66ed98ec8cce69c6"
          ],
          "created_at": 1738859170,
          "status": "pending"
        }
      ]
    },
    {
      "categories": [
        "Cross-Site Scripting (XSS)",
        "Reflected XSS"
      ],
      "exploitable_locations": [
        {
          "type": "url",
          "value": "https://www.elcorteingles.es/empresas/tienda/uniformidad-y-epi/vestuario-hosteleria/polos/",
          "assets_na": false,
          "assets_uids": [
            "67a09e5c66ed98ec8cce69c6"
          ],
          "created_at": 1738859429,
          "status": "pending"
        }
      ]
    },
    {
      "categories": [
        "Cross-Site Scripting (XSS)",
        "Reflected XSS"
      ],
      "exploitable_locations": [
        {
          "type": "url",
          "value": "https://www.elcorteingles.es/empresas/tienda/hosteleria/lenceria/lenceria-de-cama/",
          "assets_na": false,
          "assets_uids": [
            "67a09e5c66ed98ec8cce69c6"
          ],
          "created_at": 1738859657,
          "status": "pending"
        }
      ]
    },
    {
      "categories": [
        "Cross-Site Scripting (XSS)",
        "Reflected XSS"
      ],
      "exploitable_locations": [
        {
          "type": "url",
          "value": "https://www.elcorteingles.es/empresas/tienda/sanidad/material-fungible-sanitario/proteccion-camilla/",
          "assets_na": false,
          "assets_uids": [
            "67a09e5c66ed98ec8cce69c6"
          ],
          "created_at": 1738860021,
          "status": "pending"
        }
      ]
    },
    {
      "categories": [
        "Cross-Site Scripting (XSS)",
        "Reflected XSS"
      ],
      "exploitable_locations": [
        {
          "type": "url",
          "value": "https://www.elcorteingles.es/empresas/tienda/sanidad/higiene-y-limpieza/celulosa-higienica/",
          "assets_na": false,
          "assets_uids": [
            "67a09e5c66ed98ec8cce69c6"
          ],
          "created_at": 1738860204,
          "status": "pending"
        }
      ]
    },
    {
      "categories": [
        "Cross-Site Scripting (XSS)",
        "Reflected XSS"
      ],
      "exploitable_locations": [
        {
          "type": "url",
          "value": "https://www.elcorteingles.es/empresas/tienda/sanidad/menaje/desechable/",
          "assets_na": false,
          "assets_uids": [
            "67a09e5c66ed98ec8cce69c6"
          ],
          "created_at": 1738860372,
          "status": "pending"
        }
      ]
    },
    {
      "categories": [
        "Cross-Site Scripting (XSS)",
        "Reflected XSS"
      ],
      "exploitable_locations": [
        {
          "type": "url",
          "value": "https://www.elcorteingles.es/listasdecelebracion/MsgError.asp",
          "assets_na": false,
          "assets_uids": [
            "67a09e5c66ed98ec8cce69c6"
          ],
          "created_at": 1738873059,
          "status": "pending"
        }
      ]
    },
    {
      "categories": [
        "Cross-Site Scripting (XSS)",
        "Reflected XSS"
      ],
      "exploitable_locations": [
        {
          "type": "url",
          "value": "https://www.elcorteingles.es/listasdecelebracion_ssl/comun/registro/registroeci.asp",
          "assets_na": false,
          "assets_uids": [
            "67a09e5c66ed98ec8cce69c6"
          ],
          "created_at": 1738839893,
          "status": "pending"
        }
      ]
    },
    {
      "categories": [
        "Cross-Site Scripting (XSS)",
        "Reflected XSS"
      ],
      "exploitable_locations": [
        {
          "type": "url",
          "value": "https://www.elcorteingles.es/listasdecelebracion/comun/registro/registroeci.asp",
          "assets_na": false,
          "assets_uids": [
            "67a09e5c66ed98ec8cce69c6"
          ],
          "created_at": 1738873825,
          "status": "pending"
        }
      ]
    },
    {
      "categories": [
        "Cross-Site Scripting (XSS)",
        "Reflected XSS"
      ],
      "exploitable_locations": [
        {
          "type": "url",
          "value": "https://www.elcorteingles.es/listasdecelebracion/comun/control/pruebajjs.asp",
          "assets_na": false,
          "assets_uids": [
            "67a09e5c66ed98ec8cce69c6"
          ],
          "created_at": 1738874995,
          "status": "pending"
        }
      ]
    },
    {
      "categories": [
        "SQL Injection",
        "SQL Injection- Full"
      ],
      "exploitable_locations": [
        {
          "type": "url",
          "value": "https://www.elcorteingles.es/listasdecelebracion/comun/control/pruebajjs.asp",
          "assets_na": false,
          "assets_uids": [
            "67a09e5c66ed98ec8cce69c6"
          ],
          "created_at": 1738878430,
          "status": "pending"
        }
      ]
    },
    {
      "categories": [
        "SQL Injection",
        "SQL Injection- Full"
      ],
      "exploitable_locations": [
        {
          "type": "url",
          "value": "https://www.elcorteingles.es/listasdeboda_ssl/comun/control/pruebajjs.asp",
          "assets_na": false,
          "assets_uids": [
            "67a09e5c66ed98ec8cce69c6"
          ],
          "created_at": 1738879555,
          "status": "pending"
        }
      ]
    },
    {
      "categories": [
        "Cross-Site Scripting (XSS)",
        "Reflected XSS"
      ],
      "exploitable_locations": [
        {
          "type": "url",
          "value": "https://www.elcorteingles.es/listasdeboda_ssl/comun/Eci/nuestratarjeta/consulta_solicitud_tarjeta_in.asp",
          "assets_na": false,
          "assets_uids": [
            "67a09e5c66ed98ec8cce69c6"
          ],
          "created_at": 1738901599,
          "status": "pending"
        },
        {
          "type": "url",
          "value": "https://www.elcorteingles.es/listasdeboda/comun/Eci/nuestratarjeta/consulta_solicitud_tarjeta_in.asp",
          "assets_na": false,
          "assets_uids": [
            "67a09e5c66ed98ec8cce69c6"
          ],
          "created_at": 1738901599,
          "status": "pending"
        },
        {
          "type": "url",
          "value": "https://www.elcorteingles.es/listasdecelebracion_ssl/comun/Eci/nuestratarjeta/consulta_solicitud_tarjeta_in.asp",
          "assets_na": false,
          "assets_uids": [
            "67a09e5c66ed98ec8cce69c6"
          ],
          "created_at": 1738901599,
          "status": "pending"
        },
        {
          "type": "url",
          "value": "https://www.elcorteingles.es/listasdecelebracion/comun/Eci/nuestratarjeta/consulta_solicitud_tarjeta_in.asp",
          "assets_na": false,
          "assets_uids": [
            "67a09e5c66ed98ec8cce69c6"
          ],
          "created_at": 1738901599,
          "status": "pending"
        }
      ]
    },
    {
      "categories": [
        "Cross-Site Scripting (XSS)",
        "Reflected XSS"
      ],
      "exploitable_locations": [
        {
          "type": "url",
          "value": "https://www.elcorteingles.es/listasdecelebracion_ssl/comun/Eci/nuestratarjeta/consulta_solicitud_tarjeta_out.asp",
          "assets_na": false,
          "assets_uids": [
            "67a09e5c66ed98ec8cce69c6"
          ],
          "created_at": 1738921284,
          "status": "pending"
        }
      ]
    },
    {
      "categories": [
        "Cross-Site Scripting (XSS)",
        "Reflected XSS"
      ],
      "exploitable_locations": [
        {
          "type": "url",
          "value": "https://www.elcorteingles.es/listasdeboda/comun/Eci/nuestratarjeta/consulta_solicitud_tarjeta_out.asp",
          "assets_na": false,
          "assets_uids": [
            "67a09e5c66ed98ec8cce69c6"
          ],
          "created_at": 1738921435,
          "status": "pending"
        }
      ]
    },
    {
      "categories": [
        "Cross-Site Scripting (XSS)",
        "Reflected XSS"
      ],
      "exploitable_locations": [
        {
          "type": "url",
          "value": "https://www.elcorteingles.es/listasdeboda_ssl/comun/Eci/nuestratarjeta/consulta_solicitud_tarjeta_out.asp",
          "assets_na": false,
          "assets_uids": [
            "67a09e5c66ed98ec8cce69c6"
          ],
          "created_at": 1738921771,
          "status": "pending"
        }
      ]
    },
    {
      "categories": [
        "Cross-Site Scripting (XSS)",
        "Reflected XSS"
      ],
      "exploitable_locations": [
        {
          "type": "url",
          "value": "https://www.elcorteingles.es/listasdecelebracion/comun/registro/registroeci.asp",
          "assets_na": false,
          "assets_uids": [
            "679cd3d8558e060eb61a3c94"
          ],
          "created_at": 1739252825,
          "status": "pending"
        }
      ]
    },
    {
      "categories": [
        "Cross-Site Scripting (XSS)",
        "Reflected XSS"
      ],
      "exploitable_locations": [
        {
          "type": "url",
          "value": "https://www.elcorteingles.es/listasdecelebracion/comun/comun/cesta_nueva/programas/identificacion.asp",
          "assets_na": false,
          "assets_uids": [
            "67a09e5c66ed98ec8cce69c6"
          ],
          "created_at": 1739263078,
          "status": "pending"
        },
        {
          "type": "url",
          "value": "https://www.elcorteingles.es/listasdecelebracion_ssl/comun/comun/cesta_nueva/programas/identificacion.asp",
          "assets_na": false,
          "assets_uids": [
            "67a09e5c66ed98ec8cce69c6"
          ],
          "created_at": 1739263078,
          "status": "pending"
        }
      ]
    },
    {
      "categories": [
        "Cross-Site Scripting (XSS)",
        "Reflected XSS"
      ],
      "exploitable_locations": [
        {
          "type": "url",
          "value": "https://www.elcorteingles.es/listasdecelebracion_ssl/comun/comun/registro/aviso.asp",
          "assets_na": false,
          "assets_uids": [
            "67a09e5c66ed98ec8cce69c6"
          ],
          "created_at": 1739263780,
          "status": "pending"
        },
        {
          "type": "url",
          "value": "https://www.elcorteingles.es/listasdecelebracion/comun/comun/registro/aviso.asp",
          "assets_na": false,
          "assets_uids": [
            "67a09e5c66ed98ec8cce69c6"
          ],
          "created_at": 1739263780,
          "status": "pending"
        }
      ]
    },
    {
      "categories": [
        "Functional/Business Logic",
        "Unvalidated Redirect Bypass"
      ],
      "exploitable_locations": [
        {
          "type": "url",
          "value": "https://www.elcorteingles.es/entradas/users/sign_in",
          "assets_na": false,
          "assets_uids": [
            "67a09e5c66ed98ec8cce69c6"
          ],
          "created_at": 1739265867,
          "status": "pending"
        }
      ]
    },
    {
      "categories": [
        "Cross-Site Scripting (XSS)",
        "Reflected XSS"
      ],
      "exploitable_locations": [
        {
          "type": "url",
          "value": "https://www.elcorteingles.es/listasdeboda/comun/registro/acceso.asp",
          "assets_na": false,
          "assets_uids": [
            "67a09e5c66ed98ec8cce69c6"
          ],
          "created_at": 1739268790,
          "status": "pending"
        }
      ]
    },
    {
      "categories": [
        "SQL Injection",
        "SQL Injection- Partial"
      ],
      "exploitable_locations": [
        {
          "type": "url",
          "value": "https://www.elcorteingles.es/food/api/cart/get-postal-code-anonymous-cart",
          "assets_na": false,
          "assets_uids": [
            "67a09e5c66ed98ec8cce69c6"
          ],
          "created_at": 1739361368,
          "status": "pending"
        }
      ]
    },
    {
      "categories": [
        "Authorization/Permissions",
        "Insecure Direct Object Reference (Read-Only)"
      ],
      "exploitable_locations": [
        {
          "type": "url",
          "value": "https://www.elcorteingles.es/api/shared-gifts/events/<ID>/products/",
          "assets_na": false,
          "assets_uids": [
            "67a09e5c66ed98ec8cce69c6"
          ],
          "created_at": 1739378957,
          "status": "pending"
        }
      ]
    },
    {
      "categories": [
        "Authorization/Permissions",
        "Insecure Direct Object Reference (Read & Write)"
      ],
      "exploitable_locations": [
        {
          "type": "url",
          "value": "https://cuenta.elcorteingles.es/servicios/citas/detalle/08pc1000000cUEnAAM/",
          "assets_na": false,
          "assets_uids": [
            "67a1f26166ed98ec8cce69f6"
          ],
          "created_at": 1739399816,
          "status": "pending"
        }
      ]
    },
    {
      "categories": [
        "Authorization/Permissions",
        "Insecure Direct Object Reference (Read & Write)"
      ],
      "exploitable_locations": [
        {
          "type": "url",
          "value": "https://www.elcorteingles.es/api/shared-gifts/events/<ID>/participants/",
          "assets_na": false,
          "assets_uids": [
            "67a09e5c66ed98ec8cce69c6"
          ],
          "created_at": 1739441553,
          "status": "pending"
        }
      ]
    },
    {
      "categories": [
        "Information Disclosure",
        "Unverifiable Credentials"
      ],
      "exploitable_locations": [
        {
          "type": "url",
          "value": "https://www.elcorteingles.es/listasdecelebracion_ssl/comun/control/pruebajjs.asp",
          "assets_na": false,
          "assets_uids": [
            "67a09e5c66ed98ec8cce69c6"
          ],
          "created_at": 1738847225,
          "status": "pending"
        }
      ]
    },
    {
      "categories": [
        "SQL Injection",
        "SQL Injection- Full"
      ],
      "exploitable_locations": [
        {
          "type": "url",
          "value": "https://www.elcorteingles.es/listasdeboda/comun/control/pruebajjs.asp",
          "assets_na": false,
          "assets_uids": [
            "67a09e5c66ed98ec8cce69c6"
          ],
          "created_at": 1738849598,
          "status": "pending"
        }
      ]
    }
  ]
}